word_texts	lemmas	roots	root_tokens	forms	endings	postags	postag_descriptions	par_nr	head
1988	1988	1988	['1988']	?	0	N	põhiarvsõna	1	 1988 . aasta sündmus 
.	.	.	['.']			Z	lausemärk	1	 1988 . aasta sündmus 
aasta	aasta	aasta	['aasta']	sg g	0	S	nimisõna	1	 1988 . aasta sündmus 
sündmus	sündmus	sündmus	['sündmus']	sg n	0	S	nimisõna	1	 1988 . aasta sündmus 
Imbi	Imbi	Imbi	['Imbi']	sg n	0	H	pärisnimi	2	
oli	olema	ole	['ole']	s	i	V	tegusõna	2	
perifeeriast	perifeeria	perifeeria	['perifeeria']	sg el	st	S	nimisõna	2	
pärit	pärit	pärit	['pärit']		0	X	verbi juurde kuuluv sõna	2	
ega	ega	ega	['ega']		0	D	määrsõna	2	
teadnud	teadma|teadnud	tead|tead=nud	[['tead'], ['teadnud'], ['teadnud'], ['teadnud']]	|nud|pl n|sg n	0|d|nud	A|V		2	
,	,	,	[',']			Z	lausemärk	2	
kus	kus	kus	['kus']		0	D	määrsõna	2	
asub	asuma	asu	['asu']	b	b	V	tegusõna	2	
Tallinnas	Tallinn	Tallinn	['Tallinn']	sg in	s	H	pärisnimi	2	
laulukaar	laulukaar	laulu_kaar	['laulu', 'kaar']	sg n	0	S	nimisõna	2	
,	,	,	[',']			Z	lausemärk	2	
mille	mis	mis	[['mis'], ['mis']]	pl g|sg g	0	P	asesõna	2	
all	all	all	['all']		0	K	kaassõna	2	
pidid	pidama	pida	['pida']	sid	id	V	tegusõna	2	
toimuma	toimuma	toimu	['toimu']	ma	ma	V	tegusõna	2	
kuulsusrikkad	kuulsusrikas	kuulsus_rikas	['kuulsus', 'rikas']	pl n	d	A	omadussõna algvõrre	2	
öölaulupeod	öölaulupidu	öö_laulu_pidu	['öö', 'laulu', 'pidu']	pl n	d	S	nimisõna	2	
.	.	.	['.']			Z	lausemärk	2	
Rahvas	rahvas	rahvas	['rahvas']	sg n	0	S	nimisõna	3	
oli	olema	ole	['ole']	s	i	V	tegusõna	3	
endalt	ise	ise	['ise']	sg abl	lt	P	asesõna	3	
heitnud	heitma|heitnud	heit|heit=nud	[['heit'], ['heitnud'], ['heitnud'], ['heitnud']]	|nud|pl n|sg n	0|d|nud	A|V		3	
uinutava	uinutav	uinuta=v	['uinutav']	sg g	0	A	omadussõna algvõrre	3	
ikke	ike	ike	['ike']	sg g	0	S	nimisõna	3	
,	,	,	[',']			Z	lausemärk	3	
vabadus	vabadus	vabadus	['vabadus']	sg n	0	S	nimisõna	3	
kütkestas	kütkestama	kütkesta	['kütkesta']	s	s	V	tegusõna	3	
inimeste	inimene	inimene	['inimene']	pl g	te	S	nimisõna	3	
meeli	meel	meel	['meel']	pl p	i	S	nimisõna	3	
,	,	,	[',']			Z	lausemärk	3	
tõrvikute	tõrvik	tõrvik	['tõrvik']	pl g	te	S	nimisõna	3	
öises	öine	öine	['öine']	sg in	s	A	omadussõna algvõrre	3	
kumas	kumama	kuma	['kuma']	s	s	V	tegusõna	3	
lauldi	laulma	laul	['laul']	ti	di	V	tegusõna	3	
pühasid	püha	püha	['püha']	pl p	sid	A	omadussõna algvõrre	3	
laule	laul	laul	['laul']	pl p	e	S	nimisõna	3	
.	.	.	['.']			Z	lausemärk	3	
Tütarlapsed	tütarlaps	tütar_laps	['tütar', 'laps']	pl n	d	S	nimisõna	3	
kandsid	kandma	kand	['kand']	sid	sid	V	tegusõna	3	
lühemaid	lühem	lühem	['lühem']	pl p	id	C	omadussõna keskvõrre	3	
seelikuid	seelik	seelik	['seelik']	pl p	id	S	nimisõna	3	
ja	ja	ja	['ja']		0	J	sidesõna	3	
olid	olema	ole	['ole']	sid	id	V	tegusõna	3	
julgemad	julgem	julgem	['julgem']	pl n	d	C	omadussõna keskvõrre	3	
.	.	.	['.']			Z	lausemärk	3	
Imbi	Imbi	Imbi	['Imbi']	sg n	0	H	pärisnimi	4	
ei	ei	ei	['ei']	neg	0	V	tegusõna	4	
kandnud	kandma|kandnud	kand|kand=nud	[['kand'], ['kandnud'], ['kandnud'], ['kandnud']]	|nud|pl n|sg n	0|d|nud	A|V		4	
lühemat	lühem	lühem	['lühem']	sg p	t	C	omadussõna keskvõrre	4	
seelikut	seelik	seelik	['seelik']	sg p	t	S	nimisõna	4	
,	,	,	[',']			Z	lausemärk	4	
sest	sest	sest	['sest']		0	J	sidesõna	4	
tema	tema	tema	['tema']	sg g	0	P	asesõna	4	
isik	isik	isik	['isik']	sg n	0	S	nimisõna	4	
tekitas	tekitama	tekita	['tekita']	s	s	V	tegusõna	4	
poiste	poiss	poiss	['poiss']	pl g	te	S	nimisõna	4	
seas	seas	seas	['seas']		0	K	kaassõna	4	
niigi	niigi	niigi	['niigi']		0	D	määrsõna	4	
sebimist	sebimine	sebimine	['sebimine']	sg p	t	S	nimisõna	4	
ja	ja	ja	['ja']		0	J	sidesõna	4	
jahmerdamist	jahmerdamine	jahmerda=mine	['jahmerdamine']	sg p	t	S	nimisõna	4	
.	.	.	['.']			Z	lausemärk	4	
Peegli	peegel	peegel	['peegel']	sg g	0	S	nimisõna	4	
ees	ees	ees	['ees']		0	K	kaassõna	4	
,	,	,	[',']			Z	lausemärk	4	
kus	kus	kus	['kus']		0	D	määrsõna	4	
provintsilinna	provintsilinn	provintsi_linn	['provintsi', 'linn']	sg g	0	S	nimisõna	4	
kooliplikad	kooliplika	kooli_plika	['kooli', 'plika']	pl n	d	S	nimisõna	4	
end	ise	ise	['ise']	sg p	0	P	asesõna	4	
peale	peale	peale	['peale']		0	K	kaassõna	4	
tunde	tunne	tunne	['tunne']	sg g	0	S	nimisõna	4	
sättisid	sättima	sätti	['sätti']	sid	sid	V	tegusõna	4	
,	,	,	[',']			Z	lausemärk	4	
ilmus	ilmuma	ilmu	['ilmu']	s	s	V	tegusõna	4	
alati	alati	alati	['alati']		0	D	määrsõna	4	
paar	paar	paar	['paar']	sg n	0	N	põhiarvsõna	4	
poissi	poiss	poiss	['poiss']	sg p	0	S	nimisõna	4	
,	,	,	[',']			Z	lausemärk	4	
kes	kes	kes	[['kes'], ['kes']]	pl n|sg n	0	P	asesõna	4	
üksteist	üksteise	üks_teise	['üks', 'teise']	sg p	t	P	asesõna	4	
vaevumärgatavalt	vaevumärgatavalt	vaevu_märgatavalt	['vaevu', 'märgatavalt']		0	D	määrsõna	4	
küünarnukkidega	küünarnukk	küünar_nukk	['küünar', 'nukk']	pl kom	dega	S	nimisõna	4	
ribidesse	ribi	ribi	['ribi']	pl ill	desse	S	nimisõna	4	
tonksates	tonksama	tonksa	['tonksa']	des	tes	V	tegusõna	4	
püüdsid	püüdma	püüd	['püüd']	sid	sid	V	tegusõna	4	
Imbile	Imbi	Imbi	['Imbi']	sg all	le	H	pärisnimi	4	
mantlit	mantel	mantel	['mantel']	sg p	t	S	nimisõna	4	
selga	selg	selg	['selg']	adt	0	S	nimisõna	4	
aidata	aitama	aita	['aita']	da	ta	V	tegusõna	4	
või	või	või	['või']		0	J	sidesõna	4	
teda	tema	tema	['tema']	sg p	da	P	asesõna	4	
vähemalt	vähemalt	vähemalt	['vähemalt']		0	D	määrsõna	4	
puudutadagi	puudutama	puuduta	['puuduta']	da	da	V	tegusõna	4	
.	.	.	['.']			Z	lausemärk	4	
Niisugust	niisugune	nii_sugune	['nii', 'sugune']	sg p	t	P	asesõna	4	
imeõrna	imeõrn	ime_õrn	['ime', 'õrn']	sg p	0	A	omadussõna algvõrre	4	
silmade	silm	silm	['silm']	pl g	de	S	nimisõna	4	
tooni	toon	toon	['toon']	sg p	0	S	nimisõna	4	
nagu	nagu	nagu	[['nagu'], ['nagu']]		0	D|J		4	
Imbil	Imbi	Imbi	['Imbi']	sg ad	l	H	pärisnimi	4	
ei	ei	ei	['ei']	neg	0	V	tegusõna	4	
olnud	olema|olnud	ol=nud|ole	[['olnud'], ['olnud'], ['olnud'], ['ole']]	|nud|pl n|sg n	0|d|nud	A|V		4	
ühelgi	üks	üks	['üks']	sg ad	l	P	asesõna	4	
teisel	teine	teine	[['teine'], ['teine']]	sg ad	l	O|P		4	
plikal	plika	plika	['plika']	sg ad	l	S	nimisõna	4	
:	:	:	[':']			Z	lausemärk	4	
tema	tema	tema	['tema']	sg g	0	P	asesõna	4	
pilku	pilk	pilk	[['pilk'], ['pilk']]	pl p|sg p	0|u	S	nimisõna	4	
kohates	kohtama	kohta	['kohta']	des	tes	V	tegusõna	4	
tundus	tunduma	tundu	['tundu']	s	s	V	tegusõna	4	
,	,	,	[',']			Z	lausemärk	4	
nagu	nagu	nagu	[['nagu'], ['nagu']]		0	D|J		4	
oleks	olema	ole	['ole']	ks	ks	V	tegusõna	4	
vaadatud	vaadatud|vaatama	vaadatud|vaata	[['vaata'], ['vaadatud'], ['vaadatud'], ['vaadatud']]	|pl n|sg n|tud	0|d|tud	A|V		4	
otse	otse	otse	['otse']		0	D	määrsõna	4	
taevasse	taevas	taevas	['taevas']	sg ill	sse	S	nimisõna	4	
.	.	.	['.']			Z	lausemärk	4	
Kui	kui	kui	[['kui'], ['kui']]		0	D|J		4	
hakata	hakkama	hakka	['hakka']	da	ta	V	tegusõna	4	
Tartust	Tartu	Tartu	['Tartu']	sg el	st	H	pärisnimi	4	
Peipsi	Peipsi	Peipsi	['Peipsi']	sg g	0	H	pärisnimi	4	
poole	poole	poole	['poole']		0	K	kaassõna	4	
astuma	astuma	astu	['astu']	ma	ma	V	tegusõna	4	
,	,	,	[',']			Z	lausemärk	4	
võib	võima	või	['või']	b	b	V	tegusõna	4	
veenduda	veenduma	veendu	['veendu']	da	da	V	tegusõna	4	
,	,	,	[',']			Z	lausemärk	4	
et	et	et	['et']		0	J	sidesõna	4	
nii	nii	nii	['nii']		0	D	määrsõna	4	
helesiniseks	helesinine	hele_sinine	['hele', 'sinine']	sg tr	ks	A	omadussõna algvõrre	4	
värvivad	värvima	värvi	['värvi']	vad	vad	V	tegusõna	4	
vahel	vahel	vahel	['vahel']		0	D	määrsõna	4	
oma	oma	oma	['oma']	sg g	0	P	asesõna	4	
lihavõttemune	lihavõttemuna	liha_võtte_muna	['liha', 'võtte', 'muna']	pl p	e	S	nimisõna	4	
kohalikud	kohalik	kohalik	['kohalik']	pl n	d	A	omadussõna algvõrre	4	
venelased	venelane	venelane	['venelane']	pl n	d	S	nimisõna	4	
,	,	,	[',']			Z	lausemärk	4	
lisades	lisama	lisa	['lisa']	des	des	V	tegusõna	4	
akvarellile	akvarell	akvarell	['akvarell']	sg all	le	S	nimisõna	4	
ohtralt	ohtralt	ohtralt	['ohtralt']		0	D	määrsõna	4	
vett	vesi	vesi	['vesi']	sg p	tt	S	nimisõna	4	
.	.	.	['.']			Z	lausemärk	4	
Peegli	peegel	peegel	['peegel']	sg g	0	S	nimisõna	5	
ees	ees	ees	['ees']		0	K	kaassõna	5	
,	,	,	[',']			Z	lausemärk	5	
kui	kui	kui	[['kui'], ['kui']]		0	D|J		5	
Imbile	Imbi	Imbi	['Imbi']	sg all	le	H	pärisnimi	5	
oli	olema	ole	['ole']	s	i	V	tegusõna	5	
mantel	mantel	mantel	['mantel']	sg n	0	S	nimisõna	5	
selga	selg	selg	['selg']	adt	0	S	nimisõna	5	
aidatud	aidatud|aitama	aida=tud|aita	[['aita'], ['aidatud'], ['aidatud'], ['aidatud']]	|pl n|sg n|tud	0|d|tud	A|V		5	
,	,	,	[',']			Z	lausemärk	5	
järgnes	järgnema	järgne	['järgne']	s	s	V	tegusõna	5	
omalaadne	omalaadne	oma_laadne	['oma', 'laadne']	sg n	0	A	omadussõna algvõrre	5	
tseremoonia	tseremoonia	tseremoonia	['tseremoonia']	sg g	0	S	nimisõna	5	
:	:	:	[':']			Z	lausemärk	5	
neiu	neiu	neiu	['neiu']	sg n	0	S	nimisõna	5	
küsis	küsima	küsi	['küsi']	s	s	V	tegusõna	5	
kella	kell	kell	['kell']	sg p	0	S	nimisõna	5	
.	.	.	['.']			Z	lausemärk	5	
Ta	tema	tema	['tema']	sg n	0	P	asesõna	5	
võttis	võtma	võt	['võt']	s	is	V	tegusõna	5	
poisi	poiss	poiss	['poiss']	sg g	0	S	nimisõna	5	
randme	ranne	ranne	['ranne']	sg g	0	S	nimisõna	5	
ja	ja	ja	['ja']		0	J	sidesõna	5	
vaatas	vaatama	vaata	['vaata']	s	s	V	tegusõna	5	
.	.	.	['.']			Z	lausemärk	5	
Sel	see	see	['see']	sg ad	l	P	asesõna	5	
oli	olema	ole	['ole']	s	i	V	tegusõna	5	
tulemust	tulemus	tulemus	['tulemus']	sg p	t	S	nimisõna	5	
:	:	:	[':']			Z	lausemärk	5	
ta	tema	tema	['tema']	sg n	0	P	asesõna	5	
keeras	keerama	keera	['keera']	s	s	V	tegusõna	5	
nood	too	too	['too']	pl n	d	P	asesõna	5	
,	,	,	[',']			Z	lausemärk	5	
kes	kes	kes	[['kes'], ['kes']]	pl n|sg n	0	P	asesõna	5	
tal	tema	tema	['tema']	sg ad	l	P	asesõna	5	
niikuinii	niikuinii	nii_kui_nii	['nii', 'kui', 'nii']		0	D	määrsõna	5	
andunult	andunult	andunult	['andunult']		0	D	määrsõna	5	
sabas	saba	saba	['saba']	sg in	s	S	nimisõna	5	
käisid	käima	käi	['käi']	sid	sid	V	tegusõna	5	
,	,	,	[',']			Z	lausemärk	5	
viimse	viimne	viimne	['viimne']	sg g	0	A	omadussõna algvõrre	5	
vindini	vint	vint	['vint']	sg ter	ni	S	nimisõna	5	
üles	üles	üles	['üles']		0	D	määrsõna	5	
.	.	.	['.']			Z	lausemärk	5	
Kooli	kool	kool	['kool']	sg g	0	S	nimisõna	6	
tantsupeol	tantsupidu	tantsu_pidu	['tantsu', 'pidu']	sg ad	l	S	nimisõna	6	
toimus	toimuma	toimu	['toimu']	s	s	V	tegusõna	6	
midagi	miski	miski	['miski']	sg p	dagi	P	asesõna	6	
hoopis	hoopis	hoopis	['hoopis']		0	D	määrsõna	6	
hullu	hull	hull	['hull']	sg p	0	A	omadussõna algvõrre	6	
.	.	.	['.']			Z	lausemärk	6	
Mõned	mõni	mõni	['mõni']	pl n	d	P	asesõna	6	
tüdrukud	tüdruk	tüdruk	['tüdruk']	pl n	d	S	nimisõna	6	
tõmbusid	tõmbuma	tõmbu	['tõmbu']	sid	sid	V	tegusõna	6	
nurka	nurk	nurk	['nurk']	adt	0	S	nimisõna	6	
,	,	,	[',']			Z	lausemärk	6	
vaatasid	vaatama	vaata	['vaata']	sid	sid	V	tegusõna	6	
õelalt	õelalt	õelalt	['õelalt']		0	D	määrsõna	6	
Imbi	Imbi	Imbi	['Imbi']	sg n	0	H	pärisnimi	6	
poole	poole	poole	['poole']		0	K	kaassõna	6	
ja	ja	ja	['ja']		0	J	sidesõna	6	
sosistasid	sosistama	sosista	['sosista']	sid	sid	V	tegusõna	6	
.	.	.	['.']			Z	lausemärk	6	
Oli	olema	ole	['ole']	s	i	V	tegusõna	6	
neid	see	see	['see']	pl p	d	P	asesõna	6	
,	,	,	[',']			Z	lausemärk	6	
kes	kes	kes	[['kes'], ['kes']]	pl n|sg n	0	P	asesõna	6	
Imbit	Imbi	Imbi	['Imbi']	sg p	t	H	pärisnimi	6	
iial	iial	iial	['iial']		0	D	määrsõna	6	
ei	ei	ei	['ei']	neg	0	V	tegusõna	6	
teretanud	teretama|teretanud	tereta|tereta=nud	[['tereta'], ['teretanud'], ['teretanud'], ['teretanud']]	|nud|pl n|sg n	0|d|nud	A|V		6	
.	.	.	['.']			Z	lausemärk	6	
Imbi	Imbi	Imbi	['Imbi']	sg n	0	H	pärisnimi	6	
aga	aga	aga	['aga']		0	J	sidesõna	6	
oli	olema	ole	['ole']	s	i	V	tegusõna	6	
natuke	natuke	natuke	['natuke']		0	D	määrsõna	6	
hajameelne	hajameelne	haja_meelne	['haja', 'meelne']	sg n	0	A	omadussõna algvõrre	6	
ja	ja	ja	['ja']		0	J	sidesõna	6	
veidi	veidi	veidi	['veidi']		0	D	määrsõna	6	
lühinägelik	lühinägelik	lühi_nägelik	['lühi', 'nägelik']	sg n	0	A	omadussõna algvõrre	6	
,	,	,	[',']			Z	lausemärk	6	
ei	ei	ei	['ei']	neg	0	V	tegusõna	6	
märganud	märganud|märkama	märga=nud|märka	[['märka'], ['märganud'], ['märganud'], ['märganud']]	|nud|pl n|sg n	0|d|nud	A|V		6	
või	või	või	['või']		0	J	sidesõna	6	
ei	ei	ei	['ei']	neg	0	V	tegusõna	6	
viitsinud	viitsima|viitsinud	viitsi|viitsi=nud	[['viitsi'], ['viitsinud'], ['viitsinud'], ['viitsinud']]	|nud|pl n|sg n	0|d|nud	A|V		6	
märgata	märkama	märka	['märka']	da	ta	V	tegusõna	6	
suguõdede	suguõde	sugu_õde	['sugu', 'õde']	pl g	de	S	nimisõna	6	
intriige	intriig	intriig	['intriig']	pl p	e	S	nimisõna	6	
.	.	.	['.']			Z	lausemärk	6	
Kui	kui	kui	[['kui'], ['kui']]		0	D|J		6	
asi	asi	asi	['asi']	sg n	0	S	nimisõna	6	
väga	väga	väga	['väga']		0	D	määrsõna	6	
hulluks	hull	hull	['hull']	sg tr	ks	A	omadussõna algvõrre	6	
läks	minema	mine	['mine']	s	s	V	tegusõna	6	
,	,	,	[',']			Z	lausemärk	6	
puges	pugema	puge	['puge']	s	s	V	tegusõna	6	
ta	tema	tema	['tema']	sg n	0	P	asesõna	6	
mõne	mõni	mõni	['mõni']	sg g	0	P	asesõna	6	
sõbranna	sõbranna	sõbranna	['sõbranna']	sg g	0	S	nimisõna	6	
selja	selg	selg	['selg']	sg g	0	S	nimisõna	6	
taha	taha	taha	['taha']		0	K	kaassõna	6	
.	.	.	['.']			Z	lausemärk	6	
Mõned	mõni	mõni	['mõni']	pl n	d	P	asesõna	6	
teadlased	teadlane	teadlane	['teadlane']	pl n	d	S	nimisõna	6	
ütlevad	ütlema	ütle	['ütle']	vad	vad	V	tegusõna	6	
,	,	,	[',']			Z	lausemärk	6	
et	et	et	['et']		0	J	sidesõna	6	
naiste	naine	naine	['naine']	pl g	te	S	nimisõna	6	
seltskonnas	seltskond	seltskond	['seltskond']	sg in	s	S	nimisõna	6	
läheb	minema	mine	['mine']	b	b	V	tegusõna	6	
asi	asi	asi	['asi']	sg n	0	S	nimisõna	6	
alati	alati	alati	['alati']		0	D	määrsõna	6	
hulluks	hull	hull	['hull']	sg tr	ks	A	omadussõna algvõrre	6	
,	,	,	[',']			Z	lausemärk	6	
rivaliteet	rivaliteet	rivaliteet	['rivaliteet']	sg n	0	S	nimisõna	6	
võib	võima	või	['või']	b	b	V	tegusõna	6	
muutuda	muutuma	muutu	['muutu']	da	da	V	tegusõna	6	
kohati	kohati	kohati	['kohati']		0	D	määrsõna	6	
lausa	lausa	lausa	['lausa']		0	D	määrsõna	6	
veriseks	verine	verine	['verine']	sg tr	ks	A	omadussõna algvõrre	6	
.	.	.	['.']			Z	lausemärk	6	
Aga	aga	aga	['aga']		0	J	sidesõna	6	
teised	teine	teine	[['teine'], ['teine']]	pl n	d	O|P		6	
teadlased	teadlane	teadlane	['teadlane']	pl n	d	S	nimisõna	6	
jälle	jälle	jälle	['jälle']		0	D	määrsõna	6	
seda	see	see	['see']	sg p	da	P	asesõna	6	
ei	ei	ei	['ei']	neg	0	V	tegusõna	6	
kinnita	kinnitama	kinnita	['kinnita']	o	0	V	tegusõna	6	
ja	ja	ja	['ja']		0	J	sidesõna	6	
arvavad	arvama	arva	['arva']	vad	vad	V	tegusõna	6	
,	,	,	[',']			Z	lausemärk	6	
et	et	et	['et']		0	J	sidesõna	6	
asi	asi	asi	['asi']	sg n	0	S	nimisõna	6	
jääb	jääma	jää	['jää']	b	b	V	tegusõna	6	
niiöelda	niiöelda	nii_öelda	['nii', 'öelda']		0	D	määrsõna	6	
nükete	nüke	nüke	['nüke']	pl g	te	S	nimisõna	6	
tasemele	tase	tase	['tase']	sg all	le	S	nimisõna	6	
.	.	.	['.']			Z	lausemärk	6	
Mõnede	mõni	mõni	['mõni']	pl g	de	P	asesõna	7	
poistega	poiss	poiss	['poiss']	pl kom	tega	S	nimisõna	7	
oli	olema	ole	['ole']	s	i	V	tegusõna	7	
tantsupeol	tantsupidu	tantsu_pidu	['tantsu', 'pidu']	sg ad	l	S	nimisõna	7	
asi	asi	asi	['asi']	sg n	0	S	nimisõna	7	
siiski	siiski	siiski	['siiski']		0	D	määrsõna	7	
tõsine	tõsine	tõsine	['tõsine']	sg n	0	A	omadussõna algvõrre	7	
.	.	.	['.']			Z	lausemärk	7	
Imbi	Imbi	Imbi	['Imbi']	sg n	0	H	pärisnimi	7	
herilasepiht	herilasepiht	herilase_piht	['herilase', 'piht']	sg n	0	S	nimisõna	7	
,	,	,	[',']			Z	lausemärk	7	
blond	blond	blond	['blond']	sg n	0	A	omadussõna algvõrre	7	
juustevoog	juustevoog	juus+te_voog	['juuste', 'voog']	sg n	0	S	nimisõna	7	
ja	ja	ja	['ja']		0	J	sidesõna	7	
seelikuvärvi	seelikuvärv	seeliku_värv	['seeliku', 'värv']	sg g	0	S	nimisõna	7	
järgi	järgi	järgi	['järgi']		0	K	kaassõna	7	
võõbatud	võõbatud|võõpama	võõba=tud|võõpa	[['võõpa'], ['võõbatud'], ['võõbatud'], ['võõbatud']]	|pl n|sg n|tud	0|d|tud	A|V		7	
ripsmed	ripse	ripse	['ripse']	pl n	d	S	nimisõna	7	
panid	panema	pane	['pane']	sid	id	V	tegusõna	7	
mõnel	mõni	mõni	['mõni']	sg ad	l	P	asesõna	7	
kogenematul	kogenematu	kogenematu	['kogenematu']	sg ad	l	A	omadussõna algvõrre	7	
maapoisil	maapoiss	maa_poiss	['maa', 'poiss']	sg ad	l	S	nimisõna	7	
hambad	hammas	hammas	['hammas']	pl n	d	S	nimisõna	7	
nii	nii	nii	['nii']		0	D	määrsõna	7	
plagisema	plagisema	plagise	['plagise']	ma	ma	V	tegusõna	7	
,	,	,	[',']			Z	lausemärk	7	
nii	nii	nii	['nii']		0	D	määrsõna	7	
et	et	et	['et']		0	J	sidesõna	7	
ohver	ohver	ohver	['ohver']	sg n	0	S	nimisõna	7	
tõmbus	tõmbuma	tõmbu	['tõmbu']	s	s	V	tegusõna	7	
heitunult	heitunult	heitunult	['heitunult']		0	D	määrsõna	7	
kõrvale	kõrvale	kõrvale	['kõrvale']		0	D	määrsõna	7	
,	,	,	[',']			Z	lausemärk	7	
pani	panema	pane	['pane']	s	i	V	tegusõna	7	
mingi	mingi	mingi	['mingi']	sg g	0	P	asesõna	7	
luuletuse	luuletus	luuletus	['luuletus']	sg g	0	S	nimisõna	7	
paberile	paber	paber	['paber']	sg all	le	S	nimisõna	7	
ja	ja	ja	['ja']		0	J	sidesõna	7	
viis	viima	vii	['vii']	s	s	V	tegusõna	7	
selle	see	see	['see']	sg g	0	P	asesõna	7	
järgmisel	järgmine	järgmine	['järgmine']	sg ad	l	A	omadussõna algvõrre	7	
hommikul	hommik	hommik	['hommik']	sg ad	l	S	nimisõna	7	
koos	koos	koos	['koos']		0	K	kaassõna	7	
tulipunaste	tulipunane	tuli_punane	['tuli', 'punane']	pl g	te	A	omadussõna algvõrre	7	
roosidega	roos	roos	['roos']	pl kom	dega	S	nimisõna	7	
meeltevallutaja	meeltevallutaja	meel+te_vallutaja	['meelte', 'vallutaja']	sg g	0	S	nimisõna	7	
ukse	uks	uks	['uks']	sg g	0	S	nimisõna	7	
taha	taha	taha	['taha']		0	K	kaassõna	7	
.	.	.	['.']			Z	lausemärk	7	
Kui	kui	kui	[['kui'], ['kui']]		0	D|J		8	
imelik	imelik	imelik	['imelik']	sg n	0	A	omadussõna algvõrre	8	
see	see	see	['see']	sg n	0	P	asesõna	8	
ka	ka	ka	['ka']		0	D	määrsõna	8	
ei	ei	ei	['ei']	neg	0	V	tegusõna	8	
tunduks	tunduma	tundu	['tundu']	ks	ks	V	tegusõna	8	
,	,	,	[',']			Z	lausemärk	8	
liikus	liikuma	liiku	['liiku']	s	s	V	tegusõna	8	
ta	tema	tema	['tema']	sg n	0	P	asesõna	8	
kõigest	kõik	kõik	['kõik']	sg el	st	P	asesõna	8	
hoolimata	hoolimata	hoolimata	['hoolimata']		0	K	kaassõna	8	
tihtipeale	tihtipeale	tihti_peale	['tihti', 'peale']		0	D	määrsõna	8	
üksi	üksi	üksi	['üksi']		0	D	määrsõna	8	
.	.	.	['.']			Z	lausemärk	8	
Ta	tema	tema	['tema']	sg n	0	P	asesõna	8	
pidi	pidama	pida	['pida']	s	i	V	tegusõna	8	
võõras	võõras	võõras	['võõras']	sg in	s	A	omadussõna algvõrre	8	
linnas	linn	linn	['linn']	sg in	s	S	nimisõna	8	
tuttavatega	tuttav	tuttav	['tuttav']	pl kom	tega	S	nimisõna	8	
kokku	kokku	kokku	['kokku']		0	D	määrsõna	8	
saama	saama	saa	['saa']	ma	ma	V	tegusõna	8	
,	,	,	[',']			Z	lausemärk	8	
sest	sest	sest	['sest']		0	J	sidesõna	8	
ta	tema	tema	['tema']	sg n	0	P	asesõna	8	
ei	ei	ei	['ei']	neg	0	V	tegusõna	8	
teadnud	teadma|teadnud	tead|tead=nud	[['tead'], ['teadnud'], ['teadnud'], ['teadnud']]	|nud|pl n|sg n	0|d|nud	A|V		8	
,	,	,	[',']			Z	lausemärk	8	
kus	kus	kus	['kus']		0	D	määrsõna	8	
asub	asuma	asu	['asu']	b	b	V	tegusõna	8	
lauluväljak	lauluväljak	laulu_väljak	['laulu', 'väljak']	sg n	0	S	nimisõna	8	
ja	ja	ja	['ja']		0	J	sidesõna	8	
kus	kus	kus	['kus']		0	D	määrsõna	8	
toimuvad	toimuma	toimu	['toimu']	vad	vad	V	tegusõna	8	
öölaulupeod	öölaulupidu	öö_laulu_pidu	['öö', 'laulu', 'pidu']	pl n	d	S	nimisõna	8	
.	.	.	['.']			Z	lausemärk	8	
See	see	see	['see']	sg n	0	P	asesõna	8	
üksiolek	üksiolek	üksi_olek	['üksi', 'olek']	sg n	0	S	nimisõna	8	
polnud	olema	ole	['ole']	neg nud	nud	V	tegusõna	8	
muud	muu	muu	['muu']	sg p	d	P	asesõna	8	
,	,	,	[',']			Z	lausemärk	8	
kui	kui	kui	[['kui'], ['kui']]		0	D|J		8	
hirmsa	hirmus	hirmus	['hirmus']	sg g	0	A	omadussõna algvõrre	8	
õppimise	õppimine	õppimine	['õppimine']	sg g	0	S	nimisõna	8	
tagajärg	tagajärg	taga_järg	['taga', 'järg']	sg n	0	S	nimisõna	8	
:	:	:	[':']			Z	lausemärk	8	
kes	kes	kes	[['kes'], ['kes']]	pl n|sg n	0	P	asesõna	8	
palju	palju	palju	['palju']		0	D	määrsõna	8	
õpikutesse	õpik	õpik	['õpik']	pl ill	tesse	S	nimisõna	8	
süveneb	süvenema	süvene	['süvene']	b	b	V	tegusõna	8	
,	,	,	[',']			Z	lausemärk	8	
peab	pidama	pida	['pida']	b	b	V	tegusõna	8	
lõpuks	lõpuks	lõpuks	['lõpuks']		0	D	määrsõna	8	
üksinda	üksinda	üksinda	['üksinda']		0	D	määrsõna	8	
välja	välja	välja	['välja']		0	D	määrsõna	8	
minema	minema	mine	['mine']	ma	ma	V	tegusõna	8	
.	.	.	['.']			Z	lausemärk	8	
Imbi	Imbi	Imbi	['Imbi']	sg n	0	H	pärisnimi	9	
sai	saama	saa	['saa']	s	i	V	tegusõna	9	
Balti	Balt|Balti	Balt|Balti	[['Balt'], ['Balti']]	sg g	0	H	pärisnimi	9	
jaamas	jaam	jaam	['jaam']	sg in	s	S	nimisõna	9	
takso	takso	takso	['takso']	sg g	0	S	nimisõna	9	
peale	peale	peale	['peale']		0	K	kaassõna	9	
.	.	.	['.']			Z	lausemärk	9	
Ta	tema	tema	['tema']	sg n	0	P	asesõna	9	
valis	valima	vali	['vali']	s	s	V	tegusõna	9	
illegaali	illegaal	illegaal	['illegaal']	sg g	0	S	nimisõna	9	
meenutava	meenutav	meenutav	['meenutav']	sg g	0	A	omadussõna algvõrre	9	
,	,	,	[',']			Z	lausemärk	9	
mitte	mitte	mitte	['mitte']		0	D	määrsõna	9	
ametliku	ametlik	ametlik	['ametlik']	sg g	0	A	omadussõna algvõrre	9	
takso	takso	takso	['takso']	sg g	0	S	nimisõna	9	
,	,	,	[',']			Z	lausemärk	9	
et	et	et	['et']		0	J	sidesõna	9	
ka	ka	ka	['ka']		0	D	määrsõna	9	
lihtsad	lihtne	lihtne	['lihtne']	pl n	d	A	omadussõna algvõrre	9	
kodanikud	kodanik	kodanik	['kodanik']	pl n	d	S	nimisõna	9	
rohkem	rohkem	rohkem	['rohkem']		0	D	määrsõna	9	
teeniksid	teenima	teeni	['teeni']	ksid	ksid	V	tegusõna	9	
.	.	.	['.']			Z	lausemärk	9	
Puuladvuse	Puuladvus	Puuladvus	['Puuladvus']	sg g	0	H	pärisnimi	9	
veretas	veretama	vereta	['vereta']	s	s	V	tegusõna	9	
päike	päike	päike	['päike']	sg n	0	S	nimisõna	9	
,	,	,	[',']			Z	lausemärk	9	
auto	auto	auto	['auto']	sg n	0	S	nimisõna	9	
sõitis	sõitma	sõit	['sõit']	s	is	V	tegusõna	9	
edasi	edasi	edasi	['edasi']		0	D	määrsõna	9	
tasase	tasane	tasane	['tasane']	sg g	0	A	omadussõna algvõrre	9	
käiguga	käik	käik	['käik']	sg kom	ga	S	nimisõna	9	
.	.	.	['.']			Z	lausemärk	9	
Taksojuht	taksojuht	takso_juht	['takso', 'juht']	sg n	0	S	nimisõna	10	
oli	olema	ole	['ole']	s	i	V	tegusõna	10	
karmi	karm	karm	['karm']	sg g	0	A	omadussõna algvõrre	10	
näoga	nägu	nägu	['nägu']	sg kom	ga	S	nimisõna	10	
ja	ja	ja	['ja']		0	J	sidesõna	10	
lõunamaist	lõunamaine	lõuna_maine	['lõuna', 'maine']	sg p	t	A	omadussõna algvõrre	10	
tüüpi	tüüp	tüüp	['tüüp']	sg p	0	S	nimisõna	10	
,	,	,	[',']			Z	lausemärk	10	
tema	tema	tema	['tema']	sg g	0	P	asesõna	10	
karvased	karvane	karvane	['karvane']	pl n	d	A	omadussõna algvõrre	10	
käed	käsi	käsi	['käsi']	pl n	d	S	nimisõna	10	
liikusid	liikuma	liiku	['liiku']	sid	sid	V	tegusõna	10	
närviliselt	närviliselt	närviliselt	['närviliselt']		0	D	määrsõna	10	
.	.	.	['.']			Z	lausemärk	10	
Sohver	sohver	sohver	['sohver']	sg n	0	S	nimisõna	10	
vahetas	vahetama	vaheta	['vaheta']	s	s	V	tegusõna	10	
elegantselt	elegantselt	elegantselt	['elegantselt']		0	D	määrsõna	10	
käiku	käik	käik	['käik']	adt	0	S	nimisõna	10	
,	,	,	[',']			Z	lausemärk	10	
mootor	mootor	mootor	['mootor']	sg n	0	S	nimisõna	10	
vuras	vurama	vura	['vura']	s	s	V	tegusõna	10	
ja	ja	ja	['ja']		0	J	sidesõna	10	
klient	klient	klient	['klient']	sg n	0	S	nimisõna	10	
sättis	sättima	sätti	['sätti']	s	s	V	tegusõna	10	
end	ise	ise	['ise']	sg p	0	P	asesõna	10	
mugavalt	mugavalt	mugavalt	['mugavalt']		0	D	määrsõna	10	
sisse	sisse	sisse	['sisse']		0	D	määrsõna	10	
.	.	.	['.']			Z	lausemärk	10	
Ikka	ikka	ikka	['ikka']		0	D	määrsõna	10	
käekott	käekott	käe_kott	['käe', 'kott']	sg n	0	S	nimisõna	10	
paremale	paremale	paremale	['paremale']		0	D	määrsõna	10	
ja	ja	ja	['ja']		0	J	sidesõna	10	
käsi	käsi	käsi	['käsi']	sg n	0	S	nimisõna	10	
vasakule	vasakule	vasakule	['vasakule']		0	D	määrsõna	10	
põlvele	põli|põlv	põli|põlv	[['põlv'], ['põli']]	sg all	le	S	nimisõna	10	
.	.	.	['.']			Z	lausemärk	10	
Sohver	sohver	sohver	['sohver']	sg n	0	S	nimisõna	11	
huvitus	huvituma	huvitu	['huvitu']	s	s	V	tegusõna	11	
,	,	,	[',']			Z	lausemärk	11	
kas	kas	kas	['kas']		0	D	määrsõna	11	
tütarlaps	tütarlaps	tütar_laps	['tütar', 'laps']	sg n	0	S	nimisõna	11	
tahab	tahtma	taht	['taht']	b	b	V	tegusõna	11	
laulupeole	laulupidu	laulu_pidu	['laulu', 'pidu']	sg all	le	S	nimisõna	11	
sõita	sõitma	sõit	['sõit']	da	a	V	tegusõna	11	
.	.	.	['.']			Z	lausemärk	11	
Ja	ja	ja	['ja']		0	J	sidesõna	11	
küsis	küsima	küsi	['küsi']	s	s	V	tegusõna	11	
,	,	,	[',']			Z	lausemärk	11	
miks	miks	miks	['miks']		0	D	määrsõna	11	
eestlastel	eestlane	eestlane	['eestlane']	pl ad	tel	S	nimisõna	11	
nüüd	nüüd	nüüd	['nüüd']		0	D	määrsõna	11	
nii	nii	nii	['nii']		0	D	määrsõna	11	
tihti	tihti	tihti	['tihti']		0	D	määrsõna	11	
laulupeod	laulupidu	laulu_pidu	['laulu', 'pidu']	pl n	d	S	nimisõna	11	
on	olema	ole	[['ole'], ['ole']]	b|vad	0	V	tegusõna	11	
.	.	.	['.']			Z	lausemärk	11	
Imbi	Imbi	Imbi	['Imbi']	sg n	0	H	pärisnimi	11	
oli	olema	ole	['ole']	s	i	V	tegusõna	11	
hetke	hetk	hetk	['hetk']	sg g	0	S	nimisõna	11	
vait	vait	vait	['vait']		0	D	määrsõna	11	
.	.	.	['.']			Z	lausemärk	11	
Aga	aga	aga	['aga']		0	J	sidesõna	11	
siis	siis	siis	['siis']		0	D	määrsõna	11	
tuli	tulema	tule	['tule']	s	i	V	tegusõna	11	
tal	tema	tema	['tema']	sg ad	l	P	asesõna	11	
hulgaliselt	hulgaliselt	hulgaliselt	['hulgaliselt']		0	D	määrsõna	11	
vene	vene	vene	['vene']		0	G	käändumatu omadussõna	11	
keele	keel	keel	['keel']	sg g	0	S	nimisõna	11	
sõnavara	sõnavara	sõna_vara	['sõna', 'vara']	sg n	0	S	nimisõna	11	
meelde	meel	meel	['meel']	adt	de	S	nimisõna	11	
.	.	.	['.']			Z	lausemärk	11	
Ta	tema	tema	['tema']	sg n	0	P	asesõna	11	
vastas	vastama	vasta	['vasta']	s	s	V	tegusõna	11	
,	,	,	[',']			Z	lausemärk	11	
et	et	et	['et']		0	J	sidesõna	11	
nelikümmend	nelikümmend	neli_kümmend	['neli', 'kümmend']	sg n	0	N	põhiarvsõna	11	
kaheksa	kaheksa	kaheksa	['kaheksa']	sg n	0	N	põhiarvsõna	11	
aastat	aasta	aasta	['aasta']	sg p	t	S	nimisõna	11	
nõukogude	nõukogu	nõu_kogu	['nõu', 'kogu']	pl g	de	S	nimisõna	11	
okupatsiooni	okupatsioon	okupatsioon	['okupatsioon']	sg g	0	S	nimisõna	11	
on	olema	ole	[['ole'], ['ole']]	b|vad	0	V	tegusõna	11	
lausa	lausa	lausa	['lausa']		0	D	määrsõna	11	
linnutiivul	linnutiivul	linnu_tiivul	['linnu', 'tiivul']		0	D	määrsõna	11	
läinud	läinud|minema	läinud|mine	[['läinud'], ['läinud'], ['läinud'], ['mine']]	|nud|pl n|sg n	0|d|nud	A|V		11	
,	,	,	[',']			Z	lausemärk	11	
ent	ent	ent	['ent']		0	J	sidesõna	11	
eestlaste	eestlane	eestlane	['eestlane']	pl g	te	S	nimisõna	11	
rahvusteadvust	rahvusteadvus	rahvus_teadvus	['rahvus', 'teadvus']	sg p	t	S	nimisõna	11	
pole	olema	ole	['ole']	neg o	0	V	tegusõna	11	
see	see	see	['see']	sg n	0	P	asesõna	11	
asjaolu	asjaolu	asja_olu	['asja', 'olu']	sg n	0	S	nimisõna	11	
summutanud	summutama|summutanud	summuta|summuta=nud	[['summuta'], ['summutanud'], ['summutanud'], ['summutanud']]	|nud|pl n|sg n	0|d|nud	A|V		11	
.	.	.	['.']			Z	lausemärk	11	
Ta	tema	tema	['tema']	sg n	0	P	asesõna	11	
mainis	mainima	maini	['maini']	s	s	V	tegusõna	11	
Tartu	Tartu	Tartu	['Tartu']	sg g	0	H	pärisnimi	11	
rahu	rahu	rahu	['rahu']	sg g	0	S	nimisõna	11	
kui	kui	kui	[['kui'], ['kui']]		0	D|J		11	
eestlaste	eestlane	eestlane	['eestlane']	pl g	te	S	nimisõna	11	
iseolemise	iseolemine	ise_olemine	['ise', 'olemine']	sg g	0	S	nimisõna	11	
võtit	võti	võti	['võti']	sg p	t	S	nimisõna	11	
ning	ning	ning	['ning']		0	J	sidesõna	11	
lisas	lisama	lisa	['lisa']	s	s	V	tegusõna	11	
,	,	,	[',']			Z	lausemärk	11	
et	et	et	['et']		0	J	sidesõna	11	
Euroopas	Euroopa	Euroopa	['Euroopa']	sg in	s	H	pärisnimi	11	
ei	ei	ei	['ei']	neg	0	V	tegusõna	11	
ole	olema	ole	['ole']	o	0	V	tegusõna	11	
rahvust	rahvus	rahvus	['rahvus']	sg p	t	S	nimisõna	11	
,	,	,	[',']			Z	lausemärk	11	
kes	kes	kes	[['kes'], ['kes']]	pl n|sg n	0	P	asesõna	11	
ei	ei	ei	['ei']	neg	0	V	tegusõna	11	
tahaks	tahtma	taht	['taht']	ks	ks	V	tegusõna	11	
elada	elama	ela	['ela']	da	da	V	tegusõna	11	
omaette	omaette	oma_ette	['oma', 'ette']		0	D	määrsõna	11	
,	,	,	[',']			Z	lausemärk	11	
teistest	teine	teine	[['teine'], ['teine']]	pl el	test	O|P		11	
riikidest	riik	riik	['riik']	pl el	dest	S	nimisõna	11	
ja	ja	ja	['ja']		0	J	sidesõna	11	
rahvastest	rahvas	rahvas	['rahvas']	pl el	test	S	nimisõna	11	
sõltumata	sõltuma	sõltu	['sõltu']	mata	mata	V	tegusõna	11	
.	.	.	['.']			Z	lausemärk	11	
Autojuht	autojuht	auto_juht	['auto', 'juht']	sg n	0	S	nimisõna	12	
vahetas	vahetama	vaheta	['vaheta']	s	s	V	tegusõna	12	
aga	aga	aga	['aga']		0	J	sidesõna	12	
jälle	jälle	jälle	['jälle']		0	D	määrsõna	12	
käiku	käik	käik	['käik']	adt	0	S	nimisõna	12	
ja	ja	ja	['ja']		0	J	sidesõna	12	
küsis	küsima	küsi	['küsi']	s	s	V	tegusõna	12	
,	,	,	[',']			Z	lausemärk	12	
mis	mis	mis	[['mis'], ['mis']]	pl n|sg n	0	P	asesõna	12	
ühisel	ühine	ühine	['ühine']	sg ad	l	A	omadussõna algvõrre	12	
elul	elu	elu	['elu']	sg ad	l	S	nimisõna	12	
suures	suur	suur	['suur']	sg in	s	A	omadussõna algvõrre	12	
Liidus	liit	liit	['liit']	sg in	s	S	nimisõna	12	
ometi	ometi	ometi	['ometi']		0	D	määrsõna	12	
viga	viga	viga	['viga']	sg n	0	S	nimisõna	12	
on	olema	ole	[['ole'], ['ole']]	b|vad	0	V	tegusõna	12	
.	.	.	['.']			Z	lausemärk	12	
Süüa	sööma	söö	['söö']	da	a	V	tegusõna	12	
on	olema	ole	[['ole'], ['ole']]	b|vad	0	V	tegusõna	12	
,	,	,	[',']			Z	lausemärk	12	
ulualust	ulualune	ulu_alune	['ulu', 'alune']	sg p	t	S	nimisõna	12	
ja	ja	ja	['ja']		0	J	sidesõna	12	
tööd	töö	töö	['töö']	sg p	d	S	nimisõna	12	
jatkub	jatkuma	jatku	['jatku']	b	b	V	tegusõna	12	
kõigile	kõik	kõik	['kõik']	pl all	le	P	asesõna	12	
.	.	.	['.']			Z	lausemärk	12	
""""	""""	""""	"['""']"			Z	lausemärk	12	
Kui	kui	kui	[['kui'], ['kui']]		0	D|J		12	
kogu	kogu	kogu	['kogu']		0	A	omadussõna algvõrre	12	
aeg	aeg	aeg	['aeg']	sg n	0	S	nimisõna	12	
ainult	ainult	ainult	['ainult']		0	D	määrsõna	12	
""""	""""	""""	"['""']"			Z	lausemärk	12	
haisvasse	haisev	haisev	['haisev']	sg ill	sse	A	omadussõna algvõrre	12	
""""	""""	""""	"['""']"			Z	lausemärk	12	
Läände	lääs	lääs	['lääs']	adt	de	S	nimisõna	12	
vaadata	vaatama	vaata	['vaata']	da	ta	V	tegusõna	12	
,	,	,	[',']			Z	lausemärk	12	
siis	siis	siis	['siis']		0	J	sidesõna	12	
võib	võima	või	['või']	b	b	V	tegusõna	12	
küll	küll	küll	['küll']		0	D	määrsõna	12	
näha	nägema	näge	['näge']	da	a	V	tegusõna	12	
,	,	,	[',']			Z	lausemärk	12	
et	et	et	['et']		0	J	sidesõna	12	
poed	pood	pood	['pood']	pl n	d	S	nimisõna	12	
on	olema	ole	[['ole'], ['ole']]	b|vad	0	V	tegusõna	12	
seal	seal	seal	['seal']		0	D	määrsõna	12	
kaupa	kaupa	kaupa	['kaupa']		0	K	kaassõna	12	
täis	täis	täis	['täis']		0	D	määrsõna	12	
,	,	,	[',']			Z	lausemärk	12	
aga	aga	aga	['aga']		0	J	sidesõna	12	
kui	kui	kui	[['kui'], ['kui']]		0	D|J		12	
me	mina	mina	['mina']	pl n	0	P	asesõna	12	
sealset	sealne	sealne	['sealne']	sg p	t	A	omadussõna algvõrre	12	
elulaadi	elulaad	elu_laad	['elu', 'laad']	sg p	0	S	nimisõna	12	
tahame	tahtma	taht	['taht']	me	me	V	tegusõna	12	
üle	üle	üle	['üle']		0	D	määrsõna	12	
võtta	võtma	võt	['võt']	da	a	V	tegusõna	12	
,	,	,	[',']			Z	lausemärk	12	
siis	siis	siis	['siis']		0	J	sidesõna	12	
tuleksid	tulema	tule	['tule']	ksid	ksid	V	tegusõna	12	
kaasa	kaasa	kaasa	['kaasa']		0	D	määrsõna	12	
ka	ka	ka	['ka']		0	D	määrsõna	12	
keskkonna	keskkond	keskkond	['keskkond']	sg g	0	S	nimisõna	12	
armutu	armutu	armutu	['armutu']	sg n	0	A	omadussõna algvõrre	12	
saastamine	saastamine	saasta=mine	['saastamine']	sg n	0	S	nimisõna	12	
,	,	,	[',']			Z	lausemärk	12	
kodutud	kodutu	kodutu	['kodutu']	pl n	d	S	nimisõna	12	
ja	ja	ja	['ja']		0	J	sidesõna	12	
töötud	töötu	töötu	['töötu']	pl n	d	S	nimisõna	12	
.	.	.	['.']			Z	lausemärk	12	
Pappkastis	pappkast	papp_kast	['papp', 'kast']	sg in	s	S	nimisõna	12	
ei	ei	ei	['ei']	neg	0	V	tegusõna	12	
taha	tahtma	taht	['taht']	o	0	V	tegusõna	12	
ju	ju	ju	['ju']		0	D	määrsõna	12	
keegi	keegi	keegi	['keegi']	sg n	0	P	asesõna	12	
elada	elama	ela	['ela']	da	da	V	tegusõna	12	
,	,	,	[',']			Z	lausemärk	12	
ega	ega	ega	['ega']		0	J	sidesõna	12	
ju	ju	ju	['ju']		0	D	määrsõna	12	
?	?	?	['?']			Z	lausemärk	12	
""""	""""	""""	"['""']"			Z	lausemärk	12	
Imbi	Imbi	Imbi	['Imbi']	sg n	0	H	pärisnimi	13	
tundis	tundma	tund	['tund']	s	is	V	tegusõna	13	
,	,	,	[',']			Z	lausemärk	13	
et	et	et	['et']		0	J	sidesõna	13	
ta	tema	tema	['tema']	sg n	0	P	asesõna	13	
peab	pidama	pida	['pida']	b	b	V	tegusõna	13	
selle	see	see	['see']	sg g	0	P	asesõna	13	
üle	üle	üle	['üle']		0	K	kaassõna	13	
hoolikalt	hoolikalt	hoolikalt	['hoolikalt']		0	D	määrsõna	13	
järgi	järgi	järgi	['järgi']		0	D	määrsõna	13	
mõtlema	mõtlema	mõtle	['mõtle']	ma	ma	V	tegusõna	13	
ja	ja	ja	['ja']		0	J	sidesõna	13	
siis	siis	siis	['siis']		0	D	määrsõna	13	
veel	veel	veel	['veel']		0	D	määrsõna	13	
lähemalt	lähemalt	lähemalt	['lähemalt']		0	D	määrsõna	13	
selgitama	selgima|selgitama	selgi|selgita	[['selgi'], ['selgita']]	ma|tama	ma|tama	V	tegusõna	13	
eestlaste	eestlane	eestlane	['eestlane']	pl g	te	S	nimisõna	13	
poliitika	poliitika	poliitika	['poliitika']	sg g	0	S	nimisõna	13	
demokraatlikku	demokraatlik	demo_kraatlik	['demo', 'kraatlik']	sg p	0	A	omadussõna algvõrre	13	
iseloomu	iseloom	ise_loom	['ise', 'loom']	sg p	0	S	nimisõna	13	
.	.	.	['.']			Z	lausemärk	13	
Mõtlemine	Mõtlemine	Mõtlemine	['Mõtlemine']	sg n	0	H	pärisnimi	13	
ei	ei	ei	['ei']	neg	0	V	tegusõna	13	
läinudki	minema	mine	['mine']	nud	nud	V	tegusõna	13	
seekord	seekord	see_kord	['see', 'kord']		0	D	määrsõna	13	
kaua	kaua	kaua	['kaua']		0	D	määrsõna	13	
,	,	,	[',']			Z	lausemärk	13	
ta	tema	tema	['tema']	sg n	0	P	asesõna	13	
leidis	leidma	leid	['leid']	s	is	V	tegusõna	13	
kohe	kohe	kohe	['kohe']		0	D	määrsõna	13	
vajalikke	vajalik	vajalik	['vajalik']	pl p	e	A	omadussõna algvõrre	13	
sõnu	sõna	sõna	['sõna']	pl p	u	S	nimisõna	13	
.	.	.	['.']			Z	lausemärk	13	
Sõnas	sõnama	sõna	['sõna']	s	s	V	tegusõna	13	
,	,	,	[',']			Z	lausemärk	13	
et	et	et	['et']		0	J	sidesõna	13	
kui	kui	kui	[['kui'], ['kui']]		0	D|J		13	
eesti	eesti	eesti	['eesti']		0	G	käändumatu omadussõna	13	
rahvas	rahvas	rahvas	['rahvas']	sg n	0	S	nimisõna	13	
saab	saama	saa	['saa']	b	b	V	tegusõna	13	
omal	oma	oma	['oma']	sg ad	l	P	asesõna	13	
maal	maa	maa	['maa']	sg ad	l	S	nimisõna	13	
kõike	kõik	kõik	['kõik']	sg p	0	P	asesõna	13	
ise	ise	ise	['ise']		0	D	määrsõna	13	
määrata	määrama	määra	['määra']	da	ta	V	tegusõna	13	
,	,	,	[',']			Z	lausemärk	13	
siis	siis	siis	['siis']		0	J	sidesõna	13	
jääb	jääma	jää	['jää']	b	b	V	tegusõna	13	
too	too	too	['too']	sg n	0	P	asesõna	13	
rahvas	rahvas	rahvas	['rahvas']	sg n	0	S	nimisõna	13	
alles	alles	alles	['alles']		0	D	määrsõna	13	
,	,	,	[',']			Z	lausemärk	13	
vastasel	vastane	vastane	['vastane']	sg ad	l	A	omadussõna algvõrre	13	
juhul	juht	juht	['juht']	sg ad	l	S	nimisõna	13	
ähvardab	ähvardama	ähvarda	['ähvarda']	b	b	V	tegusõna	13	
lakkamatu	lakkamatu	lakkamatu	['lakkamatu']	sg n	0	A	omadussõna algvõrre	13	
migratsioon	migratsioon	migratsioon	['migratsioon']	sg n	0	S	nimisõna	13	
murda	murdma	murd	['murd']	da	a	V	tegusõna	13	
ta	tema	tema	['tema']	sg g	0	P	asesõna	13	
selgroo	selgroog	selg_roog	['selg', 'roog']	sg g	0	S	nimisõna	13	
.	.	.	['.']			Z	lausemärk	13	
Segaabielude	Segaabielu	Sega_abi_elu	['Sega', 'abi', 'elu']	pl g	de	H	pärisnimi	13	
tulemusel	tulemus	tulemus	['tulemus']	sg ad	l	S	nimisõna	13	
kujunevat	kujunema	kujune	['kujune']	vat	vat	V	tegusõna	13	
siis	siis	siis	['siis']		0	D	määrsõna	13	
välja	välja	välja	['välja']		0	D	määrsõna	13	
uus	uus	uus	['uus']	sg n	0	A	omadussõna algvõrre	13	
rahvus	rahvus	rahvus	['rahvus']	sg n	0	S	nimisõna	13	
,	,	,	[',']			Z	lausemärk	13	
mis	mis	mis	[['mis'], ['mis']]	pl n|sg n	0	P	asesõna	13	
ei	ei	ei	['ei']	neg	0	V	tegusõna	13	
ole	olema	ole	['ole']	o	0	V	tegusõna	13	
sisuliselt	sisuliselt	sisuliselt	['sisuliselt']		0	D	määrsõna	13	
ei	ei	ei	['ei']	neg	0	V	tegusõna	13	
eestlased	eestlane	eestlane	['eestlane']	pl n	d	S	nimisõna	13	
ega	ega	ega	['ega']		0	J	sidesõna	13	
venelased	venelane	venelane	['venelane']	pl n	d	S	nimisõna	13	
ja	ja	ja	['ja']		0	J	sidesõna	13	
see	see	see	['see']	sg n	0	P	asesõna	13	
olevat	olema	ole	['ole']	vat	vat	V	tegusõna	13	
väga	väga	väga	['väga']		0	D	määrsõna	13	
halb	halb	halb	['halb']	sg n	0	A	omadussõna algvõrre	13	
.	.	.	['.']			Z	lausemärk	13	
Loomulikult	loomulikult	loomulikult	['loomulikult']		0	D	määrsõna	13	
on	olema	ole	[['ole'], ['ole']]	b|vad	0	V	tegusõna	13	
neis	see	see	['see']	pl in	s	P	asesõna	13	
lausetes	lause	lause	['lause']	pl in	tes	S	nimisõna	13	
palju	palju	palju	['palju']		0	D	määrsõna	13	
keerukaid	keerukas	keerukas	['keerukas']	pl p	id	A	omadussõna algvõrre	13	
grammatilisi	grammatiline	grammatiline	['grammatiline']	pl p	i	A	omadussõna algvõrre	13	
nüansse	nüanss	nüanss	['nüanss']	pl p	e	S	nimisõna	13	
ja	ja	ja	['ja']		0	J	sidesõna	13	
võib-olla	võib-olla	võib-olla	['võib', 'olla']		0	D	määrsõna	13	
ei	ei	ei	['ei']	neg	0	V	tegusõna	13	
õnnestunud	õnnestuma|õnnestunud	õnnestu|õnnestunud	[['õnnestu'], ['õnnestunud'], ['õnnestunud'], ['õnnestunud']]	|nud|pl n|sg n	0|d|nud	A|V		13	
Imbil	Imbi	Imbi	['Imbi']	sg ad	l	H	pärisnimi	13	
kõik	kõik	kõik	[['kõik'], ['kõik']]	pl n|sg n	0	P	asesõna	13	
väljaöeldu	väljaöeldu	välja_öeldu	['välja', 'öeldu']	sg n	0	S	nimisõna	13	
kõige	kõige	kõige	['kõige']		0	D	määrsõna	13	
paremini	paremini	paremini	['paremini']		0	D	määrsõna	13	
,	,	,	[',']			Z	lausemärk	13	
kuid	kuid	kuid	['kuid']		0	J	sidesõna	13	
mõte	mõte	mõte	['mõte']	sg n	0	S	nimisõna	13	
pidi	pidama	pida	['pida']	s	i	V	tegusõna	13	
igatahes	igatahes	iga_tahes	['iga', 'tahes']		0	D	määrsõna	13	
saama	saama	saa	['saa']	ma	ma	V	tegusõna	13	
arusaadavaks	arusaadav	aru_saadav	['aru', 'saadav']	sg tr	ks	A	omadussõna algvõrre	13	
.	.	.	['.']			Z	lausemärk	13	
Juba	juba	juba	['juba']		0	D	määrsõna	14	
nad	tema	tema	['tema']	pl n	d	P	asesõna	14	
olidki	olema	ole	['ole']	sid	id	V	tegusõna	14	
lauluväljaku	lauluväljak	laulu_väljak	['laulu', 'väljak']	sg g	0	S	nimisõna	14	
lähedal	lähedal	lähedal	['lähedal']		0	K	kaassõna	14	
.	.	.	['.']			Z	lausemärk	14	
Ilus	ilus	ilus	['ilus']	sg n	0	A	omadussõna algvõrre	14	
öine	öine	öine	['öine']	sg n	0	A	omadussõna algvõrre	14	
sündmus	sündmus	sündmus	['sündmus']	sg n	0	S	nimisõna	14	
oli	olema	ole	['ole']	s	i	V	tegusõna	14	
just	just	just	[['just'], ['just']]		0	D|I		14	
algamas	algama	alga	['alga']	mas	mas	V	tegusõna	14	
,	,	,	[',']			Z	lausemärk	14	
seepärast	seepärast	see_pärast	['see', 'pärast']		0	D	määrsõna	14	
olid	olema	ole	['ole']	sid	id	V	tegusõna	14	
kõik	kõik	kõik	[['kõik'], ['kõik']]	pl n|sg n	0	P	asesõna	14	
sealsed	sealne	sealne	['sealne']	pl n	d	A	omadussõna algvõrre	14	
parkimisplatsid	parkimisplats	parkimis_plats	['parkimis', 'plats']	pl n	d	S	nimisõna	14	
autodest-bussidest	autodest-buss	auto+dest-buss	['autodest', 'buss']	pl el	dest	S	nimisõna	14	
lausa	lausa	lausa	['lausa']		0	D	määrsõna	14	
ummistunud	ummistuma|ummistunud	ummistu|ummistu=nud	[['ummistu'], ['ummistunud'], ['ummistunud'], ['ummistunud']]	|nud|pl n|sg n	0|d|nud	A|V		14	
.	.	.	['.']			Z	lausemärk	14	
Sohver	sohver	sohver	['sohver']	sg n	0	S	nimisõna	14	
vabandas	vabandama	vabanda	['vabanda']	s	s	V	tegusõna	14	
,	,	,	[',']			Z	lausemärk	14	
et	et	et	['et']		0	J	sidesõna	14	
ta	tema	tema	['tema']	sg n	0	P	asesõna	14	
peab	pidama	pida	['pida']	b	b	V	tegusõna	14	
õige	õige	õige	['õige']	sg g	0	A	omadussõna algvõrre	14	
peatumiskoha	peatumiskoha|peatumiskoht	peatu=mis_koha|peatu=mis_koht	[['peatumis', 'koht'], ['peatumis', 'koha']]	sg g	0	S	nimisõna	14	
leidmiseks	leidmine	leidmine	['leidmine']	sg tr	ks	S	nimisõna	14	
veidi	veidi	veidi	['veidi']		0	D	määrsõna	14	
edasi	edasi	edasi	['edasi']		0	D	määrsõna	14	
sõitma	sõitma	sõit	['sõit']	ma	ma	V	tegusõna	14	
.	.	.	['.']			Z	lausemärk	14	
Kohe	kohe	kohe	['kohe']		0	D	määrsõna	14	
välja	välja	välja	['välja']		0	D	määrsõna	14	
ei	ei	ei	['ei']	neg	0	V	tegusõna	14	
saa	saama	saa	['saa']	o	0	V	tegusõna	14	
,	,	,	[',']			Z	lausemärk	14	
sest	sest	sest	['sest']		0	J	sidesõna	14	
tihedas	tihe	tihe	['tihe']	sg in	s	A	omadussõna algvõrre	14	
liikluses	liiklus	liiklus	['liiklus']	sg in	s	S	nimisõna	14	
nii	nii	nii	['nii']		0	D	määrsõna	14	
kaua	kaua	kaua	['kaua']		0	D	määrsõna	14	
ei	ei	ei	['ei']	neg	0	V	tegusõna	14	
peatuta	peatuma	peatu	['peatu']	ta	ta	V	tegusõna	14	
.	.	.	['.']			Z	lausemärk	14	
Nii	nii	nii	['nii']		0	D	määrsõna	14	
nad	tema	tema	['tema']	pl n	d	P	asesõna	14	
siis	siis	siis	['siis']		0	D	määrsõna	14	
keerasidki	keerama	keera	['keera']	sid	sid	V	tegusõna	14	
võsa	võsa	võsa	['võsa']	sg g	0	S	nimisõna	14	
vahele	vahele	vahele	['vahele']		0	K	kaassõna	14	
,	,	,	[',']			Z	lausemärk	14	
kus	kus	kus	['kus']		0	D	määrsõna	14	
asus	asuma	asu	['asu']	s	s	V	tegusõna	14	
üksiku	üksik	üksik	['üksik']	sg g	0	A	omadussõna algvõrre	14	
majani	maja	maja	['maja']	sg ter	ni	S	nimisõna	14	
viiv	viiv	vii=v	['viiv']	sg n	0	A	omadussõna algvõrre	14	
tee	tee	tee	['tee']	sg n	0	S	nimisõna	14	
,	,	,	[',']			Z	lausemärk	14	
ainus	ainus	ainus	['ainus']	sg n	0	A	omadussõna algvõrre	14	
ürgne	ürgne	ürgne	['ürgne']	sg n	0	A	omadussõna algvõrre	14	
ehedus	ehedus	ehedus	['ehedus']	sg n	0	S	nimisõna	14	
paisuva	paisuv	paisuv	['paisuv']	sg g	0	A	omadussõna algvõrre	14	
Lasnamäe	Lasnamäe	Lasna_mäe	['Lasna', 'mäe']	sg g	0	H	pärisnimi	14	
veerul	veer|veerg	veer|veerg	[['veer'], ['veerg']]	sg ad	l	S	nimisõna	14	
.	.	.	['.']			Z	lausemärk	14	
Imbi	Imbi	Imbi	['Imbi']	sg n	0	H	pärisnimi	15	
arutas	arutama	aruta	['aruta']	s	s	V	tegusõna	15	
poliitikat	poliitika	poliitika	['poliitika']	sg p	t	S	nimisõna	15	
edasi	edasi	edasi	['edasi']		0	D	määrsõna	15	
,	,	,	[',']			Z	lausemärk	15	
ta	tema	tema	['tema']	sg n	0	P	asesõna	15	
oli	olema	ole	['ole']	s	i	V	tegusõna	15	
jõudnud	jõudma|jõudnud	jõud|jõud=nud	[['jõud'], ['jõudnud'], ['jõudnud'], ['jõudnud']]	|nud|pl n|sg n	0|d|nud	A|V		15	
tõdemuseni	tõdemus	tõdemus	['tõdemus']	sg ter	ni	S	nimisõna	15	
,	,	,	[',']			Z	lausemärk	15	
et	et	et	['et']		0	J	sidesõna	15	
ühe	üks	üks	['üks']	sg g	0	P	asesõna	15	
partei	partei	partei	['partei']	sg g	0	S	nimisõna	15	
rezhiimi	rezhiim	rezhiim	['rezhiim']	sg g	0	S	nimisõna	15	
puhul	puhul	puhul	['puhul']		0	K	kaassõna	15	
lakkab	lakkama	lakka	['lakka']	b	b	V	tegusõna	15	
igasugune	igasugune	iga_sugune	['iga', 'sugune']	sg n	0	P	asesõna	15	
demokraatia	demokraatia	demo_kraatia	['demo', 'kraatia']	sg n	0	S	nimisõna	15	
lõpuks	lõpuks	lõpuks	['lõpuks']		0	D	määrsõna	15	
täiesti	täiesti	täiesti	['täiesti']		0	D	määrsõna	15	
.	.	.	['.']			Z	lausemärk	15	
Missugune	missugune	mis_sugune	['mis', 'sugune']	sg n	0	P	asesõna	15	
pimedusega	pimedus	pimedus	['pimedus']	sg kom	ga	S	nimisõna	15	
löödud	löödud|lööma	löö|löödud	[['löö'], ['löödud'], ['löödud'], ['löödud']]	|pl n|sg n|tud	0|d|dud	A|V		15	
piiga	piiga	piiga	['piiga']	sg n	0	S	nimisõna	15	
,	,	,	[',']			Z	lausemärk	15	
juba	juba	juba	['juba']		0	D	määrsõna	15	
keerati	keerama	keera	['keera']	ti	ti	V	tegusõna	15	
võpsikusse	võpsik	võpsik	['võpsik']	sg ill	sse	S	nimisõna	15	
,	,	,	[',']			Z	lausemärk	15	
aga	aga	aga	['aga']		0	J	sidesõna	15	
tema	tema	tema	['tema']	sg n	0	P	asesõna	15	
ajab	ajama	aja	['aja']	b	b	V	tegusõna	15	
ikka	ikka	ikka	['ikka']		0	D	määrsõna	15	
oma	oma	oma	['oma']	sg g	0	P	asesõna	15	
juttu	jutt	jutt	['jutt']	sg p	0	S	nimisõna	15	
,	,	,	[',']			Z	lausemärk	15	
otsides	otsima	otsi	['otsi']	des	des	V	tegusõna	15	
samal	sama	sama	['sama']	sg ad	l	P	asesõna	15	
ajal	aeg	aeg	['aeg']	sg ad	l	S	nimisõna	15	
raha	raha	raha	['raha']	sg p	0	S	nimisõna	15	
!	!	!	['!']			Z	lausemärk	15	
Tema	tema	tema	['tema']	sg n	0	P	asesõna	15	
lihtsalt	lihtsalt	lihtsalt	['lihtsalt']		0	D	määrsõna	15	
küsib	küsima	küsi	['küsi']	b	b	V	tegusõna	15	
:	:	:	[':']			Z	lausemärk	15	
""""	""""	""""	"['""']"			Z	lausemärk	15	
Kui	kui	kui	[['kui'], ['kui']]		0	D|J		15	
võim	võim	võim	['võim']	sg n	0	S	nimisõna	15	
on	olema	ole	[['ole'], ['ole']]	b|vad	0	V	tegusõna	15	
rahva	rahvas	rahvas	['rahvas']	sg g	0	S	nimisõna	15	
käes	käes	käes	['käes']		0	K	kaassõna	15	
,	,	,	[',']			Z	lausemärk	15	
kelle	kes	kes	[['kes'], ['kes']]	pl g|sg g	0	P	asesõna	15	
käes	käes	käes	['käes']		0	K	kaassõna	15	
ta	tema	tema	['tema']	sg n	0	P	asesõna	15	
siis	siis	siis	['siis']		0	D	määrsõna	15	
on	olema	ole	[['ole'], ['ole']]	b|vad	0	V	tegusõna	15	
?	?	?	['?']			Z	lausemärk	15	
""""	""""	""""	"['""']"			Z	lausemärk	15	
Taksojuht	taksojuht	takso_juht	['takso', 'juht']	sg n	0	S	nimisõna	16	
vaatas	vaatama	vaata	['vaata']	s	s	V	tegusõna	16	
talle	tema	tema	['tema']	sg all	lle	P	asesõna	16	
vidukil	vidukil	vidukil	['vidukil']		0	D	määrsõna	16	
silmi	silm	silm	['silm']	pl p	i	S	nimisõna	16	
tõsiselt	tõsiselt	tõsiselt	['tõsiselt']		0	D	määrsõna	16	
otsa	otsa	otsa	['otsa']		0	D	määrsõna	16	
.	.	.	['.']			Z	lausemärk	16	
Mida	mis	mis	[['mis'], ['mis']]	pl p|sg p	da	P	asesõna	16	
oli	olema	ole	['ole']	s	i	V	tegusõna	16	
ta	tema	tema	['tema']	sg n	0	P	asesõna	16	
vaates	vaade	vaade	['vaade']	sg in	s	S	nimisõna	16	
rohkem	rohkem	rohkem	['rohkem']		0	D	määrsõna	16	
,	,	,	[',']			Z	lausemärk	16	
kas	kas	kas	['kas']		0	D	määrsõna	16	
üllatust	üllatus	üllatus	['üllatus']	sg p	t	S	nimisõna	16	
,	,	,	[',']			Z	lausemärk	16	
et	et	et	['et']		0	J	sidesõna	16	
keegi	keegi	keegi	['keegi']	sg n	0	P	asesõna	16	
võib	võima	või	['või']	b	b	V	tegusõna	16	
olla	olema	ole	['ole']	da	a	V	tegusõna	16	
nii	nii	nii	['nii']		0	D	määrsõna	16	
naiivselt	naiivselt	naiivselt	['naiivselt']		0	D	määrsõna	16	
julge	julgema	julge	['julge']	o	0	V	tegusõna	16	
,	,	,	[',']			Z	lausemärk	16	
või	või	või	['või']		0	J	sidesõna	16	
tõdemust	tõdemus	tõdemus	['tõdemus']	sg p	t	S	nimisõna	16	
,	,	,	[',']			Z	lausemärk	16	
et	et	et	['et']		0	J	sidesõna	16	
see	see	see	['see']	sg n	0	P	asesõna	16	
fa	fa	fa	['fa']	?	0	Y	lühend	16	
?	?	?	['?']			Z	lausemärk	16	
istiplika	istiplika	isti_plika	['isti', 'plika']	sg n	0	S	nimisõna	16	
tuleks	tulema	tule	['tule']	ks	ks	V	tegusõna	16	
ära	ära	ära	['ära']		0	D	määrsõna	16	
vägistada	vägistama	vägista	['vägista']	da	da	V	tegusõna	16	
?	?	?	['?']			Z	lausemärk	16	
""""	""""	""""	"['""']"			Z	lausemärk	16	
Libu	libu	libu	['libu']	sg g	0	S	nimisõna	16	
sihuke	sihuke	sihuke	['sihuke']	sg n	0	P	asesõna	16	
,	,	,	[',']			Z	lausemärk	16	
mis	mis	mis	[['mis'], ['mis']]	pl n|sg n	0	P	asesõna	16	
parteisüsteemi	parteisüsteem	partei_süsteem	['partei', 'süsteem']	adt	0	S	nimisõna	16	
sulle	sina	sina	['sina']	sg all	lle	P	asesõna	16	
veel	veel	veel	['veel']		0	D	määrsõna	16	
vaja	vaja	vaja	['vaja']		0	D	määrsõna	16	
on	olema	ole	[['ole'], ['ole']]	b|vad	0	V	tegusõna	16	
?	?	?	['?']			Z	lausemärk	16	
""""	""""	""""	"['""']"			Z	lausemärk	16	
Sohver	sohver	sohver	['sohver']	sg n	0	S	nimisõna	17	
hakkas	hakkama	hakka	['hakka']	s	s	V	tegusõna	17	
jõuliselt	jõuliselt	jõuliselt	['jõuliselt']		0	D	määrsõna	17	
asja	asi	asi	['asi']	sg g	0	S	nimisõna	17	
kallale	kallale	kallale	['kallale']		0	K	kaassõna	17	
,	,	,	[',']			Z	lausemärk	17	
ikka	ikka	ikka	['ikka']		0	D	määrsõna	17	
mõlema	mõlema	mõlema	['mõlema']	sg g	0	P	asesõna	17	
käega	käsi	käsi	['käsi']	sg kom	ga	S	nimisõna	17	
,	,	,	[',']			Z	lausemärk	17	
nii	nii	nii	['nii']		0	D	määrsõna	17	
et	et	et	['et']		0	J	sidesõna	17	
kaassõitjal	kaassõitja	kaas_sõitja	['kaas', 'sõitja']	sg ad	l	S	nimisõna	17	
ribid	ribi	ribi	['ribi']	pl n	d	S	nimisõna	17	
raksusid	raksuma	raksu	['raksu']	sid	sid	V	tegusõna	17	
ja	ja	ja	['ja']		0	J	sidesõna	17	
tüdruk	tüdruk	tüdruk	['tüdruk']	sg n	0	S	nimisõna	17	
lohises	lohisema	lohise	['lohise']	s	s	V	tegusõna	17	
autoistmel	autoiste	auto_iste	['auto', 'iste']	sg ad	l	S	nimisõna	17	
edasi-tagasi	edasi-tagasi	edasi-tagasi	['edasi', 'tagasi']		0	D	määrsõna	17	
.	.	.	['.']			Z	lausemärk	17	
Toimingule	Toimingule	Toimingule	['Toimingule']	sg n	0	H	pärisnimi	17	
tulnuks	tulema	tule	['tule']	nuks	nuks	V	tegusõna	17	
näiliselt	näiliselt	näiliselt	['näiliselt']		0	D	määrsõna	17	
kasuks	kasu	kasu	['kasu']	sg tr	ks	S	nimisõna	17	
ohvri	ohver	ohver	['ohver']	sg g	0	S	nimisõna	17	
pea	pea	pea	['pea']	sg g	0	S	nimisõna	17	
löömine	löömine	löömine	['löömine']	sg n	0	S	nimisõna	17	
vastu	vastu	vastu	['vastu']		0	K	kaassõna	17	
armatuurlauda	armatuurlaud	armatuur_laud	['armatuur', 'laud']	sg p	0	S	nimisõna	17	
,	,	,	[',']			Z	lausemärk	17	
kuid	kuid	kuid	['kuid']		0	J	sidesõna	17	
teadvusetu	teadvusetu	teadvusetu	['teadvusetu']	sg n	0	A	omadussõna algvõrre	17	
plikaga	plika	plika	['plika']	sg kom	ga	S	nimisõna	17	
ei	ei	ei	['ei']	neg	0	V	tegusõna	17	
olnud	olema|olnud	ol=nud|ole	[['olnud'], ['olnud'], ['olnud'], ['ole']]	|nud|pl n|sg n	0|d|nud	A|V		17	
midagi	miski	miski	['miski']	sg p	dagi	P	asesõna	17	
peale	peale	peale	['peale']		0	D	määrsõna	17	
hakata	hakkama	hakka	['hakka']	da	ta	V	tegusõna	17	
,	,	,	[',']			Z	lausemärk	17	
""""	""""	""""	"['""']"			Z	lausemärk	17	
tõeline	tõeline	tõeline	['tõeline']	sg n	0	A	omadussõna algvõrre	17	
kaif	kaif	kaif	['kaif']	sg n	0	S	nimisõna	17	
""""	""""	""""	"['""']"			Z	lausemärk	17	
oleks	olema	ole	['ole']	ks	ks	V	tegusõna	17	
sel	see	see	['see']	sg ad	l	P	asesõna	17	
juhul	juht	juht	['juht']	sg ad	l	S	nimisõna	17	
jäänud	jääma|jäänud	jää|jäänud	[['jää'], ['jäänud'], ['jäänud'], ['jäänud']]	|nud|pl n|sg n	0|d|nud	A|V		17	
mehest	mees	mees	['mees']	sg el	st	S	nimisõna	17	
kaugele	kaugele	kaugele	['kaugele']		0	D	määrsõna	17	
.	.	.	['.']			Z	lausemärk	17	
Rublasid	Rublas|Rublasi	Rublas|Rublasi	[['Rublas'], ['Rublasi']]	pl n	d	H	pärisnimi	17	
oli	olema	ole	['ole']	s	i	V	tegusõna	17	
kukkunud	kukkuma|kukkunud	kukku|kukku=nud	[['kukku'], ['kukkunud'], ['kukkunud'], ['kukkunud']]	|nud|pl n|sg n	0|d|nud	A|V		17	
nii	nii	nii	['nii']		0	D	määrsõna	17	
istmele	iste	iste	['iste']	sg all	le	S	nimisõna	17	
kui	kui	kui	[['kui'], ['kui']]		0	D|J		17	
põrandale	põrand	põrand	['põrand']	sg all	le	S	nimisõna	17	
.	.	.	['.']			Z	lausemärk	17	
Labiilse	Labiilne|Labiilse	Labiilne|Labiilse	[['Labiilne'], ['Labiilse']]	sg g	0	H	pärisnimi	18	
närvisüsteemiga	närvisüsteem	närvi_süsteem	['närvi', 'süsteem']	sg kom	ga	S	nimisõna	18	
noormehed	noormees	noor_mees	['noor', 'mees']	pl n	d	S	nimisõna	18	
,	,	,	[',']			Z	lausemärk	18	
keda	kes	kes	[['kes'], ['kes']]	pl p|sg p	da	P	asesõna	18	
Imbi	Imbi	Imbi	['Imbi']	sg n	0	H	pärisnimi	18	
oli	olema	ole	['ole']	s	i	V	tegusõna	18	
koolis	kool	kool	['kool']	sg in	s	S	nimisõna	18	
kütkestanud	kütkestama|kütkestanud	kütkesta|kütkesta=nud	[['kütkesta'], ['kütkestanud'], ['kütkestanud'], ['kütkestanud']]	|nud|pl n|sg n	0|d|nud	A|V		18	
,	,	,	[',']			Z	lausemärk	18	
kahvatunuksid	kahvatuma	kahvatu	['kahvatu']	nuksid	nuksid	V	tegusõna	18	
seda	see	see	['see']	sg p	da	P	asesõna	18	
kõike	kõik	kõik	['kõik']	sg p	0	P	asesõna	18	
nähes	nägema	näge	['näge']	des	es	V	tegusõna	18	
.	.	.	['.']			Z	lausemärk	18	
Võibolla	võibolla	võib_olla	['võib', 'olla']		0	D	määrsõna	18	
nõustunuksid	nõustuma	nõustu	['nõustu']	nuksid	nuksid	V	tegusõna	18	
nad	tema	tema	['tema']	pl n	d	P	asesõna	18	
enda	ise	ise	['ise']	sg g	0	P	asesõna	18	
sajakordse	sajakordne	saja_kordne	['saja', 'kordne']	sg g	0	A	omadussõna algvõrre	18	
läbipeksmisega	läbipeksmine	läbi_peksmine	['läbi', 'peksmine']	sg kom	ga	S	nimisõna	18	
,	,	,	[',']			Z	lausemärk	18	
et	et	et	['et']		0	J	sidesõna	18	
aga	aga	aga	['aga']		0	J	sidesõna	18	
mitte	mitte	mitte	['mitte']		0	D	määrsõna	18	
näha	nägema	näge	['näge']	da	a	V	tegusõna	18	
seda	see	see	['see']	sg p	da	P	asesõna	18	
pilti	pilt	pilt	['pilt']	sg p	0	S	nimisõna	18	
.	.	.	['.']			Z	lausemärk	18	
See	see	see	['see']	sg n	0	P	asesõna	18	
pole	olema	ole	['ole']	neg o	0	V	tegusõna	18	
just	just	just	[['just'], ['just']]		0	D|I		18	
sadu	sada	sada	['sada']	pl p	u	N	põhiarvsõna	18	
tuhandeid	tuhat	tuhat	['tuhat']	pl p	id	N	põhiarvsõna	18	
aastaid	aasta	aasta	['aasta']	pl p	id	S	nimisõna	18	
nii	nii	nii	['nii']		0	D	määrsõna	18	
,	,	,	[',']			Z	lausemärk	18	
aga	aga	aga	['aga']		0	J	sidesõna	18	
rõhuvale	rõhuv	rõhuv	['rõhuv']	sg all	le	A	omadussõna algvõrre	18	
enamikule	enamik	enamik	['enamik']	sg all	le	S	nimisõna	18	
meestest	mees	mees	['mees']	pl el	test	S	nimisõna	18	
on	olema	ole	[['ole'], ['ole']]	b|vad	0	V	tegusõna	18	
naise	naine	naine	['naine']	sg g	0	S	nimisõna	18	
kaitsmise	kaitsmine	kaitsmine	['kaitsmine']	sg g	0	S	nimisõna	18	
mehhanismid	mehhanism	mehhanism	['mehhanism']	pl n	d	S	nimisõna	18	
""""	""""	""""	"['""']"			Z	lausemärk	18	
sisse	sisse	sisse	['sisse']		0	D	määrsõna	18	
ehitatud	ehitama|ehitatud	ehita|ehitatud	[['ehita'], ['ehitatud'], ['ehitatud'], ['ehitatud']]	|pl n|sg n|tud	0|d|tud	A|V		18	
""""	""""	""""	"['""']"			Z	lausemärk	18	
,	,	,	[',']			Z	lausemärk	18	
vägistaja	vägistaja	vägistaja	['vägistaja']	sg g	0	S	nimisõna	18	
aga	aga	aga	['aga']		0	J	sidesõna	18	
on	olema	ole	[['ole'], ['ole']]	b|vad	0	V	tegusõna	18	
kurjategija	kurjategija	kurja_tegija	['kurja', 'tegija']	sg n	0	S	nimisõna	18	
.	.	.	['.']			Z	lausemärk	18	
Pääses	pääsema	pääse	['pääse']	s	s	V	tegusõna	19	
lahti	lahti	lahti	['lahti']		0	D	määrsõna	19	
hele	hele	hele	['hele']	sg n	0	A	omadussõna algvõrre	19	
kisa	kisa	kisa	['kisa']	sg g	0	S	nimisõna	19	
ja	ja	ja	['ja']		0	J	sidesõna	19	
ohver	ohver	ohver	['ohver']	sg n	0	S	nimisõna	19	
jäeti	jätma	jät	['jät']	ti	ti	V	tegusõna	19	
peagi	peagi	peagi	['peagi']		0	D	määrsõna	19	
rahule	rahule	rahule	['rahule']		0	D	määrsõna	19	
,	,	,	[',']			Z	lausemärk	19	
sest	sest	sest	['sest']		0	J	sidesõna	19	
aken	aken	aken	['aken']	sg n	0	S	nimisõna	19	
oli	olema	ole	['ole']	s	i	V	tegusõna	19	
lahti	lahti	lahti	['lahti']		0	D	määrsõna	19	
ja	ja	ja	['ja']		0	J	sidesõna	19	
kõik	kõik	kõik	[['kõik'], ['kõik']]	pl n|sg n	0	P	asesõna	19	
hästi	hästi	hästi	['hästi']		0	D	määrsõna	19	
kuulda	kuulma	kuul	['kuul']	da	da	V	tegusõna	19	
.	.	.	['.']			Z	lausemärk	19	
Sohvri	sohver	sohver	['sohver']	sg g	0	S	nimisõna	19	
silmad	silm	silm	['silm']	pl n	d	S	nimisõna	19	
olid	olema	ole	['ole']	sid	id	V	tegusõna	19	
punnis	punnis	punnis	['punnis']		0	D	määrsõna	19	
ja	ja	ja	['ja']		0	J	sidesõna	19	
hiilgasid	hiilgama	hiilga	['hiilga']	sid	sid	V	tegusõna	19	
iseäralikult	iseäralikult	ise_äralikult	['ise', 'äralikult']		0	D	määrsõna	19	
.	.	.	['.']			Z	lausemärk	19	
Imbil	Imbi	Imbi	['Imbi']	sg ad	l	H	pärisnimi	19	
oli	olema	ole	['ole']	s	i	V	tegusõna	19	
käsi	käsi	käsi	['käsi']	sg n	0	S	nimisõna	19	
paigast	paik	paik	['paik']	sg el	st	S	nimisõna	19	
ära	ära	ära	['ära']		0	D	määrsõna	19	
.	.	.	['.']			Z	lausemärk	19	
Käega	Käega	Käega	['Käega']	sg n	0	H	pärisnimi	19	
juhtus	juhtuma	juhtu	['juhtu']	s	s	V	tegusõna	19	
õnnetus	õnnetus	õnnetus	['õnnetus']	sg n	0	S	nimisõna	19	
ajal	aeg	aeg	['aeg']	sg ad	l	S	nimisõna	19	
,	,	,	[',']			Z	lausemärk	19	
mil	mil	mil	['mil']		0	D	määrsõna	19	
ta	tema	tema	['tema']	sg n	0	P	asesõna	19	
püüdis	püüdma	püüd	['püüd']	s	is	V	tegusõna	19	
ründaja	ründaja	ründaja	['ründaja']	sg g	0	S	nimisõna	19	
kätt	käsi	käsi	['käsi']	sg p	tt	S	nimisõna	19	
maha	maha	maha	['maha']		0	D	määrsõna	19	
suruda	suruma	suru	['suru']	da	da	V	tegusõna	19	
või	või	või	['või']		0	J	sidesõna	19	
vastu	vastu	vastu	['vastu']		0	K	kaassõna	19	
mingit	mingi	mingi	['mingi']	sg p	t	P	asesõna	19	
nurka	nurk	nurk	['nurk']	sg p	0	S	nimisõna	19	
lüüa	lööma	löö	['löö']	da	a	V	tegusõna	19	
.	.	.	['.']			Z	lausemärk	19	
Imbi	Imbi	Imbi	['Imbi']	sg n	0	H	pärisnimi	19	
küsis	küsima	küsi	['küsi']	s	s	V	tegusõna	19	
tema	tema	tema	['tema']	sg g	0	P	asesõna	19	
käest	käest	käest	['käest']		0	K	kaassõna	19	
,	,	,	[',']			Z	lausemärk	19	
miks	miks	miks	['miks']		0	D	määrsõna	19	
ta	tema	tema	['tema']	sg n	0	P	asesõna	19	
nii	nii	nii	['nii']		0	D	määrsõna	19	
agressiivne	agressiivne	agressiivne	['agressiivne']	sg n	0	A	omadussõna algvõrre	19	
on	olema	ole	[['ole'], ['ole']]	b|vad	0	V	tegusõna	19	
,	,	,	[',']			Z	lausemärk	19	
viskas	viskama	viska	['viska']	s	s	V	tegusõna	19	
talle	tema	tema	['tema']	sg all	lle	P	asesõna	19	
rahatähed	rahatäht	raha_täht	['raha', 'täht']	pl n	d	S	nimisõna	19	
näkku	nägu	nägu	['nägu']	adt	0	S	nimisõna	19	
ja	ja	ja	['ja']		0	J	sidesõna	19	
kobis	kobima	kobi	['kobi']	s	s	V	tegusõna	19	
kähku	kähku	kähku	['kähku']		0	D	määrsõna	19	
sõidukist	sõiduk	sõiduk	['sõiduk']	sg el	st	S	nimisõna	19	
välja	välja	välja	['välja']		0	D	määrsõna	19	
.	.	.	['.']			Z	lausemärk	19	
Siis	siis	siis	['siis']		0	D	määrsõna	20	
hakkasid	hakkama	hakka	['hakka']	sid	sid	V	tegusõna	20	
trummid	trumm	trumm	['trumm']	pl n	d	S	nimisõna	20	
põrisema	põrisema	põrise	['põrise']	ma	ma	V	tegusõna	20	
,	,	,	[',']			Z	lausemärk	20	
kuna	kuna	kuna	['kuna']		0	J	sidesõna	20	
Tõnis	Tõnis	Tõnis	['Tõnis']	sg n	0	H	pärisnimi	20	
Mägi	Mägi	Mägi	['Mägi']	sg n	0	H	pärisnimi	20	
esitas	esitama	esita	['esita']	s	s	V	tegusõna	20	
oma	oma	oma	['oma']	sg g	0	P	asesõna	20	
suurepärast	suurepärane	suure_pärane	['suure', 'pärane']	sg p	t	A	omadussõna algvõrre	20	
laulu	laul	laul	['laul']	sg p	0	S	nimisõna	20	
.	.	.	['.']			Z	lausemärk	20	
Neiu	neid|neiu	neid|neiu	[['neid'], ['neiu']]	sg g	0	S	nimisõna	20	
jaoks	jaoks	jaoks	['jaoks']		0	K	kaassõna	20	
jäid	jääma	jää	['jää']	sid	id	V	tegusõna	20	
metsa	mets	mets	['mets']	sg g	0	S	nimisõna	20	
veerde	veerde	veerde	['veerde']		0	K	kaassõna	20	
jäetud	jäetud|jätma	jäe=tud|jät	[['jäetud'], ['jäetud'], ['jäetud'], ['jät']]	|pl n|sg n|tud	0|d|tud	A|V		20	
autot	auto	auto	['auto']	sg p	t	S	nimisõna	20	
meenutama	meenuma|meenutama	meenu|meenuta	[['meenu'], ['meenuta']]	ma|tama	ma|tama	V	tegusõna	20	
valutav	valutav	valutav	['valutav']	sg n	0	A	omadussõna algvõrre	20	
käsi	käsi	käsi	['käsi']	sg n	0	S	nimisõna	20	
,	,	,	[',']			Z	lausemärk	20	
kortsus	kortsus	kortsus	['kortsus']		0	A	omadussõna algvõrre	20	
seelik	seelik	seelik	['seelik']	sg n	0	S	nimisõna	20	
ja	ja	ja	['ja']		0	J	sidesõna	20	
ette	ette	ette	['ette']		0	D	määrsõna	20	
nähtud	nägema|nähtud|nähtuma	näge|nähtu|nähtud	[['nähtu'], ['nähtud'], ['nähtud'], ['nähtud'], ['näge']]	|d|pl n|sg n|tud	0|d|tud	A|V		20	
vormist	vorm	vorm	['vorm']	sg el	st	S	nimisõna	20	
välja	välja	välja	['välja']		0	D	määrsõna	20	
jooksvad	jooksev	jooksev	['jooksev']	pl n	d	A	omadussõna algvõrre	20	
sukasilmad	sukasilm	suka_silm	['suka', 'silm']	pl n	d	S	nimisõna	20	
.	.	.	['.']			Z	lausemärk	20	
Kus	kus	kus	['kus']		0	D	määrsõna	20	
enne	enne	enne	['enne']		0	D	määrsõna	20	
oli	olema	ole	['ole']	s	i	V	tegusõna	20	
korralik	korralik	korralik	['korralik']	sg n	0	A	omadussõna algvõrre	20	
palistus	palistus	palistus	['palistus']	sg n	0	S	nimisõna	20	
,	,	,	[',']			Z	lausemärk	20	
oli	olema	ole	['ole']	s	i	V	tegusõna	20	
nüüd	nüüd	nüüd	['nüüd']		0	D	määrsõna	20	
volt	volt	volt	['volt']	sg n	0	S	nimisõna	20	
,	,	,	[',']			Z	lausemärk	20	
viltune	viltune	viltune	['viltune']	sg n	0	A	omadussõna algvõrre	20	
nagu	nagu	nagu	[['nagu'], ['nagu']]		0	D|J		20	
Orioni	Orion|Orioni	Orion|Orioni	[['Orion'], ['Orioni']]	sg g	0	H	pärisnimi	20	
vöö	vöö	vöö	['vöö']	sg g	0	S	nimisõna	20	
öises	öine	öine	['öine']	sg in	s	A	omadussõna algvõrre	20	
taevas	taevas	taevas	['taevas']	sg in	s	S	nimisõna	20	
.	.	.	['.']			Z	lausemärk	20	
Nutmise	nutmine	nut=mine	['nutmine']	sg g	0	S	nimisõna	20	
aeg	aeg	aeg	['aeg']	sg n	0	S	nimisõna	20	
.	.	.	['.']			Z	lausemärk	20	
Tund	tund	tund	['tund']	sg n	0	S	nimisõna	21	
aega	aeg	aeg	['aeg']	sg p	0	S	nimisõna	21	
hiljem	hiljem	hiljem	['hiljem']		0	D	määrsõna	21	
ütles	ütlema	ütle	['ütle']	s	s	V	tegusõna	21	
traumapunkti	traumapunkt	trauma_punkt	['trauma', 'punkt']	sg g	0	S	nimisõna	21	
valvearst	valvearst	valve_arst	['valve', 'arst']	sg n	0	S	nimisõna	21	
:	:	:	[':']			Z	lausemärk	21	
""""	""""	""""	"['""']"			Z	lausemärk	22	
Närvikeskuse	närvikeskus	närvi_keskus	['närvi', 'keskus']	sg g	0	S	nimisõna	22	
juurest	juurest	juurest	['juurest']		0	K	kaassõna	22	
on	olema	ole	[['ole'], ['ole']]	b|vad	0	V	tegusõna	22	
küll	küll	küll	['küll']		0	D	määrsõna	22	
natuke	natuke	natuke	['natuke']		0	D	määrsõna	22	
paistes	paistes	paistes	['paistes']		0	D	määrsõna	22	
,	,	,	[',']			Z	lausemärk	22	
aga	aga	aga	['aga']		0	J	sidesõna	22	
liikuvust	liikuvus	liikuvus	['liikuvus']	sg p	t	S	nimisõna	22	
on	olema	ole	[['ole'], ['ole']]	b|vad	0	V	tegusõna	22	
käel	käsi	käsi	['käsi']	sg ad	l	S	nimisõna	22	
küll	küll	küll	['küll']		0	D	määrsõna	22	
.	.	.	['.']			Z	lausemärk	22	
Kas	kas	kas	['kas']		0	D	määrsõna	22	
see	see	see	['see']	sg n	0	P	asesõna	22	
on	olema	ole	[['ole'], ['ole']]	b|vad	0	V	tegusõna	22	
löögi	löök	löök	['löök']	sg g	0	S	nimisõna	22	
tagajärjel	tagajärg	taga_järg	['taga', 'järg']	sg ad	l	S	nimisõna	22	
tekkinud	tekkima|tekkinud	tekki|tekki=nud	[['tekki'], ['tekkinud'], ['tekkinud'], ['tekkinud']]	|nud|pl n|sg n	0|d|nud	A|V		22	
?	?	?	['?']			Z	lausemärk	22	
""""	""""	""""	"['""']"			Z	lausemärk	22	
""""	""""	""""	"['""']"			Z	lausemärk	23	
Ma	mina	mina	['mina']	sg n	0	P	asesõna	23	
kaklesin	kaklema	kakle	['kakle']	sin	sin	V	tegusõna	23	
,	,	,	[',']			Z	lausemärk	23	
""""	""""	""""	"['""']"			Z	lausemärk	23	
vastas	vastama	vasta	['vasta']	s	s	V	tegusõna	23	
Imbi	Imbi	Imbi	['Imbi']	sg n	0	H	pärisnimi	23	
ja	ja	ja	['ja']		0	J	sidesõna	23	
neelas	neelama	neela	['neela']	s	s	V	tegusõna	23	
paar	paar	paar	['paar']	sg n	0	N	põhiarvsõna	23	
pisarat	pisar	pisar	['pisar']	sg p	t	S	nimisõna	23	
.	.	.	['.']			Z	lausemärk	23	
""""	""""	""""	"['""']"			Z	lausemärk	24	
Ja	ja	ja	['ja']		0	J	sidesõna	24	
sõrmanukkidel	sõrmanukk	sõrma_nukk	['sõrma', 'nukk']	pl ad	del	S	nimisõna	24	
on	olema	ole	[['ole'], ['ole']]	b|vad	0	V	tegusõna	24	
samuti	samuti	samuti	['samuti']		0	D	määrsõna	24	
nahk	nahk	nahk	['nahk']	sg n	0	S	nimisõna	24	
marraskil	marraskil	marraskil	['marraskil']		0	D	määrsõna	24	
.	.	.	['.']			Z	lausemärk	24	
Ega	ega	ega	['ega']		0	D	määrsõna	24	
see	see	see	['see']	sg n	0	P	asesõna	24	
ometi	ometi	ometi	['ometi']		0	D	määrsõna	24	
ei	ei	ei	['ei']	neg	0	V	tegusõna	24	
olnud	olema|olnud	ol=nud|ole	[['olnud'], ['olnud'], ['olnud'], ['ole']]	|nud|pl n|sg n	0|d|nud	A|V		24	
vägistamiskatse	vägistamiskatse	vägistamis_katse	['vägistamis', 'katse']	sg n	0	S	nimisõna	24	
?	?	?	['?']			Z	lausemärk	24	
""""	""""	""""	"['""']"			Z	lausemärk	24	
""""	""""	""""	"['""']"			Z	lausemärk	25	
Ma	mina	mina	['mina']	sg n	0	P	asesõna	25	
surusin	suruma	suru	['suru']	sin	sin	V	tegusõna	25	
sellel	see	see	['see']	sg ad	l	P	asesõna	25	
mehel	mees	mees	['mees']	sg ad	l	S	nimisõna	25	
käe	käsi	käsi	['käsi']	sg g	0	S	nimisõna	25	
maha	maha	maha	['maha']		0	D	määrsõna	25	
,	,	,	[',']			Z	lausemärk	25	
""""	""""	""""	"['""']"			Z	lausemärk	25	
ebales	ebalema	ebale	['ebale']	s	s	V	tegusõna	25	
Imbi	Imbi	Imbi	['Imbi']	sg n	0	H	pärisnimi	25	
,	,	,	[',']			Z	lausemärk	25	
kes	kes	kes	[['kes'], ['kes']]	pl n|sg n	0	P	asesõna	25	
ei	ei	ei	['ei']	neg	0	V	tegusõna	25	
olnud	olema|olnud	ol=nud|ole	[['olnud'], ['olnud'], ['olnud'], ['ole']]	|nud|pl n|sg n	0|d|nud	A|V		25	
suurt	suur	suur	['suur']	sg p	t	A	omadussõna algvõrre	25	
harjunud	harjuma|harjunud	harju|harjunud	[['harju'], ['harjunud'], ['harjunud'], ['harjunud']]	|nud|pl n|sg n	0|d|nud	A|V		25	
valetama	valetama	valeta	['valeta']	ma	ma	V	tegusõna	25	
.	.	.	['.']			Z	lausemärk	25	
""""	""""	""""	"['""']"			Z	lausemärk	25	
Oleksite	olema	ole	['ole']	ksite	ksite	V	tegusõna	25	
pidanud	pidama|pidanud	pida|pida=nud	[['pida'], ['pidanud'], ['pidanud'], ['pidanud']]	|nud|pl n|sg n	0|d|nud	A|V		25	
miilitsasse	miilits	miilits	['miilits']	sg ill	sse	S	nimisõna	25	
teatama	teadma|teatama	tead|teata	[['tead'], ['teata']]	ma|tama	ma|tama	V	tegusõna	25	
,	,	,	[',']			Z	lausemärk	25	
""""	""""	""""	"['""']"			Z	lausemärk	25	
andis	andma	and	['and']	s	is	V	tegusõna	25	
tohter	tohter	tohter	['tohter']	sg n	0	S	nimisõna	25	
nõu	nõu	nõu	['nõu']	sg p	0	S	nimisõna	25	
.	.	.	['.']			Z	lausemärk	25	
""""	""""	""""	"['""']"			Z	lausemärk	26	
Palun	paluma	palu	['palu']	n	n	V	tegusõna	26	
öelge	ütlema	ütle	['ütle']	ge	ge	V	tegusõna	26	
,	,	,	[',']			Z	lausemärk	26	
""""	""""	""""	"['""']"			Z	lausemärk	26	
nõudis	nõudma	nõud	['nõud']	s	is	V	tegusõna	26	
Imbi	Imbi	Imbi	['Imbi']	sg n	0	H	pärisnimi	26	
,	,	,	[',']			Z	lausemärk	26	
""""	""""	""""	"['""']"			Z	lausemärk	26	
veel	veel	veel	['veel']		0	D	määrsõna	26	
midagi	miski	miski	['miski']	sg p	dagi	P	asesõna	26	
teaduslikku	teaduslik	teaduslik	['teaduslik']	sg p	0	A	omadussõna algvõrre	26	
.	.	.	['.']			Z	lausemärk	26	
Mulle	mina	mina	['mina']	sg all	lle	P	asesõna	26	
meeldib	meeldima	meeldi	['meeldi']	b	b	V	tegusõna	26	
,	,	,	[',']			Z	lausemärk	26	
kui	kui	kui	[['kui'], ['kui']]		0	D|J		26	
mehed	mees	mees	['mees']	pl n	d	S	nimisõna	26	
on	olema	ole	[['ole'], ['ole']]	b|vad	0	V	tegusõna	26	
arstid	arst	arst	['arst']	pl n	d	S	nimisõna	26	
,	,	,	[',']			Z	lausemärk	26	
eriti	eriti	eriti	['eriti']		0	D	määrsõna	26	
valvearstid	valvearst	valve_arst	['valve', 'arst']	pl n	d	S	nimisõna	26	
.	.	.	['.']			Z	lausemärk	26	
""""	""""	""""	"['""']"			Z	lausemärk	26	
Doktor	doktor	doktor	['doktor']	sg n	0	S	nimisõna	27	
vaatas	vaatama	vaata	['vaata']	s	s	V	tegusõna	27	
Imbit	Imbi	Imbi	['Imbi']	sg p	t	H	pärisnimi	27	
läbi	läbi	läbi	['läbi']		0	D	määrsõna	27	
prillide	prill	prill	['prill']	pl g	de	S	nimisõna	27	
ja	ja	ja	['ja']		0	J	sidesõna	27	
siis	siis	siis	['siis']		0	D	määrsõna	27	
veel	veel	veel	['veel']		0	D	määrsõna	27	
läbi	läbi	läbi	['läbi']		0	K	kaassõna	27	
luubi	luup	luup	['luup']	sg g	0	S	nimisõna	27	
.	.	.	['.']			Z	lausemärk	27	
Ilus	ilus	ilus	['ilus']	sg n	0	A	omadussõna algvõrre	27	
tibuke	tibuke	tibuke	['tibuke']	sg n	0	S	nimisõna	27	
,	,	,	[',']			Z	lausemärk	27	
arutles	arutlema	arutle	['arutle']	s	s	V	tegusõna	27	
ta	tema	tema	['tema']	sg n	0	P	asesõna	27	
endamisi	endamisi	endamisi	['endamisi']		0	D	määrsõna	27	
.	.	.	['.']			Z	lausemärk	27	
Tahab	tahtma	taht	['taht']	b	b	V	tegusõna	27	
vist	vist	vist	['vist']		0	D	määrsõna	27	
teisele	teine	teine	[['teine'], ['teine']]	sg all	le	O|P		27	
ringile	ring	ring	['ring']	sg all	le	S	nimisõna	27	
minna	minema	mine	['mine']	da	a	V	tegusõna	27	
?	?	?	['?']			Z	lausemärk	27	
Ta	tema	tema	['tema']	sg n	0	P	asesõna	27	
tihtipeale	tihtipeale	tihti_peale	['tihti', 'peale']		0	D	määrsõna	27	
langetatud	langetama|langetatud	langeta|langeta=tud	[['langeta'], ['langetatud'], ['langetatud'], ['langetatud']]	|pl n|sg n|tud	0|d|tud	A|V		27	
laud	laud|laug	laud|laug	[['laud'], ['laug']]	pl n|sg n	0|d	S	nimisõna	27	
ja	ja	ja	['ja']		0	J	sidesõna	27	
keskendunud	keskenduma|keskendunud	keskendu|keskendunud	[['keskendu'], ['keskendunud'], ['keskendunud'], ['keskendunud']]	|nud|pl n|sg n	0|d|nud	A|V		27	
pilk	pilk	pilk	['pilk']	sg n	0	S	nimisõna	27	
kõnelevad	kõnelema	kõnele	['kõnele']	vad	vad	V	tegusõna	27	
temas	tema	tema	['tema']	sg in	s	P	asesõna	27	
moodustuvaist	moodustuv	moodustuv	['moodustuv']	pl el	ist	A	omadussõna algvõrre	27	
maailmavaate	maailmavaade	maa_ilma_vaade	['maa', 'ilma', 'vaade']	sg g	0	S	nimisõna	27	
algmeist	alge	alge	['alge']	pl el	ist	S	nimisõna	27	
,	,	,	[',']			Z	lausemärk	27	
mõtles	mõtlema	mõtle	['mõtle']	s	s	V	tegusõna	27	
ta	tema	tema	['tema']	sg n	0	P	asesõna	27	
veel	veel	veel	['veel']		0	D	määrsõna	27	
.	.	.	['.']			Z	lausemärk	27	
Tüdruk	tüdruk	tüdruk	['tüdruk']	sg n	0	S	nimisõna	27	
aga	aga	aga	['aga']		0	J	sidesõna	27	
kurtis	kurtma	kurt	['kurt']	s	is	V	tegusõna	27	
samal	sama	sama	['sama']	sg ad	l	P	asesõna	27	
ajal	aeg	aeg	['aeg']	sg ad	l	S	nimisõna	27	
,	,	,	[',']			Z	lausemärk	27	
et	et	et	['et']		0	J	sidesõna	27	
tal	tema	tema	['tema']	sg ad	l	P	asesõna	27	
ei	ei	ei	['ei']	neg	0	V	tegusõna	27	
ole	olema	ole	['ole']	o	0	V	tegusõna	27	
üldse	üldse	üldse	['üldse']		0	D	määrsõna	27	
jõudu	jõud	jõud	['jõud']	sg p	0	S	nimisõna	27	
,	,	,	[',']			Z	lausemärk	27	
""""	""""	""""	"['""']"			Z	lausemärk	27	
huvitav	huvitav	huvitav	['huvitav']	sg n	0	A	omadussõna algvõrre	27	
,	,	,	[',']			Z	lausemärk	27	
millest	mis	mis	[['mis'], ['mis']]	pl el|sg el	st	P	asesõna	27	
see	see	see	['see']	sg n	0	P	asesõna	27	
küll	küll	küll	['küll']		0	D	määrsõna	27	
tingitud	tingima|tingitud	tingi|tingitud	[['tingi'], ['tingitud'], ['tingitud'], ['tingitud']]	|pl n|sg n|tud	0|d|tud	A|V		27	
on	olema	ole	[['ole'], ['ole']]	b|vad	0	V	tegusõna	27	
""""	""""	""""	"['""']"			Z	lausemärk	27	
.	.	.	['.']			Z	lausemärk	27	
""""	""""	""""	"['""']"			Z	lausemärk	28	
Ostke	ostma	ost	['ost']	ge	ke	V	tegusõna	28	
endale	ise	ise	['ise']	sg all	le	P	asesõna	28	
kolmekilosed	kolmekilone	kolme_kilone	['kolme', 'kilone']	pl n	d	A	omadussõna algvõrre	28	
hantlid	hantel	hantel	['hantel']	pl n	d	S	nimisõna	28	
,	,	,	[',']			Z	lausemärk	28	
""""	""""	""""	"['""']"			Z	lausemärk	28	
soovitas	soovitama	soovita	['soovita']	s	s	V	tegusõna	28	
doktor	doktor	doktor	['doktor']	sg n	0	S	nimisõna	28	
,	,	,	[',']			Z	lausemärk	28	
""""	""""	""""	"['""']"			Z	lausemärk	28	
küll	küll	küll	['küll']		0	D	määrsõna	28	
te	sina	sina	['sina']	pl n	0	P	asesõna	28	
siis	siis	siis	['siis']		0	D	määrsõna	28	
näete	nägema	näge	['näge']	te	te	V	tegusõna	28	
,	,	,	[',']			Z	lausemärk	28	
kuidas	kuidas	kuidas	['kuidas']		0	D	määrsõna	28	
jõud	jõud	jõud	[['jõud'], ['jõud']]	pl n|sg n	0|d	S	nimisõna	28	
tuleb	tulema	tule	['tule']	b	b	V	tegusõna	28	
ja	ja	ja	['ja']		0	J	sidesõna	28	
käed	käsi	käsi	['käsi']	pl n	d	S	nimisõna	28	
tugevamaks	tugevam	tugevam	['tugevam']	sg tr	ks	C	omadussõna keskvõrre	28	
muutuvad	muutuma	muutu	['muutu']	vad	vad	V	tegusõna	28	
.	.	.	['.']			Z	lausemärk	28	
Pealegi	pealegi	pealegi	['pealegi']		0	D	määrsõna	28	
on	olema	ole	[['ole'], ['ole']]	b|vad	0	V	tegusõna	28	
praegu	praegu	praegu	['praegu']		0	D	määrsõna	28	
käimas	käima	käi	['käi']	mas	mas	V	tegusõna	28	
perestroika	perestroika	pere_stroika	['pere', 'stroika']	sg g	0	S	nimisõna	28	
,	,	,	[',']			Z	lausemärk	28	
meie	mina	mina	['mina']	pl g	0	P	asesõna	28	
ühiskonda	ühiskond	ühiskond	['ühiskond']	sg p	0	S	nimisõna	28	
ilmub	ilmuma	ilmu	['ilmu']	b	b	V	tegusõna	28	
täies	täis	täis	['täis']	sg in	s	A	omadussõna algvõrre	28	
hiilguses	hiilgus	hiilgus	['hiilgus']	sg in	s	S	nimisõna	28	
kristlus	kristlus	kristlus	['kristlus']	sg n	0	S	nimisõna	28	
,	,	,	[',']			Z	lausemärk	28	
samuti	samuti	samuti	['samuti']		0	D	määrsõna	28	
mehelikkuse	mehelikkus	mehelikkus	['mehelikkus']	sg g	0	S	nimisõna	28	
ja	ja	ja	['ja']		0	J	sidesõna	28	
naiselikkuse	naiselikkus	naiselikkus	['naiselikkus']	sg g	0	S	nimisõna	28	
kriteeriumid	kriteerium	kriteerium	['kriteerium']	pl n	d	S	nimisõna	28	
.	.	.	['.']			Z	lausemärk	28	
Ja	ja	ja	['ja']		0	J	sidesõna	28	
need	see	see	['see']	pl n	d	P	asesõna	28	
ütlevad	ütlema	ütle	['ütle']	vad	vad	V	tegusõna	28	
,	,	,	[',']			Z	lausemärk	28	
et	et	et	['et']		0	J	sidesõna	28	
naine	naine	naine	['naine']	sg n	0	S	nimisõna	28	
ei	ei	ei	['ei']	neg	0	V	tegusõna	28	
pea	pidama	pida	['pida']	o	0	V	tegusõna	28	
midagi	miski	miski	['miski']	sg p	dagi	P	asesõna	28	
ülejõu	ülejõud	üle_jõud	['üle', 'jõud']	sg g	0	S	nimisõna	28	
käivat	käiv	käiv	['käiv']	sg p	t	A	omadussõna algvõrre	28	
tegema	tegema	tege	['tege']	ma	ma	V	tegusõna	28	
.	.	.	['.']			Z	lausemärk	28	
Selleks	see	see	['see']	sg tr	ks	P	asesõna	28	
on	olema	ole	[['ole'], ['ole']]	b|vad	0	V	tegusõna	28	
mehed	mees	mees	['mees']	pl n	d	S	nimisõna	28	
,	,	,	[',']			Z	lausemärk	28	
kes	kes	kes	[['kes'], ['kes']]	pl n|sg n	0	P	asesõna	28	
tõstavad	tõstma	tõst	['tõst']	vad	vad	V	tegusõna	28	
raskeid	raske	raske	['raske']	pl p	id	A	omadussõna algvõrre	28	
kaste	kaste	kaste	['kaste']	sg n	0	S	nimisõna	28	
ja	ja	ja	['ja']		0	J	sidesõna	28	
tulistavad	tulistama	tulista	['tulista']	vad	vad	V	tegusõna	28	
kõiksugu	kõiksugu	kõik_sugu	['kõik', 'sugu']		0	D	määrsõna	28	
relvadest	relv	relv	['relv']	pl el	dest	S	nimisõna	28	
.	.	.	['.']			Z	lausemärk	28	
""""	""""	""""	"['""']"			Z	lausemärk	28	
Sellest	see	see	['see']	sg el	st	P	asesõna	29	
on	olema	ole	[['ole'], ['ole']]	b|vad	0	V	tegusõna	29	
nüüdseks	nüüdne	nüüdne	['nüüdne']	sg tr	ks	A	omadussõna algvõrre	29	
möödunud	mööduma|möödunud	möödu|möödunud	[['möödu'], ['möödunud'], ['möödunud'], ['möödunud']]	|nud|pl n|sg n	0|d|nud	A|V		29	
kaksteist	kaksteist	kaks_teist	['kaks', 'teist']	sg n	0	N	põhiarvsõna	29	
rasket	raske	raske	['raske']	sg p	t	A	omadussõna algvõrre	29	
aastat	aasta	aasta	['aasta']	sg p	t	S	nimisõna	29	
.	.	.	['.']			Z	lausemärk	29	
Kõik	kõik	kõik	[['kõik'], ['kõik']]	pl n|sg n	0	P	asesõna	29	
on	olema	ole	[['ole'], ['ole']]	b|vad	0	V	tegusõna	29	
muutunud	muutuma|muutunud	muutu|muutu=nud	[['muutu'], ['muutunud'], ['muutunud'], ['muutunud']]	|nud|pl n|sg n	0|d|nud	A|V		29	
.	.	.	['.']			Z	lausemärk	29	
Arst	arst	arst	['arst']	sg n	0	S	nimisõna	29	
lamab	lamama	lama	['lama']	b	b	V	tegusõna	29	
nüüd	nüüd	nüüd	['nüüd']		0	D	määrsõna	29	
rahulikult	rahulikult	rahulikult	['rahulikult']		0	D	määrsõna	29	
oma	oma	oma	['oma']	sg g	0	P	asesõna	29	
kajutis	kajut	kajut	['kajut']	sg in	s	S	nimisõna	29	
Utö	Utö	Utö	['Utö']	sg g	0	H	pärisnimi	29	
saare	saar	saar	['saar']	sg g	0	S	nimisõna	29	
lähistel	lähistel	lähistel	['lähistel']		0	K	kaassõna	29	
merepõhjas	merepõhi	mere_põhi	['mere', 'põhi']	sg in	s	S	nimisõna	29	
ega	ega	ega	['ega']		0	J	sidesõna	29	
ütle	ütlema	ütle	['ütle']	o	0	V	tegusõna	29	
enam	enam	enam	['enam']		0	D	määrsõna	29	
kunagi	kunagi	kunagi	['kunagi']		0	D	määrsõna	29	
midagi	miski	miski	['miski']	sg p	dagi	P	asesõna	29	
teaduslikku	teaduslik	teaduslik	['teaduslik']	sg p	0	A	omadussõna algvõrre	29	
.	.	.	['.']			Z	lausemärk	29	
Ja	ja	ja	['ja']		0	J	sidesõna	29	
kunagine	kunagine	kunagine	['kunagine']	sg n	0	A	omadussõna algvõrre	29	
taksojuht	taksojuht	takso_juht	['takso', 'juht']	sg n	0	S	nimisõna	29	
on	olema	ole	[['ole'], ['ole']]	b|vad	0	V	tegusõna	29	
osaliselt	osaliselt	osaliselt	['osaliselt']		0	D	määrsõna	29	
kleepunud	kleepuma|kleepunud	kleepu|kleepu=nud	[['kleepu'], ['kleepunud'], ['kleepunud'], ['kleepunud']]	|nud|pl n|sg n	0|d|nud	A|V		29	
ühe	ühe	ühe	['ühe']	sg n	0	S	nimisõna	29	
Novgorodi	Novgorod	Novgorod	['Novgorod']	sg g	0	H	pärisnimi	29	
maja	maja	maja	['maja']	sg g	0	S	nimisõna	29	
seinale	sein	sein	['sein']	sg all	le	S	nimisõna	29	
,	,	,	[',']			Z	lausemärk	29	
mille	mis	mis	[['mis'], ['mis']]	pl g|sg g	0	P	asesõna	29	
ees	ees	ees	['ees']		0	K	kaassõna	29	
permikad	permika|permikas	permika|permikas	[['permika'], ['permikas']]	pl n	d	S	nimisõna	29	
korraliku	korralik	korralik	['korralik']	sg g	0	A	omadussõna algvõrre	29	
plahvatuse	plahvatus	plahvatus	['plahvatus']	sg g	0	S	nimisõna	29	
korraldasid	korraldama	korralda	['korralda']	sid	sid	V	tegusõna	29	
.	.	.	['.']			Z	lausemärk	29	
Aga	aga	aga	['aga']		0	J	sidesõna	30	
Imbi	Imbi	Imbi	['Imbi']	sg n	0	H	pärisnimi	30	
on	olema	ole	[['ole'], ['ole']]	b|vad	0	V	tegusõna	30	
muutunud	muutuma|muutunud	muutu|muutu=nud	[['muutu'], ['muutunud'], ['muutunud'], ['muutunud']]	|nud|pl n|sg n	0|d|nud	A|V		30	
veelgi	veelgi	veelgi	['veelgi']		0	D	määrsõna	30	
kaunimaks	kaunim	kaunim	['kaunim']	sg tr	ks	C	omadussõna keskvõrre	30	
.	.	.	['.']			Z	lausemärk	30	
Nii	nii	nii	['nii']		0	D	määrsõna	30	
kauniks	kaunis	kaunis	['kaunis']	sg tr	ks	A	omadussõna algvõrre	30	
,	,	,	[',']			Z	lausemärk	30	
et	et	et	['et']		0	J	sidesõna	30	
mul	mina	mina	['mina']	sg ad	l	P	asesõna	30	
on	olema	ole	[['ole'], ['ole']]	b|vad	0	V	tegusõna	30	
lausa	lausa	lausa	['lausa']		0	D	määrsõna	30	
kahju	kahju	kahju	['kahju']	sg n	0	S	nimisõna	30	
,	,	,	[',']			Z	lausemärk	30	
et	et	et	['et']		0	J	sidesõna	30	
ma	mina	mina	['mina']	sg n	0	P	asesõna	30	
teda	tema	tema	['tema']	sg p	da	P	asesõna	30	
kusagilt	kusagilt	kusagilt	['kusagilt']		0	D	määrsõna	30	
leida	leidma	leid	['leid']	da	a	V	tegusõna	30	
ei	ei	ei	['ei']	neg	0	V	tegusõna	30	
või	võima	või	['või']	o	0	V	tegusõna	30	
.	.	.	['.']			Z	lausemärk	30	
