word_texts	lemmas	roots	root_tokens	forms	endings	postags	postag_descriptions	par_nr	head
Hirmu	hirm	hirm	['hirm']	sg g	0	S	nimisõna	1	 Hirmu suured silmad 
suured	suur	suur	['suur']	pl n	d	A	omadussõna algvõrre	1	 Hirmu suured silmad 
silmad	silm	silm	['silm']	pl n	d	S	nimisõna	1	 Hirmu suured silmad 
Karen	Karen	Karen	['Karen']	sg n	0	H	pärisnimi	2	
Orlau	Orlau	Orlau	['Orlau']	sg n	0	H	pärisnimi	2	
Lõpuks	lõpuks	lõpuks	['lõpuks']		0	D	määrsõna	3	
ometi	ometi	ometi	['ometi']		0	D	määrsõna	3	
hakkasid	hakkama	hakka	['hakka']	sid	sid	V	tegusõna	3	
paistma	paistma	paist	['paist']	ma	ma	V	tegusõna	3	
bensiinijaama	bensiinijaam	bensiini_jaam	['bensiini', 'jaam']	sg g	0	S	nimisõna	3	
tuled	tuli	tuli	['tuli']	pl n	d	S	nimisõna	3	
.	.	.	['.']			Z	lausemärk	3	
Andra	Andra	Andra	['Andra']	sg n	0	H	pärisnimi	3	
ohkas	ohkama	ohka	['ohka']	s	s	V	tegusõna	3	
kergendunult	kergendunult	kergendunult	['kergendunult']		0	D	määrsõna	3	
ja	ja	ja	['ja']		0	J	sidesõna	3	
heitis	heitma	heit	['heit']	s	is	V	tegusõna	3	
silmanurgast	silmanurk	silma_nurk	['silma', 'nurk']	sg el	st	S	nimisõna	3	
kiire	kiire	kiire	['kiire']	sg g	0	A	omadussõna algvõrre	3	
pilgu	pilk	pilk	['pilk']	sg g	0	S	nimisõna	3	
näidikule	näidik	näidik	['näidik']	sg all	le	S	nimisõna	3	
,	,	,	[',']			Z	lausemärk	3	
mis	mis	mis	[['mis'], ['mis']]	pl n|sg n	0	P	asesõna	3	
juba	juba	juba	['juba']		0	D	määrsõna	3	
mõnda	mõni	mõni	['mõni']	sg p	da	P	asesõna	3	
aega	aeg	aeg	['aeg']	sg p	0	S	nimisõna	3	
punases	punane	punane	['punane']	sg in	s	A	omadussõna algvõrre	3	
alas	ala	ala	['ala']	sg in	s	S	nimisõna	3	
tiksus	tiksuma	tiksu	['tiksu']	s	s	V	tegusõna	3	
.	.	.	['.']			Z	lausemärk	3	
Osuti	osuti	osuti	['osuti']	sg n	0	S	nimisõna	3	
oli	olema	ole	['ole']	s	i	V	tegusõna	3	
peaaegu	peaaegu	pea_aegu	['pea', 'aegu']		0	D	määrsõna	3	
põhjas	põhi	põhi	['põhi']	sg in	s	S	nimisõna	3	
.	.	.	['.']			Z	lausemärk	3	
Oli	olema	ole	['ole']	s	i	V	tegusõna	3	
ka	ka	ka	['ka']		0	D	määrsõna	3	
viimane	viimane	viimane	['viimane']	sg n	0	A	omadussõna algvõrre	3	
aeg	aeg	aeg	['aeg']	sg n	0	S	nimisõna	3	
!	!	!	['!']			Z	lausemärk	3	
Ta	tema	tema	['tema']	sg n	0	P	asesõna	4	
oli	olema	ole	['ole']	s	i	V	tegusõna	4	
ise	ise	ise	[['ise'], ['ise']]	pl n|sg n	0	P	asesõna	4	
samuti	samuti	samuti	['samuti']		0	D	määrsõna	4	
parasjagu	parasjagu	paras_jagu	['paras', 'jagu']		0	D	määrsõna	4	
väsinud	väsima|väsinud	väsi|väsinud	[['väsi'], ['väsinud'], ['väsinud'], ['väsinud']]	|nud|pl n|sg n	0|d|nud	A|V		4	
,	,	,	[',']			Z	lausemärk	4	
sest	sest	sest	['sest']		0	J	sidesõna	4	
selja	selg	selg	['selg']	sg g	0	S	nimisõna	4	
taga	taga	taga	['taga']		0	K	kaassõna	4	
oli	olema	ole	['ole']	s	i	V	tegusõna	4	
üle	üle	üle	['üle']		0	D	määrsõna	4	
kuue	kuus	kuus	['kuus']	sg g	0	N	põhiarvsõna	4	
tunni	tund	tund	['tund']	sg g	0	S	nimisõna	4	
sõitu	sõit	sõit	['sõit']	sg p	0	S	nimisõna	4	
ja	ja	ja	['ja']		0	J	sidesõna	4	
sellest	see	see	['see']	sg el	st	P	asesõna	4	
tervelt	tervelt	tervelt	['tervelt']		0	D	määrsõna	4	
neli	neli	neli	['neli']	sg n	0	N	põhiarvsõna	4	
tundi	tund	tund	['tund']	sg p	0	S	nimisõna	4	
kottpimedat	kottpime	kott_pime	['kott', 'pime']	sg p	t	A	omadussõna algvõrre	4	
käänulist	käänuline	käänuline	['käänuline']	sg p	t	A	omadussõna algvõrre	4	
maanteed	maantee	maan_tee	['maan', 'tee']	sg p	d	S	nimisõna	4	
,	,	,	[',']			Z	lausemärk	4	
kus	kus	kus	['kus']		0	D	määrsõna	4	
ei	ei	ei	['ei']	neg	0	V	tegusõna	4	
leidunud	leiduma|leidunud	leidu|leidu=nud	[['leidu'], ['leidunud'], ['leidunud'], ['leidunud']]	|nud|pl n|sg n	0|d|nud	A|V		4	
ühtegi	üks	üks	['üks']	sg p	0	P	asesõna	4	
bensujaama	bensujaam	bensu_jaam	['bensu', 'jaam']	sg p	0	S	nimisõna	4	
,	,	,	[',']			Z	lausemärk	4	
rääkimata	rääkimata	rääkimata	['rääkimata']		0	D	määrsõna	4	
siis	siis	siis	['siis']		0	D	määrsõna	4	
baarist	baar	baar	['baar']	sg el	st	S	nimisõna	4	
või	või	või	['või']		0	J	sidesõna	4	
muust	muu	muu	['muu']	sg el	st	P	asesõna	4	
toidukohast	toidukoht	toidu_koht	['toidu', 'koht']	sg el	st	S	nimisõna	4	
,	,	,	[',']			Z	lausemärk	4	
kus	kus	kus	['kus']		0	D	määrsõna	4	
vägisi	vägisi	vägisi	['vägisi']		0	D	määrsõna	4	
pealetükkivat	pealetükkiv	peale_tükkiv	['peale', 'tükkiv']	sg p	t	A	omadussõna algvõrre	4	
und	uni	uni	['uni']	sg p	0	S	nimisõna	4	
kange	kange	kange	['kange']	sg g	0	A	omadussõna algvõrre	4	
kohviga	kohv	kohv	['kohv']	sg kom	ga	S	nimisõna	4	
eemale	eemale	eemale	['eemale']		0	D	määrsõna	4	
ehmatada	ehmatama	ehmata	['ehmata']	da	da	V	tegusõna	4	
.	.	.	['.']			Z	lausemärk	4	
Pimedad	pime	pime	['pime']	pl n	d	A	omadussõna algvõrre	5	
teeveered	teeveer	tee_veer	['tee', 'veer']	pl n	d	S	nimisõna	5	
ei	ei	ei	['ei']	neg	0	V	tegusõna	5	
kutsunud	kutsuma|kutsunud	kutsu|kutsu=nud	[['kutsu'], ['kutsunud'], ['kutsunud'], ['kutsunud']]	|nud|pl n|sg n	0|d|nud	A|V		5	
peatuma	peatuma	peatu	['peatu']	ma	ma	V	tegusõna	5	
,	,	,	[',']			Z	lausemärk	5	
sest	sest	sest	['sest']		0	J	sidesõna	5	
ümberringi	ümberringi	ümber_ringi	['ümber', 'ringi']		0	D	määrsõna	5	
laiuv	laiuv	laiuv	['laiuv']	sg n	0	A	omadussõna algvõrre	5	
inimestest	inimene	inimene	['inimene']	pl el	test	S	nimisõna	5	
hüljatud	hülgama|hüljatud	hülga|hüljatud	[['hülga'], ['hüljatud'], ['hüljatud'], ['hüljatud']]	|pl n|sg n|tud	0|d|tud	A|V		5	
kõnnumaa	kõnnumaa	kõnnu_maa	['kõnnu', 'maa']	sg n	0	S	nimisõna	5	
oli	olema	ole	['ole']	s	i	V	tegusõna	5	
sügiseselt	sügiseselt	sügiseselt	['sügiseselt']		0	D	määrsõna	5	
kõle	kõle	kõle	['kõle']	sg n	0	A	omadussõna algvõrre	5	
.	.	.	['.']			Z	lausemärk	5	
Novembriöö	novembriöö	novembri_öö	['novembri', 'öö']	sg n	0	S	nimisõna	5	
,	,	,	[',']			Z	lausemärk	5	
millesse	mis	mis	[['mis'], ['mis']]	pl ill|sg ill	sse	P	asesõna	5	
ta	tema	tema	['tema']	sg g	0	P	asesõna	5	
auto	auto	auto	['auto']	sg g	0	S	nimisõna	5	
tuledevihk	tuledevihk	tule+de_vihk	['tulede', 'vihk']	sg n	0	S	nimisõna	5	
ainult	ainult	ainult	['ainult']		0	D	määrsõna	5	
kitsa	kitsas	kitsas	['kitsas']	sg g	0	A	omadussõna algvõrre	5	
siilu	siil	siil	['siil']	sg g	0	S	nimisõna	5	
lõikas	lõikama	lõika	['lõika']	s	s	V	tegusõna	5	
,	,	,	[',']			Z	lausemärk	5	
oli	olema	ole	['ole']	s	i	V	tegusõna	5	
rõske	rõske	rõske	['rõske']	sg n	0	A	omadussõna algvõrre	5	
ja	ja	ja	['ja']		0	J	sidesõna	5	
põhjatu	põhjatu	põhjatu	['põhjatu']	sg n	0	A	omadussõna algvõrre	5	
nagu	nagu	nagu	[['nagu'], ['nagu']]		0	D|J		5	
pimedus	pimedus	pimedus	['pimedus']	sg n	0	S	nimisõna	5	
akendeta	aken	aken	['aken']	pl ab	deta	S	nimisõna	5	
keldris	kelder	kelder	['kelder']	sg in	s	S	nimisõna	5	
.	.	.	['.']			Z	lausemärk	5	
Teeveered	teeveer	tee_veer	['tee', 'veer']	pl n	d	S	nimisõna	5	
,	,	,	[',']			Z	lausemärk	5	
puud	puu|puud	puu|puud	[['puu'], ['puud']]	pl n|sg n	0|d	S	nimisõna	5	
ja	ja	ja	['ja']		0	J	sidesõna	5	
lauged	lauge	lauge	['lauge']	pl n	d	A	omadussõna algvõrre	5	
künkad	küngas	küngas	['küngas']	pl n	d	S	nimisõna	5	
,	,	,	[',']			Z	lausemärk	5	
mis	mis	mis	[['mis'], ['mis']]	pl n|sg n	0	P	asesõna	5	
hetkeks	hetk	hetk	['hetk']	sg tr	ks	S	nimisõna	5	
tulede	tuli	tuli	['tuli']	pl g	de	S	nimisõna	5	
valgusesse	valgus	valgus	['valgus']	sg ill	sse	S	nimisõna	5	
sattusid	sattuma	sattu	['sattu']	sid	sid	V	tegusõna	5	
,	,	,	[',']			Z	lausemärk	5	
elasid	elama	ela	['ela']	sid	sid	V	tegusõna	5	
päevasest	päevane	päevane	['päevane']	sg el	st	A	omadussõna algvõrre	5	
hoopis	hoopis	hoopis	['hoopis']		0	D	määrsõna	5	
erinevat	erinev	erinev	['erinev']	sg p	t	A	omadussõna algvõrre	5	
elu	elu	elu	['elu']	sg p	0	S	nimisõna	5	
ja	ja	ja	['ja']		0	J	sidesõna	5	
olid	olema	ole	['ole']	sid	id	V	tegusõna	5	
pimedast	pime	pime	['pime']	sg el	st	A	omadussõna algvõrre	5	
hetkeks	hetk	hetk	['hetk']	sg tr	ks	S	nimisõna	5	
väljalõigatutenagi	väljalõigatud	välja_lõigatud	['välja', 'lõigatud']	pl es	tena	A	omadussõna algvõrre	5	
varjurikkad	varjurikas	varju_rikas	['varju', 'rikas']	pl n	d	A	omadussõna algvõrre	5	
ja	ja	ja	['ja']		0	J	sidesõna	5	
pahaendelised	pahaendeline	paha_endeline	['paha', 'endeline']	pl n	d	A	omadussõna algvõrre	5	
nagu	nagu	nagu	[['nagu'], ['nagu']]		0	D|J		5	
pildid	pilt	pilt	['pilt']	pl n	d	S	nimisõna	5	
halvast	halb	halb	['halb']	sg el	st	A	omadussõna algvõrre	5	
unenäost	unenägu	une_nägu	['une', 'nägu']	sg el	st	S	nimisõna	5	
.	.	.	['.']			Z	lausemärk	5	
Raagus	raagus	raagus	['raagus']		0	D	määrsõna	5	
puud	puu|puud	puu|puud	[['puu'], ['puud']]	pl n|sg n	0|d	S	nimisõna	5	
sirutasid	sirutama	siruta	['siruta']	sid	sid	V	tegusõna	5	
pikki	pikk	pikk	['pikk']	pl p	i	A	omadussõna algvõrre	5	
vihmamärgi	vihmamärk	vihma_märk	['vihma', 'märk']	sg g	0	S	nimisõna	5	
oksi	oks	oks	['oks']	pl p	i	S	nimisõna	5	
üle	üle	üle	['üle']		0	K	kaassõna	5	
mantee	mantee	mantee	['mantee']	sg g	0	S	nimisõna	5	
ning	ning	ning	['ning']		0	J	sidesõna	5	
Andra	Andra	Andra	['Andra']	sg n	0	H	pärisnimi	5	
ehmatas	ehmatama	ehmata	['ehmata']	s	s	V	tegusõna	5	
iga	iga	iga	['iga']	sg n	0	P	asesõna	5	
kord	kord	kord	['kord']	sg n	0	S	nimisõna	5	
,	,	,	[',']			Z	lausemärk	5	
kui	kui	kui	[['kui'], ['kui']]		0	D|J		5	
nende	tema	tema	['tema']	pl g	de	P	asesõna	5	
luised	luine	luine	['luine']	pl n	d	A	omadussõna algvõrre	5	
tipud	tipp	tipp	['tipp']	pl n	d	S	nimisõna	5	
auto	auto	auto	['auto']	sg g	0	S	nimisõna	5	
külge	külge	külge	['külge']		0	K	kaassõna	5	
riivasid	riivama	riiva	['riiva']	sid	sid	V	tegusõna	5	
.	.	.	['.']			Z	lausemärk	5	
Iga	iga	iga	['iga']	sg g	0	P	asesõna	5	
kurvi	kurv	kurv	['kurv']	sg p	0	S	nimisõna	5	
taga	taga	taga	['taga']		0	K	kaassõna	5	
ootasid	ootama	oota	['oota']	sid	sid	V	tegusõna	5	
üha	üha	üha	['üha']		0	D	määrsõna	5	
uued	uus	uus	['uus']	pl n	d	A	omadussõna algvõrre	5	
ja	ja	ja	['ja']		0	J	sidesõna	5	
uued	uus	uus	['uus']	pl n	d	A	omadussõna algvõrre	5	
raagus	raagus	raagus	['raagus']		0	A	omadussõna algvõrre	5	
võsapuhmad	võsapuhm|võsapuhmas	võsa_puhm|võsa_puhmas	[['võsa', 'puhm'], ['võsa', 'puhmas']]	pl n	d	S	nimisõna	5	
ning	ning	ning	['ning']		0	J	sidesõna	5	
ikka	ikka	ikka	['ikka']		0	D	määrsõna	5	
ja	ja	ja	['ja']		0	J	sidesõna	5	
jälle	jälle	jälle	['jälle']		0	D	määrsõna	5	
võpatas	võpatama	võpata	['võpata']	s	s	V	tegusõna	5	
ta	tema	tema	['tema']	sg n	0	P	asesõna	5	
ootamatut	ootamatu	ootamatu	['ootamatu']	sg p	t	A	omadussõna algvõrre	5	
kriipimist	kriipimine	kriipi=mine	['kriipimine']	sg p	t	S	nimisõna	5	
kuuldes	kuulma	kuul	['kuul']	des	des	V	tegusõna	5	
.	.	.	['.']			Z	lausemärk	5	
Pikka	pikk	pikk	['pikk']	sg p	0	A	omadussõna algvõrre	6	
aega	aeg	aeg	['aeg']	sg p	0	S	nimisõna	6	
ei	ei	ei	['ei']	neg	0	V	tegusõna	6	
olnud	olema|olnud	ol=nud|ole	[['olnud'], ['olnud'], ['olnud'], ['ole']]	|nud|pl n|sg n	0|d|nud	A|V		6	
isegi	isegi	isegi	['isegi']		0	D	määrsõna	6	
mitte	mitte	mitte	['mitte']		0	D	määrsõna	6	
ühtegi	ühte	ühte	['ühte']		0	D	määrsõna	6	
autot	auto	auto	['auto']	sg p	t	S	nimisõna	6	
vastu	vastu	vastu	['vastu']		0	D	määrsõna	6	
sõitnud	sõitma|sõitnud	sõit|sõit=nud	[['sõit'], ['sõitnud'], ['sõitnud'], ['sõitnud']]	|nud|pl n|sg n	0|d|nud	A|V		6	
.	.	.	['.']			Z	lausemärk	6	
Andra	Andra	Andra	['Andra']	sg n	0	H	pärisnimi	6	
kirus	kiruma	kiru	['kiru']	s	s	V	tegusõna	6	
mõttes	mõte	mõte	['mõte']	sg in	s	S	nimisõna	6	
,	,	,	[',']			Z	lausemärk	6	
et	et	et	['et']		0	J	sidesõna	6	
oli	olema	ole	['ole']	s	i	V	tegusõna	6	
maki	makk	makk	['makk']	sg g	0	S	nimisõna	6	
maha	maha	maha	['maha']		0	D	määrsõna	6	
unustanud	unustama|unustanud	unusta|unusta=nud	[['unusta'], ['unustanud'], ['unustanud'], ['unustanud']]	|nud|pl n|sg n	0|d|nud	A|V		6	
,	,	,	[',']			Z	lausemärk	6	
sest	sest	sest	['sest']		0	J	sidesõna	6	
selles	see	see	['see']	sg in	s	P	asesõna	6	
kõrvadelehakkavas	kõrvadelehakkav	kõrva+dele_hakkav	['kõrvadele', 'hakkav']	sg in	s	A	omadussõna algvõrre	6	
vaikuses	vaikus	vaikus	['vaikus']	sg in	s	S	nimisõna	6	
tundus	tunduma	tundu	['tundu']	s	s	V	tegusõna	6	
lõputu	lõputu	lõputu	['lõputu']	sg n	0	A	omadussõna algvõrre	6	
pimedus	pimedus	pimedus	['pimedus']	sg n	0	S	nimisõna	6	
eriti	eriti	eriti	['eriti']		0	D	määrsõna	6	
rusuvana	rusuv	rusuv	['rusuv']	sg es	na	A	omadussõna algvõrre	6	
.	.	.	['.']			Z	lausemärk	6	
Väsimus	väsimus	väsimus	['väsimus']	sg n	0	S	nimisõna	6	
ja	ja	ja	['ja']		0	J	sidesõna	6	
vaikus	vaikus	vaikus	['vaikus']	sg n	0	S	nimisõna	6	
üheskoos	üheskoos	ühes_koos	['ühes', 'koos']		0	D	määrsõna	6	
mõjusid	mõjuma	mõju	['mõju']	sid	sid	V	tegusõna	6	
kujutlusvõimele	kujutlusvõime	kujutlus_võime	['kujutlus', 'võime']	sg all	le	S	nimisõna	6	
halvasti	halvasti	halvasti	['halvasti']		0	D	määrsõna	6	
—	-	-	['-']			Z	lausemärk	6	
mõtteisse	mõte	mõte	['mõte']	pl ill	isse	S	nimisõna	6	
vajunud	vajuma|vajunud	vaju|vaju=nud	[['vaju'], ['vajunud'], ['vajunud'], ['vajunud']]	|nud|pl n|sg n	0|d|nud	A|V		6	
naine	naine	naine	['naine']	sg n	0	S	nimisõna	6	
ehmatas	ehmatama	ehmata	['ehmata']	s	s	V	tegusõna	6	
tõsiselt	tõsiselt	tõsiselt	['tõsiselt']		0	D	määrsõna	6	
korraga	korraga	korraga	['korraga']		0	D	määrsõna	6	
peeglis	peegel	peegel	['peegel']	sg in	s	S	nimisõna	6	
kummalist	kummaline	kummaline	['kummaline']	sg p	t	A	omadussõna algvõrre	6	
kaamet	kaame	kaame	['kaame']	sg p	t	A	omadussõna algvõrre	6	
liikumist	liikumine	liikumine	['liikumine']	sg p	t	S	nimisõna	6	
silmates	silmama	silma	['silma']	des	tes	V	tegusõna	6	
ning	ning	ning	['ning']		0	J	sidesõna	6	
avastas	avastama	avasta	['avasta']	s	s	V	tegusõna	6	
siis	siis	siis	['siis']		0	D	määrsõna	6	
pahaselt	pahaselt	pahaselt	['pahaselt']		0	D	määrsõna	6	
,	,	,	[',']			Z	lausemärk	6	
et	et	et	['et']		0	J	sidesõna	6	
oli	olema	ole	['ole']	s	i	V	tegusõna	6	
ehmunud	ehmuma|ehmunud	ehmu|ehmunud	[['ehmu'], ['ehmunud'], ['ehmunud'], ['ehmunud']]	|nud|pl n|sg n	0|d|nud	A|V		6	
oma	oma	oma	['oma']	sg g	0	P	asesõna	6	
otsaesise	otsaesine	otsa_esine	['otsa', 'esine']	sg g	0	S	nimisõna	6	
peegelduse	peegeldus	peegeldus	['peegeldus']	sg g	0	S	nimisõna	6	
peale	peale	peale	['peale']		0	K	kaassõna	6	
.	.	.	['.']			Z	lausemärk	6	
See	see	see	['see']	sg n	0	P	asesõna	6	
paistis	paistma	paist	['paist']	s	is	V	tegusõna	6	
peegli	peegel	peegel	['peegel']	sg g	0	S	nimisõna	6	
süsimustas	süsimust	süsi_must	['süsi', 'must']	sg in	s	A	omadussõna algvõrre	6	
ristkülikus	ristkülik	rist_külik	['rist', 'külik']	sg in	s	S	nimisõna	6	
tõepoolest	tõepoolest	tõe_poolest	['tõe', 'poolest']		0	D	määrsõna	6	
kummituslik	kummituslik	kummituslik	['kummituslik']	sg n	0	A	omadussõna algvõrre	6	
.	.	.	['.']			Z	lausemärk	6	
Andra	Andra	Andra	['Andra']	sg n	0	H	pärisnimi	6	
ei	ei	ei	['ei']	neg	0	V	tegusõna	6	
tahtnud	tahtma|tahtnud	taht|taht=nud	[['taht'], ['tahtnud'], ['tahtnud'], ['tahtnud']]	|nud|pl n|sg n	0|d|nud	A|V		6	
ennastki	ise	ise	['ise']	sg p	t	P	asesõna	6	
eriti	eriti	eriti	['eriti']		0	D	määrsõna	6	
vaadata	vaatama	vaata	['vaata']	da	ta	V	tegusõna	6	
,	,	,	[',']			Z	lausemärk	6	
sest	sest	sest	['sest']		0	J	sidesõna	6	
kahvatus	kahvatu	kahvatu	['kahvatu']	sg in	s	A	omadussõna algvõrre	6	
näos	nägu	nägu	['nägu']	sg in	s	S	nimisõna	6	
,	,	,	[',']			Z	lausemärk	6	
mille	mis	mis	[['mis'], ['mis']]	pl g|sg g	0	P	asesõna	6	
ta	tema	tema	['tema']	sg n	0	P	asesõna	6	
küll	küll	küll	['küll']		0	D	määrsõna	6	
peale	peale	peale	['peale']		0	K	kaassõna	6	
esimest	esimene	esimene	['esimene']	sg p	t	O	järgarvsõna	6	
ehmatust	ehmatus	ehmatus	['ehmatus']	sg p	t	S	nimisõna	6	
kergendusega	kergendus	kergendus	['kergendus']	sg kom	ga	S	nimisõna	6	
enese	ise	ise	['ise']	sg g	0	P	asesõna	6	
omaks	oma	oma	['oma']	sg tr	ks	A	omadussõna algvõrre	6	
tunnistas	tunnistama	tunnista	['tunnista']	s	s	V	tegusõna	6	
,	,	,	[',']			Z	lausemärk	6	
paistsid	paistma	paist	['paist']	sid	sid	V	tegusõna	6	
silmade	silm	silm	['silm']	pl g	de	S	nimisõna	6	
asemel	asemel	asemel	['asemel']		0	K	kaassõna	6	
vaid	vaid	vaid	['vaid']		0	D	määrsõna	6	
mustad	must	must	['must']	pl n	d	A	omadussõna algvõrre	6	
koopad	koobas	koobas	['koobas']	pl n	d	S	nimisõna	6	
ning	ning	ning	['ning']		0	J	sidesõna	6	
see	see	see	['see']	sg n	0	P	asesõna	6	
mõjus	mõjuma	mõju	['mõju']	s	s	V	tegusõna	6	
võõrastust	võõrastus	võõrastus	['võõrastus']	sg p	t	S	nimisõna	6	
tekitavalt	tekitavalt	tekitava=lt	['tekitavalt']		0	D	määrsõna	6	
.	.	.	['.']			Z	lausemärk	6	
Kõhedus	kõhedus	kõhedus	['kõhedus']	sg n	0	S	nimisõna	6	
tikkus	tikkuma	tikku	['tikku']	s	s	V	tegusõna	6	
ligi	ligi	ligi	['ligi']		0	D	määrsõna	6	
ja	ja	ja	['ja']		0	J	sidesõna	6	
vägisi	vägisi	vägisi	['vägisi']		0	D	määrsõna	6	
tekkis	tekkima	tekki	['tekki']	s	s	V	tegusõna	6	
tahtmine	tahtmine	tahtmine	['tahtmine']	sg n	0	S	nimisõna	6	
üle	üle	üle	['üle']		0	K	kaassõna	6	
õla	õlg	õlg	['õlg']	sg g	0	S	nimisõna	6	
piiluda	piiluma	piilu	['piilu']	da	da	V	tegusõna	6	
ega	ega	ega	['ega']		0	J	sidesõna	6	
keegi	keegi	keegi	['keegi']	sg n	0	P	asesõna	6	
ometi	ometi	ometi	['ometi']		0	D	määrsõna	6	
selja	selg	selg	['selg']	sg g	0	S	nimisõna	6	
taga	taga	taga	['taga']		0	K	kaassõna	6	
ei	ei	ei	['ei']	neg	0	V	tegusõna	6	
istu	istuma	istu	['istu']	o	0	V	tegusõna	6	
.	.	.	['.']			Z	lausemärk	6	
Juba	juba	juba	['juba']		0	D	määrsõna	6	
ainult	ainult	ainult	['ainult']		0	D	määrsõna	6	
mõte	mõte	mõte	['mõte']	sg n	0	S	nimisõna	6	
,	,	,	[',']			Z	lausemärk	6	
et	et	et	['et']		0	J	sidesõna	6	
see	see	see	['see']	sg n	0	P	asesõna	6	
nii	nii	nii	['nii']		0	D	määrsõna	6	
võiks	võima	või	['või']	ks	ks	V	tegusõna	6	
olla	olema	ole	['ole']	da	a	V	tegusõna	6	
,	,	,	[',']			Z	lausemärk	6	
äratas	äratama	ärata	['ärata']	s	s	V	tegusõna	6	
vaikset	vaikne	vaikne	['vaikne']	sg p	t	A	omadussõna algvõrre	6	
magamatusest	magamatus	magamatus	['magamatus']	sg el	st	S	nimisõna	6	
rabedat	rabe	rabe	['rabe']	sg p	t	A	omadussõna algvõrre	6	
paanikat	paanika	paanika	['paanika']	sg p	t	S	nimisõna	6	
.	.	.	['.']			Z	lausemärk	6	
Ta	tema	tema	['tema']	sg n	0	P	asesõna	6	
oli	olema	ole	['ole']	s	i	V	tegusõna	6	
tõesti	tõesti	tõesti	['tõesti']		0	D	määrsõna	6	
liialt	liialt	liialt	['liialt']		0	D	määrsõna	6	
väsinud	väsima|väsinud	väsi|väsinud	[['väsi'], ['väsinud'], ['väsinud'], ['väsinud']]	|nud|pl n|sg n	0|d|nud	A|V		6	
,	,	,	[',']			Z	lausemärk	6	
et	et	et	['et']		0	J	sidesõna	6	
edasi	edasi	edasi	['edasi']		0	D	määrsõna	6	
sõita	sõitma	sõit	['sõit']	da	a	V	tegusõna	6	
.	.	.	['.']			Z	lausemärk	6	
Andra	Andra	Andra	['Andra']	sg n	0	H	pärisnimi	7	
mõtles	mõtlema	mõtle	['mõtle']	s	s	V	tegusõna	7	
,	,	,	[',']			Z	lausemärk	7	
et	et	et	['et']		0	J	sidesõna	7	
tanklas	tankla	tankla	['tankla']	sg in	s	S	nimisõna	7	
peab	pidama	pida	['pida']	b	b	V	tegusõna	7	
kindlasti	kindlasti	kindlasti	['kindlasti']		0	D	määrsõna	7	
vähemalt	vähemalt	vähemalt	['vähemalt']		0	D	määrsõna	7	
paar	paar	paar	['paar']	sg n	0	N	põhiarvsõna	7	
tassi	tass	tass	['tass']	sg p	0	S	nimisõna	7	
kanget	kange	kange	['kange']	sg p	t	A	omadussõna algvõrre	7	
musta	must	must	['must']	sg p	0	A	omadussõna algvõrre	7	
kohvi	kohv	kohv	['kohv']	sg p	0	S	nimisõna	7	
jooma	jooma	joo	['joo']	ma	ma	V	tegusõna	7	
.	.	.	['.']			Z	lausemärk	7	
Juba	juba	juba	['juba']		0	D	määrsõna	7	
paljas	paljas	paljas	['paljas']	sg n	0	A	omadussõna algvõrre	7	
mõtegi	mõte	mõte	['mõte']	sg n	0	S	nimisõna	7	
tulisele	tuline	tuline	['tuline']	sg all	le	A	omadussõna algvõrre	7	
joogile	joogi|jook	joogi|jook	[['jook'], ['joogi']]	sg all	le	S	nimisõna	7	
mõjus	mõjuma	mõju	['mõju']	s	s	V	tegusõna	7	
virgutavalt	virgutavalt	virgutavalt	['virgutavalt']		0	D	määrsõna	7	
ja	ja	ja	['ja']		0	J	sidesõna	7	
pani	panema	pane	['pane']	s	i	V	tegusõna	7	
vere	veri	veri	['veri']	sg g	0	S	nimisõna	7	
soontes	soon	soon	['soon']	pl in	tes	S	nimisõna	7	
kiiremini	kiiremini	kiiremini	['kiiremini']		0	D	määrsõna	7	
tuikama	tuikama	tuika	['tuika']	ma	ma	V	tegusõna	7	
.	.	.	['.']			Z	lausemärk	7	
Bensiinijaama	Bensiinijaam	Bensiini_jaam	['Bensiini', 'jaam']	sg g	0	H	pärisnimi	7	
laternate	latern	latern	['latern']	pl g	te	S	nimisõna	7	
kaitsvas	kaitsev	kaitsev	['kaitsev']	sg in	s	A	omadussõna algvõrre	7	
valguses	valgus	valgus	['valgus']	sg in	s	S	nimisõna	7	
oli	olema	ole	['ole']	s	i	V	tegusõna	7	
isegi	isegi	isegi	['isegi']		0	D	määrsõna	7	
väike	väike	väike	['väike']	sg n	0	A	omadussõna algvõrre	7	
tukastus	tukastus	tukastus	['tukastus']	sg n	0	S	nimisõna	7	
mõeldav	mõeldav	mõeldav	['mõeldav']	sg n	0	A	omadussõna algvõrre	7	
,	,	,	[',']			Z	lausemärk	7	
kuigi	kuigi	kuigi	[['kuigi'], ['kuigi']]		0	D|J		7	
mitte	mitte	mitte	['mitte']		0	D	määrsõna	7	
liiga	liiga	liiga	['liiga']		0	D	määrsõna	7	
pikalt	pikalt	pikalt	['pikalt']		0	D	määrsõna	7	
,	,	,	[',']			Z	lausemärk	7	
kui	kui	kui	[['kui'], ['kui']]		0	D|J		7	
ta	tema	tema	['tema']	sg n	0	P	asesõna	7	
tahab	tahtma	taht	['taht']	b	b	V	tegusõna	7	
hommikuks	hommik	hommik	['hommik']	sg tr	ks	S	nimisõna	7	
pärale	pärale	pärale	['pärale']		0	D	määrsõna	7	
jõuda	jõudma	jõud	['jõud']	da	a	V	tegusõna	7	
.	.	.	['.']			Z	lausemärk	7	
""""	""""	""""	"['""']"			Z	lausemärk	8	
Texaco	Texaco	Texaco	['Texaco']	sg g	0	H	pärisnimi	8	
""""	""""	""""	"['""']"			Z	lausemärk	8	
erekollane	erekollane	ere_kollane	['ere', 'kollane']	sg n	0	A	omadussõna algvõrre	8	
valguslaik	valguslaik	valgus_laik	['valgus', 'laik']	sg n	0	S	nimisõna	8	
mõjus	mõjuma	mõju	['mõju']	s	s	V	tegusõna	8	
sooja	soe	soe	['soe']	sg g	0	A	omadussõna algvõrre	8	
ja	ja	ja	['ja']		0	J	sidesõna	8	
sõbraliku	sõbralik	sõbralik	['sõbralik']	sg g	0	A	omadussõna algvõrre	8	
oaasina	oaas	oaas	['oaas']	sg es	na	S	nimisõna	8	
keset	keset	keset	['keset']		0	K	kaassõna	8	
lauskmaa	lauskmaa	lausk_maa	['lausk', 'maa']	sg g	0	S	nimisõna	8	
lõputut	lõputu	lõputu	['lõputu']	sg p	t	A	omadussõna algvõrre	8	
pimedust	pimedus	pimedus	['pimedus']	sg p	t	S	nimisõna	8	
.	.	.	['.']			Z	lausemärk	8	
Jaama	Jaam|Jaama	Jaam|Jaama	[['Jaam'], ['Jaama']]	sg g	0	H	pärisnimi	8	
ligiduses	ligidus	ligidus	['ligidus']	sg in	s	S	nimisõna	8	
olid	olema	ole	['ole']	sid	id	V	tegusõna	8	
ka	ka	ka	['ka']		0	D	määrsõna	8	
mõned	mõni	mõni	['mõni']	pl n	d	P	asesõna	8	
madalad	madal	madal	['madal']	pl n	d	A	omadussõna algvõrre	8	
majad	maja	maja	['maja']	pl n	d	S	nimisõna	8	
,	,	,	[',']			Z	lausemärk	8	
kuid	kuid	kuid	['kuid']		0	J	sidesõna	8	
kuna	kuna	kuna	['kuna']		0	J	sidesõna	8	
ükski	üks	üks	['üks']	sg n	0	P	asesõna	8	
aken	aken	aken	['aken']	sg n	0	S	nimisõna	8	
ei	ei	ei	['ei']	neg	0	V	tegusõna	8	
olnud	olema|olnud	ol=nud|ole	[['olnud'], ['olnud'], ['olnud'], ['ole']]	|nud|pl n|sg n	0|d|nud	A|V		8	
valge	valge	valge	['valge']	sg n	0	A	omadussõna algvõrre	8	
ega	ega	ega	['ega']		0	J	sidesõna	8	
ükski	üks	üks	['üks']	sg n	0	P	asesõna	8	
latern	latern	latern	['latern']	sg n	0	S	nimisõna	8	
ei	ei	ei	['ei']	neg	0	V	tegusõna	8	
põlenud	põlema|põlenud	põle|põlenud	[['põle'], ['põlenud'], ['põlenud'], ['põlenud']]	|nud|pl n|sg n	0|d|nud	A|V		8	
,	,	,	[',']			Z	lausemärk	8	
siis	siis	siis	['siis']		0	J	sidesõna	8	
paistsid	paistma	paist	['paist']	sid	sid	V	tegusõna	8	
need	see	see	['see']	pl n	d	P	asesõna	8	
lihtsalt	lihtsalt	lihtsalt	['lihtsalt']		0	D	määrsõna	8	
pimedusse	pimedus	pimedus	['pimedus']	adt	se	S	nimisõna	8	
sulavate	sulav	sulav	['sulav']	pl g	te	A	omadussõna algvõrre	8	
teravaharjaliste	teravaharjaline	terava_harja=line	['terava', 'harjaline']	pl g	te	A	omadussõna algvõrre	8	
küngastena	küngas	küngas	['küngas']	pl es	tena	S	nimisõna	8	
.	.	.	['.']			Z	lausemärk	8	
Andra	Andra	Andra	['Andra']	sg n	0	H	pärisnimi	9	
ronis	ronima	roni	['roni']	s	s	V	tegusõna	9	
autost	auto	auto	['auto']	sg el	st	S	nimisõna	9	
välja	välja	välja	['välja']		0	D	määrsõna	9	
ja	ja	ja	['ja']		0	J	sidesõna	9	
sirutas	sirutama	siruta	['siruta']	s	s	V	tegusõna	9	
mõnuga	mõnu	mõnu	['mõnu']	sg kom	ga	S	nimisõna	9	
pikast	pikk	pikk	['pikk']	sg el	st	A	omadussõna algvõrre	9	
sõidust	sõit	sõit	['sõit']	sg el	st	S	nimisõna	9	
äravajunud	äravajunud	ära_vaju=nud	[['ära', 'vajunud'], ['ära', 'vajunud'], ['ära', 'vajunud']]	|pl n|sg n	0|d	A	omadussõna algvõrre	9	
selga	selg	selg	['selg']	adt	0	S	nimisõna	9	
.	.	.	['.']			Z	lausemärk	9	
Klaasmaja	klaasmaja	klaas_maja	['klaas', 'maja']	sg n	0	S	nimisõna	9	
paistis	paistma	paist	['paist']	s	is	V	tegusõna	9	
täiesti	täiesti	täiesti	['täiesti']		0	D	määrsõna	9	
tühi	tühi	tühi	['tühi']	sg n	0	A	omadussõna algvõrre	9	
olevat	olema	ole	['ole']	vat	vat	V	tegusõna	9	
:	:	:	[':']			Z	lausemärk	9	
ilmselt	ilmselt	ilmselt	['ilmselt']		0	D	määrsõna	9	
magas	magama	maga	['maga']	s	s	V	tegusõna	9	
müüja	müüja	müüja	['müüja']	sg n	0	S	nimisõna	9	
kuskil	kuskil	kuskil	['kuskil']		0	D	määrsõna	9	
tagaruumis	tagaruum	taga_ruum	['taga', 'ruum']	sg in	s	S	nimisõna	9	
.	.	.	['.']			Z	lausemärk	9	
Ta	tema	tema	['tema']	sg n	0	P	asesõna	10	
lasi	laskma	lask	['lask']	s	i	V	tegusõna	10	
paagi	paa	paa	['paa']	sg n	0	S	nimisõna	10	
pilgeni	pilgeni	pilgeni	['pilgeni']		0	D	määrsõna	10	
täis	täis	täis	['täis']		0	D	määrsõna	10	
ja	ja	ja	['ja']		0	J	sidesõna	10	
astus	astuma	astu	['astu']	s	s	V	tegusõna	10	
siis	siis	siis	['siis']		0	D	määrsõna	10	
jaama	jaam	jaam	['jaam']	adt	0	S	nimisõna	10	
sisse	sisse	sisse	['sisse']		0	D	määrsõna	10	
.	.	.	['.']			Z	lausemärk	10	
Uksekell	uksekell	ukse_kell	['ukse', 'kell']	sg n	0	S	nimisõna	10	
kõlises	kõlisema	kõlise	['kõlise']	s	s	V	tegusõna	10	
tasakesi	tasakesi	tasakesi	['tasakesi']		0	D	määrsõna	10	
,	,	,	[',']			Z	lausemärk	10	
kuid	kuid	kuid	['kuid']		0	J	sidesõna	10	
keegi	keegi	keegi	['keegi']	sg n	0	P	asesõna	10	
ei	ei	ei	['ei']	neg	0	V	tegusõna	10	
tulnud	tulema|tulnud	tul=nud|tule	[['tulnud'], ['tulnud'], ['tulnud'], ['tule']]	|nud|pl n|sg n	0|d|nud	A|V		10	
asja	asi	asi	['asi']	sg p	0	S	nimisõna	10	
uurima	uurima	uuri	['uuri']	ma	ma	V	tegusõna	10	
.	.	.	['.']			Z	lausemärk	10	
""""	""""	""""	"['""']"			Z	lausemärk	10	
Halloo	halloo	halloo	['halloo']		0	I	hüüdsõna	10	
!	!	!	['!']			Z	lausemärk	10	
""""	""""	""""	"['""']"			Z	lausemärk	10	
hüüdis	hüüdma	hüüd	['hüüd']	s	is	V	tegusõna	10	
Andra	Andra	Andra	['Andra']	sg n	0	H	pärisnimi	10	
ja	ja	ja	['ja']		0	J	sidesõna	10	
koputas	koputama	koputa	['koputa']	s	s	V	tegusõna	10	
letile	lett	lett	['lett']	sg all	le	S	nimisõna	10	
.	.	.	['.']			Z	lausemärk	10	
Veidi	veidi	veidi	['veidi']		0	D	määrsõna	10	
aja	aeg	aeg	['aeg']	sg g	0	S	nimisõna	10	
pärast	pärast	pärast	['pärast']		0	K	kaassõna	10	
hallootas	hallootama	halloota	['halloota']	s	s	V	tegusõna	10	
ta	tema	tema	['tema']	sg n	0	P	asesõna	10	
palju	palju	palju	['palju']		0	D	määrsõna	10	
valjuhäälsemalt	valjuhäälsemalt	valju_häälse=malt	['valju', 'häälsemalt']		0	D	määrsõna	10	
,	,	,	[',']			Z	lausemärk	10	
kuid	kuid	kuid	['kuid']		0	J	sidesõna	10	
ka	ka	ka	['ka']		0	D	määrsõna	10	
sellest	see	see	['see']	sg el	st	P	asesõna	10	
ei	ei	ei	['ei']	neg	0	V	tegusõna	10	
olnud	olema|olnud	ol=nud|ole	[['olnud'], ['olnud'], ['olnud'], ['ole']]	|nud|pl n|sg n	0|d|nud	A|V		10	
kasu	kasu	kasu	['kasu']	sg p	0	S	nimisõna	10	
.	.	.	['.']			Z	lausemärk	10	
""""	""""	""""	"['""']"			Z	lausemärk	10	
No	no	no	['no']		0	I	hüüdsõna	10	
kuulge	kuulma	kuul	['kuul']	ge	ge	V	tegusõna	10	
!	!	!	['!']			Z	lausemärk	10	
""""	""""	""""	"['""']"			Z	lausemärk	10	
hõikas	hõikama	hõika	['hõika']	s	s	V	tegusõna	10	
ta	tema	tema	['tema']	sg n	0	P	asesõna	10	
väsimusest	väsimus	väsimus	['väsimus']	sg el	st	S	nimisõna	10	
veidi	veidi	veidi	['veidi']		0	D	määrsõna	10	
rabedamalt	rabedamalt	rabeda=malt	['rabedamalt']		0	D	määrsõna	10	
kui	kui	kui	[['kui'], ['kui']]		0	D|J		10	
tavaliselt	tavaliselt	tavaliselt	['tavaliselt']		0	D	määrsõna	10	
.	.	.	['.']			Z	lausemärk	10	
""""	""""	""""	"['""']"			Z	lausemärk	10	
Ma	mina	mina	['mina']	sg n	0	P	asesõna	10	
ei	ei	ei	['ei']	neg	0	V	tegusõna	10	
taha	tahtma	taht	['taht']	o	0	V	tegusõna	10	
just	just	just	[['just'], ['just']]		0	D|I		10	
pealetükkiv	pealetükkiv	peale_tükkiv	['peale', 'tükkiv']	sg n	0	A	omadussõna algvõrre	10	
olla	olema	ole	['ole']	da	a	V	tegusõna	10	
,	,	,	[',']			Z	lausemärk	10	
aga	aga	aga	['aga']		0	J	sidesõna	10	
MA	mina	mina	['mina']	sg n	0	P	asesõna	10	
TAHAKSIN	tahtma	taht	['taht']	ksin	ksin	V	tegusõna	10	
KÜTUSE	kütus	kütus	['kütus']	sg g	0	S	nimisõna	10	
EEST	eest	eest	['eest']		0	K	kaassõna	10	
MAKSTA	maksma	maks	['maks']	da	ta	V	tegusõna	10	
!!	!!	!!	['!!']			Z	lausemärk	10	
""""	""""	""""	"['""']"			Z	lausemärk	10	
Ta	tema	tema	['tema']	sg n	0	P	asesõna	10	
prõmmis	prõmmima	prõmmi	['prõmmi']	s	s	V	tegusõna	10	
rusikaga	rusikas	rusikas	['rusikas']	sg kom	ga	S	nimisõna	10	
tüdinult	tüdinult	tüdinult	['tüdinult']		0	D	määrsõna	10	
letile	lett	lett	['lett']	sg all	le	S	nimisõna	10	
,	,	,	[',']			Z	lausemärk	10	
kuid	kuid	kuid	['kuid']		0	J	sidesõna	10	
ka	ka	ka	['ka']		0	D	määrsõna	10	
see	see	see	['see']	sg n	0	P	asesõna	10	
ei	ei	ei	['ei']	neg	0	V	tegusõna	10	
äratanud	äratama|äratanud	ärata|ärata=nud	[['ärata'], ['äratanud'], ['äratanud'], ['äratanud']]	|nud|pl n|sg n	0|d|nud	A|V		10	
mitte	mitte	mitte	['mitte']		0	D	määrsõna	10	
kedagi	keegi	keegi	['keegi']	sg p	dagi	P	asesõna	10	
.	.	.	['.']			Z	lausemärk	10	
Andra	Andra	Andra	['Andra']	sg n	0	H	pärisnimi	10	
kaalus	kaaluma	kaalu	['kaalu']	s	s	V	tegusõna	10	
,	,	,	[',']			Z	lausemärk	10	
kas	kas	kas	['kas']		0	D	määrsõna	10	
lihtsalt	lihtsalt	lihtsalt	['lihtsalt']		0	D	määrsõna	10	
raha	raha	raha	['raha']	sg g	0	S	nimisõna	10	
letile	lett	lett	['lett']	sg all	le	S	nimisõna	10	
panna	panema	pane	['pane']	da	a	V	tegusõna	10	
,	,	,	[',']			Z	lausemärk	10	
kuid	kuid	kuid	['kuid']		0	J	sidesõna	10	
paari	paar	paar	['paar']	sg p	0	N	põhiarvsõna	10	
sajalist	sajaline	sajaline	['sajaline']	sg p	t	S	nimisõna	10	
sinna	sinna	sinna	['sinna']		0	D	määrsõna	10	
vedelema	vedelema	vedele	['vedele']	ma	ma	V	tegusõna	10	
jätta	jätma	jät	['jät']	da	a	V	tegusõna	10	
tundus	tunduma	tundu	['tundu']	s	s	V	tegusõna	10	
kuidagi	kuidagi	kuidagi	['kuidagi']		0	D	määrsõna	10	
ebakindlana	ebakindel	eba_kindel	['eba', 'kindel']	sg es	na	A	omadussõna algvõrre	10	
.	.	.	['.']			Z	lausemärk	10	
Siis	siis	siis	['siis']		0	D	määrsõna	10	
mõtles	mõtlema	mõtle	['mõtle']	s	s	V	tegusõna	10	
ta	tema	tema	['tema']	sg n	0	P	asesõna	10	
tassi	tass	tass	['tass']	adt	0	S	nimisõna	10	
kange	kange	kange	['kange']	sg g	0	A	omadussõna algvõrre	10	
kohvi	kohv	kohv	['kohv']	sg g	0	S	nimisõna	10	
peale	peale	peale	['peale']		0	K	kaassõna	10	
ja	ja	ja	['ja']		0	J	sidesõna	10	
leidis	leidma	leid	['leid']	s	is	V	tegusõna	10	
,	,	,	[',']			Z	lausemärk	10	
et	et	et	['et']		0	J	sidesõna	10	
see	see	see	['see']	sg n	0	P	asesõna	10	
tasub	tasuma	tasu	['tasu']	b	b	V	tegusõna	10	
unekotist	unekott	une_kott	['une', 'kott']	sg el	st	S	nimisõna	10	
müüja	müüja	müüja	['müüja']	sg g	0	S	nimisõna	10	
ülesajamist	ülesajamine	üles_ajamine	['üles', 'ajamine']	sg p	t	S	nimisõna	10	
.	.	.	['.']			Z	lausemärk	10	
Lõppkokkuvõttes	lõppkokkuvõte	lõpp_kokku_võte	['lõpp', 'kokku', 'võte']	sg in	s	S	nimisõna	10	
oli	olema	ole	['ole']	s	i	V	tegusõna	10	
müüja	müüja	müüja	['müüja']	sg n	0	S	nimisõna	10	
kohustuseks	kohustus	kohustus	['kohustus']	sg tr	ks	S	nimisõna	10	
töö	töö	töö	['töö']	sg g	0	S	nimisõna	10	
ajal	ajal	ajal	['ajal']		0	K	kaassõna	10	
üleval	üleval	üleval	['üleval']		0	D	määrsõna	10	
olla	olema	ole	['ole']	da	a	V	tegusõna	10	
ja	ja	ja	['ja']		0	J	sidesõna	10	
tema	tema	tema	['tema']	sg n	0	P	asesõna	10	
oli	olema	ole	['ole']	s	i	V	tegusõna	10	
väsinud	väsima|väsinud	väsi|väsinud	[['väsi'], ['väsinud'], ['väsinud'], ['väsinud']]	|nud|pl n|sg n	0|d|nud	A|V		10	
ja	ja	ja	['ja']		0	J	sidesõna	10	
vajas	vajama	vaja	['vaja']	s	s	V	tegusõna	10	
kohvi	kohv	kohv	['kohv']	sg p	0	S	nimisõna	10	
.	.	.	['.']			Z	lausemärk	10	
Ta	tema	tema	['tema']	sg n	0	P	asesõna	11	
turnis	turnima	turni	['turni']	s	s	V	tegusõna	11	
üle	üle	üle	['üle']		0	D	määrsõna	11	
lukustatud	lukustama|lukustatud	lukusta|lukusta=tud	[['lukusta'], ['lukustatud'], ['lukustatud'], ['lukustatud']]	|pl n|sg n|tud	0|d|tud	A|V		11	
vahelati	vahelatt	vahe_latt	['vahe', 'latt']	sg g	0	S	nimisõna	11	
leti	lett	lett	['lett']	sg g	0	S	nimisõna	11	
taha	taha	taha	['taha']		0	K	kaassõna	11	
ja	ja	ja	['ja']		0	J	sidesõna	11	
koputas	koputama	koputa	['koputa']	s	s	V	tegusõna	11	
kitsale	kitsas	kitsas	['kitsas']	sg all	le	A	omadussõna algvõrre	11	
""""	""""	""""	"['""']"			Z	lausemärk	11	
Personali	personal	personal	['personal']	adt	0	S	nimisõna	11	
""""	""""	""""	"['""']"			Z	lausemärk	11	
-sildiga	silt	silt	['silt']	sg kom	ga	S	nimisõna	11	
uksele	uks	uks	['uks']	sg all	le	S	nimisõna	11	
.	.	.	['.']			Z	lausemärk	11	
""""	""""	""""	"['""']"			Z	lausemärk	12	
Halloo	halloo	halloo	['halloo']		0	I	hüüdsõna	12	
!	!	!	['!']			Z	lausemärk	12	
On	olema	ole	[['ole'], ['ole']]	b|vad	0	V	tegusõna	12	
seal	seal	seal	['seal']		0	D	määrsõna	12	
keegi	keegi	keegi	['keegi']	sg n	0	P	asesõna	12	
?	?	?	['?']			Z	lausemärk	12	
""""	""""	""""	"['""']"			Z	lausemärk	12	
Vaikus	vaikus	vaikus	['vaikus']	sg n	0	S	nimisõna	12	
.	.	.	['.']			Z	lausemärk	12	
Ta	tema	tema	['tema']	sg n	0	P	asesõna	12	
proovis	proovima	proovi	['proovi']	s	s	V	tegusõna	12	
linki	link	link	['link']	sg p	0	S	nimisõna	12	
.	.	.	['.']			Z	lausemärk	12	
Uks	uks	uks	['uks']	sg n	0	S	nimisõna	12	
polnudki	olema	ole	['ole']	neg nud	nud	V	tegusõna	12	
lukus	lukk	lukk	['lukk']	sg in	s	S	nimisõna	12	
—	-	-	['-']			Z	lausemärk	12	
link	link	link	['link']	sg n	0	S	nimisõna	12	
langes	langema	lange	['lange']	s	s	V	tegusõna	12	
kergelt	kergelt	kergelt	['kergelt']		0	D	määrsõna	12	
alla	alla	alla	['alla']		0	D	määrsõna	12	
ja	ja	ja	['ja']		0	J	sidesõna	12	
uks	uks	uks	['uks']	sg n	0	S	nimisõna	12	
paotus	paotuma	paotu	['paotu']	s	s	V	tegusõna	12	
.	.	.	['.']			Z	lausemärk	12	
Andra	Andra	Andra	['Andra']	sg n	0	H	pärisnimi	12	
seisis	seisma	seis	['seis']	s	is	V	tegusõna	12	
viivu	viiv	viiv	['viiv']	sg g	0	S	nimisõna	12	
kõheldes	kõhelema|kõhklema	kõhele|kõhkle	[['kõhkle'], ['kõhele']]	des	des	V	tegusõna	12	
—	-	-	['-']			Z	lausemärk	12	
veidi	veidi	veidi	['veidi']		0	D	määrsõna	12	
veider	veider	veider	['veider']	sg n	0	A	omadussõna algvõrre	12	
tundus	tunduma	tundu	['tundu']	s	s	V	tegusõna	12	
niiviisi	niiviisi	nii_viisi	['nii', 'viisi']		0	D	määrsõna	12	
personaliruumi	personaliruum	personali_ruum	['personali', 'ruum']	adt	0	S	nimisõna	12	
sisse	sisse	sisse	['sisse']		0	D	määrsõna	12	
murda	murdma	murd	['murd']	da	a	V	tegusõna	12	
,	,	,	[',']			Z	lausemärk	12	
kuid	kuid	kuid	['kuid']		0	J	sidesõna	12	
siis	siis	siis	['siis']		0	D	määrsõna	12	
lükkas	lükkama	lükka	['lükka']	s	s	V	tegusõna	12	
ta	tema	tema	['tema']	sg n	0	P	asesõna	12	
ukse	uks	uks	['uks']	sg g	0	S	nimisõna	12	
ikkagi	ikkagi	ikkagi	['ikkagi']		0	D	määrsõna	12	
lahti	lahti	lahti	['lahti']		0	D	määrsõna	12	
.	.	.	['.']			Z	lausemärk	12	
Tilluke	tilluke	tilluke	['tilluke']	sg n	0	A	omadussõna algvõrre	13	
ruum	ruum	ruum	['ruum']	sg n	0	S	nimisõna	13	
oli	olema	ole	['ole']	s	i	V	tegusõna	13	
tühi	tühi	tühi	['tühi']	sg n	0	A	omadussõna algvõrre	13	
.	.	.	['.']			Z	lausemärk	13	
Nagis	Nagis	Nagis	['Nagis']	sg n	0	H	pärisnimi	13	
rippusid	rippuma	rippu	['rippu']	sid	sid	V	tegusõna	13	
kellegi	keegi	keegi	['keegi']	sg g	gi	P	asesõna	13	
teksad	teksad	teksad	['teksad']	pl n	d	S	nimisõna	13	
ja	ja	ja	['ja']		0	J	sidesõna	13	
ruuduline	ruuduline	ruuduline	['ruuduline']	sg n	0	A	omadussõna algvõrre	13	
särk	särk	särk	['särk']	sg n	0	S	nimisõna	13	
,	,	,	[',']			Z	lausemärk	13	
riiete	riie	riie	['riie']	pl g	te	S	nimisõna	13	
all	all	all	['all']		0	K	kaassõna	13	
seisid	seisma	seis	['seis']	sid	id	V	tegusõna	13	
kantud	kandma|kantud	kand|kantud	[['kand'], ['kantud'], ['kantud'], ['kantud']]	|pl n|sg n|tud	0|d|tud	A|V		13	
olemisega	olemine	olemine	['olemine']	sg kom	ga	S	nimisõna	13	
""""	""""	""""	"['""']"			Z	lausemärk	13	
Adidase	Adidas	Adidas	['Adidas']	sg g	0	H	pärisnimi	13	
""""	""""	""""	"['""']"			Z	lausemärk	13	
tossud	toss	toss	['toss']	pl n	d	S	nimisõna	13	
,	,	,	[',']			Z	lausemärk	13	
sokid	sokk	sokk	['sokk']	pl n	d	S	nimisõna	13	
sees	sees	sees	['sees']		0	D	määrsõna	13	
rullis	rullima	rulli	['rulli']	s	s	V	tegusõna	13	
.	.	.	['.']			Z	lausemärk	13	
Veider	veider	veider	['veider']	sg n	0	A	omadussõna algvõrre	13	
...	...	...	['...']			Z	lausemärk	13	
Polnudki	olema	ole	['ole']	neg nud	nud	V	tegusõna	13	
kedagi	keegi	keegi	['keegi']	sg p	dagi	P	asesõna	13	
.	.	.	['.']			Z	lausemärk	13	
Väikese	väike|väikene	väike|väikene	[['väike'], ['väikene']]	sg g	0	A	omadussõna algvõrre	13	
laua	laud	laud	['laud']	sg g	0	S	nimisõna	13	
peal	peal	peal	['peal']		0	K	kaassõna	13	
oli	olema	ole	['ole']	s	i	V	tegusõna	13	
väike	väike	väike	['väike']	sg n	0	A	omadussõna algvõrre	13	
kimp	kimp	kimp	['kimp']	sg n	0	S	nimisõna	13	
longuvajunud	longuvajunud	longuvaju=nud	[['longuvajunud'], ['longuvajunud'], ['longuvajunud']]	|pl n|sg n	0|d	A	omadussõna algvõrre	13	
lilli	lill	lill	['lill']	pl p	i	S	nimisõna	13	
.	.	.	['.']			Z	lausemärk	13	
Müügiruumist	müügiruum	müügi_ruum	['müügi', 'ruum']	sg el	st	S	nimisõna	14	
kostus	kostuma	kostu	['kostu']	s	s	V	tegusõna	14	
kolinat	kolin	kolin	['kolin']	sg p	t	S	nimisõna	14	
.	.	.	['.']			Z	lausemärk	14	
Andra	Andra	Andra	['Andra']	sg n	0	H	pärisnimi	14	
ehmatas	ehmatama	ehmata	['ehmata']	s	s	V	tegusõna	14	
ootamatu	ootamatu	ootamatu	['ootamatu']	sg g	0	A	omadussõna algvõrre	14	
hääle	hääl	hääl	['hääl']	sg g	0	S	nimisõna	14	
peale	peale	peale	['peale']		0	K	kaassõna	14	
ning	ning	ning	['ning']		0	J	sidesõna	14	
pistis	pistma	pist	['pist']	s	is	V	tegusõna	14	
pea	pea	pea	['pea']	sg g	0	S	nimisõna	14	
ukse	uks	uks	['uks']	sg g	0	S	nimisõna	14	
vahelt	vahelt	vahelt	['vahelt']		0	K	kaassõna	14	
välja	välja	välja	['välja']		0	D	määrsõna	14	
.	.	.	['.']			Z	lausemärk	14	
Kaubariiulite	kaubariiul	kauba_riiul	['kauba', 'riiul']	pl g	te	S	nimisõna	14	
vahel	vahel	vahel	['vahel']		0	K	kaassõna	14	
ei	ei	ei	['ei']	neg	0	V	tegusõna	14	
paistnud	paistma|paistnud	paist|paist=nud	[['paist'], ['paistnud'], ['paistnud'], ['paistnud']]	|nud|pl n|sg n	0|d|nud	A|V		14	
aga	aga	aga	['aga']		0	J	sidesõna	14	
samuti	samuti	samuti	['samuti']		0	D	määrsõna	14	
kedagi	keegi	keegi	['keegi']	sg p	dagi	P	asesõna	14	
olevat	olev	olev	['olev']	sg p	t	A	omadussõna algvõrre	14	
—	-	-	['-']			Z	lausemärk	14	
ainult	ainult	ainult	['ainult']		0	D	määrsõna	14	
paar	paar	paar	['paar']	sg n	0	N	põhiarvsõna	14	
küpsisekarpi	küpsisekarp	küpsise_karp	['küpsise', 'karp']	sg p	0	S	nimisõna	14	
olid	olema	ole	['ole']	sid	id	V	tegusõna	14	
põrandale	põrand	põrand	['põrand']	sg all	le	S	nimisõna	14	
kukkunud	kukkuma|kukkunud	kukku|kukku=nud	[['kukku'], ['kukkunud'], ['kukkunud'], ['kukkunud']]	|nud|pl n|sg n	0|d|nud	A|V		14	
ja	ja	ja	['ja']		0	J	sidesõna	14	
lebasid	lebama	leba	['leba']	sid	sid	V	tegusõna	14	
kohatus	kohatu	kohatu	['kohatu']	sg in	s	A	omadussõna algvõrre	14	
korratuses	korratus	korratus	['korratus']	sg in	s	S	nimisõna	14	
otse	otse	otse	['otse']		0	D	määrsõna	14	
leti	lett	lett	['lett']	sg g	0	S	nimisõna	14	
ees	ees	ees	['ees']		0	K	kaassõna	14	
maas	maas	maas	['maas']		0	D	määrsõna	14	
.	.	.	['.']			Z	lausemärk	14	
Ettevaatlikult	ettevaatlikult	ette_vaatlikult	['ette', 'vaatlikult']		0	D	määrsõna	14	
puges	pugema	puge	['puge']	s	s	V	tegusõna	14	
Andra	Andra	Andra	['Andra']	sg n	0	H	pärisnimi	14	
leti	lett	lett	['lett']	sg g	0	S	nimisõna	14	
tagant	tagant	tagant	['tagant']		0	K	kaassõna	14	
välja	välja	välja	['välja']		0	D	määrsõna	14	
ja	ja	ja	['ja']		0	J	sidesõna	14	
sirutas	sirutama	siruta	['siruta']	s	s	V	tegusõna	14	
käe	käsi	käsi	['käsi']	sg g	0	S	nimisõna	14	
küpsisekarpide	küpsisekarp	küpsise_karp	['küpsise', 'karp']	pl g	de	S	nimisõna	14	
poole	poole	poole	['poole']		0	K	kaassõna	14	
,	,	,	[',']			Z	lausemärk	14	
et	et	et	['et']		0	J	sidesõna	14	
neid	see	see	['see']	pl p	d	P	asesõna	14	
riiulisse	riiul	riiul	['riiul']	sg ill	sse	S	nimisõna	14	
tagasi	tagasi	tagasi	['tagasi']		0	D	määrsõna	14	
panna	panema	pane	['pane']	da	a	V	tegusõna	14	
.	.	.	['.']			Z	lausemärk	14	
Korraga	korraga	korraga	['korraga']		0	D	määrsõna	15	
kostis	kostma	kost	['kost']	s	is	V	tegusõna	15	
otse	otse	otse	['otse']		0	D	määrsõna	15	
ta	tema	tema	['tema']	sg g	0	P	asesõna	15	
selja	selg	selg	['selg']	sg g	0	S	nimisõna	15	
taga	taga	taga	['taga']		0	K	kaassõna	15	
kõrvulukustav	kõrvulukustav	kõrvu_lukustav	['kõrvu', 'lukustav']	sg n	0	A	omadussõna algvõrre	15	
lajatus	lajatus	lajatus	['lajatus']	sg n	0	S	nimisõna	15	
.	.	.	['.']			Z	lausemärk	15	
Andra	Andra	Andra	['Andra']	sg n	0	H	pärisnimi	15	
kiljatas	kiljatama	kiljata	['kiljata']	s	s	V	tegusõna	15	
ja	ja	ja	['ja']		0	J	sidesõna	15	
poetas	poetama	poeta	['poeta']	s	s	V	tegusõna	15	
karbid	karp	karp	['karp']	pl n	d	S	nimisõna	15	
käest	käsi	käsi	['käsi']	sg el	st	S	nimisõna	15	
.	.	.	['.']			Z	lausemärk	15	
Tagaruumi	tagaruum	taga_ruum	['taga', 'ruum']	sg g	0	S	nimisõna	15	
uks	uks	uks	['uks']	sg n	0	S	nimisõna	15	
oli	olema	ole	['ole']	s	i	V	tegusõna	15	
kinni	kinni	kinni	['kinni']		0	D	määrsõna	15	
langenud	langema|langenud	lange|langenud	[['lange'], ['langenud'], ['langenud'], ['langenud']]	|nud|pl n|sg n	0|d|nud	A|V		15	
.	.	.	['.']			Z	lausemärk	15	
Selge	selge	selge	['selge']	sg n	0	A	omadussõna algvõrre	15	
,	,	,	[',']			Z	lausemärk	15	
see	see	see	['see']	sg n	0	P	asesõna	15	
oli	olema	ole	['ole']	s	i	V	tegusõna	15	
ju	ju	ju	['ju']		0	D	määrsõna	15	
kõigest	kõigest	kõigest	['kõigest']		0	D	määrsõna	15	
tõmbetuul	tõmbetuul	tõmbe_tuul	['tõmbe', 'tuul']	sg n	0	S	nimisõna	15	
!	!	!	['!']			Z	lausemärk	15	
Naine	naine	naine	['naine']	sg n	0	S	nimisõna	15	
hingas	hingama	hinga	['hinga']	s	s	V	tegusõna	15	
kergendunult	kergendunult	kergendunult	['kergendunult']		0	D	määrsõna	15	
pahinal	pahinal	pahinal	['pahinal']		0	D	määrsõna	15	
välja	välja	välja	['välja']		0	D	määrsõna	15	
ja	ja	ja	['ja']		0	J	sidesõna	15	
väristas	väristama	värista	['värista']	s	s	V	tegusõna	15	
õlgu	õlg	õlg	['õlg']	pl p	u	S	nimisõna	15	
:	:	:	[':']			Z	lausemärk	15	
polnud	olema	ole	['ole']	neg nud	nud	V	tegusõna	15	
ime	ime	ime	['ime']	sg n	0	S	nimisõna	15	
,	,	,	[',']			Z	lausemärk	15	
et	et	et	['et']		0	J	sidesõna	15	
peale	peale	peale	['peale']		0	K	kaassõna	15	
sellist	selline	selline	['selline']	sg p	t	P	asesõna	15	
öist	öine	öine	['öine']	sg p	t	A	omadussõna algvõrre	15	
sõitu	sõit	sõit	['sõit']	sg p	0	S	nimisõna	15	
närvid	närv	närv	['närv']	pl n	d	S	nimisõna	15	
ülearu	ülearu	üle_aru	['üle', 'aru']		0	D	määrsõna	15	
pingul	pingul	pingul	['pingul']		0	A	omadussõna algvõrre	15	
olid	olema	ole	['ole']	sid	id	V	tegusõna	15	
.	.	.	['.']			Z	lausemärk	15	
Ta	tema	tema	['tema']	sg n	0	P	asesõna	16	
kummardus	kummarduma	kummardu	['kummardu']	s	s	V	tegusõna	16	
asjalikult	asjalikult	asjalikult	['asjalikult']		0	D	määrsõna	16	
küpsisekarpide	küpsisekarp	küpsise_karp	['küpsise', 'karp']	pl g	de	S	nimisõna	16	
järele	järele	järele	['järele']		0	K	kaassõna	16	
,	,	,	[',']			Z	lausemärk	16	
sest	sest	sest	['sest']		0	J	sidesõna	16	
näotu	näotu	näotu	['näotu']	sg n	0	A	omadussõna algvõrre	16	
oleks	olema	ole	['ole']	ks	ks	V	tegusõna	16	
neid	see	see	['see']	pl p	d	P	asesõna	16	
olnud	olema|olnud	ol=nud|ole	[['olnud'], ['olnud'], ['olnud'], ['ole']]	|nud|pl n|sg n	0|d|nud	A|V		16	
põrandale	põrand	põrand	['põrand']	sg all	le	S	nimisõna	16	
vedelema	vedelema	vedele	['vedele']	ma	ma	V	tegusõna	16	
jätta	jätma	jät	['jät']	da	a	V	tegusõna	16	
.	.	.	['.']			Z	lausemärk	16	
Kerge	Kerge	Kerge	[['Kerge'], ['Kerge']]	sg g	0	H	pärisnimi	17	
tuulehoog	tuulehoog	tuule_hoog	['tuule', 'hoog']	sg n	0	S	nimisõna	17	
puudutas	puudutama	puuduta	['puuduta']	s	s	V	tegusõna	17	
ta	tema	tema	['tema']	sg g	0	P	asesõna	17	
paljast	paljas	paljas	['paljas']	sg p	t	A	omadussõna algvõrre	17	
kukalt	kukal	kukal	['kukal']	sg p	t	S	nimisõna	17	
,	,	,	[',']			Z	lausemärk	17	
mis	mis	mis	[['mis'], ['mis']]	pl n|sg n	0	P	asesõna	17	
oli	olema	ole	['ole']	s	i	V	tegusõna	17	
kummardudes	kummarduma	kummardu	['kummardu']	des	des	V	tegusõna	17	
pingule	pingule	pingule	['pingule']		0	D	määrsõna	17	
tõmbunud	tõmbuma|tõmbunud	tõmbu|tõmbu=nud	[['tõmbu'], ['tõmbunud'], ['tõmbunud'], ['tõmbunud']]	|nud|pl n|sg n	0|d|nud	A|V		17	
,	,	,	[',']			Z	lausemärk	17	
ning	ning	ning	['ning']		0	J	sidesõna	17	
mängis	mängima	mängi	['mängi']	s	s	V	tegusõna	17	
poisipeast	poisipea	poisi_pea	['poisi', 'pea']	sg el	st	S	nimisõna	17	
väljaulatuvate	väljaulatuv	välja_ulatuv	['välja', 'ulatuv']	pl g	te	A	omadussõna algvõrre	17	
pikkade	pikk	pikk	['pikk']	pl g	de	A	omadussõna algvõrre	17	
juuksesalkudega	juuksesalk	juukse_salk	['juukse', 'salk']	pl kom	dega	S	nimisõna	17	
.	.	.	['.']			Z	lausemärk	17	
Talle	tema	tema	['tema']	sg all	lle	P	asesõna	17	
tundus	tunduma	tundu	['tundu']	s	s	V	tegusõna	17	
pisut	pisut	pisut	['pisut']		0	D	määrsõna	17	
kummaline	kummaline	kummaline	['kummaline']	sg n	0	A	omadussõna algvõrre	17	
,	,	,	[',']			Z	lausemärk	17	
et	et	et	['et']		0	J	sidesõna	17	
""""	""""	""""	"['""']"			Z	lausemärk	17	
Texaco	Texaco	Texaco	['Texaco']	sg g	0	H	pärisnimi	17	
""""	""""	""""	"['""']"			Z	lausemärk	17	
ultramoodsas	ultramoodne	ultra_moodne	['ultra', 'moodne']	sg in	s	A	omadussõna algvõrre	17	
klaasist	klaas	klaas	['klaas']	sg el	st	S	nimisõna	17	
ja	ja	ja	['ja']		0	J	sidesõna	17	
metallist	metall	metall	['metall']	sg el	st	S	nimisõna	17	
karbis	karp	karp	['karp']	sg in	s	S	nimisõna	17	
,	,	,	[',']			Z	lausemärk	17	
mis	mis	mis	[['mis'], ['mis']]	pl n|sg n	0	P	asesõna	17	
silmale	silm	silm	['silm']	sg all	le	S	nimisõna	17	
täiesti	täiesti	täiesti	['täiesti']		0	D	määrsõna	17	
veatu	veatu	veatu	['veatu']	sg g	0	A	omadussõna algvõrre	17	
vaakumpakendina	vaakumpakend	vaakum_pakend	['vaakum', 'pakend']	sg es	na	S	nimisõna	17	
tundus	tunduma	tundu	['tundu']	s	s	V	tegusõna	17	
,	,	,	[',']			Z	lausemärk	17	
oli	olema	ole	['ole']	s	i	V	tegusõna	17	
nii	nii	nii	['nii']		0	D	määrsõna	17	
tugev	tugev	tugev	['tugev']	sg n	0	A	omadussõna algvõrre	17	
tõmbetuul	tõmbetuul	tõmbe_tuul	['tõmbe', 'tuul']	sg n	0	S	nimisõna	17	
.	.	.	['.']			Z	lausemärk	17	
Andra	Andra	Andra	['Andra']	sg n	0	H	pärisnimi	17	
oletas	oletama	oleta	['oleta']	s	s	V	tegusõna	17	
,	,	,	[',']			Z	lausemärk	17	
et	et	et	['et']		0	J	sidesõna	17	
kuskil	kuskil	kuskil	['kuskil']		0	D	määrsõna	17	
tagaruumis	tagaruum	taga_ruum	['taga', 'ruum']	sg in	s	S	nimisõna	17	
oli	olema	ole	['ole']	s	i	V	tegusõna	17	
ilmselt	ilmselt	ilmselt	['ilmselt']		0	D	määrsõna	17	
olnud	olema|olnud	ol=nud|ole	[['olnud'], ['olnud'], ['olnud'], ['ole']]	|nud|pl n|sg n	0|d|nud	A|V		17	
mingi	mingi	mingi	['mingi']	sg n	0	P	asesõna	17	
väike	väike	väike	['väike']	sg n	0	A	omadussõna algvõrre	17	
õhuaken	õhuaken	õhu_aken	['õhu', 'aken']	sg n	0	S	nimisõna	17	
,	,	,	[',']			Z	lausemärk	17	
mida	mis	mis	[['mis'], ['mis']]	pl p|sg p	da	P	asesõna	17	
ta	tema	tema	['tema']	sg n	0	P	asesõna	17	
polnud	olema	ole	['ole']	neg nud	nud	V	tegusõna	17	
märganud	märganud|märkama	märga=nud|märka	[['märka'], ['märganud'], ['märganud'], ['märganud']]	|nud|pl n|sg n	0|d|nud	A|V		17	
.	.	.	['.']			Z	lausemärk	17	
Mõistlikust	mõistlik	mõistlik	['mõistlik']	sg el	st	A	omadussõna algvõrre	18	
põhjusest	põhjus	põhjus	['põhjus']	sg el	st	S	nimisõna	18	
hoolimata	hoolimata	hoolimata	['hoolimata']		0	K	kaassõna	18	
tundus	tunduma	tundu	['tundu']	s	s	V	tegusõna	18	
nii	nii	nii	['nii']		0	D	määrsõna	18	
tugev	tugev	tugev	['tugev']	sg n	0	A	omadussõna algvõrre	18	
tuul	tuul	tuul	['tuul']	sg n	0	S	nimisõna	18	
veidi	veidi	veidi	['veidi']		0	D	määrsõna	18	
kõhedana	kõhe	kõhe	['kõhe']	sg es	na	A	omadussõna algvõrre	18	
,	,	,	[',']			Z	lausemärk	18	
tuuletõmbus	tuuletõmbus	tuule_tõmbus	['tuule', 'tõmbus']	sg n	0	S	nimisõna	18	
või	või	või	['või']		0	J	sidesõna	18	
mitte	mitte	mitte	['mitte']		0	D	määrsõna	18	
.	.	.	['.']			Z	lausemärk	18	
Need	see	see	['see']	pl n	d	P	asesõna	18	
puudutused	puudutus	puudutus	['puudutus']	pl n	d	S	nimisõna	18	
kuklal	kukal	kukal	['kukal']	sg ad	l	S	nimisõna	18	
olid	olema	ole	['ole']	sid	id	V	tegusõna	18	
kuidagi	kuidagi	kuidagi	['kuidagi']		0	D	määrsõna	18	
reaalsed	reaalne	reaalne	['reaalne']	pl n	d	A	omadussõna algvõrre	18	
—	-	-	['-']			Z	lausemärk	18	
elavad	elav	elav	['elav']	pl n	d	A	omadussõna algvõrre	18	
ja	ja	ja	['ja']		0	J	sidesõna	18	
tahtlikud	tahtlik	tahtlik	['tahtlik']	pl n	d	A	omadussõna algvõrre	18	
,	,	,	[',']			Z	lausemärk	18	
nagu	nagu	nagu	[['nagu'], ['nagu']]		0	D|J		18	
oleks	olema	ole	['ole']	ks	ks	V	tegusõna	18	
keegi	keegi	keegi	['keegi']	sg n	0	P	asesõna	18	
oma	oma	oma	['oma']	sg g	0	P	asesõna	18	
sooja	soe	soe	['soe']	sg p	0	A	omadussõna algvõrre	18	
hingeõhku	hingeõhk	hinge_õhk	['hinge', 'õhk']	sg p	0	S	nimisõna	18	
talle	tema	tema	['tema']	sg all	lle	P	asesõna	18	
vastu	vastu	vastu	['vastu']		0	D	määrsõna	18	
kaela	kael	kael	['kael']	adt	0	S	nimisõna	18	
puhunud	puhuma|puhunud	puhu|puhu=nud	[['puhu'], ['puhunud'], ['puhunud'], ['puhunud']]	|nud|pl n|sg n	0|d|nud	A|V		18	
.	.	.	['.']			Z	lausemärk	18	
Tahtmatult	tahtmatult	tahtmatult	['tahtmatult']		0	D	määrsõna	18	
judistas	judistama	judista	['judista']	s	s	V	tegusõna	18	
ta	tema	tema	['tema']	sg g	0	P	asesõna	18	
õlgu	õlg	õlg	['õlg']	pl p	u	S	nimisõna	18	
ja	ja	ja	['ja']		0	J	sidesõna	18	
kuulatas	kuulatama	kuulata	['kuulata']	s	s	V	tegusõna	18	
.	.	.	['.']			Z	lausemärk	18	
Ümberringi	ümberringi	ümber_ringi	['ümber', 'ringi']		0	D	määrsõna	18	
valitses	valitsema	valitse	['valitse']	s	s	V	tegusõna	18	
täielik	täielik	täielik	['täielik']	sg n	0	A	omadussõna algvõrre	18	
vaikus	vaikus	vaikus	['vaikus']	sg n	0	S	nimisõna	18	
.	.	.	['.']			Z	lausemärk	18	
Samasugune	samasugune	sama_sugune	['sama', 'sugune']	sg n	0	P	asesõna	18	
kõrvulukustavalt	kõrvulukustavalt	kõrvu_lukustavalt	['kõrvu', 'lukustavalt']		0	D	määrsõna	18	
sügav	sügav	sügav	['sügav']	sg n	0	A	omadussõna algvõrre	18	
vaikus	vaikus	vaikus	['vaikus']	sg n	0	S	nimisõna	18	
nagu	nagu	nagu	[['nagu'], ['nagu']]		0	D|J		18	
maanteelgi	maantee	maan_tee	['maan', 'tee']	sg ad	l	S	nimisõna	18	
,	,	,	[',']			Z	lausemärk	18	
selline	selline	selline	['selline']	sg n	0	P	asesõna	18	
,	,	,	[',']			Z	lausemärk	18	
mis	mis	mis	[['mis'], ['mis']]	pl n|sg n	0	P	asesõna	18	
tekitas	tekitama	tekita	['tekita']	s	s	V	tegusõna	18	
tunde	tund	tund	['tund']	pl p	e	S	nimisõna	18	
,	,	,	[',']			Z	lausemärk	18	
et	et	et	['et']		0	J	sidesõna	18	
on	olema	ole	[['ole'], ['ole']]	b|vad	0	V	tegusõna	18	
tahtlik	tahtlik	tahtlik	['tahtlik']	sg n	0	A	omadussõna algvõrre	18	
ja	ja	ja	['ja']		0	J	sidesõna	18	
eesmärgipärane	eesmärgipärane	ees_märgi_pärane	['ees', 'märgi', 'pärane']	sg n	0	A	omadussõna algvõrre	18	
,	,	,	[',']			Z	lausemärk	18	
et	et	et	['et']		0	J	sidesõna	18	
kuskil	kuskil	kuskil	['kuskil']		0	D	määrsõna	18	
on	olema	ole	[['ole'], ['ole']]	b|vad	0	V	tegusõna	18	
keegi	keegi	keegi	['keegi']	sg n	0	P	asesõna	18	
,	,	,	[',']			Z	lausemärk	18	
kes	kes	kes	[['kes'], ['kes']]	pl n|sg n	0	P	asesõna	18	
iga	iga	iga	['iga']	sg n	0	P	asesõna	18	
ta	tema	tema	['tema']	sg g	0	P	asesõna	18	
liigutust	liigutus	liigutus	['liigutus']	sg p	t	S	nimisõna	18	
hoolega	hool	hool	['hool']	sg kom	ga	S	nimisõna	18	
jälgib	jälgima	jälgi	['jälgi']	b	b	V	tegusõna	18	
.	.	.	['.']			Z	lausemärk	18	
See	see	see	['see']	sg n	0	P	asesõna	18	
tunne	tunne	tunne	['tunne']	sg n	0	S	nimisõna	18	
muutus	muutuma	muutu	['muutu']	s	s	V	tegusõna	18	
vastu	vastu	vastu	['vastu']		0	D	määrsõna	18	
Andra	Andra	Andra	['Andra']	sg n	0	H	pärisnimi	18	
tahtmist	tahtmine	tahtmine	['tahtmine']	sg p	t	S	nimisõna	18	
üha	üha	üha	['üha']		0	D	määrsõna	18	
tugevamaks	tugevam	tugevam	['tugevam']	sg tr	ks	C	omadussõna keskvõrre	18	
ning	ning	ning	['ning']		0	J	sidesõna	18	
see	see	see	['see']	sg n	0	P	asesõna	18	
tegi	tegema	tege	['tege']	s	i	V	tegusõna	18	
ta	tema	tema	['tema']	sg g	0	P	asesõna	18	
tigedaks	tige	tige	['tige']	sg tr	ks	A	omadussõna algvõrre	18	
.	.	.	['.']			Z	lausemärk	18	
Lollus	lollus	lollus	['lollus']	sg n	0	S	nimisõna	18	
kõik	kõik	kõik	[['kõik'], ['kõik']]	pl n|sg n	0	P	asesõna	18	
!	!	!	['!']			Z	lausemärk	18	
Ometi	ometi	ometi	['ometi']		0	D	määrsõna	18	
ta	tema	tema	['tema']	sg n	0	P	asesõna	18	
kiirustas	kiirustama	kiirusta	['kiirusta']	s	s	V	tegusõna	18	
,	,	,	[',']			Z	lausemärk	18	
kui	kui	kui	[['kui'], ['kui']]		0	D|J		18	
kotist	kott	kott	['kott']	sg el	st	S	nimisõna	18	
raha	raha	raha	['raha']	sg n	0	S	nimisõna	18	
välja	välja	välja	['välja']		0	D	määrsõna	18	
otsis	otsima	otsi	['otsi']	s	s	V	tegusõna	18	
.	.	.	['.']			Z	lausemärk	18	
Oma	oma	oma	['oma']	sg g	0	P	asesõna	18	
auto	auto	auto	['auto']	sg n	0	S	nimisõna	18	
tundus	tunduma	tundu	['tundu']	s	s	V	tegusõna	18	
hoopis	hoopis	hoopis	['hoopis']		0	D	määrsõna	18	
turvalisemana	turvalisem	turvalisem	['turvalisem']	sg es	na	C	omadussõna keskvõrre	18	
,	,	,	[',']			Z	lausemärk	18	
hoolimata	hoolimata	hoolimata	['hoolimata']		0	K	kaassõna	18	
sealgi	seal	seal	['seal']		0	D	määrsõna	18	
valitsevast	valitsev	valitsev	['valitsev']	sg el	st	A	omadussõna algvõrre	18	
hirmutavast	hirmutav	hirmutav	['hirmutav']	sg el	st	A	omadussõna algvõrre	18	
vaikusest	vaikus	vaikus	['vaikus']	sg el	st	S	nimisõna	18	
.	.	.	['.']			Z	lausemärk	18	
Vähemalt	vähemalt	vähemalt	['vähemalt']		0	D	määrsõna	18	
andis	andma	and	['and']	s	is	V	tegusõna	18	
auto	auto	auto	['auto']	sg g	0	S	nimisõna	18	
võimaluse	võimalus	võimalus	['võimalus']	sg g	0	S	nimisõna	18	
kihutades	kihutama	kihuta	['kihuta']	des	des	V	tegusõna	18	
hirmust	hirm	hirm	['hirm']	sg el	st	S	nimisõna	18	
vabaneda	vabanema	vabane	['vabane']	da	da	V	tegusõna	18	
.	.	.	['.']			Z	lausemärk	18	
Ta	tema	tema	['tema']	sg n	0	P	asesõna	19	
püüdis	püüdma	püüd	['püüd']	s	is	V	tegusõna	19	
oma	oma	oma	['oma']	sg g	0	P	asesõna	19	
kiirustamist	kiirustamine	kiirustamine	['kiirustamine']	sg p	t	S	nimisõna	19	
tahtejõuga	tahtejõud	tahte_jõud	['tahte', 'jõud']	sg kom	ga	S	nimisõna	19	
ohjeldada	ohjeldama	ohjelda	['ohjelda']	da	da	V	tegusõna	19	
—	-	-	['-']			Z	lausemärk	19	
selles	see	see	['see']	sg in	s	P	asesõna	19	
peitus	peituma	peitu	['peitu']	s	s	V	tegusõna	19	
üks	üks	üks	['üks']	sg n	0	P	asesõna	19	
salakaval	salakaval	sala_kaval	['sala', 'kaval']	sg n	0	A	omadussõna algvõrre	19	
oht	oht	oht	['oht']	sg n	0	S	nimisõna	19	
,	,	,	[',']			Z	lausemärk	19	
mida	mis	mis	[['mis'], ['mis']]	pl p|sg p	da	P	asesõna	19	
ta	tema	tema	['tema']	sg n	0	P	asesõna	19	
väga	väga	väga	['väga']		0	D	määrsõna	19	
hästi	hästi	hästi	['hästi']		0	D	määrsõna	19	
tundis	tundma	tund	['tund']	s	is	V	tegusõna	19	
.	.	.	['.']			Z	lausemärk	19	
Juba	juba	juba	['juba']		0	D	määrsõna	19	
lapsepõlvest	lapsepõli|lapsepõlv	lapse_põli|lapse_põlv	[['lapse', 'põlv'], ['lapse', 'põli']]	sg el	st	S	nimisõna	19	
.	.	.	['.']			Z	lausemärk	19	
Kui	kui	kui	[['kui'], ['kui']]		0	D|J		19	
ta	tema	tema	['tema']	sg n	0	P	asesõna	19	
oli	olema	ole	['ole']	s	i	V	tegusõna	19	
hirmu	hirm	hirm	['hirm']	sg p	0	S	nimisõna	19	
täis	täis	täis	['täis']		0	D	määrsõna	19	
sellepärast	sellepärast	selle_pärast	['selle', 'pärast']		0	D	määrsõna	19	
,	,	,	[',']			Z	lausemärk	19	
et	et	et	['et']		0	J	sidesõna	19	
pidi	pidama	pida	['pida']	s	i	V	tegusõna	19	
üksinda	üksinda	üksinda	['üksinda']		0	D	määrsõna	19	
läbi	läbi	läbi	['läbi']		0	K	kaassõna	19	
hämara	hämar	hämar	['hämar']	sg g	0	A	omadussõna algvõrre	19	
metsatuka	metsatukk	metsa_tukk	['metsa', 'tukk']	sg g	0	S	nimisõna	19	
koolist	kool	kool	['kool']	sg el	st	S	nimisõna	19	
koju	kodu	kodu	['kodu']	adt	0	S	nimisõna	19	
tulema	tulema	tule	['tule']	ma	ma	V	tegusõna	19	
.	.	.	['.']			Z	lausemärk	19	
Mets	mets	mets	['mets']	sg n	0	S	nimisõna	19	
tundus	tunduma	tundu	['tundu']	s	s	V	tegusõna	19	
ohtlikuna	ohtlik	ohtlik	['ohtlik']	sg es	na	A	omadussõna algvõrre	19	
,	,	,	[',']			Z	lausemärk	19	
täis	täis	täis	['täis']		0	D	määrsõna	19	
salakavalaid	salakaval	sala_kaval	['sala', 'kaval']	pl p	id	A	omadussõna algvõrre	19	
varitsejaid	varitseja	varitseja	['varitseja']	pl p	id	S	nimisõna	19	
,	,	,	[',']			Z	lausemärk	19	
kes	kes	kes	[['kes'], ['kes']]	pl n|sg n	0	P	asesõna	19	
teda	tema	tema	['tema']	sg p	da	P	asesõna	19	
hääletult	hääletult	hääletult	['hääletult']		0	D	määrsõna	19	
puude	puu|puue	puu|puue	[['puu'], ['puue']]	pl g|sg g	0|de	S	nimisõna	19	
varjus	varjus	varjus	['varjus']		0	K	kaassõna	19	
jälitasid	jälitama	jälita	['jälita']	sid	sid	V	tegusõna	19	
,	,	,	[',']			Z	lausemärk	19	
nii	nii	nii	['nii']		0	D	määrsõna	19	
et	et	et	['et']		0	J	sidesõna	19	
ta	tema	tema	['tema']	sg n	0	P	asesõna	19	
neid	see	see	['see']	pl p	d	P	asesõna	19	
ise	ise	ise	[['ise'], ['ise']]	pl n|sg n	0	P	asesõna	19	
ei	ei	ei	['ei']	neg	0	V	tegusõna	19	
näinud	nägema|näima|näinud	näge|näi|näi=nud	[['näi'], ['näge'], ['näinud'], ['näinud'], ['näinud']]	|nud|pl n|sg n	0|d|nud	A|V		19	
.	.	.	['.']			Z	lausemärk	19	
Mida	mis	mis	[['mis'], ['mis']]	pl p|sg p	da	P	asesõna	19	
kiiremini	kiiremini	kiiremini	['kiiremini']		0	D	määrsõna	19	
ta	tema	tema	['tema']	sg g	0	P	asesõna	19	
kodu	kodu	kodu	['kodu']	sg g	0	S	nimisõna	19	
poole	poole	poole	['poole']		0	K	kaassõna	19	
tormas	tormama	torma	['torma']	s	s	V	tegusõna	19	
,	,	,	[',']			Z	lausemärk	19	
seda	see	see	['see']	sg p	da	P	asesõna	19	
rohkem	rohkem	rohkem	['rohkem']		0	D	määrsõna	19	
kartis	kartma	kart	['kart']	s	is	V	tegusõna	19	
ja	ja	ja	['ja']		0	J	sidesõna	19	
seda	see	see	['see']	sg p	da	P	asesõna	19	
kiiremini	kiiremini	kiiremini	['kiiremini']		0	D	määrsõna	19	
järgnesid	järgnema	järgne	['järgne']	sid	sid	V	tegusõna	19	
jälitajad	jälitaja	jälitaja	['jälitaja']	pl n	d	S	nimisõna	19	
.	.	.	['.']			Z	lausemärk	19	
Mõnikord	mõnikord	mõni_kord	['mõni', 'kord']		0	D	määrsõna	19	
tundis	tundma	tund	['tund']	s	is	V	tegusõna	19	
ta	tema	tema	['tema']	sg n	0	P	asesõna	19	
neid	see	see	['see']	pl p	d	P	asesõna	19	
otse	otse	otse	['otse']		0	D	määrsõna	19	
kuklas	kukal	kukal	['kukal']	sg in	s	S	nimisõna	19	
.	.	.	['.']			Z	lausemärk	19	
Vanaema	vanaema	vana_ema	['vana', 'ema']	sg n	0	S	nimisõna	19	
oligi	olema	ole	['ole']	s	i	V	tegusõna	19	
siis	siis	siis	['siis']		0	D	määrsõna	19	
talle	tema	tema	['tema']	sg all	lle	P	asesõna	19	
triki	trikk	trikk	['trikk']	sg g	0	S	nimisõna	19	
õpetanud	õpetama|õpetanud	õpeta|õpeta=nud	[['õpeta'], ['õpetanud'], ['õpetanud'], ['õpetanud']]	|nud|pl n|sg n	0|d|nud	A|V		19	
,	,	,	[',']			Z	lausemärk	19	
millega	mis	mis	[['mis'], ['mis']]	pl kom|sg kom	ga	P	asesõna	19	
kolle	koll	koll	['koll']	pl p	e	S	nimisõna	19	
eemal	eemal	eemal	['eemal']		0	D	määrsõna	19	
hoida	hoidma	hoid	['hoid']	da	a	V	tegusõna	19	
.	.	.	['.']			Z	lausemärk	19	
Tuli	tulema	tule	['tule']	s	i	V	tegusõna	19	
ainult	ainult	ainult	['ainult']		0	D	määrsõna	19	
rahulike	rahulik	rahulik	['rahulik']	pl g	e	A	omadussõna algvõrre	19	
sammudega	samm	samm	['samm']	pl kom	dega	S	nimisõna	19	
mööda	mööda	mööda	['mööda']		0	K	kaassõna	19	
teed	tee	tee	['tee']	sg p	d	S	nimisõna	19	
kõndida	kõndima	kõndi	['kõndi']	da	da	V	tegusõna	19	
ja	ja	ja	['ja']		0	J	sidesõna	19	
mitte	mitte	mitte	['mitte']		0	D	määrsõna	19	
mingil	mingi	mingi	['mingi']	sg ad	l	P	asesõna	19	
juhul	juht	juht	['juht']	sg ad	l	S	nimisõna	19	
kogu	kogu	kogu	['kogu']		0	A	omadussõna algvõrre	19	
aeg	aeg	aeg	['aeg']	sg n	0	S	nimisõna	19	
selja	selg	selg	['selg']	sg g	0	S	nimisõna	19	
taha	taha	taha	['taha']		0	K	kaassõna	19	
vahtida	vahtima	vahti	['vahti']	da	da	V	tegusõna	19	
,	,	,	[',']			Z	lausemärk	19	
ükskõik	ükskõik	üks_kõik	['üks', 'kõik']		0	D	määrsõna	19	
,	,	,	[',']			Z	lausemärk	19	
kas	kas	kas	['kas']		0	D	määrsõna	19	
praksus	praksuma	praksu	['praksu']	s	s	V	tegusõna	19	
seal	seal	seal	['seal']		0	D	määrsõna	19	
ootamatult	ootamatult	ootamatult	['ootamatult']		0	D	määrsõna	19	
oksaraag	oksaraag	oksa_raag	['oksa', 'raag']	sg n	0	S	nimisõna	19	
või	või	või	['või']		0	J	sidesõna	19	
kujutles	kujutlema	kujutle	['kujutle']	s	s	V	tegusõna	19	
ta	tema	tema	['tema']	sg n	0	P	asesõna	19	
kurja	kuri	kuri	['kuri']	sg g	0	S	nimisõna	19	
koletist	koletis	koletis	['koletis']	sg p	t	S	nimisõna	19	
endale	ise	ise	['ise']	sg all	le	P	asesõna	19	
kannule	kann	kann	['kann']	sg all	le	S	nimisõna	19	
jõudvat	jõudma	jõud	['jõud']	vat	vat	V	tegusõna	19	
.	.	.	['.']			Z	lausemärk	19	
Ta	tema	tema	['tema']	sg n	0	P	asesõna	19	
pidi	pidama	pida	['pida']	s	i	V	tegusõna	19	
rahulikult	rahulikult	rahulikult	['rahulikult']		0	D	määrsõna	19	
edasi	edasi	edasi	['edasi']		0	D	määrsõna	19	
astuma	astuma	astu	['astu']	ma	ma	V	tegusõna	19	
ning	ning	ning	['ning']		0	J	sidesõna	19	
mitte	mitte	mitte	['mitte']		0	D	määrsõna	19	
mingil	mingi	mingi	['mingi']	sg ad	l	P	asesõna	19	
juhul	juht	juht	['juht']	sg ad	l	S	nimisõna	19	
ärevalt	ärevalt	ärevalt	['ärevalt']		0	D	määrsõna	19	
ümberringi	ümberringi	ümber_ringi	['ümber', 'ringi']		0	D	määrsõna	19	
piiluma	piiluma	piilu	['piilu']	ma	ma	V	tegusõna	19	
,	,	,	[',']			Z	lausemärk	19	
sest	sest	sest	['sest']		0	J	sidesõna	19	
see	see	see	['see']	sg n	0	P	asesõna	19	
andvatki	andev	andev	['andev']	sg p	t	A	omadussõna algvõrre	19	
hirmule	hirm	hirm	['hirm']	sg all	le	S	nimisõna	19	
jõudu	jõud	jõud	['jõud']	sg p	0	S	nimisõna	19	
.	.	.	['.']			Z	lausemärk	19	
Kui	kui	kui	[['kui'], ['kui']]		0	D|J		19	
ta	tema	tema	['tema']	sg n	0	P	asesõna	19	
aga	aga	aga	['aga']		0	J	sidesõna	19	
endast	ise	ise	['ise']	sg el	st	P	asesõna	19	
jagu	jagu	jagu	['jagu']	sg n	0	S	nimisõna	19	
saab	saama	saa	['saa']	b	b	V	tegusõna	19	
,	,	,	[',']			Z	lausemärk	19	
ei	ei	ei	['ei']	neg	0	V	tegusõna	19	
saa	saama	saa	['saa']	o	0	V	tegusõna	19	
jälitajad	jälitaja	jälitaja	['jälitaja']	pl n	d	S	nimisõna	19	
talle	tema	tema	['tema']	sg all	lle	P	asesõna	19	
midagi	miski	miski	['miski']	sg p	dagi	P	asesõna	19	
teha	tegema	tege	['tege']	da	a	V	tegusõna	19	
.	.	.	['.']			Z	lausemärk	19	
Isegi	isegi	isegi	['isegi']		0	D	määrsõna	19	
,	,	,	[',']			Z	lausemärk	19	
kui	kui	kui	[['kui'], ['kui']]		0	D|J		19	
ta	tema	tema	['tema']	sg n	0	P	asesõna	19	
arvab	arvama	arva	['arva']	b	b	V	tegusõna	19	
,	,	,	[',']			Z	lausemärk	19	
et	et	et	['et']		0	J	sidesõna	19	
nad	tema	tema	['tema']	pl n	d	P	asesõna	19	
tal	tema	tema	['tema']	sg ad	l	P	asesõna	19	
täiesti	täiesti	täiesti	['täiesti']		0	D	määrsõna	19	
sabas	saba	saba	['saba']	sg in	s	S	nimisõna	19	
sörgivad	sörkima	sörki	['sörki']	vad	vad	V	tegusõna	19	
.	.	.	['.']			Z	lausemärk	19	
Andra	Andra	Andra	['Andra']	sg n	0	H	pärisnimi	20	
oli	olema	ole	['ole']	s	i	V	tegusõna	20	
seda	see	see	['see']	sg p	da	P	asesõna	20	
kaua	kaua	kaua	['kaua']		0	D	määrsõna	20	
harjutanud	harjutama|harjutanud	harjuta|harjuta=nud	[['harjuta'], ['harjutanud'], ['harjutanud'], ['harjutanud']]	|nud|pl n|sg n	0|d|nud	A|V		20	
,	,	,	[',']			Z	lausemärk	20	
enne	enne	enne	['enne']		0	D	määrsõna	20	
kui	kui	kui	[['kui'], ['kui']]		0	D|J		20	
päriselt	päriselt	päriselt	['päriselt']		0	D	määrsõna	20	
välja	välja	välja	['välja']		0	D	määrsõna	20	
tulema	tulema	tule	['tule']	ma	ma	V	tegusõna	20	
hakkas	hakkama	hakka	['hakka']	s	s	V	tegusõna	20	
.	.	.	['.']			Z	lausemärk	20	
Sageli	sageli	sageli	['sageli']		0	D	määrsõna	20	
lõi	looma|lööma	loo|löö	[['loo'], ['löö']]	s	i	V	tegusõna	20	
hirmulaine	hirmulaine	hirmu_laine	['hirmu', 'laine']	sg g	0	S	nimisõna	20	
üle	üle	üle	['üle']		0	K	kaassõna	20	
pea	pea	pea	['pea']		0	D	määrsõna	20	
,	,	,	[',']			Z	lausemärk	20	
nii	nii	nii	['nii']		0	D	määrsõna	20	
et	et	et	['et']		0	J	sidesõna	20	
jalad	jalg	jalg	['jalg']	pl n	d	S	nimisõna	20	
hakkasid	hakkama	hakka	['hakka']	sid	sid	V	tegusõna	20	
iseenesest	iseenesest	ise_enesest	['ise', 'enesest']		0	D	määrsõna	20	
kiiremini	kiiremini	kiiremini	['kiiremini']		0	D	määrsõna	20	
käima	käima	käi	['käi']	ma	ma	V	tegusõna	20	
,	,	,	[',']			Z	lausemärk	20	
veel	veel	veel	['veel']		0	D	määrsõna	20	
hullem	hullem	hullem	['hullem']	sg n	0	C	omadussõna keskvõrre	20	
oli	olema	ole	['ole']	s	i	V	tegusõna	20	
,	,	,	[',']			Z	lausemärk	20	
kui	kui	kui	[['kui'], ['kui']]		0	D|J		20	
ta	tema	tema	['tema']	sg n	0	P	asesõna	20	
mõne	mõni	mõni	['mõni']	sg g	0	P	asesõna	20	
ootamatu	ootamatu	ootamatu	['ootamatu']	sg g	0	A	omadussõna algvõrre	20	
praksatuse	praksatus	praksatus	['praksatus']	sg g	0	S	nimisõna	20	
peale	peale	peale	['peale']		0	K	kaassõna	20	
kartlikult	kartlikult	kartlikult	['kartlikult']		0	D	määrsõna	20	
pead	pea	pea	['pea']	sg p	d	S	nimisõna	20	
pööras	pöörama	pööra	['pööra']	s	s	V	tegusõna	20	
.	.	.	['.']			Z	lausemärk	20	
Siis	siis	siis	['siis']		0	D	määrsõna	20	
päästsid	päästma	pääst	['pääst']	sid	sid	V	tegusõna	20	
ainult	ainult	ainult	['ainult']		0	D	määrsõna	20	
kiired	kiire	kiire	['kiire']	pl n	d	A	omadussõna algvõrre	20	
jalad	jalg	jalg	['jalg']	pl n	d	S	nimisõna	20	
,	,	,	[',']			Z	lausemärk	20	
sest	sest	sest	['sest']		0	J	sidesõna	20	
siis	siis	siis	['siis']		0	D	määrsõna	20	
ei	ei	ei	['ei']	neg	0	V	tegusõna	20	
suutnud	suutma|suutnud	suut|suut=nud	[['suut'], ['suutnud'], ['suutnud'], ['suutnud']]	|nud|pl n|sg n	0|d|nud	A|V		20	
hirmutulva	hirmutulv	hirmu_tulv	['hirmu', 'tulv']	sg g	0	S	nimisõna	20	
enam	enam	enam	['enam']		0	D	määrsõna	20	
miski	miski	miski	['miski']	sg n	0	P	asesõna	20	
peatada	peatama	peata	['peata']	da	da	V	tegusõna	20	
.	.	.	['.']			Z	lausemärk	20	
Kui	kui	kui	[['kui'], ['kui']]		0	D|J		21	
ta	tema	tema	['tema']	sg n	0	P	asesõna	21	
aga	aga	aga	['aga']		0	J	sidesõna	21	
lõpuks	lõpuks	lõpuks	['lõpuks']		0	D	määrsõna	21	
enesest	ise	ise	['ise']	sg el	st	P	asesõna	21	
jagu	jagu	jagu	['jagu']	sg p	0	S	nimisõna	21	
saama	saama	saa	['saa']	ma	ma	V	tegusõna	21	
hakkas	hakkama	hakka	['hakka']	s	s	V	tegusõna	21	
ja	ja	ja	['ja']		0	J	sidesõna	21	
kogu	kogu	kogu	['kogu']		0	A	omadussõna algvõrre	21	
pika	pikk	pikk	['pikk']	sg g	0	A	omadussõna algvõrre	21	
tee	tee	tee	['tee']	sg g	0	S	nimisõna	21	
rahulike	rahulik	rahulik	['rahulik']	pl g	e	A	omadussõna algvõrre	21	
mõõdetud	mõõdetud|mõõtma	mõõdetud|mõõt	[['mõõt'], ['mõõdetud'], ['mõõdetud'], ['mõõdetud']]	|pl n|sg n|tud	0|d|tud	A|V		21	
sammudega	samm	samm	['samm']	pl kom	dega	S	nimisõna	21	
maha	maha	maha	['maha']		0	D	määrsõna	21	
kõndida	kõndima	kõndi	['kõndi']	da	da	V	tegusõna	21	
suutis	suutma	suut	['suut']	s	is	V	tegusõna	21	
,	,	,	[',']			Z	lausemärk	21	
tundis	tundma	tund	['tund']	s	is	V	tegusõna	21	
ta	tema	tema	['tema']	sg n	0	P	asesõna	21	
ennast	ise	ise	['ise']	sg p	t	P	asesõna	21	
kangelasena	kangelane	kangelane	['kangelane']	sg es	na	S	nimisõna	21	
.	.	.	['.']			Z	lausemärk	21	
Ta	tema	tema	['tema']	sg n	0	P	asesõna	21	
ju	ju	ju	['ju']		0	D	määrsõna	21	
teadis	teadma	tead	['tead']	s	is	V	tegusõna	21	
,	,	,	[',']			Z	lausemärk	21	
et	et	et	['et']		0	J	sidesõna	21	
koletised	koletis	koletis	['koletis']	pl n	d	S	nimisõna	21	
on	olema	ole	[['ole'], ['ole']]	b|vad	0	V	tegusõna	21	
otse	otse	otse	['otse']		0	D	määrsõna	21	
ta	tema	tema	['tema']	sg g	0	P	asesõna	21	
selja	selg	selg	['selg']	sg g	0	S	nimisõna	21	
taga	taga	taga	['taga']		0	K	kaassõna	21	
,	,	,	[',']			Z	lausemärk	21	
sörgivad	sörkima	sörki	['sörki']	vad	vad	V	tegusõna	21	
seal	seal	seal	['seal']		0	D	määrsõna	21	
häbistatud	häbistama|häbistatud	häbista|häbistatud	[['häbista'], ['häbistatud'], ['häbistatud'], ['häbistatud']]	|pl n|sg n|tud	0|d|tud	A|V		21	
karjana	kari	kari	['kari']	sg es	na	S	nimisõna	21	
,	,	,	[',']			Z	lausemärk	21	
suutmata	suutma	suut	['suut']	mata	mata	V	tegusõna	21	
midagi	miski	miski	['miski']	sg p	dagi	P	asesõna	21	
teha	tegema	tege	['tege']	da	a	V	tegusõna	21	
.	.	.	['.']			Z	lausemärk	21	
Ta	tema	tema	['tema']	sg n	0	P	asesõna	21	
ei	ei	ei	['ei']	neg	0	V	tegusõna	21	
kavatsenudki	kavatsema	kavatse	['kavatse']	nud	nud	V	tegusõna	21	
kartlikult	kartlikult	kartlikult	['kartlikult']		0	D	määrsõna	21	
ringi	ringi	ringi	['ringi']		0	D	määrsõna	21	
vahtida	vahtima	vahti	['vahti']	da	da	V	tegusõna	21	
või	või	või	['või']		0	J	sidesõna	21	
samme	samm	samm	['samm']	pl p	e	S	nimisõna	21	
kiirendada	kiirendama	kiirenda	['kiirenda']	da	da	V	tegusõna	21	
—	-	-	['-']			Z	lausemärk	21	
just	just	just	[['just'], ['just']]		0	D|I		21	
tema	tema	tema	['tema']	sg g	0	P	asesõna	21	
hirm	hirm	hirm	['hirm']	sg n	0	S	nimisõna	21	
oli	olema	ole	['ole']	s	i	V	tegusõna	21	
see	see	see	['see']	sg n	0	P	asesõna	21	
,	,	,	[',']			Z	lausemärk	21	
millest	mis	mis	[['mis'], ['mis']]	pl el|sg el	st	P	asesõna	21	
kollid	koll	koll	['koll']	pl n	d	S	nimisõna	21	
toitu	toit	toit	['toit']	sg p	0	S	nimisõna	21	
said	saama	saa	['saa']	sid	id	V	tegusõna	21	
,	,	,	[',']			Z	lausemärk	21	
ning	ning	ning	['ning']		0	J	sidesõna	21	
tal	tema	tema	['tema']	sg ad	l	P	asesõna	21	
oli	olema	ole	['ole']	s	i	V	tegusõna	21	
kindel	kindel	kindel	['kindel']	sg n	0	A	omadussõna algvõrre	21	
plaan	plaan	plaan	['plaan']	sg n	0	S	nimisõna	21	
neid	tema	tema	['tema']	pl p	d	P	asesõna	21	
edaspidi	edaspidi	edas_pidi	['edas', 'pidi']		0	D	määrsõna	21	
näljas	nälg	nälg	['nälg']	sg in	s	S	nimisõna	21	
hoida	hoidma	hoid	['hoid']	da	a	V	tegusõna	21	
.	.	.	['.']			Z	lausemärk	21	
Nii	nii	nii	['nii']		0	D	määrsõna	22	
oli	olema	ole	['ole']	s	i	V	tegusõna	22	
ka	ka	ka	['ka']		0	D	määrsõna	22	
nüüd	nüüd	nüüd	['nüüd']		0	D	määrsõna	22	
:	:	:	[':']			Z	lausemärk	22	
ta	tema	tema	['tema']	sg n	0	P	asesõna	22	
sundis	sundima	sundi	['sundi']	s	s	V	tegusõna	22	
käed	käsi	käsi	['käsi']	pl n	d	S	nimisõna	22	
rahulikuks	rahulik	rahulik	['rahulik']	sg tr	ks	A	omadussõna algvõrre	22	
ja	ja	ja	['ja']		0	J	sidesõna	22	
valis	valima	vali	['vali']	s	s	V	tegusõna	22	
rahakoti	rahakott	raha_kott	['raha', 'kott']	sg g	0	S	nimisõna	22	
vahelt	vahelt	vahelt	['vahelt']		0	K	kaassõna	22	
hoolikalt	hoolikalt	hoolikalt	['hoolikalt']		0	D	määrsõna	22	
välja	välja	välja	['välja']		0	D	määrsõna	22	
täpse	täpne	täpne	['täpne']	sg g	0	A	omadussõna algvõrre	22	
arvu	arv	arv	['arv']	sg g	0	S	nimisõna	22	
kupüüre	kupüür	kupüür	['kupüür']	pl p	e	S	nimisõna	22	
,	,	,	[',']			Z	lausemärk	22	
koputas	koputama	koputa	['koputa']	s	s	V	tegusõna	22	
need	see	see	['see']	pl n	d	P	asesõna	22	
siis	siis	siis	['siis']		0	D	määrsõna	22	
korralikuks	korralik	korralik	['korralik']	sg tr	ks	A	omadussõna algvõrre	22	
virnaks	virn	virn	['virn']	sg tr	ks	S	nimisõna	22	
kokku	kokku	kokku	['kokku']		0	D	määrsõna	22	
ning	ning	ning	['ning']		0	J	sidesõna	22	
asetas	asetama	aseta	['aseta']	s	s	V	tegusõna	22	
letile	lett	lett	['lett']	sg all	le	S	nimisõna	22	
.	.	.	['.']			Z	lausemärk	22	
Tõmbetuul	tõmbetuul	tõmbe_tuul	['tõmbe', 'tuul']	sg n	0	S	nimisõna	22	
hingas	hingama	hinga	['hinga']	s	s	V	tegusõna	22	
ta	tema	tema	['tema']	sg g	0	P	asesõna	22	
kuklas	kukal	kukal	['kukal']	sg in	s	S	nimisõna	22	
nagu	nagu	nagu	[['nagu'], ['nagu']]		0	D|J		22	
elusolend	elusolend	elus_olend	['elus', 'olend']	sg n	0	S	nimisõna	22	
,	,	,	[',']			Z	lausemärk	22	
kuid	kuid	kuid	['kuid']		0	J	sidesõna	22	
ta	tema	tema	['tema']	sg n	0	P	asesõna	22	
ei	ei	ei	['ei']	neg	0	V	tegusõna	22	
lasknud	laskma|lasknud	lask|lask=nud	[['lask'], ['lasknud'], ['lasknud'], ['lasknud']]	|nud|pl n|sg n	0|d|nud	A|V		22	
ennast	ise	ise	['ise']	sg p	t	P	asesõna	22	
eksitada	eksitama	eksita	['eksita']	da	da	V	tegusõna	22	
.	.	.	['.']			Z	lausemärk	22	
Rahulikult	rahulikult	rahulikult	['rahulikult']		0	D	määrsõna	22	
kritseldas	kritseldama	kritselda	['kritselda']	s	s	V	tegusõna	22	
ta	tema	tema	['tema']	sg n	0	P	asesõna	22	
väikese	väike|väikene	väike|väikene	[['väike'], ['väikene']]	sg g	0	A	omadussõna algvõrre	22	
kirjakese	kirjake	kirjake	['kirjake']	sg g	0	S	nimisõna	22	
,	,	,	[',']			Z	lausemärk	22	
mis	mis	mis	[['mis'], ['mis']]	pl n|sg n	0	P	asesõna	22	
seletas	seletama	seleta	['seleta']	s	s	V	tegusõna	22	
,	,	,	[',']			Z	lausemärk	22	
mille	mis	mis	[['mis'], ['mis']]	pl g|sg g	0	P	asesõna	22	
eest	eest	eest	['eest']		0	K	kaassõna	22	
raha	raha	raha	['raha']	sg n	0	S	nimisõna	22	
on	olema	ole	[['ole'], ['ole']]	b|vad	0	V	tegusõna	22	
jäetud	jäetud|jätma	jäe=tud|jät	[['jäetud'], ['jäetud'], ['jäetud'], ['jät']]	|pl n|sg n|tud	0|d|tud	A|V		22	
,	,	,	[',']			Z	lausemärk	22	
pani	panema	pane	['pane']	s	i	V	tegusõna	22	
pastaka	pastakas	pastakas	['pastakas']	sg g	0	S	nimisõna	22	
kotti	kott	kott	[['kott'], ['kott']]	pl p|sg p	0|i	S	nimisõna	22	
—	-	-	['-']			Z	lausemärk	22	
märkmiku	märkmik	märkmik	['märkmik']	sg g	0	S	nimisõna	22	
tagakaane	tagakaas	taga_kaas	['taga', 'kaas']	sg g	0	S	nimisõna	22	
külge	külge	külge	['külge']		0	K	kaassõna	22	
nahkaasakesse	nahkaasake	nahk_aasa=ke	['nahk', 'aasake']	adt	se	S	nimisõna	22	
—	-	-	['-']			Z	lausemärk	22	
ning	ning	ning	['ning']		0	J	sidesõna	22	
tõmbas	tõmbama	tõmba	['tõmba']	s	s	V	tegusõna	22	
kotiluku	kotilukk	koti_lukk	['koti', 'lukk']	sg g	0	S	nimisõna	22	
kinni	kinni	kinni	['kinni']		0	D	määrsõna	22	
.	.	.	['.']			Z	lausemärk	22	
Tuul	tuul	tuul	['tuul']	sg n	0	S	nimisõna	23	
mängis	mängima	mängi	['mängi']	s	s	V	tegusõna	23	
reklaamiplakatitega	reklaamiplakat	reklaami_plakat	['reklaami', 'plakat']	pl kom	tega	S	nimisõna	23	
,	,	,	[',']			Z	lausemärk	23	
pannes	panema	pane	['pane']	des	es	V	tegusõna	23	
need	see	see	['see']	pl n	d	P	asesõna	23	
plagisema	plagisema	plagise	['plagise']	ma	ma	V	tegusõna	23	
,	,	,	[',']			Z	lausemärk	23	
kuid	kuid	kuid	['kuid']		0	J	sidesõna	23	
Andra	Andra	Andra	['Andra']	sg n	0	H	pärisnimi	23	
ei	ei	ei	['ei']	neg	0	V	tegusõna	23	
pööranud	pöörama|pööranud	pööra|pööra=nud	[['pööra'], ['pööranud'], ['pööranud'], ['pööranud']]	|nud|pl n|sg n	0|d|nud	A|V		23	
pead	pea	pea	['pea']	sg p	d	S	nimisõna	23	
—	-	-	['-']			Z	lausemärk	23	
ta	tema	tema	['tema']	sg n	0	P	asesõna	23	
ju	ju	ju	['ju']		0	D	määrsõna	23	
teadis	teadma	tead	['tead']	s	is	V	tegusõna	23	
,	,	,	[',']			Z	lausemärk	23	
et	et	et	['et']		0	J	sidesõna	23	
seal	seal	seal	['seal']		0	D	määrsõna	23	
pole	olema	ole	['ole']	neg o	0	V	tegusõna	23	
kedagi	keegi	keegi	['keegi']	sg p	dagi	P	asesõna	23	
.	.	.	['.']			Z	lausemärk	23	
Rahulikult	rahulikult	rahulikult	['rahulikult']		0	D	määrsõna	23	
avas	avama	ava	['ava']	s	s	V	tegusõna	23	
ta	tema	tema	['tema']	sg n	0	P	asesõna	23	
ukse	uks	uks	['uks']	sg g	0	S	nimisõna	23	
ning	ning	ning	['ning']		0	J	sidesõna	23	
astus	astuma	astu	['astu']	s	s	V	tegusõna	23	
välja	välja	välja	['välja']		0	D	määrsõna	23	
.	.	.	['.']			Z	lausemärk	23	
Rahulikult	rahulikult	rahulikult	['rahulikult']		0	D	määrsõna	23	
sammus	sammuma	sammu	['sammu']	s	s	V	tegusõna	23	
ta	tema	tema	['tema']	sg n	0	P	asesõna	23	
auto	auto	auto	['auto']	sg g	0	S	nimisõna	23	
poole	poole	poole	['poole']		0	K	kaassõna	23	
...	...	...	['...']			Z	lausemärk	23	
Pingutusest	pingutus	pingutus	['pingutus']	sg el	st	S	nimisõna	23	
hakkasid	hakkama	hakka	['hakka']	sid	sid	V	tegusõna	23	
ta	tema	tema	['tema']	sg g	0	P	asesõna	23	
reielihased	reielihas	reie_lihas	['reie', 'lihas']	pl n	d	S	nimisõna	23	
värisema	värisema	värise	['värise']	ma	ma	V	tegusõna	23	
,	,	,	[',']			Z	lausemärk	23	
kuid	kuid	kuid	['kuid']		0	J	sidesõna	23	
ta	tema	tema	['tema']	sg n	0	P	asesõna	23	
astus	astuma	astu	['astu']	s	s	V	tegusõna	23	
väga	väga	väga	['väga']		0	D	määrsõna	23	
rahulike	rahulik	rahulik	['rahulik']	pl g	e	A	omadussõna algvõrre	23	
ja	ja	ja	['ja']		0	J	sidesõna	23	
mõõdetud	mõõdetud|mõõtma	mõõdetud|mõõt	[['mõõt'], ['mõõdetud'], ['mõõdetud'], ['mõõdetud']]	|pl n|sg n|tud	0|d|tud	A|V		23	
sammudega	samm	samm	['samm']	pl kom	dega	S	nimisõna	23	
edasi	edasi	edasi	['edasi']		0	D	määrsõna	23	
.	.	.	['.']			Z	lausemärk	23	
Arutule	arutu	arutu	['arutu']	sg all	le	A	omadussõna algvõrre	23	
paanikale	paanika	paanika	['paanika']	sg all	le	S	nimisõna	23	
EI	ei	ei	['ei']	neg	0	V	tegusõna	23	
TOHTINUD	tohtima|tohtinud	tohti|tohti=nud	[['tohti'], ['tohtinud'], ['tohtinud'], ['tohtinud']]	|nud|pl n|sg n	0|d|nud	A|V		23	
voli	voli	voli	['voli']	sg p	0	S	nimisõna	23	
anda	andma	and	['and']	da	a	V	tegusõna	23	
.	.	.	['.']			Z	lausemärk	23	
See	see	see	['see']	sg n	0	P	asesõna	23	
oli	olema	ole	['ole']	s	i	V	tegusõna	23	
tõmbetuul	tõmbetuul	tõmbe_tuul	['tõmbe', 'tuul']	sg n	0	S	nimisõna	23	
.	.	.	['.']			Z	lausemärk	23	
Keegi	keegi	keegi	['keegi']	sg n	0	P	asesõna	23	
ei	ei	ei	['ei']	neg	0	V	tegusõna	23	
hinganud	hingama|hinganud	hinga|hinga=nud	[['hinga'], ['hinganud'], ['hinganud'], ['hinganud']]	|nud|pl n|sg n	0|d|nud	A|V		23	
talle	tema	tema	['tema']	sg all	lle	P	asesõna	23	
kuklasse	kukal|kuklane	kukal|kuklane	[['kuklane'], ['kukal']]	adt|sg ill	se|sse	S	nimisõna	23	
.	.	.	['.']			Z	lausemärk	23	
Ta	tema	tema	['tema']	sg n	0	P	asesõna	23	
oli	olema	ole	['ole']	s	i	V	tegusõna	23	
seal	seal	seal	['seal']		0	D	määrsõna	23	
täiesti	täiesti	täiesti	['täiesti']		0	D	määrsõna	23	
üksi	üksi	üksi	['üksi']		0	D	määrsõna	23	
.	.	.	['.']			Z	lausemärk	23	
Täiesti	täiesti	täiesti	['täiesti']		0	D	määrsõna	23	
turvaliselt	turvaliselt	turvaliselt	['turvaliselt']		0	D	määrsõna	23	
üksi	üksi	üksi	['üksi']		0	D	määrsõna	23	
.	.	.	['.']			Z	lausemärk	23	
Sealsamas	sealsamas	seal_samas	['seal', 'samas']		0	D	määrsõna	23	
seisab	seisma	seis	['seis']	b	b	V	tegusõna	23	
ta	tema	tema	['tema']	sg g	0	P	asesõna	23	
auto	auto	auto	['auto']	sg n	0	S	nimisõna	23	
.	.	.	['.']			Z	lausemärk	23	
Aeglaselt	aeglaselt	aeglaselt	['aeglaselt']		0	D	määrsõna	23	
võtab	võtma	võt	['võt']	b	b	V	tegusõna	23	
ta	tema	tema	['tema']	sg g	0	P	asesõna	23	
võtmed	võti	võti	['võti']	pl n	d	S	nimisõna	23	
taskust	tasku	tasku	['tasku']	sg el	st	S	nimisõna	23	
välja	välja	välja	['välja']		0	D	määrsõna	23	
,	,	,	[',']			Z	lausemärk	23	
avab	avama	ava	['ava']	b	b	V	tegusõna	23	
ukse	uks	uks	['uks']	sg g	0	S	nimisõna	23	
ning	ning	ning	['ning']		0	J	sidesõna	23	
istub	istuma	istu	['istu']	b	b	V	tegusõna	23	
sisse	sisse	sisse	['sisse']		0	D	määrsõna	23	
.	.	.	['.']			Z	lausemärk	23	
Rahulikult	rahulikult	rahulikult	['rahulikult']		0	D	määrsõna	23	
keerab	keerama	keera	['keera']	b	b	V	tegusõna	23	
ta	tema	tema	['tema']	sg n	0	P	asesõna	23	
süüte	süüde	süüde	['süüde']	sg g	0	S	nimisõna	23	
sisse	sisse	sisse	['sisse']		0	K	kaassõna	23	
...	...	...	['...']			Z	lausemärk	23	
Mootori	mootor	mootor	['mootor']	sg g	0	S	nimisõna	24	
vaikne	vaikne	vaikne	['vaikne']	sg n	0	A	omadussõna algvõrre	24	
surin	surin	surin	['surin']	sg n	0	S	nimisõna	24	
,	,	,	[',']			Z	lausemärk	24	
monotoonne	monotoonne	monotoonne	['monotoonne']	sg n	0	A	omadussõna algvõrre	24	
,	,	,	[',']			Z	lausemärk	24	
ootuspärane	ootuspärane	ootus_pärane	['ootus', 'pärane']	sg n	0	A	omadussõna algvõrre	24	
heli	heli	heli	['heli']	sg n	0	S	nimisõna	24	
,	,	,	[',']			Z	lausemärk	24	
mõjus	mõjuma	mõju	['mõju']	s	s	V	tegusõna	24	
turvaliselt	turvaliselt	turvaliselt	['turvaliselt']		0	D	määrsõna	24	
ning	ning	ning	['ning']		0	J	sidesõna	24	
paanikaängistus	paanikaängistus	paanika_ängistus	['paanika', 'ängistus']	sg n	0	S	nimisõna	24	
hakkas	hakkama	hakka	['hakka']	s	s	V	tegusõna	24	
tasakesi	tasakesi	tasakesi	['tasakesi']		0	D	määrsõna	24	
leevenema	leevenema	leevene	['leevene']	ma	ma	V	tegusõna	24	
.	.	.	['.']			Z	lausemärk	24	
Ta	tema	tema	['tema']	sg n	0	P	asesõna	24	
lükkas	lükkama	lükka	['lükka']	s	s	V	tegusõna	24	
käsipiduri	käsipidur	käsi_pidur	['käsi', 'pidur']	sg g	0	S	nimisõna	24	
maha	maha	maha	['maha']		0	D	määrsõna	24	
,	,	,	[',']			Z	lausemärk	24	
pani	panema	pane	['pane']	s	i	V	tegusõna	24	
käigu	käik	käik	['käik']	sg g	0	S	nimisõna	24	
sisse	sisse	sisse	['sisse']		0	D	määrsõna	24	
ja	ja	ja	['ja']		0	J	sidesõna	24	
vajutas	vajutama	vajuta	['vajuta']	s	s	V	tegusõna	24	
gaasipedaalile	gaasipedaal	gaasi_pedaal	['gaasi', 'pedaal']	sg all	le	S	nimisõna	24	
—	-	-	['-']			Z	lausemärk	24	
harjumuslikud	harjumuslik	harjumuslik	['harjumuslik']	pl n	d	A	omadussõna algvõrre	24	
turvalised	turvaline	turvaline	['turvaline']	pl n	d	A	omadussõna algvõrre	24	
tuttavad	tuttav	tuttav	['tuttav']	pl n	d	A	omadussõna algvõrre	24	
liigutused	liigutus	liigutus	['liigutus']	pl n	d	S	nimisõna	24	
.	.	.	['.']			Z	lausemärk	24	
Krambis	kramp	kramp	['kramp']	sg in	s	S	nimisõna	24	
kaelalihased	kaelalihas	kaela_lihas	['kaela', 'lihas']	pl n	d	S	nimisõna	24	
lõtvusid	lõtvuma	lõtvu	['lõtvu']	sid	sid	V	tegusõna	24	
ja	ja	ja	['ja']		0	J	sidesõna	24	
kurgust	kurk	kurk	['kurk']	sg el	st	S	nimisõna	24	
kadus	kaduma	kadu	['kadu']	s	s	V	tegusõna	24	
hirmu	hirm	hirm	['hirm']	sg p	0	S	nimisõna	24	
metalne	metalne	metalne	['metalne']	sg n	0	A	omadussõna algvõrre	24	
maitse	maitse	maitse	['maitse']	sg n	0	S	nimisõna	24	
.	.	.	['.']			Z	lausemärk	24	
Kergendusega	kergendus	kergendus	['kergendus']	sg kom	ga	S	nimisõna	24	
,	,	,	[',']			Z	lausemärk	24	
kuid	kuid	kuid	['kuid']		0	J	sidesõna	24	
sõitu	sõit	sõit	['sõit']	sg p	0	S	nimisõna	24	
vaid	vaid	vaid	['vaid']		0	D	määrsõna	24	
hästi	hästi	hästi	['hästi']		0	D	määrsõna	24	
sujuvalt	sujuvalt	sujuvalt	['sujuvalt']		0	D	määrsõna	24	
kiirendades	kiirendama	kiirenda	['kiirenda']	des	des	V	tegusõna	24	
heitis	heitma	heit	['heit']	s	is	V	tegusõna	24	
Andra	Andra	Andra	['Andra']	sg n	0	H	pärisnimi	24	
peeglist	peegel	peegel	['peegel']	sg el	st	S	nimisõna	24	
pilgu	pilk	pilk	['pilk']	sg g	0	S	nimisõna	24	
kõhedusttekitava	kõhedusttekitav	kõhedus+t_tekitav	['kõhedust', 'tekitav']	sg g	0	A	omadussõna algvõrre	24	
""""	""""	""""	"['""']"			Z	lausemärk	24	
Texaco	Texaco	Texaco	['Texaco']	sg g	0	H	pärisnimi	24	
""""	""""	""""	"['""']"			Z	lausemärk	24	
kaugenevatele	kaugenev	kaugenev	['kaugenev']	pl all	tele	A	omadussõna algvõrre	24	
tuledele	tuli	tuli	['tuli']	pl all	dele	S	nimisõna	24	
.	.	.	['.']			Z	lausemärk	24	
Korraga	korraga	korraga	['korraga']		0	D	määrsõna	25	
vajutas	vajutama	vajuta	['vajuta']	s	s	V	tegusõna	25	
ta	tema	tema	['tema']	sg g	0	P	asesõna	25	
gaasi	gaas	gaas	['gaas']	sg p	0	S	nimisõna	25	
.	.	.	['.']			Z	lausemärk	25	
Põhja	põhi	põhi	['põhi']	sg g	0	S	nimisõna	25	
.	.	.	['.']			Z	lausemärk	25	
Seal	seal	seal	['seal']		0	D	määrsõna	26	
,	,	,	[',']			Z	lausemärk	26	
kus	kus	kus	['kus']		0	D	määrsõna	26	
oleks	olema	ole	['ole']	ks	ks	V	tegusõna	26	
pidanud	pidama|pidanud	pida|pida=nud	[['pida'], ['pidanud'], ['pidanud'], ['pidanud']]	|nud|pl n|sg n	0|d|nud	A|V		26	
särama	särama	sära	['sära']	ma	ma	V	tegusõna	26	
""""	""""	""""	"['""']"			Z	lausemärk	26	
Texaco	Texaco	Texaco	['Texaco']	sg g	0	H	pärisnimi	26	
""""	""""	""""	"['""']"			Z	lausemärk	26	
tibukollane	tibukollane	tibu_kollane	['tibu', 'kollane']	sg n	0	A	omadussõna algvõrre	26	
valgusoaas	valgusoaas	valgus_oaas	['valgus', 'oaas']	sg n	0	S	nimisõna	26	
ning	ning	ning	['ning']		0	J	sidesõna	26	
mõned	mõni	mõni	['mõni']	pl n	d	P	asesõna	26	
magavad	magama	maga	['maga']	vad	vad	V	tegusõna	26	
majad	maja	maja	['maja']	pl n	d	S	nimisõna	26	
,	,	,	[',']			Z	lausemärk	26	
paistis	paistma	paist	['paist']	s	is	V	tegusõna	26	
pimedusse	pimedus	pimedus	['pimedus']	adt	se	S	nimisõna	26	
uppuv	uppuv	uppuv	['uppuv']	sg n	0	A	omadussõna algvõrre	26	
väike	väike	väike	['väike']	sg n	0	A	omadussõna algvõrre	26	
lagunev	lagunev	lagunev	['lagunev']	sg n	0	A	omadussõna algvõrre	26	
kabel	kabel	kabel	['kabel']	sg n	0	S	nimisõna	26	
,	,	,	[',']			Z	lausemärk	26	
ümbritsetuna	ümbritsetu	ümbritse=tu	['ümbritsetu']	sg es	na	S	nimisõna	26	
vanadest	vana	vana	['vana']	pl el	dest	A	omadussõna algvõrre	26	
viltuvajunud	viltuvajunud	viltu_vaju=nud	[['viltu', 'vajunud'], ['viltu', 'vajunud'], ['viltu', 'vajunud']]	|pl n|sg n	0|d	A	omadussõna algvõrre	26	
raudristidest	raudrist	raud_rist	['raud', 'rist']	pl el	dest	S	nimisõna	26	
.	.	.	['.']			Z	lausemärk	26	
Valge	valge	valge	['valge']	sg n	0	A	omadussõna algvõrre	26	
udu	udu	udu	['udu']	sg n	0	S	nimisõna	26	
taustal	taust	taust	['taust']	sg ad	l	S	nimisõna	26	
paistsid	paistma	paist	['paist']	sid	sid	V	tegusõna	26	
need	see	see	['see']	pl n	d	P	asesõna	26	
eriti	eriti	eriti	['eriti']		0	D	määrsõna	26	
selgelt	selgelt	selgelt	['selgelt']		0	D	määrsõna	26	
.	.	.	['.']			Z	lausemärk	26	
Lahtilendav	lahtilendav	lahti_lenda=v	['lahti', 'lendav']	sg n	0	A	omadussõna algvõrre	26	
raudvärav	raudvärav	raud_värav	['raud', 'värav']	sg n	0	S	nimisõna	26	
tõi	tooma	too	['too']	s	i	V	tegusõna	26	
kuuldavale	kuuldav	kuuldav	['kuuldav']	sg all	le	A	omadussõna algvõrre	26	
luusselõikava	luusselõikav	luu+sse_lõikav	['luusse', 'lõikav']	sg g	0	A	omadussõna algvõrre	26	
kriiksatuse	kriiksatus	kriiksatus	['kriiksatus']	sg g	0	S	nimisõna	26	
.	.	.	['.']			Z	lausemärk	26	
Vana	vana	vana	['vana']	sg n	0	A	omadussõna algvõrre	27	
Honda	Honda	Honda	['Honda']	sg n	0	H	pärisnimi	27	
lendas	lendama	lenda	['lenda']	s	s	V	tegusõna	27	
maanteele	maantee	maan_tee	['maan', 'tee']	sg all	le	S	nimisõna	27	
nii	nii	nii	['nii']		0	D	määrsõna	27	
kiiresti	kiiresti	kiiresti	['kiiresti']		0	D	määrsõna	27	
,	,	,	[',']			Z	lausemärk	27	
kui	kui	kui	[['kui'], ['kui']]		0	D|J		27	
ta	tema	tema	['tema']	sg g	0	P	asesõna	27	
pooleteistliitrine	pooleteistliitrine	pooleteist_liitrine	['pooleteist', 'liitrine']	sg n	0	A	omadussõna algvõrre	27	
mootor	mootor	mootor	['mootor']	sg n	0	S	nimisõna	27	
lubas	lubama	luba	['luba']	s	s	V	tegusõna	27	
.	.	.	['.']			Z	lausemärk	27	
""""	""""	""""	"['""']"			Z	lausemärk	27	
Püha	püha	püha	['püha']	sg n	0	A	omadussõna algvõrre	27	
jumal	jumal	jumal	['jumal']	sg n	0	S	nimisõna	27	
!	!	!	['!']			Z	lausemärk	27	
Püha	püha	püha	['püha']	sg n	0	A	omadussõna algvõrre	27	
jumal	jumal	jumal	['jumal']	sg n	0	S	nimisõna	27	
!	!	!	['!']			Z	lausemärk	27	
""""	""""	""""	"['""']"			Z	lausemärk	27	
habises	habisema	habise	['habise']	s	s	V	tegusõna	27	
Andra	Andra	Andra	['Andra']	sg n	0	H	pärisnimi	27	
ja	ja	ja	['ja']		0	J	sidesõna	27	
kihutas	kihutama	kihuta	['kihuta']	s	s	V	tegusõna	27	
kaelamurdval	kaelamurdev	kaela_murdev	['kaela', 'murdev']	sg ad	l	A	omadussõna algvõrre	27	
kiirusel	kiirus	kiirus	['kiirus']	sg ad	l	S	nimisõna	27	
edasi	edasi	edasi	['edasi']		0	D	määrsõna	27	
.	.	.	['.']			Z	lausemärk	27	
Pilk	pilk	pilk	['pilk']	sg n	0	S	nimisõna	27	
riivas	riivama	riiva	['riiva']	s	s	V	tegusõna	27	
veelkord	veelkord	veel_kord	['veel', 'kord']		0	D	määrsõna	27	
—	-	-	['-']			Z	lausemärk	27	
kõigest	kõik	kõik	['kõik']	sg el	st	P	asesõna	27	
autojuhi	autojuht	auto_juht	['auto', 'juht']	sg g	0	S	nimisõna	27	
alateadlik	alateadlik	ala_teadlik	['ala', 'teadlik']	sg n	0	A	omadussõna algvõrre	27	
liigutus	liigutus	liigutus	['liigutus']	sg n	0	S	nimisõna	27	
—	-	-	['-']			Z	lausemärk	27	
tahavaatepeeglit	tahavaatepeegel	taha_vaate_peegel	['taha', 'vaate', 'peegel']	sg p	t	S	nimisõna	27	
ning	ning	ning	['ning']		0	J	sidesõna	27	
ta	tema	tema	['tema']	sg n	0	P	asesõna	27	
nägi	nägema	näge	['näge']	s	i	V	tegusõna	27	
...	...	...	['...']			Z	lausemärk	27	
Ta	tema	tema	['tema']	sg n	0	P	asesõna	27	
poleks	olema	ole	['ole']	neg ks	ks	V	tegusõna	27	
iial	iial	iial	['iial']		0	D	määrsõna	27	
tohtinud	tohtima|tohtinud	tohti|tohti=nud	[['tohti'], ['tohtinud'], ['tohtinud'], ['tohtinud']]	|nud|pl n|sg n	0|d|nud	A|V		27	
selja	selg	selg	['selg']	sg g	0	S	nimisõna	27	
taha	taha	taha	['taha']		0	K	kaassõna	27	
vaadata	vaatama	vaata	['vaata']	da	ta	V	tegusõna	27	
.	.	.	['.']			Z	lausemärk	27	
Mitte	mitte	mitte	['mitte']		0	D	määrsõna	27	
iialgi	iialgi	iialgi	['iialgi']		0	D	määrsõna	27	
.	.	.	['.']			Z	lausemärk	27	
Kümne	kümme	kümme	['kümme']	sg g	0	N	põhiarvsõna	28	
hirmust	hirm	hirm	['hirm']	sg el	st	S	nimisõna	28	
hullunud	hulluma|hullunud	hullu|hullu=nud	[['hullu'], ['hullunud'], ['hullunud'], ['hullunud']]	|nud|pl n|sg n	0|d|nud	A|V		28	
sekundi	sekund	sekund	[['sekund'], ['sekund']]	sg g	0	S	nimisõna	28	
pärast	pärast	pärast	['pärast']		0	K	kaassõna	28	
sai	saama	saa	['saa']	s	i	V	tegusõna	28	
bensiinipaak	bensiinipaak	bensiini_paak	['bensiini', 'paak']	sg n	0	S	nimisõna	28	
tühjaks	tühi	tühi	['tühi']	sg tr	ks	A	omadussõna algvõrre	28	
.	.	.	['.']			Z	lausemärk	28	
Andra	Andra	Andra	['Andra']	sg n	0	H	pärisnimi	28	
rebis	rebima	rebi	['rebi']	s	s	V	tegusõna	28	
reetliku	reetlik	reetlik	['reetlik']	sg g	0	A	omadussõna algvõrre	28	
tahavaatepeegli	tahavaatepeegel	taha_vaate_peegel	['taha', 'vaate', 'peegel']	sg g	0	S	nimisõna	28	
eest	eest	eest	['eest']		0	K	kaassõna	28	
ja	ja	ja	['ja']		0	J	sidesõna	28	
virutas	virutama	viruta	['viruta']	s	s	V	tegusõna	28	
autopõrandale	autopõrand	auto_põrand	['auto', 'põrand']	sg all	le	S	nimisõna	28	
,	,	,	[',']			Z	lausemärk	28	
kuid	kuid	kuid	['kuid']		0	J	sidesõna	28	
see	see	see	['see']	sg n	0	P	asesõna	28	
oli	olema	ole	['ole']	s	i	V	tegusõna	28	
asjatu	asjatu	asjatu	['asjatu']	sg n	0	A	omadussõna algvõrre	28	
.	.	.	['.']			Z	lausemärk	28	
Kabuhirm	kabuhirm	kabu_hirm	['kabu', 'hirm']	sg n	0	S	nimisõna	28	
oli	olema	ole	['ole']	s	i	V	tegusõna	28	
juba	juba	juba	['juba']		0	D	määrsõna	28	
sündinud	sündima|sündinud	sündi|sündinud	[['sündi'], ['sündinud'], ['sündinud'], ['sündinud']]	|nud|pl n|sg n	0|d|nud	A|V		28	
.	.	.	['.']			Z	lausemärk	28	
Koletised	koletis	koletis	['koletis']	pl n	d	S	nimisõna	28	
,	,	,	[',']			Z	lausemärk	28	
keda	kes	kes	[['kes'], ['kes']]	pl p|sg p	da	P	asesõna	28	
ta	tema	tema	['tema']	sg n	0	P	asesõna	28	
nii	nii	nii	['nii']		0	D	määrsõna	28	
kaua	kaua	kaua	['kaua']		0	D	määrsõna	28	
oli	olema	ole	['ole']	s	i	V	tegusõna	28	
näljas	nälg	nälg	['nälg']	sg in	s	S	nimisõna	28	
hoidnud	hoidma|hoidnud	hoid|hoid=nud	[['hoid'], ['hoidnud'], ['hoidnud'], ['hoidnud']]	|nud|pl n|sg n	0|d|nud	A|V		28	
,	,	,	[',']			Z	lausemärk	28	
olid	olema	ole	['ole']	sid	id	V	tegusõna	28	
ta	tema	tema	['tema']	sg n	0	P	asesõna	28	
lõpuks	lõpuks	lõpuks	['lõpuks']		0	D	määrsõna	28	
siiski	siiski	siiski	['siiski']		0	D	määrsõna	28	
kätte	käsi	käsi	['käsi']	adt	tte	S	nimisõna	28	
saanud	saama|saanud	saa|saa=nud	[['saa'], ['saanud'], ['saanud'], ['saanud']]	|nud|pl n|sg n	0|d|nud	A|V		28	
.	.	.	['.']			Z	lausemärk	28	
Joosta	jooksma	jooks	['jooks']	da	ta	V	tegusõna	28	
ei	ei	ei	['ei']	neg	0	V	tegusõna	28	
jaksanud	jaksama|jaksanud	jaksa|jaksa=nud	[['jaksa'], ['jaksanud'], ['jaksanud'], ['jaksanud']]	|nud|pl n|sg n	0|d|nud	A|V		28	
ta	tema	tema	['tema']	sg n	0	P	asesõna	28	
ammugi	ammugi	ammugi	['ammugi']		0	D	määrsõna	28	
enam	enam	enam	['enam']		0	D	määrsõna	28	
nii	nii	nii	['nii']		0	D	määrsõna	28	
kiiresti	kiiresti	kiiresti	['kiiresti']		0	D	määrsõna	28	
kui	kui	kui	[['kui'], ['kui']]		0	D|J		28	
kunagi	kunagi	kunagi	['kunagi']		0	D	määrsõna	28	
tüdrukuna	tüdruk	tüdruk	['tüdruk']	sg es	na	S	nimisõna	28	
.	.	.	['.']			Z	lausemärk	28	
