word_texts	lemmas	roots	root_tokens	forms	endings	postags	postag_descriptions	par_nr	head
Doonorelundid	doonorelund	doonor_elund	['doonor', 'elund']	pl n	d	S	nimisõna	1	 Doonorelundid 
Maniakkide	maniakk	maniakk	['maniakk']	pl g	de	S	nimisõna	2	
Tänav	tänav	tänav	['tänav']	sg n	0	S	nimisõna	2	
August	August	August	['August']	sg n	0	H	pärisnimi	3	
oli	olema	ole	['ole']	s	i	V	tegusõna	3	
juba	juba	juba	['juba']		0	D	määrsõna	3	
pea	pea	pea	['pea']		0	D	määrsõna	3	
täielikult	täielikult	täielikult	['täielikult']		0	D	määrsõna	3	
paranenud	paranema|paranenud	parane|paranenud	[['parane'], ['paranenud'], ['paranenud'], ['paranenud']]	|nud|pl n|sg n	0|d|nud	A|V		3	
ja	ja	ja	['ja']		0	J	sidesõna	3	
pidi	pidama	pida	['pida']	s	i	V	tegusõna	3	
peagi	peagi	peagi	['peagi']		0	D	määrsõna	3	
haiglast	haigla	haigla	['haigla']	sg el	st	S	nimisõna	3	
koju	kodu	kodu	['kodu']	adt	0	S	nimisõna	3	
saama	saama	saa	['saa']	ma	ma	V	tegusõna	3	
.	.	.	['.']			Z	lausemärk	3	
""""	""""	""""	"['""']"			Z	lausemärk	4	
Polegi	olema	ole	['ole']	neg o	0	V	tegusõna	4	
need	see	see	['see']	pl n	d	P	asesõna	4	
Jõgeva	Jõgeva	Jõgeva	['Jõgeva']	sg g	0	H	pärisnimi	4	
arstid	arst	arst	['arst']	pl n	d	S	nimisõna	4	
need	see	see	['see']	pl n	d	P	asesõna	4	
kõige	kõige	kõige	['kõige']		0	D	määrsõna	4	
hullemad	hullem	hullem	['hullem']	pl n	d	C	omadussõna keskvõrre	4	
,	,	,	[',']			Z	lausemärk	4	
""""	""""	""""	"['""']"			Z	lausemärk	4	
mõlgutas	mõlgutama	mõlguta	['mõlguta']	s	s	V	tegusõna	4	
ta	tema	tema	['tema']	sg n	0	P	asesõna	4	
.	.	.	['.']			Z	lausemärk	4	
""""	""""	""""	"['""']"			Z	lausemärk	4	
Mis	mis	mis	[['mis'], ['mis']]	pl n|sg n	0	P	asesõna	4	
tost	too	too	['too']	sg el	st	P	asesõna	4	
,	,	,	[',']			Z	lausemärk	4	
et	et	et	['et']		0	J	sidesõna	4	
nende	tema	tema	['tema']	pl g	de	P	asesõna	4	
valediagnoosidest	valediagnoos	vale_diagnoos	['vale', 'diagnoos']	pl el	dest	S	nimisõna	4	
imelikest	imelik	imelik	['imelik']	pl el	est	A	omadussõna algvõrre	4	
ravivõtetest	ravivõte	ravi_võte	['ravi', 'võte']	pl el	test	S	nimisõna	4	
linna	linn	linn	['linn']	sg g	0	S	nimisõna	4	
peal	peal	peal	['peal']		0	K	kaassõna	4	
hirmu-	hirm	hirm	['hirm']	sg g	0	S	nimisõna	4	
ja	ja	ja	['ja']		0	J	sidesõna	4	
õudusejutte	õudusejutt	õuduse_jutt	['õuduse', 'jutt']	pl p	e	S	nimisõna	4	
räägitakse	rääkima	rääki	['rääki']	takse	takse	V	tegusõna	4	
.	.	.	['.']			Z	lausemärk	4	
""""	""""	""""	"['""']"			Z	lausemärk	4	
Raadiokell	raadiokell	raadio_kell	['raadio', 'kell']	sg n	0	S	nimisõna	5	
piiksus	piiksuma	piiksu	['piiksu']	s	s	V	tegusõna	5	
üheksa	üheksa	üheksa	['üheksa']	sg n	0	N	põhiarvsõna	5	
ning	ning	ning	['ning']		0	J	sidesõna	5	
justkui	justkui	just_kui	[['just', 'kui'], ['just', 'kui']]		0	D|J		5	
sellele	see	see	['see']	sg all	le	P	asesõna	5	
rihitult	rihitu	rihi=tu	['rihitu']	sg abl	lt	S	nimisõna	5	
lükati	lükkama	lükka	['lükka']	ti	ti	V	tegusõna	5	
varbad	varvas	varvas	['varvas']	pl n	d	S	nimisõna	5	
ees	ees	ees	['ees']		0	K	kaassõna	5	
palatisse	palat	palat	['palat']	sg ill	sse	S	nimisõna	5	
uus	uus	uus	['uus']	sg n	0	A	omadussõna algvõrre	5	
patsient	patsient	patsient	['patsient']	sg n	0	S	nimisõna	5	
.	.	.	['.']			Z	lausemärk	5	
Avarii	avarii	avarii	['avarii']	sg g	0	S	nimisõna	5	
ohver	ohver	ohver	['ohver']	sg n	0	S	nimisõna	5	
,	,	,	[',']			Z	lausemärk	5	
nagu	nagu	nagu	[['nagu'], ['nagu']]		0	D|J		5	
selgitas	selgitama	selgita	['selgita']	s	s	V	tegusõna	5	
õde	õde	õde	['õde']	sg n	0	S	nimisõna	5	
.	.	.	['.']			Z	lausemärk	5	
Vaene	vaene	vaene	['vaene']	sg n	0	A	omadussõna algvõrre	5	
vennike	vennike	vennike	['vennike']	sg n	0	S	nimisõna	5	
oli	olema	ole	['ole']	s	i	V	tegusõna	5	
ülepeakaela	ülepeakaela	üle_pea_kaela	['üle', 'pea', 'kaela']		0	D	määrsõna	5	
sidemetesse	side	side	['side']	pl ill	tesse	S	nimisõna	5	
mähitud	mähitud|mähkima	mähitud|mähki	[['mähki'], ['mähitud'], ['mähitud'], ['mähitud']]	|pl n|sg n|tud	0|d|tud	A|V		5	
.	.	.	['.']			Z	lausemärk	5	
August	August	August	['August']	sg n	0	H	pärisnimi	5	
kõlgutas	kõlgutama	kõlguta	['kõlguta']	s	s	V	tegusõna	5	
voodiserval	voodiserv	voodi_serv	['voodi', 'serv']	sg ad	l	S	nimisõna	5	
jalgu	jalg	jalg	['jalg']	pl p	u	S	nimisõna	5	
ja	ja	ja	['ja']		0	J	sidesõna	5	
valmistus	valmistuma	valmistu	['valmistu']	s	s	V	tegusõna	5	
uuega	uus	uus	['uus']	sg kom	ga	A	omadussõna algvõrre	5	
entusiastlikult	entusiastlikult	entusiastliku=lt	['entusiastlikult']		0	D	määrsõna	5	
vestlusse	vestlus	vestlus	['vestlus']	adt	se	S	nimisõna	5	
astuma	astuma	astu	['astu']	ma	ma	V	tegusõna	5	
,	,	,	[',']			Z	lausemärk	5	
kuid	kuid	kuid	['kuid']		0	J	sidesõna	5	
õde	õde	õde	['õde']	sg n	0	S	nimisõna	5	
laitis	laitma	lait	['lait']	s	is	V	tegusõna	5	
selle	see	see	['see']	sg g	0	P	asesõna	5	
nõu	nõu	nõu	['nõu']	sg p	0	S	nimisõna	5	
maha	maha	maha	['maha']		0	D	määrsõna	5	
:	:	:	[':']			Z	lausemärk	5	
mees	mees	mees	['mees']	sg n	0	S	nimisõna	5	
vajavat	vajav	vajav	['vajav']	sg p	t	A	omadussõna algvõrre	5	
rahu	rahu	rahu	['rahu']	sg p	0	S	nimisõna	5	
.	.	.	['.']			Z	lausemärk	5	
Ja	ja	ja	['ja']		0	J	sidesõna	5	
seda	see	see	['see']	sg p	da	P	asesõna	5	
pidi	pidama	pida	['pida']	s	i	V	tegusõna	5	
August	August	August	['August']	sg n	0	H	pärisnimi	5	
isegi	isegi	isegi	['isegi']		0	D	määrsõna	5	
tunnistama	tunnistama	tunnista	['tunnista']	ma	ma	V	tegusõna	5	
,	,	,	[',']			Z	lausemärk	5	
et	et	et	['et']		0	J	sidesõna	5	
avariiohver	avariiohver	avarii_ohver	['avarii', 'ohver']	sg n	0	S	nimisõna	5	
eelistas	eelistama	eelista	['eelista']	s	s	V	tegusõna	5	
pigem	pigem	pigem	['pigem']		0	D	määrsõna	5	
suletud	suletud|sulgema	suletud|sulge	[['sulge'], ['suletud'], ['suletud'], ['suletud']]	|pl n|sg n|tud	0|d|tud	A|V		5	
silmil	silm	silm	['silm']	pl ad	il	S	nimisõna	5	
vait	vait	vait	['vait']		0	D	määrsõna	5	
ja	ja	ja	['ja']		0	J	sidesõna	5	
vagusi	vagusi	vagusi	['vagusi']		0	D	määrsõna	5	
olla	olema	ole	['ole']	da	a	V	tegusõna	5	
,	,	,	[',']			Z	lausemärk	5	
mis	mis	mis	[['mis'], ['mis']]	pl n|sg n	0	P	asesõna	5	
ehk	ehk	ehk	['ehk']		0	D	määrsõna	5	
tulenes	tulenema	tulene	['tulene']	s	s	V	tegusõna	5	
ikka	ikka	ikka	['ikka']		0	D	määrsõna	5	
veel	veel	veel	['veel']		0	D	määrsõna	5	
osaliselt	osaliselt	osaliselt	['osaliselt']		0	D	määrsõna	5	
mõjuvast	mõjuv	mõjuv	['mõjuv']	sg el	st	A	omadussõna algvõrre	5	
narkoosist	narkoos	narkoos	['narkoos']	sg el	st	S	nimisõna	5	
.	.	.	['.']			Z	lausemärk	5	
Ohates	ohkama	ohka	['ohka']	des	tes	V	tegusõna	5	
keeras	keerama	keera	['keera']	s	s	V	tegusõna	5	
August	August	August	['August']	sg n	0	H	pärisnimi	5	
raadio	raadio	raadio	['raadio']	sg g	0	S	nimisõna	5	
vaiksemaks	vaiksem	vaiksem	['vaiksem']	sg tr	ks	C	omadussõna keskvõrre	5	
ja	ja	ja	['ja']		0	J	sidesõna	5	
asus	asuma	asu	['asu']	s	s	V	tegusõna	5	
raamatut	raamat	raamat	['raamat']	sg p	t	S	nimisõna	5	
lugema	lugema	luge	['luge']	ma	ma	V	tegusõna	5	
.	.	.	['.']			Z	lausemärk	5	
Palat	palat	palat	['palat']	sg n	0	S	nimisõna	5	
oli	olema	ole	['ole']	s	i	V	tegusõna	5	
lämbe	lämbe	lämbe	['lämbe']	sg n	0	A	omadussõna algvõrre	5	
ning	ning	ning	['ning']		0	J	sidesõna	5	
avanud	avama|avanud	ava|ava=nud	[['ava'], ['avanud'], ['avanud'], ['avanud']]	|nud|pl n|sg n	0|d|nud	A|V		5	
akna	aken	aken	['aken']	sg g	0	S	nimisõna	5	
,	,	,	[',']			Z	lausemärk	5	
keeras	keerama	keera	['keera']	s	s	V	tegusõna	5	
August	August	August	['August']	sg n	0	H	pärisnimi	5	
end	ise	ise	['ise']	sg p	0	P	asesõna	5	
peagi	peagi	peagi	['peagi']		0	D	määrsõna	5	
magama	magama	maga	['maga']	ma	ma	V	tegusõna	5	
.	.	.	['.']			Z	lausemärk	5	
Öö	öö	öö	['öö']	sg n	0	S	nimisõna	6	
.	.	.	['.']			Z	lausemärk	6	
Pahaselt	pahaselt	pahaselt	['pahaselt']		0	D	määrsõna	6	
keeras	keerama	keera	['keera']	s	s	V	tegusõna	6	
August	August	August	['August']	sg n	0	H	pärisnimi	6	
teise	teine	teine	[['teine'], ['teine']]	sg g	0	O|P		6	
külje	külg	külg	['külg']	sg g	0	S	nimisõna	6	
.	.	.	['.']			Z	lausemärk	6	
Kõige	kõige	kõige	['kõige']		0	D	määrsõna	6	
magusama	magusam	magusam	['magusam']	sg g	0	C	omadussõna keskvõrre	6	
une	uni	uni	['uni']	sg g	0	S	nimisõna	6	
pealt	pealt	pealt	['pealt']		0	K	kaassõna	6	
tundis	tundma	tund	['tund']	s	is	V	tegusõna	6	
ta	tema	tema	['tema']	sg n	0	P	asesõna	6	
,	,	,	[',']			Z	lausemärk	6	
et	et	et	['et']		0	J	sidesõna	6	
peab	pidama	pida	['pida']	b	b	V	tegusõna	6	
asjale	asi	asi	['asi']	sg all	le	S	nimisõna	6	
minema	minema	mine	['mine']	ma	ma	V	tegusõna	6	
.	.	.	['.']			Z	lausemärk	6	
""""	""""	""""	"['""']"			Z	lausemärk	7	
Neetud	neetu	nee=tu	['neetu']	pl n	d	S	nimisõna	7	
!	!	!	['!']			Z	lausemärk	7	
""""	""""	""""	"['""']"			Z	lausemärk	7	
vandus	vanduma	vandu	['vandu']	s	s	V	tegusõna	7	
ta	tema	tema	['tema']	sg g	0	P	asesõna	7	
mõttes	mõte	mõte	['mõte']	sg in	s	S	nimisõna	7	
.	.	.	['.']			Z	lausemärk	7	
""""	""""	""""	"['""']"			Z	lausemärk	7	
Nüüd	nüüd	nüüd	['nüüd']		0	D	määrsõna	7	
mine	minema	mine	['mine']	o	0	V	tegusõna	7	
ringi	ringi	ringi	['ringi']		0	D	määrsõna	7	
tuiama	tuiama	tuia	['tuia']	ma	ma	V	tegusõna	7	
ja	ja	ja	['ja']		0	J	sidesõna	7	
siis	siis	siis	['siis']		0	D	määrsõna	7	
ei	ei	ei	['ei']	neg	0	V	tegusõna	7	
jää	jääma	jää	['jää']	o	0	V	tegusõna	7	
jälle	jälle	jälle	['jälle']		0	D	määrsõna	7	
tükk	tükk	tükk	['tükk']	sg n	0	S	nimisõna	7	
aega	aeg	aeg	['aeg']	sg p	0	S	nimisõna	7	
magama	magama	maga	['maga']	ma	ma	V	tegusõna	7	
.	.	.	['.']			Z	lausemärk	7	
""""	""""	""""	"['""']"			Z	lausemärk	7	
Kuid	kuid	kuid	['kuid']		0	J	sidesõna	7	
teha	tegema	tege	['tege']	da	a	V	tegusõna	7	
polnud	olema	ole	['ole']	neg nud	nud	V	tegusõna	7	
midagi	miski	miski	['miski']	sg p	dagi	P	asesõna	7	
.	.	.	['.']			Z	lausemärk	7	
Huuled	Huul|Huule|Huuled	Huul|Huule|Huuled	[['Huul'], ['Huule'], ['Huuled']]	pl n|sg n	0|d	H	pärisnimi	7	
enda	ise	ise	['ise']	sg g	0	P	asesõna	7	
peale	peale	peale	['peale']		0	K	kaassõna	7	
pahameelest	pahameel	paha_meel	['paha', 'meel']	sg el	st	S	nimisõna	7	
torus	toru	toru	['toru']	sg in	s	S	nimisõna	7	
,	,	,	[',']			Z	lausemärk	7	
ajas	ajama	aja	['aja']	s	s	V	tegusõna	7	
mees	mees	mees	['mees']	sg n	0	S	nimisõna	7	
end	ise	ise	['ise']	sg p	0	P	asesõna	7	
üles	üles	üles	['üles']		0	D	määrsõna	7	
ja	ja	ja	['ja']		0	J	sidesõna	7	
kooberdas	kooberdama	kooberda	['kooberda']	s	s	V	tegusõna	7	
WC-sse	WC	WC	['WC']	sg ill	sse	Y	lühend	7	
.	.	.	['.']			Z	lausemärk	7	
Heitnud	heitma|heitnud	heit|heit=nud	[['heit'], ['heitnud'], ['heitnud'], ['heitnud']]	|nud|pl n|sg n	0|d|nud	A|V		7	
unise	unine	unine	['unine']	sg g	0	A	omadussõna algvõrre	7	
pilgu	pilk	pilk	['pilk']	sg g	0	S	nimisõna	7	
uue	uus	uus	['uus']	sg g	0	A	omadussõna algvõrre	7	
kaaslase	kaaslane	kaaslane	['kaaslane']	sg g	0	S	nimisõna	7	
poole	poole	poole	['poole']		0	K	kaassõna	7	
,	,	,	[',']			Z	lausemärk	7	
täheldas	täheldama	tähelda	['tähelda']	s	s	V	tegusõna	7	
ta	tema	tema	['tema']	sg n	0	P	asesõna	7	
,	,	,	[',']			Z	lausemärk	7	
et	et	et	['et']		0	J	sidesõna	7	
too	too	too	['too']	sg n	0	P	asesõna	7	
on	olema	ole	[['ole'], ['ole']]	b|vad	0	V	tegusõna	7	
jalutu	jalutu	jalutu	['jalutu']	sg n	0	A	omadussõna algvõrre	7	
.	.	.	['.']			Z	lausemärk	7	
Pannud	pannu	pan=nu	['pannu']	pl n	d	S	nimisõna	7	
kitsukeses	kitsuke	kitsuke	['kitsuke']	sg in	s	A	omadussõna algvõrre	7	
ruumis	ruum	ruum	['ruum']	sg in	s	S	nimisõna	7	
tule	tulema	tule	['tule']	o	0	V	tegusõna	7	
põlema	põlema	põle	['põle']	ma	ma	V	tegusõna	7	
,	,	,	[',']			Z	lausemärk	7	
astus	astuma	astu	['astu']	s	s	V	tegusõna	7	
August	August	August	['August']	sg n	0	H	pärisnimi	7	
poti	poti|pott	poti|pott	[['pott'], ['poti']]	sg g	0	S	nimisõna	7	
ette	ette	ette	['ette']		0	D	määrsõna	7	
ja	ja	ja	['ja']		0	J	sidesõna	7	
ajas	ajama	aja	['aja']	s	s	V	tegusõna	7	
püksid	püks	püks	['püks']	pl n	d	S	nimisõna	7	
maha	maha	maha	['maha']		0	D	määrsõna	7	
.	.	.	['.']			Z	lausemärk	7	
Sellesse	see	see	['see']	sg ill	sse	P	asesõna	7	
poosi	poos	poos	['poos']	adt	0	S	nimisõna	7	
ta	tema	tema	['tema']	sg n	0	P	asesõna	7	
mõneks	mõni	mõni	['mõni']	sg tr	ks	P	asesõna	7	
hetkeks	hetk	hetk	['hetk']	sg tr	ks	S	nimisõna	7	
ka	ka	ka	['ka']		0	D	määrsõna	7	
jäi	jääma	jää	['jää']	s	i	V	tegusõna	7	
,	,	,	[',']			Z	lausemärk	7	
lollakalt	lollakalt	lollaka=lt	['lollakalt']		0	D	määrsõna	7	
allapoole	allapoole	alla_poole	['alla', 'poole']		0	D	määrsõna	7	
vahtima	vahtima	vahti	['vahti']	ma	ma	V	tegusõna	7	
.	.	.	['.']			Z	lausemärk	7	
Midagi	miski	miski	['miski']	sg p	dagi	P	asesõna	7	
oli	olema	ole	['ole']	s	i	V	tegusõna	7	
raskelt	raskelt	raskelt	['raskelt']		0	D	määrsõna	7	
valesti	valesti	valesti	['valesti']		0	D	määrsõna	7	
.	.	.	['.']			Z	lausemärk	7	
Ta	tema	tema	['tema']	sg n	0	P	asesõna	7	
sikutas	sikutama	sikuta	['sikuta']	s	s	V	tegusõna	7	
püksid	püks	püks	['püks']	pl n	d	S	nimisõna	7	
uuesti	uuesti	uuesti	['uuesti']		0	D	määrsõna	7	
üles	üles	üles	['üles']		0	D	määrsõna	7	
ja	ja	ja	['ja']		0	J	sidesõna	7	
kuumalaine	kuumalaine	kuuma_laine	['kuuma', 'laine']	sg n	0	S	nimisõna	7	
käis	käima	käi	['käi']	s	s	V	tegusõna	7	
üle	üle	üle	['üle']		0	D	määrsõna	7	
terve	terve	terve	['terve']	sg n	0	A	omadussõna algvõrre	7	
kere	kere	kere	['kere']	sg n	0	S	nimisõna	7	
.	.	.	['.']			Z	lausemärk	7	
Tal	tema	tema	['tema']	sg ad	l	P	asesõna	7	
oli	olema	ole	['ole']	s	i	V	tegusõna	7	
all	all	all	['all']		0	D	määrsõna	7	
kaks	kaks	kaks	['kaks']	sg n	0	N	põhiarvsõna	7	
paari	paar	paar	['paar']	sg p	0	N	põhiarvsõna	7	
jalgu	jalg	jalg	['jalg']	pl p	u	S	nimisõna	7	
.	.	.	['.']			Z	lausemärk	7	
Ühed	üks	üks	['üks']	pl n	d	P	asesõna	7	
olid	olema	ole	['ole']	sid	id	V	tegusõna	7	
ilusti	ilusti	ilusti	['ilusti']		0	D	määrsõna	7	
pükstes	püks	püks	['püks']	pl in	tes	S	nimisõna	7	
,	,	,	[',']			Z	lausemärk	7	
teised	teine	teine	[['teine'], ['teine']]	pl n	d	O|P		7	
,	,	,	[',']			Z	lausemärk	7	
veidi	veidi	veidi	['veidi']		0	D	määrsõna	7	
pikemad	pikem	pikem	['pikem']	pl n	d	C	omadussõna keskvõrre	7	
karvased	karvane	karvane	['karvane']	pl n	d	A	omadussõna algvõrre	7	
sääred	säär	säär	['säär']	pl n	d	S	nimisõna	7	
algasid	algama	alga	['alga']	sid	sid	V	tegusõna	7	
puusadelt	puus	puus	['puus']	pl abl	delt	S	nimisõna	7	
.	.	.	['.']			Z	lausemärk	7	
Sealt	sealt	sealt	['sealt']		0	D	määrsõna	7	
kus	kus	kus	['kus']		0	D	määrsõna	7	
pidzaamapükste	pidzaamapüks	pidzaama_püks	['pidzaama', 'püks']	pl g	te	S	nimisõna	7	
värvel	värvel	värvel	['värvel']	sg n	0	S	nimisõna	7	
lõppes	lõppema	lõppe	['lõppe']	s	s	V	tegusõna	7	
.	.	.	['.']			Z	lausemärk	7	
August	August	August	['August']	sg n	0	H	pärisnimi	7	
oli	olema	ole	['ole']	s	i	V	tegusõna	7	
lühike	lühike	lühike	['lühike']	sg n	0	A	omadussõna algvõrre	7	
mees	mees	mees	['mees']	sg n	0	S	nimisõna	7	
ja	ja	ja	['ja']		0	J	sidesõna	7	
kõik	kõik	kõik	[['kõik'], ['kõik']]	pl n|sg n	0	P	asesõna	7	
—	-	-	['-']			Z	lausemärk	7	
ka	ka	ka	['ka']		0	D	määrsõna	7	
kõrgemalt	kõrgemalt	kõrgemalt	['kõrgemalt']		0	D	määrsõna	7	
algavad	algama	alga	['alga']	vad	vad	V	tegusõna	7	
jalad	jalg	jalg	['jalg']	pl n	d	S	nimisõna	7	
—	-	-	['-']			Z	lausemärk	7	
ulatusid	ulatuma	ulatu	['ulatu']	sid	sid	V	tegusõna	7	
ilusti	ilusti	ilusti	['ilusti']		0	D	määrsõna	7	
põrandani	põrand	põrand	['põrand']	sg ter	ni	S	nimisõna	7	
.	.	.	['.']			Z	lausemärk	7	
August	August	August	['August']	sg n	0	H	pärisnimi	7	
astus	astuma	astu	['astu']	s	s	V	tegusõna	7	
sammu	samm	samm	['samm']	sg p	0	S	nimisõna	7	
tagasi	tagasi	tagasi	['tagasi']		0	K	kaassõna	7	
.	.	.	['.']			Z	lausemärk	7	
Kõik	kõik	kõik	[['kõik'], ['kõik']]	pl n|sg n	0	P	asesõna	7	
neli	neli	neli	['neli']	sg n	0	N	põhiarvsõna	7	
jalga	jalg	jalg	['jalg']	sg p	0	S	nimisõna	7	
allusid	alluma	allu	['allu']	sid	sid	V	tegusõna	7	
talle	tema	tema	['tema']	sg all	lle	P	asesõna	7	
nagu	nagu	nagu	[['nagu'], ['nagu']]		0	D|J		7	
varem	varem	varem	['varem']		0	D	määrsõna	7	
kaks	kaks	kaks	['kaks']	sg n	0	N	põhiarvsõna	7	
tükki	tükk	tükk	['tükk']	sg p	0	S	nimisõna	7	
,	,	,	[',']			Z	lausemärk	7	
ainult	ainult	ainult	['ainult']		0	D	määrsõna	7	
astuda	astuma	astu	['astu']	da	da	V	tegusõna	7	
oli	olema	ole	['ole']	s	i	V	tegusõna	7	
veidi	veidi	veidi	['veidi']		0	D	määrsõna	7	
kindlam	kindlam	kindlam	['kindlam']	sg n	0	C	omadussõna keskvõrre	7	
.	.	.	['.']			Z	lausemärk	7	
Ta	tema	tema	['tema']	sg n	0	P	asesõna	7	
pani	panema	pane	['pane']	s	i	V	tegusõna	7	
käe	käsi	käsi	['käsi']	sg g	0	S	nimisõna	7	
jalale	jalg	jalg	['jalg']	sg all	le	S	nimisõna	7	
ja	ja	ja	['ja']		0	J	sidesõna	7	
silitas	silitama	silita	['silita']	s	s	V	tegusõna	7	
seda	see	see	['see']	sg p	da	P	asesõna	7	
.	.	.	['.']			Z	lausemärk	7	
Jalg	Jalg	Jalg	[['Jalg'], ['Jalg']]	sg n	0	H	pärisnimi	7	
oli	olema	ole	['ole']	s	i	V	tegusõna	7	
tema	tema	tema	['tema']	sg g	0	P	asesõna	7	
oma	oma	oma	['oma']	sg g	0	P	asesõna	7	
,	,	,	[',']			Z	lausemärk	7	
mis	mis	mis	[['mis'], ['mis']]	pl n|sg n	0	P	asesõna	7	
tema	tema	tema	['tema']	sg g	0	P	asesõna	7	
oma	oma	oma	['oma']	sg g	0	P	asesõna	7	
.	.	.	['.']			Z	lausemärk	7	
Mees	mees	mees	['mees']	sg n	0	S	nimisõna	7	
tundis	tundma	tund	['tund']	s	is	V	tegusõna	7	
selgesti	selgesti	selgesti	['selgesti']		0	D	määrsõna	7	
oma	oma	oma	['oma']	sg g	0	P	asesõna	7	
käe	käsi	käsi	['käsi']	sg g	0	S	nimisõna	7	
puudutust	puudutus	puudutus	['puudutus']	sg p	t	S	nimisõna	7	
.	.	.	['.']			Z	lausemärk	7	
Ärevus	ärevus	ärevus	['ärevus']	sg n	0	S	nimisõna	7	
haaras	haarama	haara	['haara']	s	s	V	tegusõna	7	
Augustil	august	august	['august']	sg ad	l	S	nimisõna	7	
ajust	aju	aju	['aju']	sg el	st	S	nimisõna	7	
ja	ja	ja	['ja']		0	J	sidesõna	7	
pitsitas	pitsitama	pitsita	['pitsita']	s	s	V	tegusõna	7	
seda	see	see	['see']	sg p	da	P	asesõna	7	
.	.	.	['.']			Z	lausemärk	7	
Susside	suss	suss	['suss']	pl g	de	S	nimisõna	7	
lohisedes	lohisema	lohise	['lohise']	des	des	V	tegusõna	7	
ja	ja	ja	['ja']		0	J	sidesõna	7	
paljaste	paljas	paljas	['paljas']	pl g	te	A	omadussõna algvõrre	7	
jalgade	jalg	jalg	['jalg']	pl g	de	S	nimisõna	7	
plätsudes	plätsuma	plätsu	['plätsu']	des	des	V	tegusõna	7	
kandus	kanduma	kandu	['kandu']	s	s	V	tegusõna	7	
vennike	vennike	vennike	['vennike']	sg n	0	S	nimisõna	7	
koridori	koridor	koridor	['koridor']	sg p	0	S	nimisõna	7	
ning	ning	ning	['ning']		0	J	sidesõna	7	
sammus	sammuma	sammu	['sammu']	s	s	V	tegusõna	7	
jalgu	jalg	jalg	['jalg']	pl p	u	S	nimisõna	7	
sassi	sassi	sassi	['sassi']		0	D	määrsõna	7	
ajamata	ajama	aja	['aja']	mata	mata	V	tegusõna	7	
valveõe	valveõde	valve_õde	['valve', 'õde']	sg g	0	S	nimisõna	7	
lauakese	lauake	lauake	['lauake']	sg g	0	S	nimisõna	7	
poole	poole	poole	['poole']		0	K	kaassõna	7	
.	.	.	['.']			Z	lausemärk	7	
Laua	laud	laud	['laud']	sg g	0	S	nimisõna	7	
ees	ees	ees	['ees']		0	K	kaassõna	7	
jäi	jääma	jää	['jää']	s	i	V	tegusõna	7	
ta	tema	tema	['tema']	sg n	0	P	asesõna	7	
seisma	seisma	seis	['seis']	ma	ma	V	tegusõna	7	
.	.	.	['.']			Z	lausemärk	7	
Õde	õde	õde	['õde']	sg n	0	S	nimisõna	7	
tõstis	tõstma	tõst	['tõst']	s	is	V	tegusõna	7	
pilgu	pilk	pilk	['pilk']	sg g	0	S	nimisõna	7	
ajakirjast	ajakiri	aja_kiri	['aja', 'kiri']	sg el	st	S	nimisõna	7	
ja	ja	ja	['ja']		0	J	sidesõna	7	
vaatas	vaatama	vaata	['vaata']	s	s	V	tegusõna	7	
talle	tema	tema	['tema']	sg all	lle	P	asesõna	7	
küsivalt	küsivalt	küsivalt	['küsivalt']		0	D	määrsõna	7	
otsa	otsa	otsa	['otsa']		0	D	määrsõna	7	
.	.	.	['.']			Z	lausemärk	7	
August	August	August	['August']	sg n	0	H	pärisnimi	7	
tõstis	tõstma	tõst	['tõst']	s	is	V	tegusõna	7	
oma	oma	oma	['oma']	sg g	0	P	asesõna	7	
kaks	kaks	kaks	['kaks']	sg n	0	N	põhiarvsõna	7	
paljast	paljas	paljas	['paljas']	sg p	t	A	omadussõna algvõrre	7	
jalga	jalg	jalg	['jalg']	sg p	0	S	nimisõna	7	
üles	üles	üles	['üles']		0	D	määrsõna	7	
ja	ja	ja	['ja']		0	J	sidesõna	7	
lõi	looma|lööma	loo|löö	[['loo'], ['löö']]	s	i	V	tegusõna	7	
nende	see	see	['see']	pl g	de	P	asesõna	7	
taldadega	tald	tald	['tald']	pl kom	dega	S	nimisõna	7	
õe	õde	õde	['õde']	sg g	0	S	nimisõna	7	
nina	nina	nina	['nina']	sg g	0	S	nimisõna	7	
all	all	all	['all']		0	K	kaassõna	7	
plaksu	plaks	plaks	['plaks']	adt	0	S	nimisõna	7	
.	.	.	['.']			Z	lausemärk	7	
""""	""""	""""	"['""']"			Z	lausemärk	8	
M-mis	M-mis	M-mis	[['M', 'mis'], ['M', 'mis']]	pl n|sg n	0	P	asesõna	8	
te	sina	sina	['sina']	pl n	0	P	asesõna	8	
s-selle	s-see	s-see	['s', 'see']	sg g	0	P	asesõna	8	
peale	peale	peale	['peale']		0	K	kaassõna	8	
ütlete	ütlema	ütle	['ütle']	te	te	V	tegusõna	8	
?	?	?	['?']			Z	lausemärk	8	
""""	""""	""""	"['""']"			Z	lausemärk	8	
kraaksatas	kraaksatama	kraaksata	['kraaksata']	s	s	V	tegusõna	8	
ta	tema	tema	['tema']	sg n	0	P	asesõna	8	
kokutades	kokutama	kokuta	['kokuta']	des	des	V	tegusõna	8	
,	,	,	[',']			Z	lausemärk	8	
kuid	kuid	kuid	['kuid']		0	J	sidesõna	8	
küllaltki	küllaltki	küllaltki	['küllaltki']		0	D	määrsõna	8	
rahulikult	rahulikult	rahulikult	['rahulikult']		0	D	määrsõna	8	
,	,	,	[',']			Z	lausemärk	8	
sest	sest	sest	['sest']		0	J	sidesõna	8	
asi	asi	asi	['asi']	sg n	0	S	nimisõna	8	
polnud	olema	ole	['ole']	neg nud	nud	V	tegusõna	8	
talle	tema	tema	['tema']	sg all	lle	P	asesõna	8	
veel	veel	veel	['veel']		0	D	määrsõna	8	
päris	päris	päris	['päris']		0	D	määrsõna	8	
kohale	kohale	kohale	['kohale']		0	D	määrsõna	8	
jõudnud	jõudma|jõudnud	jõud|jõud=nud	[['jõud'], ['jõudnud'], ['jõudnud'], ['jõudnud']]	|nud|pl n|sg n	0|d|nud	A|V		8	
.	.	.	['.']			Z	lausemärk	8	
Õde	õde	õde	['õde']	sg n	0	S	nimisõna	8	
jõllitas	jõllitama	jõllita	['jõllita']	s	s	V	tegusõna	8	
teda	tema	tema	['tema']	sg p	da	P	asesõna	8	
hetke	hetk	hetk	['hetk']	sg g	0	S	nimisõna	8	
jahmunult	jahmunult	jahmunult	['jahmunult']		0	D	määrsõna	8	
,	,	,	[',']			Z	lausemärk	8	
kuid	kuid	kuid	['kuid']		0	J	sidesõna	8	
pomisenud	pomisema|pomisenud	pomise|pomise=nud	[['pomise'], ['pomisenud'], ['pomisenud'], ['pomisenud']]	|nud|pl n|sg n	0|d|nud	A|V		8	
siis	siis	siis	['siis']		0	D	määrsõna	8	
midagi	miski	miski	['miski']	sg p	dagi	P	asesõna	8	
,	,	,	[',']			Z	lausemärk	8	
mis	mis	mis	[['mis'], ['mis']]	pl n|sg n	0	P	asesõna	8	
kõlas	kõlama	kõla	['kõla']	s	s	V	tegusõna	8	
nagu	nagu	nagu	[['nagu'], ['nagu']]		0	D|J		8	
""""	""""	""""	"['""']"			Z	lausemärk	8	
üks	üks	üks	['üks']	sg n	0	P	asesõna	8	
moment	moment	moment	['moment']	sg n	0	S	nimisõna	8	
""""	""""	""""	"['""']"			Z	lausemärk	8	
,	,	,	[',']			Z	lausemärk	8	
haaras	haarama	haara	['haara']	s	s	V	tegusõna	8	
sisetelefoni	sisetelefon	sise_telefon	['sise', 'telefon']	sg g	0	S	nimisõna	8	
toru	toru	toru	['toru']	sg g	0	S	nimisõna	8	
ja	ja	ja	['ja']		0	J	sidesõna	8	
klõbistanud	klõbistama|klõbistanud	klõbista|klõbista=nud	[['klõbista'], ['klõbistanud'], ['klõbistanud'], ['klõbistanud']]	|nud|pl n|sg n	0|d|nud	A|V		8	
nuppe	nupp	nupp	['nupp']	pl p	e	S	nimisõna	8	
,	,	,	[',']			Z	lausemärk	8	
sisistas	sisistama	sisista	['sisista']	s	s	V	tegusõna	8	
sellesse	see	see	['see']	sg ill	sse	P	asesõna	8	
:	:	:	[':']			Z	lausemärk	8	
""""	""""	""""	"['""']"			Z	lausemärk	8	
Mida	mis	mis	[['mis'], ['mis']]	pl p|sg p	da	P	asesõna	8	
te	sina	sina	['sina']	pl n	0	P	asesõna	8	
juhmid	juhm	juhm	['juhm']	pl n	d	A	omadussõna algvõrre	8	
seal	seal	seal	['seal']		0	D	määrsõna	8	
teete	tegema	tege	['tege']	te	te	V	tegusõna	8	
?	?	?	['?']			Z	lausemärk	8	
Üks	üks	üks	['üks']	sg n	0	P	asesõna	8	
patsient	patsient	patsient	['patsient']	sg n	0	S	nimisõna	8	
keldriblokist	keldriblokk	keldri_blokk	['keldri', 'blokk']	sg el	st	S	nimisõna	8	
kooserdab	kooserdama	kooserda	['kooserda']	b	b	V	tegusõna	8	
siin	siin	siin	['siin']		0	D	määrsõna	8	
praegu	praegu	praegu	['praegu']		0	D	määrsõna	8	
ringi	ringi	ringi	['ringi']		0	D	määrsõna	8	
...	...	...	['...']			Z	lausemärk	8	
selge	selge	selge	['selge']	sg n	0	A	omadussõna algvõrre	8	
,	,	,	[',']			Z	lausemärk	8	
et	et	et	['et']		0	J	sidesõna	8	
kindel	kindel	kindel	['kindel']	sg n	0	A	omadussõna algvõrre	8	
—	-	-	['-']			Z	lausemärk	8	
TAL	tema	tema	['tema']	sg ad	l	P	asesõna	8	
ON	olema	ole	[['ole'], ['ole']]	b|vad	0	V	tegusõna	8	
NELI	neli	neli	['neli']	sg n	0	N	põhiarvsõna	8	
JALGA	jalg	jalg	['jalg']	sg p	0	S	nimisõna	8	
!	!	!	['!']			Z	lausemärk	8	
""""	""""	""""	"['""']"			Z	lausemärk	8	
ja	ja	ja	['ja']		0	J	sidesõna	8	
virutas	virutama	viruta	['viruta']	s	s	V	tegusõna	8	
vihaselt	vihaselt	vihaselt	['vihaselt']		0	D	määrsõna	8	
toru	toru	toru	['toru']	sg g	0	S	nimisõna	8	
hargile	hark	hark	['hark']	sg all	le	S	nimisõna	8	
.	.	.	['.']			Z	lausemärk	8	
""""	""""	""""	"['""']"			Z	lausemärk	8	
Kohe	kohe	kohe	['kohe']		0	D	määrsõna	8	
tullakse	tulema	tule	['tule']	takse	akse	V	tegusõna	8	
.	.	.	['.']			Z	lausemärk	8	
""""	""""	""""	"['""']"			Z	lausemärk	8	
August	August	August	['August']	sg n	0	H	pärisnimi	9	
ei	ei	ei	['ei']	neg	0	V	tegusõna	9	
öelnud	öelnud|ütlema	öel=nud|ütle	[['öelnud'], ['öelnud'], ['öelnud'], ['ütle']]	|nud|pl n|sg n	0|d|nud	A|V		9	
midagi	miski	miski	['miski']	sg p	dagi	P	asesõna	9	
.	.	.	['.']			Z	lausemärk	9	
Ta	tema	tema	['tema']	sg n	0	P	asesõna	9	
oli	olema	ole	['ole']	s	i	V	tegusõna	9	
tumm	tumm	tumm	['tumm']	sg n	0	A	omadussõna algvõrre	9	
mis	mis	mis	[['mis'], ['mis']]	pl n|sg n	0	P	asesõna	9	
tumm	tumm	tumm	['tumm']	sg n	0	A	omadussõna algvõrre	9	
.	.	.	['.']			Z	lausemärk	9	
""""	""""	""""	"['""']"			Z	lausemärk	10	
Ärge	ära	ära	['ära']	neg ge	ge	V	tegusõna	10	
seiske	seisma	seis	['seis']	ge	ke	V	tegusõna	10	
siin	siin	siin	['siin']		0	D	määrsõna	10	
valguse	valgus	valgus	['valgus']	sg g	0	S	nimisõna	10	
käes	käes	käes	['käes']		0	K	kaassõna	10	
,	,	,	[',']			Z	lausemärk	10	
keegi	keegi	keegi	['keegi']	sg n	0	P	asesõna	10	
patsientidest	patsient	patsient	['patsient']	pl el	dest	S	nimisõna	10	
võib	võima	või	['või']	b	b	V	tegusõna	10	
veel	veel	veel	['veel']		0	D	määrsõna	10	
näha	nägema	näge	['näge']	da	a	V	tegusõna	10	
,	,	,	[',']			Z	lausemärk	10	
saab	saama	saa	['saa']	b	b	V	tegusõna	10	
südamerabanduse	südamerabandus	südame_rabandus	['südame', 'rabandus']	sg g	0	S	nimisõna	10	
.	.	.	['.']			Z	lausemärk	10	
Mis	mis	mis	[['mis'], ['mis']]	pl n|sg n	0	P	asesõna	10	
asju	asi	asi	['asi']	pl p	u	S	nimisõna	10	
te	sina	sina	['sina']	pl n	0	P	asesõna	10	
siin	siin	siin	['siin']		0	D	määrsõna	10	
õieti	õieti	õieti	['õieti']		0	D	määrsõna	10	
ajate	ajama	aja	['aja']	te	te	V	tegusõna	10	
?	?	?	['?']			Z	lausemärk	10	
""""	""""	""""	"['""']"			Z	lausemärk	10	
""""	""""	""""	"['""']"			Z	lausemärk	11	
Ma	mina	mina	['mina']	sg n	0	P	asesõna	11	
ei	ei	ei	['ei']	neg	0	V	tegusõna	11	
tea	teadma	tead	['tead']	o	0	V	tegusõna	11	
,	,	,	[',']			Z	lausemärk	11	
""""	""""	""""	"['""']"			Z	lausemärk	11	
pomises	pomisema	pomise	['pomise']	s	s	V	tegusõna	11	
August	August	August	['August']	sg n	0	H	pärisnimi	11	
segaselt	segaselt	segaselt	['segaselt']		0	D	määrsõna	11	
.	.	.	['.']			Z	lausemärk	11	
""""	""""	""""	"['""']"			Z	lausemärk	11	
Mul	mina	mina	['mina']	sg ad	l	P	asesõna	11	
oli	olema	ole	['ole']	s	i	V	tegusõna	11	
kopsupõletik	kopsupõletik	kopsu_põletik	['kopsu', 'põletik']	sg n	0	S	nimisõna	11	
,	,	,	[',']			Z	lausemärk	11	
aga	aga	aga	['aga']		0	J	sidesõna	11	
sellest	see	see	['see']	sg el	st	P	asesõna	11	
sain	saama	saa	['saa']	sin	in	V	tegusõna	11	
üle	üle	üle	['üle']		0	D	määrsõna	11	
.	.	.	['.']			Z	lausemärk	11	
""""	""""	""""	"['""']"			Z	lausemärk	11	
""""	""""	""""	"['""']"			Z	lausemärk	12	
Kopsupõletik	kopsupõletik	kopsu_põletik	['kopsu', 'põletik']	sg n	0	S	nimisõna	12	
?	?	?	['?']			Z	lausemärk	12	
Miks	miks	miks	['miks']		0	D	määrsõna	12	
nad	tema	tema	['tema']	pl n	d	P	asesõna	12	
teile	sina	sina	['sina']	pl all	le	P	asesõna	12	
siis	siis	siis	['siis']		0	D	määrsõna	12	
jalad	jalg	jalg	['jalg']	pl n	d	S	nimisõna	12	
külge	külge	külge	['külge']		0	D	määrsõna	12	
pookisid	pookima	pooki	['pooki']	sid	sid	V	tegusõna	12	
?	?	?	['?']			Z	lausemärk	12	
Või	või	või	['või']		0	J	sidesõna	12	
olete	olema	ole	['ole']	te	te	V	tegusõna	12	
amm	amm	amm	['amm']	sg n	0	S	nimisõna	12	
?	?	?	['?']			Z	lausemärk	12	
""""	""""	""""	"['""']"			Z	lausemärk	12	
August	August	August	['August']	sg n	0	H	pärisnimi	13	
ei	ei	ei	['ei']	neg	0	V	tegusõna	13	
saanud	saama|saanud	saa|saa=nud	[['saa'], ['saanud'], ['saanud'], ['saanud']]	|nud|pl n|sg n	0|d|nud	A|V		13	
midagi	miski	miski	['miski']	sg p	dagi	P	asesõna	13	
aru	aru	aru	['aru']	sg p	0	S	nimisõna	13	
.	.	.	['.']			Z	lausemärk	13	
""""	""""	""""	"['""']"			Z	lausemärk	13	
Küllap	küllap	küllap	['küllap']		0	D	määrsõna	13	
vist	vist	vist	['vist']		0	D	määrsõna	13	
,	,	,	[',']			Z	lausemärk	13	
""""	""""	""""	"['""']"			Z	lausemärk	13	
pomises	pomisema	pomise	['pomise']	s	s	V	tegusõna	13	
ta	tema	tema	['tema']	sg n	0	P	asesõna	13	
.	.	.	['.']			Z	lausemärk	13	
""""	""""	""""	"['""']"			Z	lausemärk	14	
Mina	mina	mina	['mina']	sg n	0	P	asesõna	14	
olen	olema	ole	['ole']	n	n	V	tegusõna	14	
ka	ka	ka	['ka']		0	D	määrsõna	14	
,	,	,	[',']			Z	lausemärk	14	
muidugi	muidugi	muidugi	['muidugi']		0	D	määrsõna	14	
ainult	ainult	ainult	['ainult']		0	D	määrsõna	14	
siis	siis	siis	['siis']		0	D	määrsõna	14	
,	,	,	[',']			Z	lausemärk	14	
kui	kui	kui	[['kui'], ['kui']]		0	D|J		14	
ma	mina	mina	['mina']	sg n	0	P	asesõna	14	
öövalves	öövalve	öö_valve	['öö', 'valve']	sg in	s	S	nimisõna	14	
olen	olema	ole	['ole']	n	n	V	tegusõna	14	
.	.	.	['.']			Z	lausemärk	14	
Lisaraha	lisaraha	lisa_raha	['lisa', 'raha']	sg n	0	S	nimisõna	14	
ei	ei	ei	['ei']	neg	0	V	tegusõna	14	
tee	tegema	tege	['tege']	o	0	V	tegusõna	14	
kunagi	kunagi	kunagi	['kunagi']		0	D	määrsõna	14	
paha	paha	paha	['paha']	sg n	0	A	omadussõna algvõrre	14	
.	.	.	['.']			Z	lausemärk	14	
""""	""""	""""	"['""']"			Z	lausemärk	14	
Naine	naine	naine	['naine']	sg n	0	S	nimisõna	14	
lükkas	lükkama	lükka	['lükka']	s	s	V	tegusõna	14	
juuksepahmaka	juuksepahmakas	juukse_pahmakas	['juukse', 'pahmakas']	sg g	0	S	nimisõna	14	
kõrvale	kõrvale	kõrvale	['kõrvale']		0	D	määrsõna	14	
ja	ja	ja	['ja']		0	J	sidesõna	14	
näitas	näitama	näita	['näita']	s	s	V	tegusõna	14	
vasakul	vasakul	vasakul	['vasakul']		0	D	määrsõna	14	
pool	pool	pool	['pool']	sg n	0	N	põhiarvsõna	14	
pead	pidama	pida	['pida']	d	d	V	tegusõna	14	
olevat	olema	ole	['ole']	vat	vat	V	tegusõna	14	
kolme	kolm	kolm	['kolm']	sg p	0	N	põhiarvsõna	14	
kõrva	kõrv	kõrv	['kõrv']	sg p	0	S	nimisõna	14	
ja	ja	ja	['ja']		0	J	sidesõna	14	
kitliesist	kitliesine	kitli_esine	['kitli', 'esine']	sg p	t	S	nimisõna	14	
triikides	triikima	triiki	['triiki']	des	des	V	tegusõna	14	
kolme	kolm	kolm	['kolm']	sg p	0	N	põhiarvsõna	14	
rinda	rind	rind	['rind']	sg p	0	S	nimisõna	14	
.	.	.	['.']			Z	lausemärk	14	
""""	""""	""""	"['""']"			Z	lausemärk	14	
Vaesekesi	vaeseke|vaesekene	vaeseke|vaesekene	[['vaeseke'], ['vaesekene']]	pl p	i	S	nimisõna	14	
peab	pidama	pida	['pida']	b	b	V	tegusõna	14	
ju	ju	ju	['ju']		0	D	määrsõna	14	
toitma	toitma	toit	['toit']	ma	ma	V	tegusõna	14	
,	,	,	[',']			Z	lausemärk	14	
kuni	kuni	kuni	['kuni']		0	J	sidesõna	14	
nad	tema	tema	['tema']	pl n	d	P	asesõna	14	
omaniku	omanik	omanik	['omanik']	sg g	0	S	nimisõna	14	
leiavad	leidma	leid	['leid']	vad	vad	V	tegusõna	14	
.	.	.	['.']			Z	lausemärk	14	
""""	""""	""""	"['""']"			Z	lausemärk	14	
Eemalt	eemalt	eemalt	['eemalt']		0	D	määrsõna	15	
koridorilabürindist	koridorilabürint	koridori_labürint	['koridori', 'labürint']	sg el	st	S	nimisõna	15	
hakkas	hakkama	hakka	['hakka']	s	s	V	tegusõna	15	
kostma	kostma	kost	['kost']	ma	ma	V	tegusõna	15	
jalgade	jalg	jalg	['jalg']	pl g	de	S	nimisõna	15	
astumist	astumine	astumine	['astumine']	sg p	t	S	nimisõna	15	
ning	ning	ning	['ning']		0	J	sidesõna	15	
summutatud	summutama|summutatud	summuta|summuta=tud	[['summuta'], ['summutatud'], ['summutatud'], ['summutatud']]	|pl n|sg n|tud	0|d|tud	A|V		15	
kõnesosinat	kõnesosin	kõne_sosin	['kõne', 'sosin']	sg p	t	S	nimisõna	15	
.	.	.	['.']			Z	lausemärk	15	
""""	""""	""""	"['""']"			Z	lausemärk	16	
J-jah-jah	J-jah-jah	J-jah-jah	['J', 'jah', 'jah']		0	D	määrsõna	16	
raha	raha	raha	['raha']	sg p	0	S	nimisõna	16	
ei	ei	ei	['ei']	neg	0	V	tegusõna	16	
tee	tegema	tege	['tege']	o	0	V	tegusõna	16	
kunagi	kunagi	kunagi	['kunagi']		0	D	määrsõna	16	
paha	paha	paha	['paha']	sg n	0	A	omadussõna algvõrre	16	
,	,	,	[',']			Z	lausemärk	16	
""""	""""	""""	"['""']"			Z	lausemärk	16	
noogutas	noogutama	nooguta	['nooguta']	s	s	V	tegusõna	16	
ka	ka	ka	['ka']		0	D	määrsõna	16	
August	August	August	['August']	sg n	0	H	pärisnimi	16	
tundmatu	tundmatu	tundmatu	['tundmatu']	sg g	0	A	omadussõna algvõrre	16	
ohu	oht	oht	['oht']	sg g	0	S	nimisõna	16	
lähenemist	lähenemine	lähenemine	['lähenemine']	sg p	t	S	nimisõna	16	
tajudes	tajuma	taju	['taju']	des	des	V	tegusõna	16	
ja	ja	ja	['ja']		0	J	sidesõna	16	
veel	veel	veel	['veel']		0	D	määrsõna	16	
enam	enam	enam	['enam']		0	D	määrsõna	16	
närvi	närv	närv	['närv']	adt	0	S	nimisõna	16	
minnes	minema	mine	['mine']	des	es	V	tegusõna	16	
.	.	.	['.']			Z	lausemärk	16	
See	see	see	['see']	sg n	0	P	asesõna	16	
oli	olema	ole	['ole']	s	i	V	tegusõna	16	
nagu	nagu	nagu	[['nagu'], ['nagu']]		0	D|J		16	
mingi	mingi	mingi	['mingi']	sg n	0	P	asesõna	16	
painaja	painaja	painaja	['painaja']	sg n	0	S	nimisõna	16	
.	.	.	['.']			Z	lausemärk	16	
Kolme	kolm	kolm	['kolm']	sg g	0	N	põhiarvsõna	16	
rinna	rind	rind	['rind']	sg g	0	S	nimisõna	16	
ja	ja	ja	['ja']		0	J	sidesõna	16	
nelja	neli	neli	['neli']	sg g	0	N	põhiarvsõna	16	
kõrvaga	kõrv	kõrv	['kõrv']	sg kom	ga	S	nimisõna	16	
naine	naine	naine	['naine']	sg n	0	S	nimisõna	16	
,	,	,	[',']			Z	lausemärk	16	
tumehämaratest	tumehämar	tume_hämar	['tume', 'hämar']	pl el	test	A	omadussõna algvõrre	16	
koridoridest	koridor	koridor	['koridor']	pl el	dest	S	nimisõna	16	
lähenevad	lähenema	lähene	['lähene']	vad	vad	V	tegusõna	16	
Keldribloki	keldriblokk	keldri_blokk	['keldri', 'blokk']	sg g	0	S	nimisõna	16	
inimesed	inimene	inimene	['inimene']	pl n	d	S	nimisõna	16	
(	(	(	['(']			Z	lausemärk	16	
arvatavasti	arvatavasti	arvatavasti	['arvatavasti']		0	D	määrsõna	16	
inimesed	inimene	inimene	['inimene']	pl n	d	S	nimisõna	16	
)	)	)	[')']			Z	lausemärk	16	
.	.	.	['.']			Z	lausemärk	16	
Ja	ja	ja	['ja']		0	J	sidesõna	16	
tal	tema	tema	['tema']	sg ad	l	P	asesõna	16	
endal	ise	ise	['ise']	sg ad	l	P	asesõna	16	
neli	neli	neli	['neli']	sg n	0	N	põhiarvsõna	16	
jalga	jalg	jalg	['jalg']	sg p	0	S	nimisõna	16	
.	.	.	['.']			Z	lausemärk	16	
""""	""""	""""	"['""']"			Z	lausemärk	17	
Kahte	kaks	kaks	['kaks']	sg p	0	N	põhiarvsõna	17	
pead	pea	pea	['pea']	sg p	d	S	nimisõna	17	
sa	sina	sina	['sina']	sg n	0	P	asesõna	17	
niisama	niisama	nii_sama	['nii', 'sama']		0	D	määrsõna	17	
lihtsalt	lihtsalt	lihtsalt	['lihtsalt']		0	D	määrsõna	17	
otsa	otsa	otsa	['otsa']		0	D	määrsõna	17	
ei	ei	ei	['ei']	neg	0	V	tegusõna	17	
klapita	klapitama	klapita	['klapita']	o	0	V	tegusõna	17	
,	,	,	[',']			Z	lausemärk	17	
""""	""""	""""	"['""']"			Z	lausemärk	17	
kostis	kostma	kost	['kost']	s	is	V	tegusõna	17	
koridorihämust	koridorihämu	koridori_hämu	['koridori', 'hämu']	sg el	st	S	nimisõna	17	
.	.	.	['.']			Z	lausemärk	17	
""""	""""	""""	"['""']"			Z	lausemärk	17	
Sellega	see	see	['see']	sg kom	ga	P	asesõna	17	
on	olema	ole	[['ole'], ['ole']]	b|vad	0	V	tegusõna	17	
ikka	ikka	ikka	['ikka']		0	D	määrsõna	17	
tükk	tükk	tükk	['tükk']	sg n	0	S	nimisõna	17	
pusimist	pusimine	pusimine	['pusimine']	sg p	t	S	nimisõna	17	
.	.	.	['.']			Z	lausemärk	17	
""""	""""	""""	"['""']"			Z	lausemärk	17	
August	August	August	['August']	sg n	0	H	pärisnimi	18	
taganes	taganema	tagane	['tagane']	s	s	V	tegusõna	18	
ja	ja	ja	['ja']		0	J	sidesõna	18	
pistis	pistma	pist	['pist']	s	is	V	tegusõna	18	
kõigi	kõik	kõik	['kõik']	pl g	0	P	asesõna	18	
oma	oma	oma	['oma']	sg g	0	P	asesõna	18	
nelja	neli	neli	['neli']	sg g	0	N	põhiarvsõna	18	
jalaga	jalg	jalg	['jalg']	sg kom	ga	S	nimisõna	18	
jooksu	jooks	jooks	['jooks']	adt	0	S	nimisõna	18	
.	.	.	['.']			Z	lausemärk	18	
""""	""""	""""	"['""']"			Z	lausemärk	19	
Kuhu	kuhu	kuhu	['kuhu']		0	D	määrsõna	19	
!	!	!	['!']			Z	lausemärk	19	
""""	""""	""""	"['""']"			Z	lausemärk	19	
kostis	kostma	kost	['kost']	s	is	V	tegusõna	19	
selja	selg	selg	['selg']	sg g	0	S	nimisõna	19	
tagant	tagant	tagant	['tagant']		0	K	kaassõna	19	
valveõe	valveõde	valve_õde	['valve', 'õde']	sg g	0	S	nimisõna	19	
terav	terav	terav	['terav']	sg n	0	A	omadussõna algvõrre	19	
käratus	käratus	käratus	['käratus']	sg n	0	S	nimisõna	19	
.	.	.	['.']			Z	lausemärk	19	
August	August	August	['August']	sg n	0	H	pärisnimi	19	
tuiskas	tuiskama	tuiska	['tuiska']	s	s	V	tegusõna	19	
ümber	ümber	ümber	['ümber']		0	K	kaassõna	19	
nurga	nurk	nurk	['nurk']	sg g	0	S	nimisõna	19	
ja	ja	ja	['ja']		0	J	sidesõna	19	
kihutas	kihutama	kihuta	['kihuta']	s	s	V	tegusõna	19	
esimesele	esimene	esimene	['esimene']	sg all	le	O	järgarvsõna	19	
korrusele	korrus	korrus	['korrus']	sg all	le	S	nimisõna	19	
viiva	viiv	vii=v	['viiv']	sg g	0	A	omadussõna algvõrre	19	
trepi	trepp	trepp	['trepp']	sg g	0	S	nimisõna	19	
poole	poole	poole	['poole']		0	K	kaassõna	19	
.	.	.	['.']			Z	lausemärk	19	
""""	""""	""""	"['""']"			Z	lausemärk	20	
Kitsepõrgusse	kitsepõrgu	kitse_põrgu	['kitse', 'põrgu']	sg ill	sse	S	nimisõna	20	
!	!	!	['!']			Z	lausemärk	20	
""""	""""	""""	"['""']"			Z	lausemärk	20	
vingatas	vingatama	vingata	['vingata']	s	s	V	tegusõna	20	
ta	tema	tema	['tema']	sg n	0	P	asesõna	20	
endamisi	endamisi	endamisi	['endamisi']		0	D	määrsõna	20	
,	,	,	[',']			Z	lausemärk	20	
kui	kui	kui	[['kui'], ['kui']]		0	D|J		20	
kuulis	kuulma	kuul	['kuul']	s	is	V	tegusõna	20	
tagant	tagant	tagant	['tagant']		0	D	määrsõna	20	
äkilisi	äkiline	äkiline	['äkiline']	pl p	i	A	omadussõna algvõrre	20	
hõikeid	hõige	hõige	['hõige']	pl p	id	S	nimisõna	20	
ja	ja	ja	['ja']		0	J	sidesõna	20	
tagaajamismüdinat	tagaajamismüdin	taga_ajamis_müdin	['taga', 'ajamis', 'müdin']	sg p	t	S	nimisõna	20	
.	.	.	['.']			Z	lausemärk	20	
Jooksnud	jooksma|jooksnud	jooks|jooks=nud	[['jooks'], ['jooksnud'], ['jooksnud'], ['jooksnud']]	|nud|pl n|sg n	0|d|nud	A|V		20	
pimedas	pime	pime	['pime']	sg in	s	S	nimisõna	20	
õigest	õige	õige	['õige']	sg el	st	A	omadussõna algvõrre	20	
koridorist	koridor	koridor	['koridor']	sg el	st	S	nimisõna	20	
mööda	mööda	mööda	['mööda']		0	D	määrsõna	20	
,	,	,	[',']			Z	lausemärk	20	
põrkas	põrkama	põrka	['põrka']	s	s	V	tegusõna	20	
August	August	August	['August']	sg n	0	H	pärisnimi	20	
vastu	vastu	vastu	['vastu']		0	K	kaassõna	20	
mingit	mingi	mingi	['mingi']	sg p	t	P	asesõna	20	
potis	poti|pott	poti|pott	[['pott'], ['poti']]	sg in	s	S	nimisõna	20	
kasvavat	kasvav	kasvav	['kasvav']	sg p	t	A	omadussõna algvõrre	20	
kummipuud	kummipuu	kummi_puu	['kummi', 'puu']	sg p	d	S	nimisõna	20	
,	,	,	[',']			Z	lausemärk	20	
pöördus	pöörduma	pöördu	['pöördu']	s	s	V	tegusõna	20	
ringi	ringi	ringi	['ringi']		0	D	määrsõna	20	
ja	ja	ja	['ja']		0	J	sidesõna	20	
süstis	süstima	süsti	['süsti']	s	s	V	tegusõna	20	
õigesse	õige	õige	['õige']	sg ill	sse	A	omadussõna algvõrre	20	
suunda	suund	suund	['suund']	adt	0	S	nimisõna	20	
.	.	.	['.']			Z	lausemärk	20	
Ent	ent	ent	['ent']		0	J	sidesõna	20	
viivitushetk	viivitushetk	viivitus_hetk	['viivitus', 'hetk']	sg n	0	S	nimisõna	20	
maksis	maksma	maks	['maks']	s	is	V	tegusõna	20	
end	ise	ise	['ise']	sg p	0	P	asesõna	20	
kätte	käsi	käsi	['käsi']	adt	tte	S	nimisõna	20	
.	.	.	['.']			Z	lausemärk	20	
Mustavast	mustav	mustav	['mustav']	sg el	st	A	omadussõna algvõrre	20	
õhust	õhk	õhk	['õhk']	sg el	st	S	nimisõna	20	
kihutas	kihutama	kihuta	['kihuta']	s	s	V	tegusõna	20	
välja	välja	välja	['välja']		0	D	määrsõna	20	
kahepäine	kahepäine	kahe_päine	['kahe', 'päine']	sg n	0	A	omadussõna algvõrre	20	
,	,	,	[',']			Z	lausemärk	20	
kuuekäeline	kuuekäeline	kuue_käeline	['kuue', 'käeline']	sg n	0	A	omadussõna algvõrre	20	
ja	ja	ja	['ja']		0	J	sidesõna	20	
jumal	jumal	jumal	['jumal']	sg n	0	S	nimisõna	20	
üksi	üksi	üksi	['üksi']		0	D	määrsõna	20	
teab	teadma	tead	['tead']	b	b	V	tegusõna	20	
mitmejalgne	mitmejalgne	mitme_jalgne	['mitme', 'jalgne']	sg n	0	A	omadussõna algvõrre	20	
peletis	peletis	peletis	['peletis']	sg n	0	S	nimisõna	20	
.	.	.	['.']			Z	lausemärk	20	
Hirmuhuilet	hirmuhuile	hirmu_huile	['hirmu', 'huile']	sg p	t	S	nimisõna	20	
kuuldavale	kuuldav	kuuldav	['kuuldav']	sg all	le	A	omadussõna algvõrre	20	
lastes	laps	laps	['laps']	pl in	tes	S	nimisõna	20	
haaras	haarama	haara	['haara']	s	s	V	tegusõna	20	
August	August	August	['August']	sg n	0	H	pärisnimi	20	
trepikoja	trepikoda	trepi_koda	['trepi', 'koda']	sg g	0	S	nimisõna	20	
ukse	uks	uks	['uks']	sg g	0	S	nimisõna	20	
kõrval	kõrval	kõrval	['kõrval']		0	K	kaassõna	20	
seisva	seisev	seisev	['seisev']	sg g	0	A	omadussõna algvõrre	20	
metallvarrastest	metallvarras	metall_varras	['metall', 'varras']	pl el	test	S	nimisõna	20	
riidenagi	riidenagi	riide_nagi	['riide', 'nagi']	sg n	0	S	nimisõna	20	
ja	ja	ja	['ja']		0	J	sidesõna	20	
ise	ise	ise	[['ise'], ['ise']]	pl n|sg n	0	P	asesõna	20	
peaaegu	peaaegu	pea_aegu	['pea', 'aegu']		0	D	määrsõna	20	
vastu	vastu	vastu	['vastu']		0	K	kaassõna	20	
seina	sein	sein	['sein']	sg p	0	S	nimisõna	20	
joostes	jooksma	jooks	['jooks']	des	tes	V	tegusõna	20	
käänas	käänama	kääna	['kääna']	s	s	V	tegusõna	20	
otsa	otsa	otsa	['otsa']		0	D	määrsõna	20	
jooksu	jooks	jooks	['jooks']	adt	0	S	nimisõna	20	
pealt	pealt	pealt	['pealt']		0	D	määrsõna	20	
olevuse	olevus	olevus	['olevus']	sg g	0	S	nimisõna	20	
poole	poole	poole	['poole']		0	K	kaassõna	20	
.	.	.	['.']			Z	lausemärk	20	
See	see	see	['see']	sg n	0	P	asesõna	20	
rehmas	rehmama	rehma	['rehma']	s	s	V	tegusõna	20	
kõigi	kõik	kõik	['kõik']	pl g	0	P	asesõna	20	
oma	oma	oma	['oma']	sg g	0	P	asesõna	20	
kuue	kuus	kuus	['kuus']	sg g	0	N	põhiarvsõna	20	
käega	käsi	käsi	['käsi']	sg kom	ga	S	nimisõna	20	
,	,	,	[',']			Z	lausemärk	20	
ent	ent	ent	['ent']		0	J	sidesõna	20	
tegu	tegu	tegu	['tegu']	sg n	0	S	nimisõna	20	
oli	olema	ole	['ole']	s	i	V	tegusõna	20	
siiski	siiski	siiski	['siiski']		0	D	määrsõna	20	
nii	nii	nii	['nii']		0	D	määrsõna	20	
ootamatu	ootamatu	ootamatu	['ootamatu']	sg n	0	A	omadussõna algvõrre	20	
,	,	,	[',']			Z	lausemärk	20	
et	et	et	['et']		0	J	sidesõna	20	
piigina	piik	piik	['piik']	sg es	na	S	nimisõna	20	
tungisid	tungima	tungi	['tungi']	sid	sid	V	tegusõna	20	
mütsivarna	mütsivarn	mütsi_varn	['mütsi', 'varn']	sg g	0	S	nimisõna	20	
ogad	oga	oga	['oga']	pl n	d	S	nimisõna	20	
tollele	too	too	['too']	sg all	le	P	asesõna	20	
vasakusse	vasak	vasak	['vasak']	sg ill	sse	A	omadussõna algvõrre	20	
pähe	pea	pea	['pea']	adt	0	S	nimisõna	20	
.	.	.	['.']			Z	lausemärk	20	
Õõksatades	Õõksatades	Õõksatades	['Õõksatades']	sg n	0	H	pärisnimi	20	
taarus	taaruma	taaru	['taaru']	s	s	V	tegusõna	20	
olevus	olevus	olevus	['olevus']	sg n	0	S	nimisõna	20	
paar	paar	paar	['paar']	sg n	0	N	põhiarvsõna	20	
sammu	samm	samm	['samm']	sg p	0	S	nimisõna	20	
tagasi	tagasi	tagasi	['tagasi']		0	K	kaassõna	20	
ja	ja	ja	['ja']		0	J	sidesõna	20	
enne	enne	enne	['enne']		0	K	kaassõna	20	
veel	veel	veel	['veel']		0	D	määrsõna	20	
kui	kui	kui	[['kui'], ['kui']]		0	D|J		20	
põrandale	põrand	põrand	['põrand']	sg all	le	S	nimisõna	20	
kukkus	kukkuma	kukku	['kukku']	s	s	V	tegusõna	20	
,	,	,	[',']			Z	lausemärk	20	
lagunes	lagunema	lagune	['lagune']	s	s	V	tegusõna	20	
tükkideks	tükk	tükk	['tükk']	pl tr	deks	S	nimisõna	20	
.	.	.	['.']			Z	lausemärk	20	
Käed-jalad	käed-jalg	käe+d-jalg	['käed', 'jalg']	pl n	d	S	nimisõna	20	
ning	ning	ning	['ning']		0	J	sidesõna	20	
teine	teine	teine	[['teine'], ['teine']]	sg n	0	O|P		20	
pea	pea	pea	['pea']	sg n	0	S	nimisõna	20	
pudenesid	pudenema	pudene	['pudene']	sid	sid	V	tegusõna	20	
läbisegi	läbisegi	läbi_segi	['läbi', 'segi']		0	D	määrsõna	20	
põrandale	põrand	põrand	['põrand']	sg all	le	S	nimisõna	20	
ning	ning	ning	['ning']		0	J	sidesõna	20	
hakkasid	hakkama	hakka	['hakka']	sid	sid	V	tegusõna	20	
seal	seal	seal	['seal']		0	D	määrsõna	20	
siis	siis	siis	['siis']		0	D	määrsõna	20	
rahutult	rahutult	rahutult	['rahutult']		0	D	määrsõna	20	
siplema	siplema	siple	['siple']	ma	ma	V	tegusõna	20	
.	.	.	['.']			Z	lausemärk	20	
Õudusega	õudus	õudus	['õudus']	sg kom	ga	S	nimisõna	20	
nägi	nägema	näge	['näge']	s	i	V	tegusõna	20	
August	August	August	['August']	sg n	0	H	pärisnimi	20	
,	,	,	[',']			Z	lausemärk	20	
kuidas	kuidas	kuidas	['kuidas']		0	D	määrsõna	20	
jalad	jalg	jalg	['jalg']	pl n	d	S	nimisõna	20	
ennast	ise	ise	['ise']	sg p	t	P	asesõna	20	
ükshaaval	ükshaaval	üks_haaval	['üks', 'haaval']		0	D	määrsõna	20	
hämaruses	hämarus	hämarus	['hämarus']	sg in	s	S	nimisõna	20	
püsti	püsti	püsti	['püsti']		0	D	määrsõna	20	
ajasid	ajama	aja	['aja']	sid	sid	V	tegusõna	20	
ja	ja	ja	['ja']		0	J	sidesõna	20	
tema	tema	tema	['tema']	sg g	0	P	asesõna	20	
poole	poole	poole	['poole']		0	K	kaassõna	20	
hüplema	hüplema	hüple	['hüple']	ma	ma	V	tegusõna	20	
hakkasid	hakkama	hakka	['hakka']	sid	sid	V	tegusõna	20	
.	.	.	['.']			Z	lausemärk	20	
Tumedalt	tume	tume	['tume']	sg abl	lt	A	omadussõna algvõrre	20	
linoleumilt	linoleum	linoleum	['linoleum']	sg abl	lt	S	nimisõna	20	
ei	ei	ei	['ei']	neg	0	V	tegusõna	20	
paistnud	paistma|paistnud	paist|paist=nud	[['paist'], ['paistnud'], ['paistnud'], ['paistnud']]	|nud|pl n|sg n	0|d|nud	A|V		20	
hästi	hästi	hästi	['hästi']		0	D	määrsõna	20	
,	,	,	[',']			Z	lausemärk	20	
aga	aga	aga	['aga']		0	J	sidesõna	20	
mees	mees	mees	['mees']	sg n	0	S	nimisõna	20	
tundis	tundma	tund	['tund']	s	is	V	tegusõna	20	
,	,	,	[',']			Z	lausemärk	20	
et	et	et	['et']		0	J	sidesõna	20	
ka	ka	ka	['ka']		0	D	määrsõna	20	
käed	käsi	käsi	['käsi']	pl n	d	S	nimisõna	20	
sibavad	sibama	siba	['siba']	vad	vad	V	tegusõna	20	
tema	tema	tema	['tema']	sg g	0	P	asesõna	20	
poole	poole	poole	['poole']		0	K	kaassõna	20	
.	.	.	['.']			Z	lausemärk	20	
Pooleks	pooleks	pooleks	['pooleks']		0	D	määrsõna	20	
ininaga	inin	inin	['inin']	sg kom	ga	S	nimisõna	20	
urisedes	urisema	urise	['urise']	des	des	V	tegusõna	20	
kukkus	kukkuma	kukku	['kukku']	s	s	V	tegusõna	20	
August	August	August	['August']	sg n	0	H	pärisnimi	20	
neid	tema	tema	['tema']	pl p	d	P	asesõna	20	
jalgade	jalg	jalg	['jalg']	pl g	de	S	nimisõna	20	
ja	ja	ja	['ja']		0	J	sidesõna	20	
riidevarnaga	riidevarn	riide_varn	['riide', 'varn']	sg kom	ga	S	nimisõna	20	
laiali	laiali	laiali	['laiali']		0	D	määrsõna	20	
peksma	peksma	peks	['peks']	ma	ma	V	tegusõna	20	
.	.	.	['.']			Z	lausemärk	20	
Pealetungivad	pealetungiv	peale_tungiv	['peale', 'tungiv']	pl n	d	A	omadussõna algvõrre	20	
ihuliikmed	ihuliige	ihu_liige	['ihu', 'liige']	pl n	d	S	nimisõna	20	
tõmbusid	tõmbuma	tõmbu	['tõmbu']	sid	sid	V	tegusõna	20	
tagasi	tagasi	tagasi	['tagasi']		0	D	määrsõna	20	
,	,	,	[',']			Z	lausemärk	20	
niipea	niipea	nii_pea	['nii', 'pea']		0	D	määrsõna	20	
kui	kui	kui	[['kui'], ['kui']]		0	D|J		20	
ta	tema	tema	['tema']	sg n	0	P	asesõna	20	
oli	olema	ole	['ole']	s	i	V	tegusõna	20	
mõnel	mõni	mõni	['mõni']	sg ad	l	P	asesõna	20	
neis	see	see	['see']	pl in	s	P	asesõna	20	
luud	luu|luud	luu|luud	[['luu'], ['luud']]	pl n|sg n	0|d	S	nimisõna	20	
purustanud	purustama|purustanud	purusta|purusta=nud	[['purusta'], ['purustanud'], ['purustanud'], ['purustanud']]	|nud|pl n|sg n	0|d|nud	A|V		20	
ja	ja	ja	['ja']		0	J	sidesõna	20	
kadusid	kaduma	kadu	['kadu']	sid	sid	V	tegusõna	20	
krabistades	krabistama	krabista	['krabista']	des	des	V	tegusõna	20	
pimedatesse	pime	pime	['pime']	pl ill	tesse	S	nimisõna	20	
koridoridesse	koridor	koridor	['koridor']	pl ill	desse	S	nimisõna	20	
ning	ning	ning	['ning']		0	J	sidesõna	20	
trepikotta	trepikoda	trepi_koda	['trepi', 'koda']	adt	0	S	nimisõna	20	
kuhu	kuhu	kuhu	['kuhu']		0	D	määrsõna	20	
nad	tema	tema	['tema']	pl n	d	P	asesõna	20	
ta	tema	tema	['tema']	sg g	0	P	asesõna	20	
hoopidest	hoop	hoop	['hoop']	pl el	dest	S	nimisõna	20	
paiskusid	paiskuma	paisku	['paisku']	sid	sid	V	tegusõna	20	
.	.	.	['.']			Z	lausemärk	20	
Ainult	ainult	ainult	['ainult']		0	D	määrsõna	20	
purustatud	purustama|purustatud	purusta|purusta=tud	[['purusta'], ['purustatud'], ['purustatud'], ['purustatud']]	|pl n|sg n|tud	0|d|tud	A|V		20	
peaga	pea	pea	['pea']	sg kom	ga	S	nimisõna	20	
,	,	,	[',']			Z	lausemärk	20	
kahe	kaks	kaks	['kaks']	sg g	0	N	põhiarvsõna	20	
käe	käsi	käsi	['käsi']	sg g	0	S	nimisõna	20	
ja	ja	ja	['ja']		0	J	sidesõna	20	
jalaga	jalg	jalg	['jalg']	sg kom	ga	S	nimisõna	20	
inimkeha	inimkeha	inim_keha	['inim', 'keha']	sg p	0	S	nimisõna	20	
jäi	jääma	jää	['jää']	s	i	V	tegusõna	20	
põrandale	põrand	põrand	['põrand']	sg all	le	S	nimisõna	20	
veritsedes	veritsema	veritse	['veritse']	des	des	V	tegusõna	20	
lamama	lamama	lama	['lama']	ma	ma	V	tegusõna	20	
.	.	.	['.']			Z	lausemärk	20	
Ning	ning	ning	['ning']		0	J	sidesõna	20	
teine	teine	teine	[['teine'], ['teine']]	sg n	0	O|P		20	
pea	pea	pea	['pea']	sg n	0	S	nimisõna	20	
,	,	,	[',']			Z	lausemärk	20	
mis	mis	mis	[['mis'], ['mis']]	pl n|sg n	0	P	asesõna	20	
külmal	külm	külm	['külm']	sg ad	l	A	omadussõna algvõrre	20	
kooljailmel	kooljailme	koolja_ilme	['koolja', 'ilme']	sg ad	l	S	nimisõna	20	
Augustit	august	august	['august']	sg p	t	S	nimisõna	20	
vahtis	vahtima	vahti	['vahti']	s	s	V	tegusõna	20	
.	.	.	['.']			Z	lausemärk	20	
Mees	mees	mees	['mees']	sg n	0	S	nimisõna	20	
virutas	virutama	viruta	['viruta']	s	s	V	tegusõna	20	
sellele	see	see	['see']	sg all	le	P	asesõna	20	
riidevarnaga	riidevarn	riide_varn	['riide', 'varn']	sg kom	ga	S	nimisõna	20	
-	-	-	['-']			Z	lausemärk	20	
ajusi	ajus	ajus	['ajus']	pl p	i	S	nimisõna	20	
laiali	laiali	laiali	['laiali']		0	D	määrsõna	20	
pritsides	pritsima	pritsi	['pritsi']	des	des	V	tegusõna	20	
lendas	lendama	lenda	['lenda']	s	s	V	tegusõna	20	
pea	pea	pea	['pea']	sg g	0	S	nimisõna	20	
pimedusse	pimedus	pimedus	['pimedus']	adt	se	S	nimisõna	20	
,	,	,	[',']			Z	lausemärk	20	
kus	kus	kus	['kus']		0	D	määrsõna	20	
ta	tema	tema	['tema']	sg n	0	P	asesõna	20	
vastu	vastu	vastu	['vastu']		0	K	kaassõna	20	
seina	sein	sein	['sein']	sg p	0	S	nimisõna	20	
kopsatas	kopsatama	kopsata	['kopsata']	s	s	V	tegusõna	20	
.	.	.	['.']			Z	lausemärk	20	
August	August	August	['August']	sg n	0	H	pärisnimi	21	
seisis	seisma	seis	['seis']	s	is	V	tegusõna	21	
vabisedes	vabisema	vabise	['vabise']	des	des	V	tegusõna	21	
keset	keset	keset	['keset']		0	K	kaassõna	21	
musta	must	must	['must']	sg p	0	A	omadussõna algvõrre	21	
koridori	koridor	koridor	['koridor']	sg p	0	S	nimisõna	21	
ja	ja	ja	['ja']		0	J	sidesõna	21	
ei	ei	ei	['ei']	neg	0	V	tegusõna	21	
teadnud	teadma|teadnud	tead|tead=nud	[['tead'], ['teadnud'], ['teadnud'], ['teadnud']]	|nud|pl n|sg n	0|d|nud	A|V		21	
mida	mis	mis	[['mis'], ['mis']]	pl p|sg p	da	P	asesõna	21	
teha	tegema	tege	['tege']	da	a	V	tegusõna	21	
.	.	.	['.']			Z	lausemärk	21	
Trepile	trepp	trepp	['trepp']	sg all	le	S	nimisõna	21	
ta	tema	tema	['tema']	sg n	0	P	asesõna	21	
pelgas	pelgama	pelga	['pelga']	s	s	V	tegusõna	21	
minna	minema	mine	['mine']	da	a	V	tegusõna	21	
,	,	,	[',']			Z	lausemärk	21	
sest	sest	sest	['sest']		0	J	sidesõna	21	
kartis	kartma	kart	['kart']	s	is	V	tegusõna	21	
sinna	sinna	sinna	['sinna']		0	D	määrsõna	21	
kadunud	kaduma|kadunud	kadu|kadunud	[['kadu'], ['kadunud'], ['kadunud'], ['kadunud']]	|nud|pl n|sg n	0|d|nud	A|V		21	
paari	paar	paar	['paar']	sg p	0	N	põhiarvsõna	21	
kätt	käsi	käsi	['käsi']	sg p	tt	S	nimisõna	21	
ja	ja	ja	['ja']		0	J	sidesõna	21	
jalga	jalg	jalg	['jalg']	sg p	0	S	nimisõna	21	
.	.	.	['.']			Z	lausemärk	21	
Arvatavasti	arvatavasti	arvatavasti	['arvatavasti']		0	D	määrsõna	21	
jäid	jääma	jää	['jää']	sid	id	V	tegusõna	21	
nad	tema	tema	['tema']	pl n	d	P	asesõna	21	
kuhugi	kuhugi	kuhugi	['kuhugi']		0	D	määrsõna	21	
varitsema	varitsema	varitse	['varitse']	ma	ma	V	tegusõna	21	
.	.	.	['.']			Z	lausemärk	21	
Sealtpoolt	sealtpoolt	sealt_poolt	['sealt', 'poolt']		0	D	määrsõna	21	
,	,	,	[',']			Z	lausemärk	21	
kust	kust	kust	['kust']		0	D	määrsõna	21	
ta	tema	tema	['tema']	sg n	0	P	asesõna	21	
tulnud	tulema|tulnud	tul=nud|tule	[['tulnud'], ['tulnud'], ['tulnud'], ['tule']]	|nud|pl n|sg n	0|d|nud	A|V		21	
oli	olema	ole	['ole']	s	i	V	tegusõna	21	
,	,	,	[',']			Z	lausemärk	21	
kostsid	kostma	kost	['kost']	sid	sid	V	tegusõna	21	
äkki	äkki	äkki	['äkki']		0	D	määrsõna	21	
mingid	mingi	mingi	['mingi']	pl n	d	P	asesõna	21	
hääled	hääl	hääl	['hääl']	pl n	d	S	nimisõna	21	
.	.	.	['.']			Z	lausemärk	21	
Küllap	küllap	küllap	['küllap']		0	D	määrsõna	21	
oli	olema	ole	['ole']	s	i	V	tegusõna	21	
keegi	keegi	keegi	['keegi']	sg n	0	P	asesõna	21	
lärmi	lärm	lärm	['lärm']	adt	0	S	nimisõna	21	
peale	peale	peale	['peale']		0	K	kaassõna	21	
üles	üles	üles	['üles']		0	D	määrsõna	21	
ärganud	ärganud|ärkama	ärga=nud|ärka	[['ärka'], ['ärganud'], ['ärganud'], ['ärganud']]	|nud|pl n|sg n	0|d|nud	A|V		21	
.	.	.	['.']			Z	lausemärk	21	
Siis	siis	siis	['siis']		0	D	määrsõna	21	
vapustas	vapustama	vapusta	['vapusta']	s	s	V	tegusõna	21	
haiglat	haigla	haigla	['haigla']	sg p	t	S	nimisõna	21	
jube	jube	jube	['jube']	sg n	0	A	omadussõna algvõrre	21	
kriiskamine	kriiskamine	kriiskamine	['kriiskamine']	sg n	0	S	nimisõna	21	
.	.	.	['.']			Z	lausemärk	21	
""""	""""	""""	"['""']"			Z	lausemärk	22	
KÄSIIIII	Käsiiiii	Käsiiiii	['Käsiiiii']	sg n	0	H	pärisnimi	22	
,	,	,	[',']			Z	lausemärk	22	
KÄSIIII	Käsiiii	Käsiiii	['Käsiiii']	sg n	0	H	pärisnimi	22	
!	!	!	['!']			Z	lausemärk	22	
""""	""""	""""	"['""']"			Z	lausemärk	22	
Kellegi	keegi	keegi	['keegi']	sg g	gi	P	asesõna	23	
hõik	hõik	hõik	['hõik']	sg n	0	S	nimisõna	23	
,	,	,	[',']			Z	lausemärk	23	
millegi	miski	miski	['miski']	sg g	gi	P	asesõna	23	
klirin	klirin	klirin	['klirin']	sg n	0	S	nimisõna	23	
.	.	.	['.']			Z	lausemärk	23	
Kriiskamine	kriiskamine	kriiskamine	['kriiskamine']	sg n	0	S	nimisõna	23	
lämmatati	lämmatama	lämmata	['lämmata']	ti	ti	V	tegusõna	23	
,	,	,	[',']			Z	lausemärk	23	
see	see	see	['see']	sg n	0	P	asesõna	23	
muutus	muutuma	muutu	['muutu']	s	s	V	tegusõna	23	
mulksuvaks	mulksuv	mulksu=v	['mulksuv']	sg tr	ks	A	omadussõna algvõrre	23	
ja	ja	ja	['ja']		0	J	sidesõna	23	
hajus	hajuma	haju	['haju']	s	s	V	tegusõna	23	
.	.	.	['.']			Z	lausemärk	23	
Ent	ent	ent	['ent']		0	J	sidesõna	23	
nüüd	nüüd	nüüd	['nüüd']		0	D	määrsõna	23	
kostis	kostma	kost	['kost']	s	is	V	tegusõna	23	
uste	uks	uks	['uks']	pl g	te	S	nimisõna	23	
avamist	avamine	avamine	['avamine']	sg p	t	S	nimisõna	23	
ning	ning	ning	['ning']		0	J	sidesõna	23	
hääli	hääl	hääl	['hääl']	pl p	i	S	nimisõna	23	
ka	ka	ka	['ka']		0	D	määrsõna	23	
mujalt	mujalt	mujalt	['mujalt']		0	D	määrsõna	23	
.	.	.	['.']			Z	lausemärk	23	
August	August	August	['August']	sg n	0	H	pärisnimi	23	
hakkas	hakkama	hakka	['hakka']	s	s	V	tegusõna	23	
mööda	mööda	mööda	['mööda']		0	K	kaassõna	23	
seinaääri	seinaäär	seina_äär	['seina', 'äär']	pl p	i	S	nimisõna	23	
sinnapoole	sinnapoole	sinna_poole	['sinna', 'poole']		0	D	määrsõna	23	
hiilima	hiilima	hiili	['hiili']	ma	ma	V	tegusõna	23	
.	.	.	['.']			Z	lausemärk	23	
Ärritatud-ehmunud	ärritatud-ehmuma|ärritatud-ehmunud	ärritatud-ehmu|ärritatud-ehmunud	[['ärritatud', 'ehmu'], ['ärritatud', 'ehmunud'], ['ärritatud', 'ehmunud'], ['ärritatud', 'ehmunud']]	|nud|pl n|sg n	0|d|nud	A|V		23	
hääled	hääl	hääl	['hääl']	pl n	d	S	nimisõna	23	
valjenesid	valjenema	valjene	['valjene']	sid	sid	V	tegusõna	23	
.	.	.	['.']			Z	lausemärk	23	
""""	""""	""""	"['""']"			Z	lausemärk	24	
Oodake	ootama	oota	['oota']	ge	ke	V	tegusõna	24	
siin	siin	siin	['siin']		0	D	määrsõna	24	
,	,	,	[',']			Z	lausemärk	24	
ma	mina	mina	['mina']	sg n	0	P	asesõna	24	
lähen	minema	mine	['mine']	n	n	V	tegusõna	24	
kutsun	kutsuma	kutsu	['kutsu']	n	n	V	tegusõna	24	
kohe	kohe	kohe	['kohe']		0	D	määrsõna	24	
tohtri	tohter	tohter	['tohter']	sg g	0	S	nimisõna	24	
!	!	!	['!']			Z	lausemärk	24	
""""	""""	""""	"['""']"			Z	lausemärk	24	
kostis	kostma	kost	['kost']	s	is	V	tegusõna	24	
valveõe	valveõde	valve_õde	['valve', 'õde']	sg g	0	S	nimisõna	24	
hääl	hääl	hääl	['hääl']	sg n	0	S	nimisõna	24	
.	.	.	['.']			Z	lausemärk	24	
August	August	August	['August']	sg n	0	H	pärisnimi	25	
piilus	piiluma	piilu	['piilu']	s	s	V	tegusõna	25	
nurga	nurk	nurk	['nurk']	sg g	0	S	nimisõna	25	
tagant	tagant	tagant	['tagant']		0	K	kaassõna	25	
välja	välja	välja	['välja']		0	D	määrsõna	25	
.	.	.	['.']			Z	lausemärk	25	
Kitlis	kittel	kittel	['kittel']	sg in	s	S	nimisõna	25	
naine	naine	naine	['naine']	sg n	0	S	nimisõna	25	
kadus	kaduma	kadu	['kadu']	s	s	V	tegusõna	25	
teisele	teine	teine	[['teine'], ['teine']]	sg all	le	O|P		25	
poole	poole	poole	['poole']		0	K	kaassõna	25	
koridorihämusse	koridorihämu	koridori_hämu	['koridori', 'hämu']	sg ill	sse	S	nimisõna	25	
.	.	.	['.']			Z	lausemärk	25	
Põrandal	põrand	põrand	['põrand']	sg ad	l	S	nimisõna	25	
lamas	lamama	lama	['lama']	s	s	V	tegusõna	25	
minestunud	minestunud	minestu=nud	[['minestunud'], ['minestunud'], ['minestunud']]	|pl n|sg n	0|d	A	omadussõna algvõrre	25	
naispatsient	naispatsient	nais_patsient	['nais', 'patsient']	sg n	0	S	nimisõna	25	
ning	ning	ning	['ning']		0	J	sidesõna	25	
ümber	ümber	ümber	['ümber']		0	K	kaassõna	25	
tema	tema	tema	['tema']	sg g	0	P	asesõna	25	
7-8	7-8	7-8	['7', '8']	?	0	N	põhiarvsõna	25	
pidzhaamades	pidzhaama	pidzhaama	['pidzhaama']	pl in	des	S	nimisõna	25	
inimest	inimene	inimene	['inimene']	sg p	t	S	nimisõna	25	
.	.	.	['.']			Z	lausemärk	25	
Laual	laud	laud	['laud']	sg ad	l	S	nimisõna	25	
,	,	,	[',']			Z	lausemärk	25	
mille	mis	mis	[['mis'], ['mis']]	pl g|sg g	0	P	asesõna	25	
kõrval	kõrval	kõrval	['kõrval']		0	K	kaassõna	25	
nad	tema	tema	['tema']	pl n	d	P	asesõna	25	
seisid	seisma	seis	['seis']	sid	id	V	tegusõna	25	
,	,	,	[',']			Z	lausemärk	25	
lebas	lebama	leba	['leba']	s	s	V	tegusõna	25	
käsi	käsi	käsi	['käsi']	sg n	0	S	nimisõna	25	
.	.	.	['.']			Z	lausemärk	25	
Arvatavasti	arvatavasti	arvatavasti	['arvatavasti']		0	D	määrsõna	25	
üks	üks	üks	['üks']	sg n	0	P	asesõna	25	
neist	tema	tema	['tema']	pl el	st	P	asesõna	25	
,	,	,	[',']			Z	lausemärk	25	
kes	kes	kes	[['kes'], ['kes']]	pl n|sg n	0	P	asesõna	25	
Augusti	august	august	['august']	sg g	0	S	nimisõna	25	
eest	eest	eest	['eest']		0	K	kaassõna	25	
jalga	jalga	jalga	['jalga']		0	D	määrsõna	25	
lasid	laskma	lask	['lask']	sid	id	V	tegusõna	25	
.	.	.	['.']			Z	lausemärk	25	
""""	""""	""""	"['""']"			Z	lausemärk	26	
Oleks	olema	ole	['ole']	ks	ks	V	tegusõna	26	
võinud	võima|võinud	või|või=nud	[['või'], ['võinud'], ['võinud'], ['võinud']]	|nud|pl n|sg n	0|d|nud	A|V		26	
ju	ju	ju	['ju']		0	D	määrsõna	26	
SELLE	sell	sell	['sell']	pl p	e	S	nimisõna	26	
ka	ka	ka	['ka']		0	D	määrsõna	26	
kaasa	kaasa	kaasa	['kaasa']		0	D	määrsõna	26	
võtta	võtma	võt	['võt']	da	a	V	tegusõna	26	
,	,	,	[',']			Z	lausemärk	26	
""""	""""	""""	"['""']"			Z	lausemärk	26	
virises	virisema	virise	['virise']	s	s	V	tegusõna	26	
keegi	keegi	keegi	['keegi']	sg n	0	P	asesõna	26	
.	.	.	['.']			Z	lausemärk	26	
Üks	üks	üks	['üks']	sg n	0	P	asesõna	26	
meestest	mees	mees	['mees']	pl el	test	S	nimisõna	26	
astus	astuma	astu	['astu']	s	s	V	tegusõna	26	
lauale	laud	laud	['laud']	sg all	le	S	nimisõna	26	
ligemale	ligemale	ligemale	['ligemale']		0	D	määrsõna	26	
ja	ja	ja	['ja']		0	J	sidesõna	26	
katsus	katsuma	katsu	['katsu']	s	s	V	tegusõna	26	
kätt	käsi	käsi	['käsi']	sg p	tt	S	nimisõna	26	
.	.	.	['.']			Z	lausemärk	26	
Sooja	soe	soe	['soe']	sg g	0	A	omadussõna algvõrre	26	
puudutust	puudutus	puudutus	['puudutus']	sg p	t	S	nimisõna	26	
tundes	tundma	tund	['tund']	des	es	V	tegusõna	26	
elustus	elustuma	elustu	['elustu']	s	s	V	tegusõna	26	
käsi	käsi	käsi	['käsi']	sg n	0	S	nimisõna	26	
silmapilkselt	silmapilkselt	silma_pilkselt	['silma', 'pilkselt']		0	D	määrsõna	26	
.	.	.	['.']			Z	lausemärk	26	
Välkkiirelt	välkkiirelt	välk_kiirelt	['välk', 'kiirelt']		0	D	määrsõna	26	
haarasid	haarama	haara	['haara']	sid	sid	V	tegusõna	26	
sõrmed	sõrm	sõrm	['sõrm']	pl n	d	S	nimisõna	26	
mehel	mees	mees	['mees']	sg ad	l	S	nimisõna	26	
randmest	ranne	ranne	['ranne']	sg el	st	S	nimisõna	26	
.	.	.	['.']			Z	lausemärk	26	
Hirmust	hirm	hirm	['hirm']	sg el	st	S	nimisõna	26	
röögatades	röögatama	röögata	['röögata']	des	des	V	tegusõna	26	
hüppas	hüppama	hüppa	['hüppa']	s	s	V	tegusõna	26	
mees	mees	mees	['mees']	sg n	0	S	nimisõna	26	
metsikult	metsikult	metsikult	['metsikult']		0	D	määrsõna	26	
oma	oma	oma	['oma']	sg g	0	P	asesõna	26	
kätt	käsi	käsi	['käsi']	sg p	tt	S	nimisõna	26	
vabaks	vaba	vaba	['vaba']	sg tr	ks	A	omadussõna algvõrre	26	
raputada	raputama	raputa	['raputa']	da	da	V	tegusõna	26	
püüdes	püüdma	püüd	['püüd']	des	es	V	tegusõna	26	
eemale	eemale	eemale	['eemale']		0	D	määrsõna	26	
.	.	.	['.']			Z	lausemärk	26	
Ent	ent	ent	['ent']		0	J	sidesõna	26	
SEE	see	see	['see']	sg n	0	P	asesõna	26	
oli	olema	ole	['ole']	s	i	V	tegusõna	26	
kui	kui	kui	[['kui'], ['kui']]		0	D|J		26	
tangidega	tangid	tangid	['tangid']	pl kom	dega	S	nimisõna	26	
ta	tema	tema	['tema']	sg g	0	P	asesõna	26	
küljes	küljes	küljes	['küljes']		0	K	kaassõna	26	
.	.	.	['.']			Z	lausemärk	26	
Vastikusest	vastikus	vastikus	['vastikus']	sg el	st	S	nimisõna	26	
moondunud	moonduma|moondunud	moondu|moondunud	[['moondu'], ['moondunud'], ['moondunud'], ['moondunud']]	|nud|pl n|sg n	0|d|nud	A|V		26	
näoga	nägu	nägu	['nägu']	sg kom	ga	S	nimisõna	26	
tagus	taguma	tagu	['tagu']	s	s	V	tegusõna	26	
mees	mees	mees	['mees']	sg n	0	S	nimisõna	26	
Kätt	käsi	käsi	['käsi']	sg p	tt	S	nimisõna	26	
vastu	vastu	vastu	['vastu']		0	K	kaassõna	26	
lauaplaadi	lauaplaat	laua_plaat	['laua', 'plaat']	sg g	0	S	nimisõna	26	
serva	serv	serv	['serv']	sg p	0	S	nimisõna	26	
.	.	.	['.']			Z	lausemärk	26	
Puhkes	puhkema	puhke	['puhke']	s	s	V	tegusõna	26	
kohutav	kohutav	kohutav	['kohutav']	sg n	0	A	omadussõna algvõrre	26	
lärm	lärm	lärm	['lärm']	sg n	0	S	nimisõna	26	
ja	ja	ja	['ja']		0	J	sidesõna	26	
rüsin	rüsin	rüsin	['rüsin']	sg n	0	S	nimisõna	26	
,	,	,	[',']			Z	lausemärk	26	
milles	mis	mis	[['mis'], ['mis']]	pl in|sg in	s	P	asesõna	26	
keegi	keegi	keegi	['keegi']	sg n	0	P	asesõna	26	
vanem	vanem	vanem	['vanem']	sg n	0	C	omadussõna keskvõrre	26	
mees	mees	mees	['mees']	sg n	0	S	nimisõna	26	
endal	ise	ise	['ise']	sg ad	l	P	asesõna	26	
rinnust	rind	rind	['rind']	pl el	ust	S	nimisõna	26	
haaras	haarama	haara	['haara']	s	s	V	tegusõna	26	
ja	ja	ja	['ja']		0	J	sidesõna	26	
põrandale	põrand	põrand	['põrand']	sg all	le	S	nimisõna	26	
vajus	vajuma	vaju	['vaju']	s	s	V	tegusõna	26	
.	.	.	['.']			Z	lausemärk	26	
August	August	August	['August']	sg n	0	H	pärisnimi	26	
volksas	volksama	volksa	['volksa']	s	s	V	tegusõna	26	
nurga	nurk	nurk	['nurk']	sg g	0	S	nimisõna	26	
tagant	tagant	tagant	['tagant']		0	K	kaassõna	26	
välja	välja	välja	['välja']		0	D	määrsõna	26	
ja	ja	ja	['ja']		0	J	sidesõna	26	
jooksis	jooksma	jooks	['jooks']	s	is	V	tegusõna	26	
Käega	käsi	käsi	['käsi']	sg kom	ga	S	nimisõna	26	
maadlevale	maadlev	maadle=v	['maadlev']	sg all	le	A	omadussõna algvõrre	26	
mehele	mees	mees	['mees']	sg all	le	S	nimisõna	26	
appi	abi	abi	['abi']	adt	0	S	nimisõna	26	
.	.	.	['.']			Z	lausemärk	26	
Enne	enne	enne	['enne']		0	K	kaassõna	26	
veel	veel	veel	['veel']		0	D	määrsõna	26	
kui	kui	kui	[['kui'], ['kui']]		0	D|J		26	
ta	tema	tema	['tema']	sg n	0	P	asesõna	26	
kohale	kohale	kohale	['kohale']		0	D	määrsõna	26	
jõudis	jõudma	jõud	['jõud']	s	is	V	tegusõna	26	
oli	olema	ole	['ole']	s	i	V	tegusõna	26	
Käsi	käsi	käsi	['käsi']	sg n	0	S	nimisõna	26	
mingi	mingi	mingi	['mingi']	sg g	0	P	asesõna	26	
trikiga	trikk	trikk	['trikk']	sg kom	ga	S	nimisõna	26	
mehel	mees	mees	['mees']	sg ad	l	S	nimisõna	26	
kõri	kõri	kõri	['kõri']	sg g	0	S	nimisõna	26	
kallal	kallal	kallal	['kallal']		0	K	kaassõna	26	
.	.	.	['.']			Z	lausemärk	26	
August	August	August	['August']	sg n	0	H	pärisnimi	26	
haaras	haarama	haara	['haara']	s	s	V	tegusõna	26	
Käest	käsi	käsi	['käsi']	sg el	st	S	nimisõna	26	
ja	ja	ja	['ja']		0	J	sidesõna	26	
hakkas	hakkama	hakka	['hakka']	s	s	V	tegusõna	26	
seda	see	see	['see']	sg p	da	P	asesõna	26	
ära	ära	ära	['ära']		0	D	määrsõna	26	
kiskuma	kiskuma	kisku	['kisku']	ma	ma	V	tegusõna	26	
.	.	.	['.']			Z	lausemärk	26	
Mehe	mees	mees	['mees']	sg g	0	S	nimisõna	26	
silmamunad	silmamuna	silma_muna	['silma', 'muna']	pl n	d	S	nimisõna	26	
pöördusid	pöörduma	pöördu	['pöördu']	sid	sid	V	tegusõna	26	
pahupidi	pahupidi	pahu_pidi	['pahu', 'pidi']		0	D	määrsõna	26	
.	.	.	['.']			Z	lausemärk	26	
Käe	käsi	käsi	['käsi']	sg g	0	S	nimisõna	26	
hiigelbiitseps	hiigelbiitseps	hiigel_biitseps	['hiigel', 'biitseps']	sg n	0	S	nimisõna	26	
värises	värisema	värise	['värise']	s	s	V	tegusõna	26	
pingutusest	pingutus	pingutus	['pingutus']	sg el	st	S	nimisõna	26	
.	.	.	['.']			Z	lausemärk	26	
Nähes	nägema	näge	['näge']	des	es	V	tegusõna	26	
pimedusest	pimedus	pimedus	['pimedus']	sg el	st	S	nimisõna	26	
ilmunud	ilmuma|ilmunud	ilmu|ilmu=nud	[['ilmu'], ['ilmunud'], ['ilmunud'], ['ilmunud']]	|nud|pl n|sg n	0|d|nud	A|V		26	
neljajalgset	neljajalgne	nelja_jalgne	['nelja', 'jalgne']	sg p	t	A	omadussõna algvõrre	26	
meest	mees	mees	['mees']	sg p	t	S	nimisõna	26	
üksiku	üksik	üksik	['üksik']	sg g	0	A	omadussõna algvõrre	26	
käe	käsi	käsi	['käsi']	sg g	0	S	nimisõna	26	
kallal	kallal	kallal	['kallal']		0	K	kaassõna	26	
,	,	,	[',']			Z	lausemärk	26	
põgenesid	põgenema	põgene	['põgene']	sid	sid	V	tegusõna	26	
paanikas	paanika	paanika	['paanika']	sg in	s	S	nimisõna	26	
patsiendid	patsient	patsient	['patsient']	pl n	d	S	nimisõna	26	
haiglasügavusse	haiglasügavus	haigla_sügavus	['haigla', 'sügavus']	adt	se	S	nimisõna	26	
.	.	.	['.']			Z	lausemärk	26	
Meeletult	meeletu	meeletu	['meeletu']	sg abl	lt	A	omadussõna algvõrre	26	
rapsides	raps	raps	['raps']	pl in	des	S	nimisõna	26	
kiskus	kiskuma	kisku	['kisku']	s	s	V	tegusõna	26	
August	August	August	['August']	sg n	0	H	pärisnimi	26	
mehe	mees	mees	['mees']	sg g	0	S	nimisõna	26	
tahtmatult	tahtmatult	tahtmatult	['tahtmatult']		0	D	määrsõna	26	
tasakaalust	tasakaal	tasa_kaal	['tasa', 'kaal']	sg el	st	S	nimisõna	26	
välja	välja	välja	['välja']		0	D	määrsõna	26	
.	.	.	['.']			Z	lausemärk	26	
See	see	see	['see']	sg n	0	P	asesõna	26	
kukkus	kukkuma	kukku	['kukku']	s	s	V	tegusõna	26	
alguses	algus	algus	['algus']	sg in	s	S	nimisõna	26	
põlvili	põlvili	põlvili	['põlvili']		0	D	määrsõna	26	
,	,	,	[',']			Z	lausemärk	26	
seejärel	seejärel	see_järel	['see', 'järel']		0	D	määrsõna	26	
kõhuli	kõhuli	kõhuli	['kõhuli']		0	D	määrsõna	26	
.	.	.	['.']			Z	lausemärk	26	
Siis	siis	siis	['siis']		0	D	määrsõna	26	
lasi	laskma	lask	['lask']	s	i	V	tegusõna	26	
ka	ka	ka	['ka']		0	D	määrsõna	26	
Käsi	käsi	käsi	['käsi']	sg n	0	S	nimisõna	26	
temast	tema	tema	['tema']	sg el	st	P	asesõna	26	
lahti	lahti	lahti	['lahti']		0	D	määrsõna	26	
.	.	.	['.']			Z	lausemärk	26	
August	August	August	['August']	sg n	0	H	pärisnimi	26	
,	,	,	[',']			Z	lausemärk	26	
kes	kes	kes	[['kes'], ['kes']]	pl n|sg n	0	P	asesõna	26	
ei	ei	ei	['ei']	neg	0	V	tegusõna	26	
osanud	osanud|oskama	osa=nud|oska	[['oska'], ['osanud'], ['osanud'], ['osanud']]	|nud|pl n|sg n	0|d|nud	A|V		26	
seda	see	see	['see']	sg p	da	P	asesõna	26	
oodatagi	ootama	oota	['oota']	da	ta	V	tegusõna	26	
,	,	,	[',']			Z	lausemärk	26	
pidi	pidama	pida	['pida']	s	i	V	tegusõna	26	
oma	oma	oma	['oma']	sg g	0	P	asesõna	26	
neljast	neli	neli	['neli']	sg el	st	N	põhiarvsõna	26	
jalast	jalg	jalg	['jalg']	sg el	st	S	nimisõna	26	
hoolimata	hoolimata	hoolimata	['hoolimata']		0	K	kaassõna	26	
selili	selili	selili	['selili']		0	D	määrsõna	26	
prantsatama	prantsatama	prantsata	['prantsata']	ma	ma	V	tegusõna	26	
.	.	.	['.']			Z	lausemärk	26	
Hooga	Hooga	Hooga	['Hooga']	sg n	0	H	pärisnimi	26	
tõmbas	tõmbama	tõmba	['tõmba']	s	s	V	tegusõna	26	
ta	tema	tema	['tema']	sg g	0	P	asesõna	26	
Käe	käsi	käsi	['käsi']	sg g	0	S	nimisõna	26	
vastu	vastu	vastu	['vastu']		0	K	kaassõna	26	
oma	oma	oma	['oma']	sg g	0	P	asesõna	26	
rüseluses	rüselus	rüselus	['rüselus']	sg in	s	S	nimisõna	26	
paljakskistud	paljakskistud	palja+ks_kis=tud	[['paljaks', 'kistud'], ['paljaks', 'kistud'], ['paljaks', 'kistud']]	|pl n|sg n	0|d	A	omadussõna algvõrre	26	
rinda	rind	rind	['rind']	sg p	0	S	nimisõna	26	
.	.	.	['.']			Z	lausemärk	26	
August	August	August	['August']	sg n	0	H	pärisnimi	26	
tundis	tundma	tund	['tund']	s	is	V	tegusõna	26	
kerget	kerge	kerge	['kerge']	sg p	t	A	omadussõna algvõrre	26	
valupistet	valupiste	valu_piste	['valu', 'piste']	sg p	t	S	nimisõna	26	
ja	ja	ja	['ja']		0	J	sidesõna	26	
siis	siis	siis	['siis']		0	D	määrsõna	26	
oli	olema	ole	['ole']	s	i	V	tegusõna	26	
käsi	käsi	käsi	['käsi']	sg n	0	S	nimisõna	26	
temaga	tema	tema	['tema']	sg kom	ga	P	asesõna	26	
üks	üks	üks	['üks']	sg n	0	P	asesõna	26	
.	.	.	['.']			Z	lausemärk	26	
Lahutamatu	lahutamatu	lahutamatu	['lahutamatu']	sg n	0	A	omadussõna algvõrre	26	
nagu	nagu	nagu	[['nagu'], ['nagu']]		0	D|J		26	
jaladki	jalg	jalg	['jalg']	pl n	d	S	nimisõna	26	
.	.	.	['.']			Z	lausemärk	26	
Rõvedust	rõvedus	rõvedus	['rõvedus']	sg p	t	S	nimisõna	26	
tundes	tundma	tund	['tund']	des	es	V	tegusõna	26	
haaras	haarama	haara	['haara']	s	s	V	tegusõna	26	
August	August	August	['August']	sg n	0	H	pärisnimi	26	
sellest	see	see	['see']	sg el	st	P	asesõna	26	
kinni	kinni	kinni	['kinni']		0	D	määrsõna	26	
ja	ja	ja	['ja']		0	J	sidesõna	26	
tundis	tundma	tund	['tund']	s	is	V	tegusõna	26	
,	,	,	[',']			Z	lausemärk	26	
et	et	et	['et']		0	J	sidesõna	26	
hoiab	hoidma	hoid	['hoid']	b	b	V	tegusõna	26	
käes	käsi	käsi	['käsi']	sg in	s	S	nimisõna	26	
iseenda	iseenese	ise_enese	['ise', 'enese']	sg g	0	P	asesõna	26	
kätt	käsi	käsi	['käsi']	sg p	tt	S	nimisõna	26	
.	.	.	['.']			Z	lausemärk	26	
Sellest	see	see	['see']	sg el	st	P	asesõna	27	
vapustusest	vapustus	vapustus	['vapustus']	sg el	st	S	nimisõna	27	
toibumata	toibuma	toibu	['toibu']	mata	mata	V	tegusõna	27	
kuulis	kuulma	kuul	['kuul']	s	is	V	tegusõna	27	
August	August	August	['August']	sg n	0	H	pärisnimi	27	
taaskord	taaskord	taas_kord	['taas', 'kord']		0	D	määrsõna	27	
eemal	eemal	eemal	['eemal']		0	D	määrsõna	27	
sammukobinat	sammukobin	sammu_kobin	['sammu', 'kobin']	sg p	t	S	nimisõna	27	
ja	ja	ja	['ja']		0	J	sidesõna	27	
hääli	hääl	hääl	['hääl']	pl p	i	S	nimisõna	27	
.	.	.	['.']			Z	lausemärk	27	
Kikivarvul	kikivarvul	kiki_varvul	['kiki', 'varvul']		0	D	määrsõna	27	
hüppas	hüppama	hüppa	['hüppa']	s	s	V	tegusõna	27	
ta	tema	tema	['tema']	sg n	0	P	asesõna	27	
oma	oma	oma	['oma']	sg g	0	P	asesõna	27	
palatiuksest	palatiuks	palati_uks	['palati', 'uks']	sg el	st	S	nimisõna	27	
sisse	sisse	sisse	['sisse']		0	D	määrsõna	27	
ja	ja	ja	['ja']		0	J	sidesõna	27	
tõmbas	tõmbama	tõmba	['tõmba']	s	s	V	tegusõna	27	
selle	see	see	['see']	sg g	0	P	asesõna	27	
enda	ise	ise	['ise']	sg g	0	P	asesõna	27	
järel	järel	järel	['järel']		0	K	kaassõna	27	
peaaegu	peaaegu	pea_aegu	['pea', 'aegu']		0	D	määrsõna	27	
kinni	kinni	kinni	['kinni']		0	D	määrsõna	27	
,	,	,	[',']			Z	lausemärk	27	
jättes	jätma	jät	['jät']	des	es	V	tegusõna	27	
vaid	vaid	vaid	['vaid']		0	D	määrsõna	27	
õrnalt	õrnalt	õrnalt	['õrnalt']		0	D	määrsõna	27	
paokile	paokile	paokile	['paokile']		0	D	määrsõna	27	
.	.	.	['.']			Z	lausemärk	27	
Siis	siis	siis	['siis']		0	D	määrsõna	27	
heitis	heitma	heit	['heit']	s	is	V	tegusõna	27	
ta	tema	tema	['tema']	sg n	0	P	asesõna	27	
pilgu	pilk	pilk	['pilk']	sg g	0	S	nimisõna	27	
ümberringi	ümberringi	ümber_ringi	['ümber', 'ringi']		0	D	määrsõna	27	
.	.	.	['.']			Z	lausemärk	27	
Palatis	palat	palat	['palat']	sg in	s	S	nimisõna	27	
polnud	olema	ole	['ole']	neg nud	nud	V	tegusõna	27	
kedagi	keegi	keegi	['keegi']	sg p	dagi	P	asesõna	27	
peale	peale	peale	['peale']		0	K	kaassõna	27	
jalutu	jalutu	jalutu	['jalutu']	sg n	0	A	omadussõna algvõrre	27	
avariiohvri	avariiohver	avarii_ohver	['avarii', 'ohver']	sg g	0	S	nimisõna	27	
.	.	.	['.']			Z	lausemärk	27	
JALUTU	jalutu	jalutu	['jalutu']	sg n	0	S	nimisõna	27	
?	?	?	['?']			Z	lausemärk	27	
Augustile	august	august	['august']	sg all	le	S	nimisõna	27	
tõusis	tõusma	tõus	['tõus']	s	is	V	tegusõna	27	
eredalt	eredalt	eredalt	['eredalt']		0	D	määrsõna	27	
silme	silm	silm	['silm']	pl g	0	S	nimisõna	27	
ette	ette	ette	['ette']		0	K	kaassõna	27	
pilt	pilt	pilt	['pilt']	sg n	0	S	nimisõna	27	
,	,	,	[',']			Z	lausemärk	27	
kuidas	kuidas	kuidas	['kuidas']		0	D	määrsõna	27	
too	too	too	['too']	sg n	0	P	asesõna	27	
mees	mees	mees	['mees']	sg n	0	S	nimisõna	27	
õhtul	õhtu	õhtu	['õhtu']	sg ad	l	S	nimisõna	27	
tuppa	tuba	tuba	['tuba']	adt	0	S	nimisõna	27	
lükati	lükkama	lükka	['lükka']	ti	ti	V	tegusõna	27	
.	.	.	['.']			Z	lausemärk	27	
JALAD	jalg	jalg	['jalg']	pl n	d	S	nimisõna	27	
EES	esi	esi	['esi']	sg in	s	S	nimisõna	27	
!!	!!	!!	['!!']			Z	lausemärk	27	
!	!	!	['!']			Z	lausemärk	27	
Hetke	hetk	hetk	['hetk']	sg g	0	S	nimisõna	27	
seisis	seisma	seis	['seis']	s	is	V	tegusõna	27	
ta	tema	tema	['tema']	sg n	0	P	asesõna	27	
nagu	nagu	nagu	[['nagu'], ['nagu']]		0	D|J		27	
halvatu	halvatu	halvatu	['halvatu']	sg n	0	S	nimisõna	27	
.	.	.	['.']			Z	lausemärk	27	
Ning	ning	ning	['ning']		0	J	sidesõna	27	
siis	siis	siis	['siis']		0	D	määrsõna	27	
taipas	taipama	taipa	['taipa']	s	s	V	tegusõna	27	
ta	tema	tema	['tema']	sg n	0	P	asesõna	27	
,	,	,	[',']			Z	lausemärk	27	
et	et	et	['et']		0	J	sidesõna	27	
mees	mees	mees	['mees']	sg n	0	S	nimisõna	27	
on	olema	ole	[['ole'], ['ole']]	b|vad	0	V	tegusõna	27	
ärkvel	ärkvel	ärkvel	['ärkvel']		0	D	määrsõna	27	
ja	ja	ja	['ja']		0	J	sidesõna	27	
vahib	vahtima	vahti	['vahti']	b	b	V	tegusõna	27	
teda	tema	tema	['tema']	sg p	da	P	asesõna	27	
ja	ja	ja	['ja']		0	J	sidesõna	27	
tema	tema	tema	['tema']	sg g	0	P	asesõna	27	
kaht	kaks	kaks	['kaks']	sg p	0	N	põhiarvsõna	27	
paari	paar	paar	['paar']	sg p	0	N	põhiarvsõna	27	
jalgu	jalg	jalg	['jalg']	pl p	u	S	nimisõna	27	
.	.	.	['.']			Z	lausemärk	27	
August	August	August	['August']	sg n	0	H	pärisnimi	27	
lausa	lausa	lausa	['lausa']		0	D	määrsõna	27	
hüppas	hüppama	hüppa	['hüppa']	s	s	V	tegusõna	27	
talle	tema	tema	['tema']	sg all	lle	P	asesõna	27	
oma	oma	oma	['oma']	sg g	0	P	asesõna	27	
kolme	kolm	kolm	['kolm']	sg g	0	N	põhiarvsõna	27	
käega	käsi	käsi	['käsi']	sg kom	ga	S	nimisõna	27	
kallale	kallale	kallale	['kallale']		0	D	määrsõna	27	
:	:	:	[':']			Z	lausemärk	27	
""""	""""	""""	"['""']"			Z	lausemärk	27	
Sina	sina	sina	['sina']	sg n	0	P	asesõna	27	
oled	olema	ole	['ole']	d	d	V	tegusõna	27	
selles	see	see	['see']	sg in	s	P	asesõna	27	
värgis	värk	värk	['värk']	sg in	s	S	nimisõna	27	
osanik	osanik	osanik	['osanik']	sg n	0	S	nimisõna	27	
,	,	,	[',']			Z	lausemärk	27	
""""	""""	""""	"['""']"			Z	lausemärk	27	
lõrises	lõrisema	lõrise	['lõrise']	s	s	V	tegusõna	27	
August	August	August	['August']	sg n	0	H	pärisnimi	27	
ja	ja	ja	['ja']		0	J	sidesõna	27	
näitas	näitama	näita	['näita']	s	s	V	tegusõna	27	
kolmanda	kolmas	kolmas	['kolmas']	sg g	0	O	järgarvsõna	27	
käega	käsi	käsi	['käsi']	sg kom	ga	S	nimisõna	27	
oma	oma	oma	['oma']	sg g	0	P	asesõna	27	
karvastele	karvane	karvane	['karvane']	pl all	tele	A	omadussõna algvõrre	27	
lisajalgadele	lisajalg	lisa_jalg	['lisa', 'jalg']	pl all	dele	S	nimisõna	27	
.	.	.	['.']			Z	lausemärk	27	
Mees	mees	mees	['mees']	sg n	0	S	nimisõna	27	
noogutas	noogutama	nooguta	['nooguta']	s	s	V	tegusõna	27	
ehmunult	ehmunult	ehmunult	['ehmunult']		0	D	määrsõna	27	
.	.	.	['.']			Z	lausemärk	27	
""""	""""	""""	"['""']"			Z	lausemärk	28	
Kust	kust	kust	['kust']		0	D	määrsõna	28	
sa	sina	sina	['sina']	sg n	0	P	asesõna	28	
nad	tema	tema	['tema']	pl n	d	P	asesõna	28	
said	saama	saa	['saa']	sid	id	V	tegusõna	28	
?	?	?	['?']			Z	lausemärk	28	
MIKS	miks	miks	['miks']		0	D	määrsõna	28	
NAD	tema	tema	['tema']	pl n	d	P	asesõna	28	
MINU	mina	mina	['mina']	sg g	0	P	asesõna	28	
KÜLJES	külg	külg	['külg']	sg in	s	S	nimisõna	28	
ON	olema	ole	[['ole'], ['ole']]	b|vad	0	V	tegusõna	28	
?	?	?	['?']			Z	lausemärk	28	
""""	""""	""""	"['""']"			Z	lausemärk	28	
Ta	tema	tema	['tema']	sg n	0	P	asesõna	28	
heitis	heitma	heit	['heit']	s	is	V	tegusõna	28	
pilgu	pilk	pilk	['pilk']	sg g	0	S	nimisõna	28	
palatiukse	palatiuks	palati_uks	['palati', 'uks']	sg g	0	S	nimisõna	28	
poole	poole	poole	['poole']		0	K	kaassõna	28	
.	.	.	['.']			Z	lausemärk	28	
Koridorist	koridor	koridor	['koridor']	sg el	st	S	nimisõna	28	
kostis	kostma	kost	['kost']	s	is	V	tegusõna	28	
tramburai	tramburai	tramburai	['tramburai']	sg g	0	S	nimisõna	28	
minestanud	minestama|minestanud	minesta|minestanud	[['minesta'], ['minestanud'], ['minestanud'], ['minestanud']]	|nud|pl n|sg n	0|d|nud	A|V		28	
naise	naine	naine	['naine']	sg g	0	S	nimisõna	28	
ja	ja	ja	['ja']		0	J	sidesõna	28	
kahe	kaks	kaks	['kaks']	sg g	0	N	põhiarvsõna	28	
surnud	surema|surnud	sure|surnud	[['surnud'], ['surnud'], ['surnud'], ['sure']]	|nud|pl n|sg n	0|d|nud	A|V		28	
mehe	mees	mees	['mees']	sg g	0	S	nimisõna	28	
ümber	ümber	ümber	['ümber']		0	K	kaassõna	28	
.	.	.	['.']			Z	lausemärk	28	
Paistis	paistma	paist	['paist']	s	is	V	tegusõna	28	
,	,	,	[',']			Z	lausemärk	28	
et	et	et	['et']		0	J	sidesõna	28	
ka	ka	ka	['ka']		0	D	määrsõna	28	
vanaätt	vanaätt	vana_ätt	['vana', 'ätt']	sg n	0	S	nimisõna	28	
oli	olema	ole	['ole']	s	i	V	tegusõna	28	
hinge	hing	hing	['hing']	sg p	0	S	nimisõna	28	
heitnud	heitma|heitnud	heit|heit=nud	[['heit'], ['heitnud'], ['heitnud'], ['heitnud']]	|nud|pl n|sg n	0|d|nud	A|V		28	
.	.	.	['.']			Z	lausemärk	28	
""""	""""	""""	"['""']"			Z	lausemärk	29	
RÄÄGI	rääkima	rääki	['rääki']	o	0	V	tegusõna	29	
!	!	!	['!']			Z	lausemärk	29	
Vaikselt	vaikselt	vaikselt	['vaikselt']		0	D	määrsõna	29	
aga	aga	aga	['aga']		0	J	sidesõna	29	
kiiresti	kiiresti	kiiresti	['kiiresti']		0	D	määrsõna	29	
!	!	!	['!']			Z	lausemärk	29	
""""	""""	""""	"['""']"			Z	lausemärk	29	
""""	""""	""""	"['""']"			Z	lausemärk	30	
Ma	mina	mina	['mina']	sg n	0	P	asesõna	30	
sain	saama	saa	['saa']	sin	in	V	tegusõna	30	
nad	tema	tema	['tema']	pl n	d	P	asesõna	30	
peale	peale	peale	['peale']		0	D	määrsõna	30	
avariid	avarii	avarii	['avarii']	sg p	d	S	nimisõna	30	
,	,	,	[',']			Z	lausemärk	30	
kus	kus	kus	['kus']		0	D	määrsõna	30	
ma	mina	mina	['mina']	sg n	0	P	asesõna	30	
mõlemast	mõlema	mõlema	['mõlema']	sg el	st	P	asesõna	30	
jalast	jalg	jalg	['jalg']	sg el	st	S	nimisõna	30	
ilma	ilma	ilma	['ilma']		0	D	määrsõna	30	
jäin	jääma	jää	['jää']	sin	in	V	tegusõna	30	
.	.	.	['.']			Z	lausemärk	30	
Doktor	doktor	doktor	['doktor']	sg n	0	S	nimisõna	30	
Pärnakeselt	pärnake	pärna=ke	['pärnake']	sg abl	lt	S	nimisõna	30	
,	,	,	[',']			Z	lausemärk	30	
tema	tema	tema	['tema']	sg g	0	P	asesõna	30	
need	see	see	['see']	pl n	d	P	asesõna	30	
aretas	aretama	areta	['areta']	s	s	V	tegusõna	30	
.	.	.	['.']			Z	lausemärk	30	
""""	""""	""""	"['""']"			Z	lausemärk	30	
""""	""""	""""	"['""']"			Z	lausemärk	31	
Misasjad	Misasja|Misasjad	Misasja|Misasjad	[['Misasja'], ['Misasjad']]	pl n|sg n	0|d	H	pärisnimi	31	
?	?	?	['?']			Z	lausemärk	31	
""""	""""	""""	"['""']"			Z	lausemärk	31	
""""	""""	""""	"['""']"			Z	lausemärk	32	
Need	see	see	['see']	pl n	d	P	asesõna	32	
doonorjalad	doonorjalg	doonor_jalg	['doonor', 'jalg']	pl n	d	S	nimisõna	32	
.	.	.	['.']			Z	lausemärk	32	
""""	""""	""""	"['""']"			Z	lausemärk	32	
""""	""""	""""	"['""']"			Z	lausemärk	33	
...	...	...	['...']			Z	lausemärk	33	
ja	ja	ja	['ja']		0	J	sidesõna	33	
käed	käsi	käsi	['käsi']	pl n	d	S	nimisõna	33	
,	,	,	[',']			Z	lausemärk	33	
""""	""""	""""	"['""']"			Z	lausemärk	33	
August	August	August	['August']	sg n	0	H	pärisnimi	33	
lehvitas	lehvitama	lehvita	['lehvita']	s	s	V	tegusõna	33	
oma	oma	oma	['oma']	sg g	0	P	asesõna	33	
lisakätt	lisakäsi	lisa_käsi	['lisa', 'käsi']	sg p	tt	S	nimisõna	33	
mehe	mees	mees	['mees']	sg g	0	S	nimisõna	33	
näo	nägu	nägu	['nägu']	sg g	0	S	nimisõna	33	
ees	ees	ees	['ees']		0	K	kaassõna	33	
.	.	.	['.']			Z	lausemärk	33	
""""	""""	""""	"['""']"			Z	lausemärk	34	
...	...	...	['...']			Z	lausemärk	34	
ja	ja	ja	['ja']		0	J	sidesõna	34	
käed	käsi	käsi	['käsi']	pl n	d	S	nimisõna	34	
ja	ja	ja	['ja']		0	J	sidesõna	34	
muud	muu	muu	['muu']	pl n	d	P	asesõna	34	
asjad	asi	asi	['asi']	pl n	d	S	nimisõna	34	
.	.	.	['.']			Z	lausemärk	34	
""""	""""	""""	"['""']"			Z	lausemärk	34	
""""	""""	""""	"['""']"			Z	lausemärk	35	
Misasjad	Misasja|Misasjad	Misasja|Misasjad	[['Misasja'], ['Misasjad']]	pl n|sg n	0|d	H	pärisnimi	35	
?	?	?	['?']			Z	lausemärk	35	
""""	""""	""""	"['""']"			Z	lausemärk	35	
""""	""""	""""	"['""']"			Z	lausemärk	36	
Need	see	see	['see']	pl n	d	P	asesõna	36	
on	olema	ole	[['ole'], ['ole']]	b|vad	0	V	tegusõna	36	
nagu	nagu	nagu	[['nagu'], ['nagu']]		0	D|J		36	
eraldi	eraldi	eraldi	['eraldi']		0	D	määrsõna	36	
elusorganismid	elusorganism	elus_organism	['elus', 'organism']	pl n	d	S	nimisõna	36	
,	,	,	[',']			Z	lausemärk	36	
parasiiditüüpi	parasiiditüüp	parasiidi_tüüp	['parasiidi', 'tüüp']	sg p	0	S	nimisõna	36	
.	.	.	['.']			Z	lausemärk	36	
Kui	kui	kui	[['kui'], ['kui']]		0	D|J		36	
inimesele	inimene	inimene	['inimene']	sg all	le	S	nimisõna	36	
külge	külge	külge	['külge']		0	D	määrsõna	36	
paned	panema	pane	['pane']	d	d	V	tegusõna	36	
,	,	,	[',']			Z	lausemärk	36	
lülituvad	lülituma	lülitu	['lülitu']	vad	vad	V	tegusõna	36	
kohe	kohe	kohe	['kohe']		0	D	määrsõna	36	
tema	tema	tema	['tema']	sg g	0	P	asesõna	36	
närvi-	närv	närv	['närv']	adt	0	S	nimisõna	36	
ja	ja	ja	['ja']		0	J	sidesõna	36	
vereringesüsteemi	vereringesüsteem	vere_ringe_süsteem	['vere', 'ringe', 'süsteem']	adt	0	S	nimisõna	36	
.	.	.	['.']			Z	lausemärk	36	
Sealt	sealt	sealt	['sealt']		0	D	määrsõna	36	
saavad	saama	saa	['saa']	vad	vad	V	tegusõna	36	
nad	tema	tema	['tema']	pl n	d	P	asesõna	36	
peremehelt	peremees	pere_mees	['pere', 'mees']	sg abl	lt	S	nimisõna	36	
toitaineid	toitaine	toit_aine	['toit', 'aine']	pl p	id	S	nimisõna	36	
.	.	.	['.']			Z	lausemärk	36	
Neil	tema	tema	['tema']	pl ad	l	P	asesõna	36	
endil	ise	ise	['ise']	pl ad	l	P	asesõna	36	
ju	ju	ju	['ju']		0	D	määrsõna	36	
suud	suu	suu	['suu']	sg p	d	S	nimisõna	36	
ei	ei	ei	['ei']	neg	0	V	tegusõna	36	
ole	olema	ole	['ole']	o	0	V	tegusõna	36	
.	.	.	['.']			Z	lausemärk	36	
""""	""""	""""	"['""']"			Z	lausemärk	36	
August	August	August	['August']	sg n	0	H	pärisnimi	37	
vahtis	vahtima	vahti	['vahti']	s	s	V	tegusõna	37	
teda	tema	tema	['tema']	sg p	da	P	asesõna	37	
uskudes	uskuma	usku	['usku']	des	des	V	tegusõna	37	
enda	ise	ise	['ise']	sg g	0	P	asesõna	37	
hullumeelsusse	hullumeelsus	hullu_meelsus	['hullu', 'meelsus']	adt	se	S	nimisõna	37	
.	.	.	['.']			Z	lausemärk	37	
""""	""""	""""	"['""']"			Z	lausemärk	38	
Aga	aga	aga	['aga']		0	J	sidesõna	38	
miks	miks	miks	['miks']		0	D	määrsõna	38	
nad	tema	tema	['tema']	pl n	d	P	asesõna	38	
minu	mina	mina	['mina']	sg g	0	P	asesõna	38	
küljes	küljes	küljes	['küljes']		0	K	kaassõna	38	
on	olema	ole	[['ole'], ['ole']]	b|vad	0	V	tegusõna	38	
?	?	?	['?']			Z	lausemärk	38	
Mees	mees	mees	['mees']	sg n	0	S	nimisõna	39	
naeratas	naeratama	naerata	['naerata']	s	s	V	tegusõna	39	
virilalt	virilalt	virilalt	['virilalt']		0	D	määrsõna	39	
.	.	.	['.']			Z	lausemärk	39	
""""	""""	""""	"['""']"			Z	lausemärk	39	
Sellepärast	sellepärast	selle_pärast	['selle', 'pärast']		0	D	määrsõna	39	
,	,	,	[',']			Z	lausemärk	39	
et	et	et	['et']		0	J	sidesõna	39	
ma	mina	mina	['mina']	sg n	0	P	asesõna	39	
sain	saama	saa	['saa']	sin	in	V	tegusõna	39	
vigastada	vigastama	vigasta	['vigasta']	da	da	V	tegusõna	39	
.	.	.	['.']			Z	lausemärk	39	
Kui	kui	kui	[['kui'], ['kui']]		0	D|J		39	
peremeesorganism	peremeesorganism	pere_mees_organism	['pere', 'mees', 'organism']	sg n	0	S	nimisõna	39	
ei	ei	ei	['ei']	neg	0	V	tegusõna	39	
suuda	suutma	suut	['suut']	o	0	V	tegusõna	39	
enam	enam	enam	['enam']		0	D	määrsõna	39	
oma	oma	oma	['oma']	sg g	0	P	asesõna	39	
kohust	kohus	kohus	['kohus']	sg p	t	S	nimisõna	39	
täita	täitma	täit	['täit']	da	a	V	tegusõna	39	
,	,	,	[',']			Z	lausemärk	39	
siis	siis	siis	['siis']		0	J	sidesõna	39	
lähevad	minema	mine	['mine']	vad	vad	V	tegusõna	39	
need	see	see	['see']	pl n	d	P	asesõna	39	
neetud	needma|neetud	nee=tud|need	[['neetud'], ['neetud'], ['neetud'], ['need']]	|pl n|sg n|tud	0|d|tud	A|V		39	
parasiidid	parasiit	parasiit	['parasiit']	pl n	d	S	nimisõna	39	
uut	uus	uus	['uus']	sg p	t	A	omadussõna algvõrre	39	
peremeest	peremees	pere_mees	['pere', 'mees']	sg p	t	S	nimisõna	39	
otsima	otsima	otsi	['otsi']	ma	ma	V	tegusõna	39	
.	.	.	['.']			Z	lausemärk	39	
See	see	see	['see']	sg n	0	P	asesõna	39	
on	olema	ole	[['ole'], ['ole']]	b|vad	0	V	tegusõna	39	
nende	tema	tema	['tema']	pl g	de	P	asesõna	39	
ainus	ainus	ainus	['ainus']	sg n	0	A	omadussõna algvõrre	39	
viga	viga	viga	['viga']	sg n	0	S	nimisõna	39	
.	.	.	['.']			Z	lausemärk	39	
""""	""""	""""	"['""']"			Z	lausemärk	39	
""""	""""	""""	"['""']"			Z	lausemärk	40	
Teine	teine	teine	[['teine'], ['teine']]	sg n	0	O|P		40	
viga	viga	viga	['viga']	sg n	0	S	nimisõna	40	
on	olema	ole	[['ole'], ['ole']]	b|vad	0	V	tegusõna	40	
neil	tema	tema	['tema']	pl ad	l	P	asesõna	40	
veel	veel	veel	['veel']		0	D	määrsõna	40	
,	,	,	[',']			Z	lausemärk	40	
""""	""""	""""	"['""']"			Z	lausemärk	40	
ütles	ütlema	ütle	['ütle']	s	s	V	tegusõna	40	
August	August	August	['August']	sg n	0	H	pärisnimi	40	
.	.	.	['.']			Z	lausemärk	40	
""""	""""	""""	"['""']"			Z	lausemärk	40	
Nad	tema	tema	['tema']	pl n	d	P	asesõna	40	
tapavad	tapma	tap	['tap']	vad	vad	V	tegusõna	40	
inimesi	inimene	inimene	['inimene']	pl p	i	S	nimisõna	40	
.	.	.	['.']			Z	lausemärk	40	
""""	""""	""""	"['""']"			Z	lausemärk	40	
Mees	mees	mees	['mees']	sg n	0	S	nimisõna	41	
raputas	raputama	raputa	['raputa']	s	s	V	tegusõna	41	
kõhklevalt	kõhklevalt	kõhklevalt	['kõhklevalt']		0	D	määrsõna	41	
pead	pea	pea	['pea']	sg p	d	S	nimisõna	41	
,	,	,	[',']			Z	lausemärk	41	
""""	""""	""""	"['""']"			Z	lausemärk	41	
..	..	..	['..']			Z	lausemärk	41	
ee	esi	esi	['esi']	sg g	0	S	nimisõna	41	
..	..	..	['..']			Z	lausemärk	41	
eei	eei	eei	['eei']		0	I	hüüdsõna	41	
teea	teea	teea	['teea']	sg n	0	S	nimisõna	41	
,	,	,	[',']			Z	lausemärk	41	
kui	kui	kui	[['kui'], ['kui']]		0	D|J		41	
sa	sina	sina	['sina']	sg n	0	P	asesõna	41	
neile	tema	tema	['tema']	pl all	le	P	asesõna	41	
just	just	just	[['just'], ['just']]		0	D|I		41	
liiga	liiga	liiga	['liiga']		0	D	määrsõna	41	
ei	ei	ei	['ei']	neg	0	V	tegusõna	41	
tee	tegema	tege	['tege']	o	0	V	tegusõna	41	
.	.	.	['.']			Z	lausemärk	41	
""""	""""	""""	"['""']"			Z	lausemärk	41	
August	August	August	['August']	sg n	0	H	pärisnimi	42	
võpatas	võpatama	võpata	['võpata']	s	s	V	tegusõna	42	
,	,	,	[',']			Z	lausemärk	42	
mõeldes	mõtlema	mõtle	['mõtle']	des	des	V	tegusõna	42	
inimesele	inimene	inimene	['inimene']	sg all	le	S	nimisõna	42	
,	,	,	[',']			Z	lausemärk	42	
kelle	kes	kes	[['kes'], ['kes']]	pl g|sg g	0	P	asesõna	42	
ta	tema	tema	['tema']	sg n	0	P	asesõna	42	
oli	olema	ole	['ole']	s	i	V	tegusõna	42	
riidevarnaga	riidevarn	riide_varn	['riide', 'varn']	sg kom	ga	S	nimisõna	42	
tapnud	tapma|tapnud	tap|tap=nud	[['tap'], ['tapnud'], ['tapnud'], ['tapnud']]	|nud|pl n|sg n	0|d|nud	A|V		42	
.	.	.	['.']			Z	lausemärk	42	
""""	""""	""""	"['""']"			Z	lausemärk	43	
Aga	aga	aga	['aga']		0	J	sidesõna	43	
miks	miks	miks	['miks']		0	D	määrsõna	43	
nad	tema	tema	['tema']	pl n	d	P	asesõna	43	
seda	see	see	['see']	sg p	da	P	asesõna	43	
siis	siis	siis	['siis']		0	D	määrsõna	43	
salaja	salaja	salaja	['salaja']		0	D	määrsõna	43	
teevad	tegema	tege	['tege']	vad	vad	V	tegusõna	43	
?	?	?	['?']			Z	lausemärk	43	
See	see	see	['see']	sg n	0	P	asesõna	43	
on	olema	ole	[['ole'], ['ole']]	b|vad	0	V	tegusõna	43	
ju	ju	ju	['ju']		0	D	määrsõna	43	
suur	suur	suur	['suur']	sg n	0	A	omadussõna algvõrre	43	
leidus	leiduma	leidu	['leidu']	s	s	V	tegusõna	43	
!	!	!	['!']			Z	lausemärk	43	
""""	""""	""""	"['""']"			Z	lausemärk	43	
""""	""""	""""	"['""']"			Z	lausemärk	44	
A	A	A	['A']	?	0	Y	lühend	44	
mis	mis	mis	[['mis'], ['mis']]	pl n|sg n	0	P	asesõna	44	
sellest	see	see	['see']	sg el	st	P	asesõna	44	
lihtrahvale	lihtrahvas	liht_rahvas	['liht', 'rahvas']	sg all	le	S	nimisõna	44	
ikka	ikka	ikka	['ikka']		0	D	määrsõna	44	
kuulutada	kuulutama	kuuluta	['kuuluta']	da	da	V	tegusõna	44	
,	,	,	[',']			Z	lausemärk	44	
raha	raha	raha	['raha']	sg n	0	S	nimisõna	44	
neil	tema	tema	['tema']	pl ad	l	P	asesõna	44	
nagunii	nagunii	nagu_nii	['nagu', 'nii']		0	D	määrsõna	44	
pole	olema	ole	['ole']	neg o	0	V	tegusõna	44	
.	.	.	['.']			Z	lausemärk	44	
Tasu	tasu	tasu	['tasu']	sg g	0	S	nimisõna	44	
neid	see	see	['see']	pl p	d	P	asesõna	44	
ilmaasjata	ilmaasjata	ilma_asjata	['ilma', 'asjata']		0	D	määrsõna	44	
kättesaamatuga	kättesaamatu	kätte_saamatu	['kätte', 'saamatu']	sg kom	ga	A	omadussõna algvõrre	44	
õrritada	õrritama	õrrita	['õrrita']	da	da	V	tegusõna	44	
.	.	.	['.']			Z	lausemärk	44	
Muidu	muidu	muidu	['muidu']		0	D	määrsõna	44	
veel	veel	veel	['veel']		0	D	määrsõna	44	
keelatakse	keelama	keela	['keela']	takse	takse	V	tegusõna	44	
jälle	jälle	jälle	['jälle']		0	D	määrsõna	44	
ära	ära	ära	['ära']		0	D	määrsõna	44	
,	,	,	[',']			Z	lausemärk	44	
nagu	nagu	nagu	[['nagu'], ['nagu']]		0	D|J		44	
klooniminegi	kloonimine	kloonimine	['kloonimine']	sg n	0	S	nimisõna	44	
.	.	.	['.']			Z	lausemärk	44	
""""	""""	""""	"['""']"			Z	lausemärk	44	
August	August	August	['August']	sg n	0	H	pärisnimi	45	
korsatas	korsatama	korsata	['korsata']	s	s	V	tegusõna	45	
.	.	.	['.']			Z	lausemärk	45	
""""	""""	""""	"['""']"			Z	lausemärk	45	
Noh	noh	noh	['noh']		0	I	hüüdsõna	45	
,	,	,	[',']			Z	lausemärk	45	
enam	enam	enam	['enam']		0	D	määrsõna	45	
seda	see	see	['see']	sg p	da	P	asesõna	45	
vaka	vakk	vakk	['vakk']	sg g	0	S	nimisõna	45	
all	all	all	['all']		0	K	kaassõna	45	
ei	ei	ei	['ei']	neg	0	V	tegusõna	45	
hoita	hoidma	hoid	['hoid']	ta	ta	V	tegusõna	45	
,	,	,	[',']			Z	lausemärk	45	
""""	""""	""""	"['""']"			Z	lausemärk	45	
sisises	sisisema	sisise	['sisise']	s	s	V	tegusõna	45	
ta	tema	tema	['tema']	sg n	0	P	asesõna	45	
ja	ja	ja	['ja']		0	J	sidesõna	45	
tõusis	tõusma	tõus	['tõus']	s	is	V	tegusõna	45	
.	.	.	['.']			Z	lausemärk	45	
Kuulatas	kuulatama	kuulata	['kuulata']	s	s	V	tegusõna	45	
.	.	.	['.']			Z	lausemärk	45	
Koridoris	koridor	koridor	['koridor']	sg in	s	S	nimisõna	45	
oli	olema	ole	['ole']	s	i	V	tegusõna	45	
kõik	kõik	kõik	[['kõik'], ['kõik']]	pl n|sg n	0	P	asesõna	45	
vaikseks	vaikne	vaikne	['vaikne']	sg tr	ks	A	omadussõna algvõrre	45	
jäänud	jääma|jäänud	jää|jäänud	[['jää'], ['jäänud'], ['jäänud'], ['jäänud']]	|nud|pl n|sg n	0|d|nud	A|V		45	
.	.	.	['.']			Z	lausemärk	45	
Nähtavasti	nähtavasti	nähtavasti	['nähtavasti']		0	D	määrsõna	45	
oli	olema	ole	['ole']	s	i	V	tegusõna	45	
personal	personal	personal	['personal']	sg n	0	S	nimisõna	45	
valitseva	valitsev	valitsev	['valitsev']	sg g	0	A	omadussõna algvõrre	45	
segaduse	segadus	segadus	['segadus']	sg g	0	S	nimisõna	45	
klaarimisega	klaarimine	klaarimine	['klaarimine']	sg kom	ga	S	nimisõna	45	
kusgil	kusg|kusgi	kusg|kusgi	[['kusg'], ['kusgi']]	sg ad	l	S	nimisõna	45	
mujal	mujal	mujal	['mujal']		0	D	määrsõna	45	
ametis	amet	amet	['amet']	sg in	s	S	nimisõna	45	
.	.	.	['.']			Z	lausemärk	45	
""""	""""	""""	"['""']"			Z	lausemärk	46	
Kuhu	kuhu	kuhu	['kuhu']		0	D	määrsõna	46	
sa	sina	sina	['sina']	sg n	0	P	asesõna	46	
,	,	,	[',']			Z	lausemärk	46	
loll	loll	loll	['loll']	sg n	0	A	omadussõna algvõrre	46	
,	,	,	[',']			Z	lausemärk	46	
lähed	minema	mine	['mine']	d	d	V	tegusõna	46	
,	,	,	[',']			Z	lausemärk	46	
""""	""""	""""	"['""']"			Z	lausemärk	46	
hüüatas	hüüatama	hüüata	['hüüata']	s	s	V	tegusõna	46	
mees	mees	mees	['mees']	sg n	0	S	nimisõna	46	
.	.	.	['.']			Z	lausemärk	46	
""""	""""	""""	"['""']"			Z	lausemärk	47	
Kuhu	kuhu	kuhu	['kuhu']		0	D	määrsõna	47	
vaja	vaja	vaja	['vaja']		0	D	määrsõna	47	
,	,	,	[',']			Z	lausemärk	47	
sinna	sinna	sinna	['sinna']		0	D	määrsõna	47	
lähengi	minema	mine	['mine']	n	n	V	tegusõna	47	
,	,	,	[',']			Z	lausemärk	47	
""""	""""	""""	"['""']"			Z	lausemärk	47	
pomises	pomisema	pomise	['pomise']	s	s	V	tegusõna	47	
August	August	August	['August']	sg n	0	H	pärisnimi	47	
ja	ja	ja	['ja']		0	J	sidesõna	47	
libistas	libistama	libista	['libista']	s	s	V	tegusõna	47	
end	ise	ise	['ise']	sg p	0	P	asesõna	47	
palatist	palat	palat	['palat']	sg el	st	S	nimisõna	47	
välja	välja	välja	['välja']		0	D	määrsõna	47	
.	.	.	['.']			Z	lausemärk	47	
LÄTAKI	Lätaki	Lätaki	['Lätaki']	sg n	0	H	pärisnimi	47	
,	,	,	[',']			Z	lausemärk	47	
lõi	looma|lööma	loo|löö	[['loo'], ['löö']]	s	i	V	tegusõna	47	
kirvehoop	kirvehoop	kirve_hoop	['kirve', 'hoop']	sg n	0	S	nimisõna	47	
ta	tema	tema	['tema']	sg g	0	P	asesõna	47	
pea	pea	pea	['pea']	sg g	0	S	nimisõna	47	
pooleks	pool	pool	['pool']	sg tr	ks	S	nimisõna	47	
.	.	.	['.']			Z	lausemärk	47	
Tükkideks	tükk	tükk	['tükk']	pl tr	deks	S	nimisõna	47	
lagunedes	lagunema	lagune	['lagune']	des	des	V	tegusõna	47	
vajus	vajuma	vaju	['vaju']	s	s	V	tegusõna	47	
poole	pool	pool	['pool']	sg g	0	N	põhiarvsõna	47	
peaga	pea	pea	['pea']	sg kom	ga	S	nimisõna	47	
keha	keha	keha	['keha']	sg g	0	S	nimisõna	47	
põrandale	põrand	põrand	['põrand']	sg all	le	S	nimisõna	47	
.	.	.	['.']			Z	lausemärk	47	
Kirves	kirves	kirves	['kirves']	sg n	0	S	nimisõna	47	
koos	koos	koos	['koos']		0	K	kaassõna	47	
pea	pea	pea	['pea']	sg g	0	S	nimisõna	47	
ülemise	ülemine	ülemine	['ülemine']	sg g	0	A	omadussõna algvõrre	47	
poolega	pool	pool	['pool']	sg kom	ga	S	nimisõna	47	
jäi	jääma	jää	['jää']	s	i	V	tegusõna	47	
uksepiida	uksepiit	ukse_piit	['ukse', 'piit']	sg g	0	S	nimisõna	47	
sisse	sisse	sisse	['sisse']		0	K	kaassõna	47	
.	.	.	['.']			Z	lausemärk	47	
Doktor	doktor	doktor	['doktor']	sg n	0	S	nimisõna	47	
Pärnake	Pärnake	Pärna=ke	['Pärnake']	sg n	0	H	pärisnimi	47	
vaatas	vaatama	vaata	['vaata']	s	s	V	tegusõna	47	
valveõele	valveõde	valve_õde	['valve', 'õde']	sg all	le	S	nimisõna	47	
valjult	valjult	valjult	['valjult']		0	D	määrsõna	47	
otsa	otsa	otsa	['otsa']		0	D	määrsõna	47	
.	.	.	['.']			Z	lausemärk	47	
""""	""""	""""	"['""']"			Z	lausemärk	48	
Patsiendid	patsient	patsient	['patsient']	pl n	d	S	nimisõna	48	
palatisse	palat	palat	['palat']	sg ill	sse	S	nimisõna	48	
tagasi	tagasi	tagasi	['tagasi']		0	D	määrsõna	48	
ja	ja	ja	['ja']		0	J	sidesõna	48	
hommikul	hommik	hommik	['hommik']	sg ad	l	S	nimisõna	48	
kannad	kand|kanna	kand|kanna	[['kand'], ['kanna']]	pl n	d	S	nimisõna	48	
ette	ette	ette	['ette']		0	D	määrsõna	48	
,	,	,	[',']			Z	lausemärk	48	
et	et	et	['et']		0	J	sidesõna	48	
nad	tema	tema	['tema']	pl n	d	P	asesõna	48	
said	saama	saa	['saa']	sid	id	V	tegusõna	48	
kogemata	kogemata	kogemata	['kogemata']		0	D	määrsõna	48	
hallutsinatsioone	hallutsinatsioon	hallutsinatsioon	['hallutsinatsioon']	pl p	e	S	nimisõna	48	
esile	esile	esile	['esile']		0	D	määrsõna	48	
kutsuvaid	kutsuv	kutsuv	['kutsuv']	pl p	id	A	omadussõna algvõrre	48	
aineid	aine	aine	['aine']	pl p	id	S	nimisõna	48	
.	.	.	['.']			Z	lausemärk	48	
""""	""""	""""	"['""']"			Z	lausemärk	48	
