word_texts	lemmas	roots	root_tokens	forms	endings	postags	postag_descriptions	par_nr	head
Taadeldus	taadeldus	taadel=dus	['taadeldus']	sg n	0	S	nimisõna	1	 Taadeldus 
Ma	mina	mina	['mina']	sg n	0	P	asesõna	2	
saabusin	saabuma	saabu	['saabu']	sin	sin	V	tegusõna	2	
õhtul	õhtu	õhtu	['õhtu']	sg ad	l	S	nimisõna	2	
loengutest	loeng	loeng	['loeng']	pl el	test	S	nimisõna	2	
koju	kodu	kodu	['kodu']	adt	0	S	nimisõna	2	
Annelinna	Annelinn	Anne_linn	['Anne', 'linn']	sg g	0	H	pärisnimi	2	
ja	ja	ja	['ja']		0	J	sidesõna	2	
märkasin	märkama	märka	['märka']	sin	sin	V	tegusõna	2	
oma	oma	oma	['oma']	sg g	0	P	asesõna	2	
imestuseks	imestus	imestus	['imestus']	sg tr	ks	S	nimisõna	2	
,	,	,	[',']			Z	lausemärk	2	
et	et	et	['et']		0	J	sidesõna	2	
Ults	Ults	Ults	['Ults']	sg n	0	H	pärisnimi	2	
(	(	(	['(']			Z	lausemärk	2	
tüüp	tüüp	tüüp	['tüüp']	sg n	0	S	nimisõna	2	
,	,	,	[',']			Z	lausemärk	2	
kellega	kes	kes	[['kes'], ['kes']]	pl kom|sg kom	ga	P	asesõna	2	
ma	mina	mina	['mina']	sg n	0	P	asesõna	2	
Suhtlen	suhtlema	suhtle	['suhtle']	n	n	V	tegusõna	2	
)	)	)	[')']			Z	lausemärk	2	
passis	pass	pass	['pass']	sg in	s	S	nimisõna	2	
viiekordse	viiekordne	viie_kordne	['viie', 'kordne']	sg g	0	A	omadussõna algvõrre	2	
paneelmaja	paneelmaja	paneel_maja	['paneel', 'maja']	sg g	0	S	nimisõna	2	
ees	ees	ees	['ees']		0	K	kaassõna	2	
,	,	,	[',']			Z	lausemärk	2	
kus	kus	kus	['kus']		0	D	määrsõna	2	
ma	mina	mina	['mina']	sg n	0	P	asesõna	2	
ühelt	üks	üks	['üks']	sg abl	lt	P	asesõna	2	
abielupaarilt	abielupaar	abi_elu_paar	['abi', 'elu', 'paar']	sg abl	lt	S	nimisõna	2	
tuba	tuba	tuba	['tuba']	sg p	0	S	nimisõna	2	
üürisin	üürima	üüri	['üüri']	sin	sin	V	tegusõna	2	
.	.	.	['.']			Z	lausemärk	2	
Minu	mina	mina	['mina']	sg g	0	P	asesõna	2	
imestus	imestus	imestus	['imestus']	sg n	0	S	nimisõna	2	
oli	olema	ole	['ole']	s	i	V	tegusõna	2	
eriti	eriti	eriti	['eriti']		0	D	määrsõna	2	
ehe	ehe	ehe	['ehe']	sg n	0	A	omadussõna algvõrre	2	
seetõttu	seetõttu	see_tõttu	['see', 'tõttu']		0	D	määrsõna	2	
,	,	,	[',']			Z	lausemärk	2	
et	et	et	['et']		0	J	sidesõna	2	
tavaliselt	tavaliselt	tavaliselt	['tavaliselt']		0	D	määrsõna	2	
eksis	eksima	eksi	['eksi']	s	s	V	tegusõna	2	
Ults	Ults	Ults	['Ults']	sg n	0	H	pärisnimi	2	
Annelinna	Annelinn	Anne_linn	['Anne', 'linn']	sg g	0	H	pärisnimi	2	
kivihoonete	kivihoone	kivi_hoone	['kivi', 'hoone']	pl g	te	S	nimisõna	2	
rägastikku	rägastik	rägastik	['rägastik']	adt	0	S	nimisõna	2	
ära	ära	ära	['ära']		0	D	määrsõna	2	
ning	ning	ning	['ning']		0	J	sidesõna	2	
leidmata	leidma	leid	['leid']	mata	mata	V	tegusõna	2	
teed	tegema	tege	['tege']	d	d	V	tegusõna	2	
minu	mina	mina	['mina']	sg g	0	P	asesõna	2	
maja	maja	maja	['maja']	sg g	0	S	nimisõna	2	
juurde	juurde	juurde	['juurde']		0	K	kaassõna	2	
(	(	(	['(']			Z	lausemärk	2	
millest	mis	mis	[['mis'], ['mis']]	pl el|sg el	st	P	asesõna	2	
ta	tema	tema	['tema']	sg n	0	P	asesõna	2	
võis	võima	või	['või']	s	s	V	tegusõna	2	
olnud	olema|olnud	ol=nud|ole	[['olnud'], ['olnud'], ['olnud'], ['ole']]	|nud|pl n|sg n	0|d|nud	A|V		2	
vabalt	vabalt	vabalt	['vabalt']		0	D	määrsõna	2	
neli	neli	neli	['neli']	sg n	0	N	põhiarvsõna	2	
korda	kord	kord	['kord']	sg p	0	S	nimisõna	2	
mööda	mööda	mööda	['mööda']		0	K	kaassõna	2	
käinud	käima|käinud	käi|käi=nud	[['käi'], ['käinud'], ['käinud'], ['käinud']]	|nud|pl n|sg n	0|d|nud	A|V		2	
,	,	,	[',']			Z	lausemärk	2	
seda	see	see	['see']	sg p	da	P	asesõna	2	
ära	ära	ära	['ära']		0	D	määrsõna	2	
tundmata	tundma	tund	['tund']	mata	mata	V	tegusõna	2	
)	)	)	[')']			Z	lausemärk	2	
,	,	,	[',']			Z	lausemärk	2	
töllerdas	töllerdama	töllerda	['töllerda']	s	s	V	tegusõna	2	
niikaua	niikaua	nii_kaua	['nii', 'kaua']		0	D	määrsõna	2	
ringi	ringi	ringi	['ringi']		0	D	määrsõna	2	
,	,	,	[',']			Z	lausemärk	2	
kuni	kuni	kuni	['kuni']		0	J	sidesõna	2	
leidis	leidma	leid	['leid']	s	is	V	tegusõna	2	
mõne	mõni	mõni	['mõni']	sg g	0	P	asesõna	2	
taksofoni	taksofon	taksofon	['taksofon']	sg g	0	S	nimisõna	2	
ja	ja	ja	['ja']		0	J	sidesõna	2	
helistas	helistama	helista	['helista']	s	s	V	tegusõna	2	
mulle	mina	mina	['mina']	sg all	lle	P	asesõna	2	
,	,	,	[',']			Z	lausemärk	2	
kirjeldas	kirjeldama	kirjelda	['kirjelda']	s	s	V	tegusõna	2	
ümbrust	ümbrus	ümbrus	['ümbrus']	sg p	t	S	nimisõna	2	
ning	ning	ning	['ning']		0	J	sidesõna	2	
palus	paluma	palu	['palu']	s	s	V	tegusõna	2	
end	ise	ise	['ise']	sg p	0	P	asesõna	2	
üles	üles	üles	['üles']		0	D	määrsõna	2	
korjata	korjama	korja	['korja']	da	ta	V	tegusõna	2	
.	.	.	['.']			Z	lausemärk	2	
""""	""""	""""	"['""']"			Z	lausemärk	3	
Ahhaa	ahhaa	ahhaa	['ahhaa']		0	I	hüüdsõna	3	
,	,	,	[',']			Z	lausemärk	3	
""""	""""	""""	"['""']"			Z	lausemärk	3	
hüüatas	hüüatama	hüüata	['hüüata']	s	s	V	tegusõna	3	
Ults	Ults	Ults	['Ults']	sg n	0	H	pärisnimi	3	
tervituseks	tervitus	tervitus	['tervitus']	sg tr	ks	S	nimisõna	3	
,	,	,	[',']			Z	lausemärk	3	
ise	ise	ise	[['ise'], ['ise']]	pl n|sg n	0	P	asesõna	3	
kõrvuni	kõrv	kõrv	['kõrv']	pl ter	uni	S	nimisõna	3	
sui	sui	sui	['sui']		0	D	määrsõna	3	
irvitades	irvitama	irvita	['irvita']	des	des	V	tegusõna	3	
.	.	.	['.']			Z	lausemärk	3	
Ma	mina	mina	['mina']	sg n	0	P	asesõna	3	
ei	ei	ei	['ei']	neg	0	V	tegusõna	3	
ole	olema	ole	['ole']	o	0	V	tegusõna	3	
kunagi	kunagi	kunagi	['kunagi']		0	D	määrsõna	3	
aru	aru	aru	['aru']	sg p	0	S	nimisõna	3	
saanud	saama|saanud	saa|saa=nud	[['saa'], ['saanud'], ['saanud'], ['saanud']]	|nud|pl n|sg n	0|d|nud	A|V		3	
,	,	,	[',']			Z	lausemärk	3	
mille	mis	mis	[['mis'], ['mis']]	pl g|sg g	0	P	asesõna	3	
üle	üle	üle	['üle']		0	K	kaassõna	3	
ta	tema	tema	['tema']	sg n	0	P	asesõna	3	
niiviisi	niiviisi	nii_viisi	['nii', 'viisi']		0	D	määrsõna	3	
pidevalt	pidevalt	pidevalt	['pidevalt']		0	D	määrsõna	3	
rõõmustab	rõõmustama	rõõmusta	['rõõmusta']	b	b	V	tegusõna	3	
,	,	,	[',']			Z	lausemärk	3	
kogu	kogu	kogu	['kogu']		0	A	omadussõna algvõrre	3	
aeg	aeg	aeg	['aeg']	sg n	0	S	nimisõna	3	
on	olema	ole	[['ole'], ['ole']]	b|vad	0	V	tegusõna	3	
tal	tema	tema	['tema']	sg ad	l	P	asesõna	3	
nägu	nägu	nägu	['nägu']	sg n	0	S	nimisõna	3	
nagu	nagu	nagu	[['nagu'], ['nagu']]		0	D|J		3	
moosiga	moos	moos	['moos']	sg kom	ga	S	nimisõna	3	
koos	koos	koos	['koos']		0	D	määrsõna	3	
.	.	.	['.']			Z	lausemärk	3	
""""	""""	""""	"['""']"			Z	lausemärk	3	
Ots	Ots	Ots	[['Ots'], ['Ots']]	sg n	0	H	pärisnimi	3	
ringi	ringi	ringi	['ringi']		0	D	määrsõna	3	
ja	ja	ja	['ja']		0	J	sidesõna	3	
siva	siva	siva	['siva']		0	D	määrsõna	3	
linna	linn	linn	['linn']	sg p	0	S	nimisõna	3	
tagasi	tagasi	tagasi	['tagasi']		0	K	kaassõna	3	
,	,	,	[',']			Z	lausemärk	3	
""""	""""	""""	"['""']"			Z	lausemärk	3	
kilkas	kilkama	kilka	['kilka']	s	s	V	tegusõna	3	
ta	tema	tema	['tema']	sg n	0	P	asesõna	3	
ning	ning	ning	['ning']		0	J	sidesõna	3	
haaranud	haarama|haaranud	haara|haara=nud	[['haara'], ['haaranud'], ['haaranud'], ['haaranud']]	|nud|pl n|sg n	0|d|nud	A|V		3	
mul	mina	mina	['mina']	sg ad	l	P	asesõna	3	
küünarnukist	küünarnukk	küünar_nukk	['küünar', 'nukk']	sg el	st	S	nimisõna	3	
,	,	,	[',']			Z	lausemärk	3	
kukkus	kukkuma	kukku	['kukku']	s	s	V	tegusõna	3	
tuldud	tuldud|tulema	tul=dud|tule	[['tuldud'], ['tuldud'], ['tuldud'], ['tule']]	|pl n|sg n|tud	0|d|dud	A|V		3	
teed	tee	tee	['tee']	sg p	d	S	nimisõna	3	
tagasi	tagasi	tagasi	['tagasi']		0	D	määrsõna	3	
lohistama	lohistama	lohista	['lohista']	ma	ma	V	tegusõna	3	
.	.	.	['.']			Z	lausemärk	3	
""""	""""	""""	"['""']"			Z	lausemärk	4	
Noh	noh	noh	['noh']		0	I	hüüdsõna	4	
,	,	,	[',']			Z	lausemärk	4	
mis	mis	mis	[['mis'], ['mis']]	pl n|sg n	0	P	asesõna	4	
nüüd	nüüd	nüüd	['nüüd']		0	D	määrsõna	4	
?	?	?	['?']			Z	lausemärk	4	
""""	""""	""""	"['""']"			Z	lausemärk	4	
keerasin	keerama	keera	['keera']	sin	sin	V	tegusõna	4	
malbelt	malbelt	malbelt	['malbelt']		0	D	määrsõna	4	
,	,	,	[',']			Z	lausemärk	4	
aga	aga	aga	['aga']		0	J	sidesõna	4	
otsustavalt	otsustavalt	otsustavalt	['otsustavalt']		0	D	määrsõna	4	
end	ise	ise	['ise']	sg p	0	P	asesõna	4	
tema	tema	tema	['tema']	sg g	0	P	asesõna	4	
kaenlast	kaenal	kaenal	['kaenal']	sg el	st	S	nimisõna	4	
vabaks	vaba	vaba	['vaba']	sg tr	ks	A	omadussõna algvõrre	4	
ja	ja	ja	['ja']		0	J	sidesõna	4	
jäin	jääma	jää	['jää']	sin	in	V	tegusõna	4	
kõigi	kõik	kõik	['kõik']	pl g	0	P	asesõna	4	
Ultsi	Ults|Ultsi	Ults|Ultsi	[['Ults'], ['Ultsi']]	sg g	0	H	pärisnimi	4	
pingutuste	pingutus	pingutus	['pingutus']	pl g	te	S	nimisõna	4	
kiuste	kiuste	kiuste	['kiuste']		0	K	kaassõna	4	
seisma	seisma	seis	['seis']	ma	ma	V	tegusõna	4	
.	.	.	['.']			Z	lausemärk	4	
""""	""""	""""	"['""']"			Z	lausemärk	5	
""""	""""	""""	"['""']"			Z	lausemärk	5	
Illusioonis	illusioon	illusioon	['illusioon']	sg in	s	S	nimisõna	5	
""""	""""	""""	"['""']"			Z	lausemärk	5	
on	olema	ole	[['ole'], ['ole']]	b|vad	0	V	tegusõna	5	
jube	jube	jube	['jube']	sg n	0	A	omadussõna algvõrre	5	
hea	hea	hea	['hea']	sg n	0	A	omadussõna algvõrre	5	
film	film	film	['film']	sg n	0	S	nimisõna	5	
,	,	,	[',']			Z	lausemärk	5	
""""	""""	""""	"['""']"			Z	lausemärk	5	
seletas	seletama	seleta	['seleta']	s	s	V	tegusõna	5	
Ults	Ults	Ults	['Ults']	sg n	0	H	pärisnimi	5	
.	.	.	['.']			Z	lausemärk	5	
""""	""""	""""	"['""']"			Z	lausemärk	5	
Kui	kui	kui	[['kui'], ['kui']]		0	D|J		5	
me	mina	mina	['mina']	pl n	0	P	asesõna	5	
kibekähku	kibekähku	kibe_kähku	['kibe', 'kähku']		0	D	määrsõna	5	
ei	ei	ei	['ei']	neg	0	V	tegusõna	5	
tee	tegema	tege	['tege']	o	0	V	tegusõna	5	
,	,	,	[',']			Z	lausemärk	5	
siis	siis	siis	['siis']		0	J	sidesõna	5	
ei	ei	ei	['ei']	neg	0	V	tegusõna	5	
jõua	jõudma	jõud	['jõud']	o	0	V	tegusõna	5	
!	!	!	['!']			Z	lausemärk	5	
""""	""""	""""	"['""']"			Z	lausemärk	5	
""""	""""	""""	"['""']"			Z	lausemärk	6	
Rumal	rumal	rumal	['rumal']	sg n	0	A	omadussõna algvõrre	6	
,	,	,	[',']			Z	lausemärk	6	
""""	""""	""""	"['""']"			Z	lausemärk	6	
naersin	naerma	naer	['naer']	sin	sin	V	tegusõna	6	
ta	tema	tema	['tema']	sg g	0	P	asesõna	6	
entusiastlikku	entusiastlik	entusiastlik	['entusiastlik']	sg p	0	A	omadussõna algvõrre	6	
tormakust	tormakus	tormakus	['tormakus']	sg p	t	S	nimisõna	6	
,	,	,	[',']			Z	lausemärk	6	
""""	""""	""""	"['""']"			Z	lausemärk	6	
lase	laskma	lask	['lask']	o	0	V	tegusõna	6	
ma	mina	mina	['mina']	sg n	0	P	asesõna	6	
viin	viima	vii	['vii']	n	n	V	tegusõna	6	
asjad	asi	asi	['asi']	pl n	d	S	nimisõna	6	
tuppa	tuba	tuba	['tuba']	adt	0	S	nimisõna	6	
ära	ära	ära	['ära']		0	D	määrsõna	6	
,	,	,	[',']			Z	lausemärk	6	
nii	nii	nii	['nii']		0	D	määrsõna	6	
kiire	kiire	kiire	['kiire']	sg n	0	A	omadussõna algvõrre	6	
nüüd	nüüd	nüüd	['nüüd']		0	D	määrsõna	6	
ka	ka	ka	['ka']		0	D	määrsõna	6	
ei	ei	ei	['ei']	neg	0	V	tegusõna	6	
ole	olema	ole	['ole']	o	0	V	tegusõna	6	
.	.	.	['.']			Z	lausemärk	6	
""""	""""	""""	"['""']"			Z	lausemärk	6	
""""	""""	""""	"['""']"			Z	lausemärk	7	
On	olema	ole	[['ole'], ['ole']]	b|vad	0	V	tegusõna	7	
,	,	,	[',']			Z	lausemärk	7	
on	olema	ole	[['ole'], ['ole']]	b|vad	0	V	tegusõna	7	
,	,	,	[',']			Z	lausemärk	7	
tavai	tavai	tavai	['tavai']	sg n	0	S	nimisõna	7	
ma	mina	mina	['mina']	sg n	0	P	asesõna	7	
võin	võima	või	['või']	n	n	V	tegusõna	7	
su	sina	sina	['sina']	sg g	0	P	asesõna	7	
kola	kola	kola	['kola']	sg p	0	S	nimisõna	7	
ise	ise	ise	[['ise'], ['ise']]	pl n|sg n	0	P	asesõna	7	
tassida	tassima	tassi	['tassi']	da	da	V	tegusõna	7	
,	,	,	[',']			Z	lausemärk	7	
kui	kui	kui	[['kui'], ['kui']]		0	D|J		7	
tahad	tahtma	taht	['taht']	d	d	V	tegusõna	7	
.	.	.	['.']			Z	lausemärk	7	
""""	""""	""""	"['""']"			Z	lausemärk	7	
Pidin	pidama	pida	['pida']	sin	in	V	tegusõna	8	
pikali	pikali	pikali	['pikali']		0	D	määrsõna	8	
kukkuma	kukkuma	kukku	['kukku']	ma	ma	V	tegusõna	8	
.	.	.	['.']			Z	lausemärk	8	
Tema	tema	tema	['tema']	sg n	0	P	asesõna	8	
,	,	,	[',']			Z	lausemärk	8	
kes	kes	kes	[['kes'], ['kes']]	pl n|sg n	0	P	asesõna	8	
kõik	kõik	kõik	[['kõik'], ['kõik']]	pl n|sg n	0	P	asesõna	8	
,	,	,	[',']			Z	lausemärk	8	
mis	mis	mis	[['mis'], ['mis']]	pl n|sg n	0	P	asesõna	8	
tasku	tasku	tasku	['tasku']	adt	0	S	nimisõna	8	
ei	ei	ei	['ei']	neg	0	V	tegusõna	8	
mahtunud	mahtuma|mahtunud	mahtu|mahtu=nud	[['mahtu'], ['mahtunud'], ['mahtunud'], ['mahtunud']]	|nud|pl n|sg n	0|d|nud	A|V		8	
üritas	üritama	ürita	['ürita']	s	s	V	tegusõna	8	
esimesel	esimene	esimene	['esimene']	sg ad	l	O	järgarvsõna	8	
võimalusel	võimalus	võimalus	['võimalus']	sg ad	l	S	nimisõna	8	
kuhugi	kuhugi	kuhugi	['kuhugi']		0	D	määrsõna	8	
sokutada	sokutama	sokuta	['sokuta']	da	da	V	tegusõna	8	
,	,	,	[',']			Z	lausemärk	8	
pidades	pidama	pida	['pida']	des	des	V	tegusõna	8	
seda	see	see	['see']	sg p	da	P	asesõna	8	
liigseks	liigne	liigne	['liigne']	sg tr	ks	A	omadussõna algvõrre	8	
,	,	,	[',']			Z	lausemärk	8	
pakkus	pakkuma	pakku	['pakku']	s	s	V	tegusõna	8	
nüüd	nüüd	nüüd	['nüüd']		0	D	määrsõna	8	
niisugust	niisugune	nii_sugune	['nii', 'sugune']	sg p	t	P	asesõna	8	
teenust	teenus	teenus	['teenus']	sg p	t	S	nimisõna	8	
.	.	.	['.']			Z	lausemärk	8	
""""	""""	""""	"['""']"			Z	lausemärk	9	
Mis	mis	mis	[['mis'], ['mis']]	pl n|sg n	0	P	asesõna	9	
sa	sina	sina	['sina']	sg n	0	P	asesõna	9	
rahmeldad	rahmeldama	rahmelda	['rahmelda']	d	d	V	tegusõna	9	
,	,	,	[',']			Z	lausemärk	9	
ma	mina	mina	['mina']	sg n	0	P	asesõna	9	
elan	elama	ela	['ela']	n	n	V	tegusõna	9	
ju	ju	ju	['ju']		0	D	määrsõna	9	
siinsamas	siinsamas	siin_samas	['siin', 'samas']		0	D	määrsõna	9	
esimesel	esimene	esimene	['esimene']	sg ad	l	O	järgarvsõna	9	
korrusel	korrus	korrus	['korrus']	sg ad	l	S	nimisõna	9	
.	.	.	['.']			Z	lausemärk	9	
""""	""""	""""	"['""']"			Z	lausemärk	9	
Ults	Ults	Ults	['Ults']	sg n	0	H	pärisnimi	10	
oli	olema	ole	['ole']	s	i	V	tegusõna	10	
silmnähtavalt	silmnähtavalt	silm_nähtavalt	['silm', 'nähtavalt']		0	D	määrsõna	10	
millegipärast	millegipärast	millegi_pärast	['millegi', 'pärast']		0	D	määrsõna	10	
pabinas	pabin	pabin	['pabin']	sg in	s	S	nimisõna	10	
,	,	,	[',']			Z	lausemärk	10	
tema	tema	tema	['tema']	sg g	0	P	asesõna	10	
irvitus	irvitus	irvitus	['irvitus']	sg n	0	S	nimisõna	10	
oli	olema	ole	['ole']	s	i	V	tegusõna	10	
asendunud	asenduma|asendunud	asendu|asendu=nud	[['asendu'], ['asendunud'], ['asendunud'], ['asendunud']]	|nud|pl n|sg n	0|d|nud	A|V		10	
isevärki	isevärki	ise_värki	['ise', 'värki']		0	A	omadussõna algvõrre	10	
viril-äreva	viril-ärev	viril-ärev	['viril', 'ärev']	sg g	0	A	omadussõna algvõrre	10	
naeratusevarjuga	naeratusevari	naeratuse_vari	['naeratuse', 'vari']	sg kom	ga	S	nimisõna	10	
.	.	.	['.']			Z	lausemärk	10	
Kaastundlikult	kaastundlikult	kaas_tundlikult	['kaas', 'tundlikult']		0	D	määrsõna	10	
talle	tema	tema	['tema']	sg all	lle	P	asesõna	10	
otsa	otsa	otsa	['otsa']		0	D	määrsõna	10	
vaadanud	vaadanud|vaatama	vaada=nud|vaata	[['vaata'], ['vaadanud'], ['vaadanud'], ['vaadanud']]	|nud|pl n|sg n	0|d|nud	A|V		10	
,	,	,	[',']			Z	lausemärk	10	
pöörasin	pöörama	pööra	['pööra']	sin	sin	V	tegusõna	10	
ringi	ringi	ringi	['ringi']		0	D	määrsõna	10	
ja	ja	ja	['ja']		0	J	sidesõna	10	
läksin	minema	mine	['mine']	sin	sin	V	tegusõna	10	
uksest	uks	uks	['uks']	sg el	st	S	nimisõna	10	
sisse	sisse	sisse	['sisse']		0	D	määrsõna	10	
.	.	.	['.']			Z	lausemärk	10	
On	olema	ole	[['ole'], ['ole']]	b|vad	0	V	tegusõna	10	
tal	tema	tema	['tema']	sg ad	l	P	asesõna	10	
alles	alles	alles	['alles']		0	D	määrsõna	10	
tuli	tulema	tule	['tule']	s	i	V	tegusõna	10	
takus	takk	takk	['takk']	sg in	s	S	nimisõna	10	
,	,	,	[',']			Z	lausemärk	10	
imestasin	imestama	imesta	['imesta']	sin	sin	V	tegusõna	10	
endamisi	endamisi	endamisi	['endamisi']		0	D	määrsõna	10	
.	.	.	['.']			Z	lausemärk	10	
Mis	mis	mis	[['mis'], ['mis']]	pl n|sg n	0	P	asesõna	10	
teha	tegema	tege	['tege']	da	a	V	tegusõna	10	
,	,	,	[',']			Z	lausemärk	10	
mis	mis	mis	[['mis'], ['mis']]	pl n|sg n	0	P	asesõna	10	
teha	tegema	tege	['tege']	da	a	V	tegusõna	10	
.	.	.	['.']			Z	lausemärk	10	
Korter	korter	korter	['korter']	sg n	0	S	nimisõna	11	
iseenesest	iseenesest	ise_enesest	['ise', 'enesest']		0	D	määrsõna	11	
oli	olema	ole	['ole']	s	i	V	tegusõna	11	
pime	pime	pime	['pime']	sg n	0	A	omadussõna algvõrre	11	
,	,	,	[',']			Z	lausemärk	11	
ainult	ainult	ainult	['ainult']		0	D	määrsõna	11	
köögist	köök	köök	['köök']	sg el	st	S	nimisõna	11	
paistis	paistma	paist	['paist']	s	is	V	tegusõna	11	
läbi	läbi	läbi	['läbi']		0	K	kaassõna	11	
klaasukse	klaasuks	klaas_uks	['klaas', 'uks']	sg g	0	S	nimisõna	11	
küünlaleegi	küünlaleek	küünla_leek	['küünla', 'leek']	sg g	0	S	nimisõna	11	
vilkumist	vilkumine	vilku=mine	['vilkumine']	sg p	t	S	nimisõna	11	
.	.	.	['.']			Z	lausemärk	11	
Panin	panema	pane	['pane']	sin	in	V	tegusõna	11	
koridoris	koridor	koridor	['koridor']	sg in	s	S	nimisõna	11	
tule	tulema	tule	['tule']	o	0	V	tegusõna	11	
põlema	põlema	põle	['põle']	ma	ma	V	tegusõna	11	
.	.	.	['.']			Z	lausemärk	11	
Tegusalt	tegusalt	tegusalt	['tegusalt']		0	D	määrsõna	11	
trügis	trügima	trügi	['trügi']	s	s	V	tegusõna	11	
Ults	Ults	Ults	['Ults']	sg n	0	H	pärisnimi	11	
minu	mina	mina	['mina']	sg g	0	P	asesõna	11	
järel	järel	järel	['järel']		0	K	kaassõna	11	
uksest	uks	uks	['uks']	sg el	st	S	nimisõna	11	
sisse	sisse	sisse	['sisse']		0	D	määrsõna	11	
.	.	.	['.']			Z	lausemärk	11	
""""	""""	""""	"['""']"			Z	lausemärk	11	
Tempo	tempo	tempo	['tempo']	sg n	0	S	nimisõna	11	
,	,	,	[',']			Z	lausemärk	11	
tempo	tempo	tempo	['tempo']	sg n	0	S	nimisõna	11	
,	,	,	[',']			Z	lausemärk	11	
""""	""""	""""	"['""']"			Z	lausemärk	11	
närvitses	närvitsema	närvitse	['närvitse']	s	s	V	tegusõna	11	
ta	tema	tema	['tema']	sg n	0	P	asesõna	11	
.	.	.	['.']			Z	lausemärk	11	
""""	""""	""""	"['""']"			Z	lausemärk	11	
Sips	sips	sips	['sips']	sg n	0	S	nimisõna	11	
sisse	sisse	sisse	['sisse']		0	D	määrsõna	11	
,	,	,	[',']			Z	lausemärk	11	
sips	sips	sips	['sips']	sg n	0	S	nimisõna	11	
välja	välja	välja	['välja']		0	D	määrsõna	11	
ja	ja	ja	['ja']		0	J	sidesõna	11	
plagama	plagama	plaga	['plaga']	ma	ma	V	tegusõna	11	
.	.	.	['.']			Z	lausemärk	11	
""""	""""	""""	"['""']"			Z	lausemärk	11	
""""	""""	""""	"['""']"			Z	lausemärk	12	
Miks	miks	miks	['miks']		0	D	määrsõna	12	
nad	tema	tema	['tema']	pl n	d	P	asesõna	12	
küünalt	küünal	küünal	['küünal']	sg p	t	S	nimisõna	12	
põletavad	põletama	põleta	['põleta']	vad	vad	V	tegusõna	12	
,	,	,	[',']			Z	lausemärk	12	
""""	""""	""""	"['""']"			Z	lausemärk	12	
imestasin	imestama	imesta	['imesta']	sin	sin	V	tegusõna	12	
.	.	.	['.']			Z	lausemärk	12	
""""	""""	""""	"['""']"			Z	lausemärk	13	
Üks	üks	üks	['üks']	sg n	0	P	asesõna	13	
küünlajupp	küünlajupp	küünla_jupp	['küünla', 'jupp']	sg n	0	S	nimisõna	13	
siia-sinna	siia-sinna	siia-sinna	['siia', 'sinna']		0	D	määrsõna	13	
,	,	,	[',']			Z	lausemärk	13	
põletagu	põletama	põleta	['põleta']	gu	gu	V	tegusõna	13	
minupärast	minupärast	minu_pärast	['minu', 'pärast']		0	D	määrsõna	13	
või	või	või	['või']		0	J	sidesõna	13	
maja	maja	maja	['maja']	sg g	0	S	nimisõna	13	
maha	maha	maha	['maha']		0	D	määrsõna	13	
,	,	,	[',']			Z	lausemärk	13	
""""	""""	""""	"['""']"			Z	lausemärk	13	
pomises	pomisema	pomise	['pomise']	s	s	V	tegusõna	13	
Ults	Ults	Ults	['Ults']	sg n	0	H	pärisnimi	13	
ja	ja	ja	['ja']		0	J	sidesõna	13	
trügis	trügima	trügi	['trügi']	s	s	V	tegusõna	13	
mind	mina	mina	['mina']	sg p	d	P	asesõna	13	
toa	tuba	tuba	['tuba']	sg g	0	S	nimisõna	13	
poole	poole	poole	['poole']		0	K	kaassõna	13	
.	.	.	['.']			Z	lausemärk	13	
""""	""""	""""	"['""']"			Z	lausemärk	14	
Jäta	jätma	jät	['jät']	o	0	V	tegusõna	14	
järgi	järgima	järgi	['järgi']	o	0	V	tegusõna	14	
,	,	,	[',']			Z	lausemärk	14	
""""	""""	""""	"['""']"			Z	lausemärk	14	
vaatasin	vaatama	vaata	['vaata']	sin	sin	V	tegusõna	14	
talle	tema	tema	['tema']	sg all	lle	P	asesõna	14	
solvunult	solvunult	solvunult	['solvunult']		0	D	määrsõna	14	
otsa	otsa	otsa	['otsa']		0	D	määrsõna	14	
.	.	.	['.']			Z	lausemärk	14	
Tavaliselt	tavaliselt	tavaliselt	['tavaliselt']		0	D	määrsõna	14	
ta	tema	tema	['tema']	sg n	0	P	asesõna	14	
nii	nii	nii	['nii']		0	D	määrsõna	14	
ülemäära	ülemäära	üle_määra	['üle', 'määra']		0	D	määrsõna	14	
tormakas	tormakas	tormakas	['tormakas']	sg n	0	A	omadussõna algvõrre	14	
ei	ei	ei	['ei']	neg	0	V	tegusõna	14	
olnud	olema|olnud	ol=nud|ole	[['olnud'], ['olnud'], ['olnud'], ['ole']]	|nud|pl n|sg n	0|d|nud	A|V		14	
.	.	.	['.']			Z	lausemärk	14	
Otse	otse	otse	['otse']		0	D	määrsõna	14	
vastupidi	vastupidi	vastu_pidi	['vastu', 'pidi']		0	D	määrsõna	14	
,	,	,	[',']			Z	lausemärk	14	
tema	tema	tema	['tema']	sg g	0	P	asesõna	14	
motoks	moto	moto	['moto']	sg tr	ks	S	nimisõna	14	
oli	olema	ole	['ole']	s	i	V	tegusõna	14	
—	-	-	['-']			Z	lausemärk	14	
""""	""""	""""	"['""']"			Z	lausemärk	14	
Iga	iga	iga	['iga']	sg n	0	P	asesõna	14	
asi	asi	asi	['asi']	sg n	0	S	nimisõna	14	
oma	oma	oma	['oma']	sg g	0	P	asesõna	14	
optimaalsel	optimaalne	optimaalne	['optimaalne']	sg ad	l	A	omadussõna algvõrre	14	
ajal	aeg	aeg	['aeg']	sg ad	l	S	nimisõna	14	
või	või	või	['või']		0	J	sidesõna	14	
veidi-veidi	veidi-veidi	veidi-veidi	['veidi', 'veidi']		0	D	määrsõna	14	
hiljem	hiljem	hiljem	['hiljem']		0	D	määrsõna	14	
.	.	.	['.']			Z	lausemärk	14	
""""	""""	""""	"['""']"			Z	lausemärk	14	
""""	""""	""""	"['""']"			Z	lausemärk	15	
Las	las	las	['las']		0	D	määrsõna	15	
ma	mina	mina	['mina']	sg n	0	P	asesõna	15	
ütlen	ütlema	ütle	['ütle']	n	n	V	tegusõna	15	
vähemalt	vähemalt	vähemalt	['vähemalt']		0	D	määrsõna	15	
teregi	tere	tere	['tere']	sg n	0	S	nimisõna	15	
!	!	!	['!']			Z	lausemärk	15	
""""	""""	""""	"['""']"			Z	lausemärk	15	
Lükkasin	lükkama	lükka	['lükka']	sin	sin	V	tegusõna	15	
köögiukse	köögiuks	köögi_uks	['köögi', 'uks']	sg g	0	S	nimisõna	15	
lahti	lahti	lahti	['lahti']		0	D	määrsõna	15	
ja	ja	ja	['ja']		0	J	sidesõna	15	
klõbisin	klõbima	klõbi	['klõbi']	sin	sin	V	tegusõna	15	
laetule	laetud	laetud	['laetud']	sg all	le	A	omadussõna algvõrre	15	
põlema	põlema	põle	['põle']	ma	ma	V	tegusõna	15	
.	.	.	['.']			Z	lausemärk	15	
Juhtub	juhtuma	juhtu	['juhtu']	b	b	V	tegusõna	15	
.	.	.	['.']			Z	lausemärk	15	
Röötskil	Röötskil	Röötskil	['Röötskil']	sg n	0	H	pärisnimi	16	
laua	laud	laud	['laud']	sg g	0	S	nimisõna	16	
peal	peal	peal	['peal']		0	K	kaassõna	16	
lamas	lamama	lama	['lama']	s	s	V	tegusõna	16	
korteriperemehe	korteriperemees	korteri_pere_mees	['korteri', 'pere', 'mees']	sg g	0	S	nimisõna	16	
ilma	ilma	ilma	['ilma']		0	K	kaassõna	16	
peata	pea	pea	['pea']	sg ab	ta	S	nimisõna	16	
keha	keha	keha	['keha']	sg p	0	S	nimisõna	16	
.	.	.	['.']			Z	lausemärk	16	
Käed	käsi	käsi	['käsi']	pl n	d	S	nimisõna	16	
kallistavalt	kallistavalt	kallista=valt	['kallistavalt']		0	D	määrsõna	16	
ümber	ümber	ümber	['ümber']		0	K	kaassõna	16	
kaelast	kael	kael	['kael']	sg el	st	S	nimisõna	16	
purskunud	purskuma|purskunud	pursku|pursku=nud	[['pursku'], ['purskunud'], ['purskunud'], ['purskunud']]	|nud|pl n|sg n	0|d|nud	A|V		16	
vereloigu	vereloik	vere_loik	['vere', 'loik']	sg g	0	S	nimisõna	16	
.	.	.	['.']			Z	lausemärk	16	
Köök	Köök	Köök	[['Köök'], ['Köök']]	sg n	0	H	pärisnimi	16	
tillukesi	tilluke	tilluke	['tilluke']	pl p	i	A	omadussõna algvõrre	16	
liha-	liha	liha	['liha']	sg g	0	S	nimisõna	16	
ja	ja	ja	['ja']		0	J	sidesõna	16	
luutükke	luutükk	luu_tükk	['luu', 'tükk']	pl p	e	S	nimisõna	16	
täis	täis	täis	['täis']		0	D	määrsõna	16	
.	.	.	['.']			Z	lausemärk	16	
Pöördusin	pöörduma	pöördu	['pöördu']	sin	sin	V	tegusõna	17	
.	.	.	['.']			Z	lausemärk	17	
Ults	Ults	Ults	['Ults']	sg n	0	H	pärisnimi	17	
vedas	vedama	veda	['veda']	s	s	V	tegusõna	17	
näole	nägu	nägu	['nägu']	sg all	le	S	nimisõna	17	
naeratusegrimassi	naeratusegrimass	naeratuse_grimass	['naeratuse', 'grimass']	sg g	0	S	nimisõna	17	
ja	ja	ja	['ja']		0	J	sidesõna	17	
laiutas	laiutama	laiuta	['laiuta']	s	s	V	tegusõna	17	
vabandavalt	vabandavalt	vabandavalt	['vabandavalt']		0	D	määrsõna	17	
käsi	käsi	käsi	['käsi']	pl p	0	S	nimisõna	17	
.	.	.	['.']			Z	lausemärk	17	
""""	""""	""""	"['""']"			Z	lausemärk	17	
Kogemata	kogemata	kogemata	['kogemata']		0	D	määrsõna	17	
,	,	,	[',']			Z	lausemärk	17	
""""	""""	""""	"['""']"			Z	lausemärk	17	
selgitas	selgitama	selgita	['selgita']	s	s	V	tegusõna	17	
ta	tema	tema	['tema']	sg n	0	P	asesõna	17	
takerduval	takerduv	takerduv	['takerduv']	sg ad	l	A	omadussõna algvõrre	17	
häälel	hääl	hääl	['hääl']	sg ad	l	S	nimisõna	17	
.	.	.	['.']			Z	lausemärk	17	
Mind	mina	mina	['mina']	sg p	d	P	asesõna	17	
läbis	läbima	läbi	['läbi']	s	s	V	tegusõna	17	
imelik	imelik	imelik	['imelik']	sg n	0	A	omadussõna algvõrre	17	
vabin	vabin	vabin	['vabin']	sg n	0	S	nimisõna	17	
.	.	.	['.']			Z	lausemärk	17	
See	see	see	['see']	sg n	0	P	asesõna	17	
ei	ei	ei	['ei']	neg	0	V	tegusõna	17	
lakanud	lakanud|lakkama	laka=nud|lakka	[['lakka'], ['lakanud'], ['lakanud'], ['lakanud']]	|nud|pl n|sg n	0|d|nud	A|V		17	
.	.	.	['.']			Z	lausemärk	17	
Hais	hais	hais	['hais']	sg n	0	S	nimisõna	17	
.	.	.	['.']			Z	lausemärk	17	
Ettevaatlikult	ettevaatlikult	ette_vaatlikult	['ette', 'vaatlikult']		0	D	määrsõna	17	
talutas	talutama	taluta	['taluta']	s	s	V	tegusõna	17	
Ults	Ults	Ults	['Ults']	sg n	0	H	pärisnimi	17	
mu	mina	mina	['mina']	sg g	0	P	asesõna	17	
vist	vist	vist	['vist']		0	D	määrsõna	17	
välja	välja	välja	['välja']		0	D	määrsõna	17	
.	.	.	['.']			Z	lausemärk	17	
Vist	vist	vist	['vist']		0	D	määrsõna	17	
välja	välja	välja	['välja']		0	D	määrsõna	17	
.	.	.	['.']			Z	lausemärk	17	
Tuled	tuli	tuli	['tuli']	pl n	d	S	nimisõna	17	
jäid	jääma	jää	['jää']	sid	id	V	tegusõna	17	
põlema	põlema	põle	['põle']	ma	ma	V	tegusõna	17	
.	.	.	['.']			Z	lausemärk	17	
""""	""""	""""	"['""']"			Z	lausemärk	18	
Lähme	minema	mine	['mine']	me	me	V	tegusõna	18	
Widgeti	Widget|Widgeti	Widget|Widgeti	[['Widget'], ['Widgeti']]	sg g	0	H	pärisnimi	18	
juurde	juurde	juurde	['juurde']		0	K	kaassõna	18	
,	,	,	[',']			Z	lausemärk	18	
""""	""""	""""	"['""']"			Z	lausemärk	18	
ütlesin	ütlema	ütle	['ütle']	sin	sin	V	tegusõna	18	
.	.	.	['.']			Z	lausemärk	18	
Widget	Widget	Widget	['Widget']	sg n	0	H	pärisnimi	18	
oli	olema	ole	['ole']	s	i	V	tegusõna	18	
kursaõde	kursaõde	kursa_õde	['kursa', 'õde']	sg n	0	S	nimisõna	18	
,	,	,	[',']			Z	lausemärk	18	
kes	kes	kes	[['kes'], ['kes']]	pl n|sg n	0	P	asesõna	18	
elas	elama	ela	['ela']	s	s	V	tegusõna	18	
siinsamas	siinsamas	siin_samas	['siin', 'samas']		0	D	määrsõna	18	
Annelinnas	annelinn	anne_linn	['anne', 'linn']	sg in	s	S	nimisõna	18	
.	.	.	['.']			Z	lausemärk	18	
Tee	tee	tee	['tee']	sg g	0	S	nimisõna	18	
peal	peal	peal	['peal']		0	K	kaassõna	18	
üritas	üritama	ürita	['ürita']	s	s	V	tegusõna	18	
Ults	Ults	Ults	['Ults']	sg n	0	H	pärisnimi	18	
mulle	mina	mina	['mina']	sg all	lle	P	asesõna	18	
asja	asi	asi	['asi']	sg p	0	S	nimisõna	18	
selgitada	selgitama	selgita	['selgita']	da	da	V	tegusõna	18	
.	.	.	['.']			Z	lausemärk	18	
Vaata	vaatama	vaata	['vaata']	o	0	V	tegusõna	19	
,	,	,	[',']			Z	lausemärk	19	
ütles	ütlema	ütle	['ütle']	s	s	V	tegusõna	19	
ta	tema	tema	['tema']	sg n	0	P	asesõna	19	
:	:	:	[':']			Z	lausemärk	19	
Sa	sina	sina	['sina']	sg n	0	P	asesõna	20	
tead	teadma	tead	['tead']	d	d	V	tegusõna	20	
,	,	,	[',']			Z	lausemärk	20	
et	et	et	['et']		0	J	sidesõna	20	
ma	mina	mina	['mina']	sg n	0	P	asesõna	20	
tegelen	tegelema	tegele	['tegele']	n	n	V	tegusõna	20	
väikest	väike|väikene	väike|väikene	[['väike'], ['väikene']]	sg p	t	A	omadussõna algvõrre	20	
viisi	viis	viis	['viis']	sg p	0	S	nimisõna	20	
kübermentaalmehaanikaga	kübermentaalmehaanika	küber_mentaal_mehaanika	['küber', 'mentaal', 'mehaanika']	sg kom	ga	S	nimisõna	20	
.	.	.	['.']			Z	lausemärk	20	
See	see	see	['see']	sg n	0	P	asesõna	20	
on	olema	ole	[['ole'], ['ole']]	b|vad	0	V	tegusõna	20	
teooria	teooria	teooria	['teooria']	sg n	0	S	nimisõna	20	
,	,	,	[',']			Z	lausemärk	20	
mis	mis	mis	[['mis'], ['mis']]	pl n|sg n	0	P	asesõna	20	
väidab	väitma	väit	['väit']	b	b	V	tegusõna	20	
,	,	,	[',']			Z	lausemärk	20	
et	et	et	['et']		0	J	sidesõna	20	
inimvaim	inimvaim	inim_vaim	['inim', 'vaim']	sg n	0	S	nimisõna	20	
on	olema	ole	[['ole'], ['ole']]	b|vad	0	V	tegusõna	20	
tehislikku	tehislik	tehislik	['tehislik']	sg p	0	A	omadussõna algvõrre	20	
päritolu	päritolu	pärit_olu	['pärit', 'olu']	sg p	0	S	nimisõna	20	
.	.	.	['.']			Z	lausemärk	20	
Mittemateriaalsel	mittemateriaalne	mitte_materiaalne	['mitte', 'materiaalne']	sg ad	l	A	omadussõna algvõrre	20	
tasandil	tasand	tasand	['tasand']	sg ad	l	S	nimisõna	20	
kokku	kokku	kokku	['kokku']		0	D	määrsõna	20	
pandud	pandud|panema	pan=dud|pane	[['pandud'], ['pandud'], ['pandud'], ['pane']]	|pl n|sg n|tud	0|d|dud	A|V		20	
kübermehhanism	kübermehhanism	küber_mehhanism	['küber', 'mehhanism']	sg n	0	S	nimisõna	20	
,	,	,	[',']			Z	lausemärk	20	
tehisintellekt	tehisintellekt	tehis_intellekt	['tehis', 'intellekt']	sg n	0	S	nimisõna	20	
.	.	.	['.']			Z	lausemärk	20	
Maniakkide	maniakk	maniakk	['maniakk']	pl g	de	S	nimisõna	20	
Tänav	tänav	tänav	['tänav']	sg n	0	S	nimisõna	20	
,	,	,	[',']			Z	lausemärk	20	
selle	see	see	['see']	sg g	0	P	asesõna	20	
ala	ala	ala	['ala']	sg g	0	S	nimisõna	20	
esimene	esimene	esimene	['esimene']	sg n	0	O	järgarvsõna	20	
teoreetik	teoreetik	teoreetik	['teoreetik']	sg n	0	S	nimisõna	20	
,	,	,	[',']			Z	lausemärk	20	
mainis	mainima	maini	['maini']	s	s	V	tegusõna	20	
mentaalmehaanikat	mentaalmehaanika	mentaal_mehaanika	['mentaal', 'mehaanika']	sg p	t	S	nimisõna	20	
oma	oma	oma	['oma']	sg g	0	P	asesõna	20	
teoses	teos	teos	['teos']	sg in	s	S	nimisõna	20	
""""	""""	""""	"['""']"			Z	lausemärk	20	
Õpetus	Õpetus	Õpetus	['Õpetus']	sg n	0	H	pärisnimi	20	
surnutest	surnu	surnu	['surnu']	pl el	test	S	nimisõna	20	
""""	""""	""""	"['""']"			Z	lausemärk	20	
,	,	,	[',']			Z	lausemärk	20	
kuid	kuid	kuid	['kuid']		0	J	sidesõna	20	
seda	see	see	['see']	sg p	da	P	asesõna	20	
väga	väga	väga	['väga']		0	D	määrsõna	20	
pealiskaudselt	pealiskaudselt	pealis_kaudselt	['pealis', 'kaudselt']		0	D	määrsõna	20	
ja	ja	ja	['ja']		0	J	sidesõna	20	
põgusalt	põgusalt	põgusalt	['põgusalt']		0	D	määrsõna	20	
,	,	,	[',']			Z	lausemärk	20	
sest	sest	sest	['sest']		0	J	sidesõna	20	
tema	tema	tema	['tema']	sg g	0	P	asesõna	20	
peamine	peamine	peamine	['peamine']	sg n	0	A	omadussõna algvõrre	20	
huvi	huvi	huvi	['huvi']	sg n	0	S	nimisõna	20	
oli	olema	ole	['ole']	s	i	V	tegusõna	20	
suunatud	suunama|suunatud	suuna|suuna=tud	[['suuna'], ['suunatud'], ['suunatud'], ['suunatud']]	|pl n|sg n|tud	0|d|tud	A|V		20	
Kehade	keha	keha	['keha']	pl g	de	S	nimisõna	20	
,	,	,	[',']			Z	lausemärk	20	
ehk	ehk	ehk	['ehk']		0	J	sidesõna	20	
nagu	nagu	nagu	[['nagu'], ['nagu']]		0	D|J		20	
ta	tema	tema	['tema']	sg n	0	P	asesõna	20	
väitis	väitma	väit	['väit']	s	is	V	tegusõna	20	
—	-	-	['-']			Z	lausemärk	20	
Pärisinimeste	pärisinimene	päris_inimene	['päris', 'inimene']	pl g	te	S	nimisõna	20	
vastu	vastu	vastu	['vastu']		0	K	kaassõna	20	
.	.	.	['.']			Z	lausemärk	20	
Need	see	see	['see']	pl n	d	P	asesõna	20	
on	olema	ole	[['ole'], ['ole']]	b|vad	0	V	tegusõna	20	
inimesed	inimene	inimene	['inimene']	pl n	d	S	nimisõna	20	
,	,	,	[',']			Z	lausemärk	20	
kes	kes	kes	[['kes'], ['kes']]	pl n|sg n	0	P	asesõna	20	
on	olema	ole	[['ole'], ['ole']]	b|vad	0	V	tegusõna	20	
surnud	surema|surnud	sure|surnud	[['surnud'], ['surnud'], ['surnud'], ['sure']]	|nud|pl n|sg n	0|d|nud	A|V		20	
,	,	,	[',']			Z	lausemärk	20	
ehk	ehk	ehk	['ehk']		0	J	sidesõna	20	
kui	kui	kui	[['kui'], ['kui']]		0	D|J		20	
tsiteerida	tsiteerima	tsiteeri	['tsiteeri']	da	da	V	tegusõna	20	
Man.T-	Man.T	Man.T	['Man.T']	?	0	Y	lühend	20	
i	i	i	['i']	?	0	Y	lühend	20	
ennast	ise	ise	['ise']	sg p	t	P	asesõna	20	
:	:	:	[':']			Z	lausemärk	20	
""""	""""	""""	"['""']"			Z	lausemärk	20	
Tehislikult	tehislikult	tehislikult	['tehislikult']		0	D	määrsõna	20	
neisse	see	see	['see']	pl ill	sse	P	asesõna	20	
kehadesse	keha	keha	['keha']	pl ill	desse	S	nimisõna	20	
monteeritud	monteerima|monteeritud	monteeri|monteeri=tud	[['monteeri'], ['monteeritud'], ['monteeritud'], ['monteeritud']]	|pl n|sg n|tud	0|d|tud	A|V		20	
kübermehhanismidest	kübermehhanism	küber_mehhanism	['küber', 'mehhanism']	pl el	dest	S	nimisõna	20	
vabanenud	vabanema|vabanenud	vabane|vabanenud	[['vabane'], ['vabanenud'], ['vabanenud'], ['vabanenud']]	|nud|pl n|sg n	0|d|nud	A|V		20	
organismid	organism	organism	['organism']	pl n	d	S	nimisõna	20	
,	,	,	[',']			Z	lausemärk	20	
mis	mis	mis	[['mis'], ['mis']]	pl n|sg n	0	P	asesõna	20	
ajapikku	ajapikku	aja_pikku	['aja', 'pikku']		0	D	määrsõna	20	
vapustustest	vapustus	vapustus	['vapustus']	pl el	test	S	nimisõna	20	
vabanedes	vabanema	vabane	['vabane']	des	des	V	tegusõna	20	
hakkavad	hakkama	hakka	['hakka']	vad	vad	V	tegusõna	20	
taas	taas	taas	['taas']		0	D	määrsõna	20	
oma	oma	oma	['oma']	sg g	0	P	asesõna	20	
elu	elu	elu	['elu']	sg p	0	S	nimisõna	20	
elama	elama	ela	['ela']	ma	ma	V	tegusõna	20	
,	,	,	[',']			Z	lausemärk	20	
pöördudes	pöörduma	pöördu	['pöördu']	des	des	V	tegusõna	20	
tagasi	tagasi	tagasi	['tagasi']		0	D	määrsõna	20	
oma	oma	oma	['oma']	sg g	0	P	asesõna	20	
loomulikku	loomulik	loomulik	['loomulik']	sg p	0	A	omadussõna algvõrre	20	
keskkonda	keskkond	keskkond	['keskkond']	sg p	0	S	nimisõna	20	
.	.	.	['.']			Z	lausemärk	20	
""""	""""	""""	"['""']"			Z	lausemärk	20	
Tema	tema	tema	['tema']	sg n	0	P	asesõna	20	
oli	olema	ole	['ole']	s	i	V	tegusõna	20	
nekrosotsioloog	nekrosotsioloog	nekro_sotsioloog	['nekro', 'sotsioloog']	sg n	0	S	nimisõna	20	
—	-	-	['-']			Z	lausemärk	20	
praktik	praktik	praktik	['praktik']	sg n	0	S	nimisõna	20	
surnute	surnu	surnu	['surnu']	pl g	te	S	nimisõna	20	
elu-olu	elu-olu	elu-olu	['elu', 'olu']	sg n	0	S	nimisõna	20	
ja	ja	ja	['ja']		0	J	sidesõna	20	
teoreetik	teoreetik	teoreetik	['teoreetik']	sg n	0	S	nimisõna	20	
mentaalmehaanika	mentaalmehaanika	mentaal_mehaanika	['mentaal', 'mehaanika']	sg g	0	S	nimisõna	20	
alal	ala	ala	['ala']	sg ad	l	S	nimisõna	20	
.	.	.	['.']			Z	lausemärk	20	
Mina	mina	mina	['mina']	sg n	0	P	asesõna	20	
aga	aga	aga	['aga']		0	J	sidesõna	20	
tõestasin	tõestama	tõesta	['tõesta']	sin	sin	V	tegusõna	20	
tema	tema	tema	['tema']	sg g	0	P	asesõna	20	
teooriad	teooria	teooria	['teooria']	pl n	d	S	nimisõna	20	
praktikas	praktika	praktika	['praktika']	sg in	s	S	nimisõna	20	
.	.	.	['.']			Z	lausemärk	20	
Ebamateriaalsus	ebamateriaalsus	eba_materiaal=sus	['eba', 'materiaalsus']	sg n	0	S	nimisõna	21	
,	,	,	[',']			Z	lausemärk	21	
milles	mis	mis	[['mis'], ['mis']]	pl in|sg in	s	P	asesõna	21	
need	see	see	['see']	pl n	d	P	asesõna	21	
mentaalraalid	mentaalraal	mentaal_raal	['mentaal', 'raal']	pl n	d	S	nimisõna	21	
töötavad	töötama	tööta	['tööta']	vad	vad	V	tegusõna	21	
,	,	,	[',']			Z	lausemärk	21	
asub	asuma	asu	['asu']	b	b	V	tegusõna	21	
üsna	üsna	üsna	['üsna']		0	D	määrsõna	21	
ligidal	ligidal	ligidal	['ligidal']		0	D	määrsõna	21	
helivönkesagedusele	helivönkesagedus	helivönkesage=dus	['helivönkesagedus']	sg all	le	S	nimisõna	21	
,	,	,	[',']			Z	lausemärk	21	
ainult	ainult	ainult	['ainult']		0	D	määrsõna	21	
mõni	mõni	mõni	['mõni']	sg n	0	P	asesõna	21	
nõks	nõks	nõks	['nõks']	sg n	0	S	nimisõna	21	
neist	tema	tema	['tema']	pl el	st	P	asesõna	21	
edasi	edasi	edasi	['edasi']		0	D	määrsõna	21	
.	.	.	['.']			Z	lausemärk	21	
Mul	mina	mina	['mina']	sg ad	l	P	asesõna	21	
õnnestus	õnnestuma	õnnestu	['õnnestu']	s	s	V	tegusõna	21	
konstrueerida	konstrueerima	konstrueeri	['konstrueeri']	da	da	V	tegusõna	21	
Pill	pill	pill	['pill']	sg n	0	S	nimisõna	21	
,	,	,	[',']			Z	lausemärk	21	
aparaat	aparaat	aparaat	['aparaat']	sg n	0	S	nimisõna	21	
,	,	,	[',']			Z	lausemärk	21	
millega	mis	mis	[['mis'], ['mis']]	pl kom|sg kom	ga	P	asesõna	21	
end	ise	ise	['ise']	sg p	0	P	asesõna	21	
võnkesse	võnge	võnge	['võnge']	sg ill	sse	S	nimisõna	21	
viia	viima	vii	['vii']	da	a	V	tegusõna	21	
ja	ja	ja	['ja']		0	J	sidesõna	21	
transportida	transportima	transporti	['transporti']	da	da	V	tegusõna	21	
oma	oma	oma	['oma']	sg g	0	P	asesõna	21	
energeetilise	energeetiline	energeetiline	['energeetiline']	sg g	0	A	omadussõna algvõrre	21	
,	,	,	[',']			Z	lausemärk	21	
biovälja	bioväli	bio_väli	['bio', 'väli']	sg g	0	S	nimisõna	21	
Mina	mina	mina	['mina']	sg n	0	P	asesõna	21	
ebamatti	ebamatt	eba_matt	['eba', 'matt']	adt	0	S	nimisõna	21	
(	(	(	['(']			Z	lausemärk	21	
ebamateriaalsusse	ebamateriaalsus	eba_materiaal=sus	['eba', 'materiaalsus']	adt	se	S	nimisõna	21	
)	)	)	[')']			Z	lausemärk	21	
.	.	.	['.']			Z	lausemärk	21	
Ka	ka	ka	['ka']		0	D	määrsõna	21	
vastupidi	vastupidi	vastu_pidi	['vastu', 'pidi']		0	D	määrsõna	21	
on	olema	ole	[['ole'], ['ole']]	b|vad	0	V	tegusõna	21	
võimalik	võimalik	võimalik	['võimalik']	sg n	0	A	omadussõna algvõrre	21	
,	,	,	[',']			Z	lausemärk	21	
transportida	transportima	transporti	['transporti']	da	da	V	tegusõna	21	
see	see	see	['see']	sg n	0	P	asesõna	21	
tehisintellekt	tehisintellekt	tehis_intellekt	['tehis', 'intellekt']	sg n	0	S	nimisõna	21	
matti	matt	matt	['matt']	adt	0	S	nimisõna	21	
(	(	(	['(']			Z	lausemärk	21	
materiaalsusse	materiaalsus	materiaal=sus	['materiaalsus']	adt	se	S	nimisõna	21	
)	)	)	[')']			Z	lausemärk	21	
.	.	.	['.']			Z	lausemärk	21	
Ükskõik	ükskõik	üks_kõik	['üks', 'kõik']		0	D	määrsõna	21	
siis	siis	siis	['siis']		0	D	määrsõna	21	
,	,	,	[',']			Z	lausemärk	21	
kas	kas	kas	['kas']		0	D	määrsõna	21	
koos	koos	koos	['koos']		0	K	kaassõna	21	
bioMinaga	biomina	bio_mina	['bio', 'mina']	sg kom	ga	S	nimisõna	21	
või	või	või	['või']		0	J	sidesõna	21	
ilma	ilma	ilma	['ilma']		0	D	määrsõna	21	
.	.	.	['.']			Z	lausemärk	21	
A	A	A	['A']	?	0	Y	lühend	21	
sellega	see	see	['see']	sg kom	ga	P	asesõna	21	
on	olema	ole	[['ole'], ['ole']]	b|vad	0	V	tegusõna	21	
veel	veel	veel	['veel']		0	D	määrsõna	21	
probleeme	probleem	probleem	['probleem']	pl p	e	S	nimisõna	21	
—	-	-	['-']			Z	lausemärk	21	
materiaalsuses	materiaalsus	materiaal=sus	['materiaalsus']	sg in	s	S	nimisõna	21	
kärssab	kärssama	kärssa	['kärssa']	b	b	V	tegusõna	21	
see	see	see	['see']	sg n	0	P	asesõna	21	
mõne	mõni	mõni	['mõni']	sg g	0	P	asesõna	21	
sekundiga	sekund	sekund	[['sekund'], ['sekund']]	sg kom	ga	S	nimisõna	21	
läbi	läbi	läbi	['läbi']		0	D	määrsõna	21	
ja	ja	ja	['ja']		0	J	sidesõna	21	
muutub	muutuma	muutu	['muutu']	b	b	V	tegusõna	21	
mingiks	mingi	mingi	['mingi']	sg tr	ks	P	asesõna	21	
känkraks	känkraks	känk_raks	['känk', 'raks']	sg n	0	S	nimisõna	21	
.	.	.	['.']			Z	lausemärk	21	
Juhtub	juhtuma	juhtu	['juhtu']	b	b	V	tegusõna	21	
.	.	.	['.']			Z	lausemärk	21	
""""	""""	""""	"['""']"			Z	lausemärk	22	
Mis	mis	mis	[['mis'], ['mis']]	pl n|sg n	0	P	asesõna	22	
see	see	see	['see']	sg n	0	P	asesõna	22	
siia	siia	siia	['siia']		0	D	määrsõna	22	
puutub	puutuma	puutu	['puutu']	b	b	V	tegusõna	22	
?	?	?	['?']			Z	lausemärk	22	
""""	""""	""""	"['""']"			Z	lausemärk	22	
küsisin	küsima	küsi	['küsi']	sin	sin	V	tegusõna	22	
.	.	.	['.']			Z	lausemärk	22	
Vaata	vaatama	vaata	['vaata']	o	0	V	tegusõna	23	
:	:	:	[':']			Z	lausemärk	23	
Ma	mina	mina	['mina']	sg n	0	P	asesõna	24	
tulin	tulema	tule	['tule']	sin	in	V	tegusõna	24	
sind	sina	sina	['sina']	sg p	d	P	asesõna	24	
kinno	kino	kino	['kino']	adt	0	S	nimisõna	24	
meelitama	meelitama	meelita	['meelita']	ma	ma	V	tegusõna	24	
,	,	,	[',']			Z	lausemärk	24	
aga	aga	aga	['aga']		0	J	sidesõna	24	
kuna	kuna	kuna	['kuna']		0	J	sidesõna	24	
sa	sina	sina	['sina']	sg n	0	P	asesõna	24	
polnud	olema	ole	['ole']	neg nud	nud	V	tegusõna	24	
veel	veel	veel	['veel']		0	D	määrsõna	24	
tulnud	tulema|tulnud	tul=nud|tule	[['tulnud'], ['tulnud'], ['tulnud'], ['tule']]	|nud|pl n|sg n	0|d|nud	A|V		24	
,	,	,	[',']			Z	lausemärk	24	
siis	siis	siis	['siis']		0	J	sidesõna	24	
kutsus	kutsuma	kutsu	['kutsu']	s	s	V	tegusõna	24	
korteriperemees	korteriperemees	korteri_pere_mees	['korteri', 'pere', 'mees']	sg n	0	S	nimisõna	24	
mind	mina	mina	['mina']	sg p	d	P	asesõna	24	
sellest	see	see	['see']	sg el	st	P	asesõna	24	
hoolimata	hoolimata	hoolimata	['hoolimata']		0	K	kaassõna	24	
sisse	sisse	sisse	['sisse']		0	D	määrsõna	24	
,	,	,	[',']			Z	lausemärk	24	
juttu	jutt	jutt	['jutt']	sg p	0	S	nimisõna	24	
puhuma	puhuma	puhu	['puhu']	ma	ma	V	tegusõna	24	
.	.	.	['.']			Z	lausemärk	24	
Noh	noh	noh	['noh']		0	I	hüüdsõna	24	
,	,	,	[',']			Z	lausemärk	24	
ma	mina	mina	['mina']	sg n	0	P	asesõna	24	
panin	panema	pane	['pane']	sin	in	V	tegusõna	24	
tähele	tähele	tähele	['tähele']		0	X	verbi juurde kuuluv sõna	24	
,	,	,	[',']			Z	lausemärk	24	
et	et	et	['et']		0	J	sidesõna	24	
tema	tema	tema	['tema']	sg g	0	P	asesõna	24	
mentaalraalil	mentaalraal	mentaal_raal	['mentaal', 'raal']	sg ad	l	S	nimisõna	24	
on	olema	ole	[['ole'], ['ole']]	b|vad	0	V	tegusõna	24	
viirus	viirus	viirus	['viirus']	sg n	0	S	nimisõna	24	
sees	sees	sees	['sees']		0	D	määrsõna	24	
,	,	,	[',']			Z	lausemärk	24	
vennike	vennike	vennike	['vennike']	sg n	0	S	nimisõna	24	
ajas	ajama	aja	['aja']	s	s	V	tegusõna	24	
segast	segane	segane	['segane']	sg p	t	A	omadussõna algvõrre	24	
ja	ja	ja	['ja']		0	J	sidesõna	24	
üldse	üldse	üldse	['üldse']		0	D	määrsõna	24	
...	...	...	['...']			Z	lausemärk	24	
""""	""""	""""	"['""']"			Z	lausemärk	25	
Jah	jah	jah	['jah']		0	D	määrsõna	25	
,	,	,	[',']			Z	lausemärk	25	
""""	""""	""""	"['""']"			Z	lausemärk	25	
nõustusin	nõustuma	nõustu	['nõustu']	sin	sin	V	tegusõna	25	
.	.	.	['.']			Z	lausemärk	25	
""""	""""	""""	"['""']"			Z	lausemärk	25	
Ta	tema	tema	['tema']	sg n	0	P	asesõna	25	
on	olema	ole	[['ole'], ['ole']]	b|vad	0	V	tegusõna	25	
paberitega	paber	paber	['paber']	pl kom	tega	S	nimisõna	25	
.	.	.	['.']			Z	lausemärk	25	
""""	""""	""""	"['""']"			Z	lausemärk	25	
""""	""""	""""	"['""']"			Z	lausemärk	26	
Mis	mis	mis	[['mis'], ['mis']]	pl n|sg n	0	P	asesõna	26	
paberitega	paber	paber	['paber']	pl kom	tega	S	nimisõna	26	
?	?	?	['?']			Z	lausemärk	26	
""""	""""	""""	"['""']"			Z	lausemärk	26	
ei	ei	ei	['ei']	neg	0	V	tegusõna	26	
taibanud	taibanud|taipama	taiba=nud|taipa	[['taipa'], ['taibanud'], ['taibanud'], ['taibanud']]	|nud|pl n|sg n	0|d|nud	A|V		26	
Ults	Ults	Ults	['Ults']	sg n	0	H	pärisnimi	26	
kohe	kohe	kohe	['kohe']		0	D	määrsõna	26	
.	.	.	['.']			Z	lausemärk	26	
""""	""""	""""	"['""']"			Z	lausemärk	27	
Nendega	see	see	['see']	pl kom	dega	P	asesõna	27	
mis	mis	mis	[['mis'], ['mis']]	pl n|sg n	0	P	asesõna	27	
tõendavad	tõendama	tõenda	['tõenda']	vad	vad	V	tegusõna	27	
,	,	,	[',']			Z	lausemärk	27	
et	et	et	['et']		0	J	sidesõna	27	
tal	tema	tema	['tema']	sg ad	l	P	asesõna	27	
kruvid	kruvima	kruvi	['kruvi']	d	d	V	tegusõna	27	
logisevad	logisev	logisev	['logisev']	pl n	d	A	omadussõna algvõrre	27	
.	.	.	['.']			Z	lausemärk	27	
""""	""""	""""	"['""']"			Z	lausemärk	27	
Juhtub	juhtuma	juhtu	['juhtu']	b	b	V	tegusõna	27	
,	,	,	[',']			Z	lausemärk	27	
eks	eks	eks	['eks']		0	D	määrsõna	27	
ole	olema	ole	['ole']	o	0	V	tegusõna	27	
.	.	.	['.']			Z	lausemärk	27	
""""	""""	""""	"['""']"			Z	lausemärk	28	
Noh	noh	noh	['noh']		0	I	hüüdsõna	28	
,	,	,	[',']			Z	lausemärk	28	
kuna	kuna	kuna	['kuna']		0	J	sidesõna	28	
ma	mina	mina	['mina']	sg n	0	P	asesõna	28	
olen	olema	ole	['ole']	n	n	V	tegusõna	28	
viimasel	viimane	viimane	['viimane']	sg ad	l	A	omadussõna algvõrre	28	
ajal	aeg	aeg	['aeg']	sg ad	l	S	nimisõna	28	
mentaalraalide	mentaalraal	mentaal_raal	['mentaal', 'raal']	pl g	de	S	nimisõna	28	
ehituse	ehitus	ehitus	['ehitus']	sg g	0	S	nimisõna	28	
tundmaõppimisel	tundmaõppimine	tundma_õppimine	['tundma', 'õppimine']	sg ad	l	S	nimisõna	28	
teatud	teadma|teatud	tead|teatud	[['tead'], ['teatud'], ['teatud'], ['teatud']]	|pl n|sg n|tud	0|d|tud	A|V		28	
edusamme	edusamm	edu_samm	['edu', 'samm']	pl p	e	S	nimisõna	28	
teinud	tegema|teinud	tege|tei=nud	[['tege'], ['teinud'], ['teinud'], ['teinud']]	|nud|pl n|sg n	0|d|nud	A|V		28	
(	(	(	['(']			Z	lausemärk	28	
need	see	see	['see']	pl n	d	P	asesõna	28	
erinevad	erinema	erine	['erine']	vad	vad	V	tegusõna	28	
meie	mina	mina	['mina']	pl g	0	P	asesõna	28	
omadest	oma	oma	['oma']	pl el	dest	S	nimisõna	28	
roppu	ropp	ropp	['ropp']	sg p	0	A	omadussõna algvõrre	28	
moodi	mood	mood	['mood']	sg p	0	S	nimisõna	28	
,	,	,	[',']			Z	lausemärk	28	
mingit	mingi	mingi	['mingi']	sg p	t	P	asesõna	28	
metalli	metall	metall	['metall']	sg g	0	S	nimisõna	28	
ja	ja	ja	['ja']		0	J	sidesõna	28	
mikroskeemijama	mikroskeemijama	mikro_skeemi_jama	['mikro', 'skeemi', 'jama']	sg g	0	S	nimisõna	28	
seal	seal	seal	['seal']		0	D	määrsõna	28	
ei	ei	ei	['ei']	neg	0	V	tegusõna	28	
ole	olema	ole	['ole']	o	0	V	tegusõna	28	
)	)	)	[')']			Z	lausemärk	28	
,	,	,	[',']			Z	lausemärk	28	
siis	siis	siis	['siis']		0	J	sidesõna	28	
mõtlesin	mõtlema	mõtle	['mõtle']	sin	sin	V	tegusõna	28	
,	,	,	[',']			Z	lausemärk	28	
et	et	et	['et']		0	J	sidesõna	28	
võiks	võima	või	['või']	ks	ks	V	tegusõna	28	
vennikest	vennike	vennike	['vennike']	sg p	t	S	nimisõna	28	
vähe	vähe	vähe	['vähe']		0	D	määrsõna	28	
taadelda	taatlema	taatle	['taatle']	da	da	V	tegusõna	28	
.	.	.	['.']			Z	lausemärk	28	
""""	""""	""""	"['""']"			Z	lausemärk	28	
""""	""""	""""	"['""']"			Z	lausemärk	29	
Seletasin	seletama	seleta	['seleta']	sin	sin	V	tegusõna	29	
sellile	sell	sell	['sell']	sg all	le	S	nimisõna	29	
,	,	,	[',']			Z	lausemärk	29	
et	et	et	['et']		0	J	sidesõna	29	
oskan	oskama	oska	['oska']	n	n	V	tegusõna	29	
vaime	vaim	vaim	['vaim']	pl p	e	S	nimisõna	29	
välja	välja	välja	['välja']		0	D	määrsõna	29	
kutsuda	kutsuma	kutsu	['kutsu']	da	da	V	tegusõna	29	
ning	ning	ning	['ning']		0	J	sidesõna	29	
lasin	laskma	lask	['lask']	sin	in	V	tegusõna	29	
tal	tema	tema	['tema']	sg ad	l	P	asesõna	29	
atmosfääri	atmosfäär	atmo_sfäär	['atmo', 'sfäär']	sg g	0	S	nimisõna	29	
ja	ja	ja	['ja']		0	J	sidesõna	29	
tõepärasuse	tõepärasus	tõe_pärasus	['tõe', 'pärasus']	sg g	0	S	nimisõna	29	
huvides	huvi	huvi	['huvi']	pl in	des	S	nimisõna	29	
küünla	küünal	küünal	['küünal']	sg g	0	S	nimisõna	29	
tuua	tooma	too	['too']	da	a	V	tegusõna	29	
ja	ja	ja	['ja']		0	J	sidesõna	29	
tule	tulema	tule	['tule']	o	0	V	tegusõna	29	
ära	ära	ära	['ära']		0	D	määrsõna	29	
kustutada	kustutama	kustuta	['kustuta']	da	da	V	tegusõna	29	
.	.	.	['.']			Z	lausemärk	29	
Kraamisin	kraamima	kraami	['kraami']	sin	sin	V	tegusõna	29	
oma	oma	oma	['oma']	sg g	0	P	asesõna	29	
kola	kola	kola	['kola']	sg g	0	S	nimisõna	29	
välja	välja	välja	['välja']		0	D	määrsõna	29	
ja	ja	ja	['ja']		0	J	sidesõna	29	
aidaa	aidaa	aidaa	['aidaa']		0	I	hüüdsõna	29	
—	-	-	['-']			Z	lausemärk	29	
ebamatti	ebamatt	eba_matt	['eba', 'matt']	adt	0	S	nimisõna	29	
.	.	.	['.']			Z	lausemärk	29	
""""	""""	""""	"['""']"			Z	lausemärk	29	
""""	""""	""""	"['""']"			Z	lausemärk	30	
Seal	seal	seal	['seal']		0	D	määrsõna	30	
see	see	see	['see']	sg n	0	P	asesõna	30	
oligi	olema	ole	['ole']	s	i	V	tegusõna	30	
—	-	-	['-']			Z	lausemärk	30	
vennikese	vennike	vennike	['vennike']	sg g	0	S	nimisõna	30	
mentaalküberneetika	mentaalküberneetika	mentaal_küberneetika	['mentaal', 'küberneetika']	sg n	0	S	nimisõna	30	
.	.	.	['.']			Z	lausemärk	30	
Surkisin	surkima	surki	['surki']	sin	sin	V	tegusõna	30	
selle	see	see	['see']	sg g	0	P	asesõna	30	
kallal	kallal	kallal	['kallal']		0	K	kaassõna	30	
vähe	vähe	vähe	['vähe']		0	D	määrsõna	30	
ja	ja	ja	['ja']		0	J	sidesõna	30	
paistis	paistma	paist	['paist']	s	is	V	tegusõna	30	
,	,	,	[',']			Z	lausemärk	30	
et	et	et	['et']		0	J	sidesõna	30	
lõi	looma|lööma	loo|löö	[['loo'], ['löö']]	s	i	V	tegusõna	30	
nagu	nagu	nagu	[['nagu'], ['nagu']]		0	D|J		30	
paremaks	parem	parem	['parem']	sg tr	ks	C	omadussõna keskvõrre	30	
.	.	.	['.']			Z	lausemärk	30	
Kui	kui	kui	[['kui'], ['kui']]		0	D|J		30	
matti	matt	matt	['matt']	adt	0	S	nimisõna	30	
tagasi	tagasi	tagasi	['tagasi']		0	D	määrsõna	30	
võnkusin	võnkuma	võnku	['võnku']	sin	sin	V	tegusõna	30	
oli	olema	ole	['ole']	s	i	V	tegusõna	30	
tüübil	tüüp	tüüp	['tüüp']	sg ad	l	S	nimisõna	30	
pea	pea	pea	['pea']	sg g	0	S	nimisõna	30	
sodiks	sodi	sodi	['sodi']	sg tr	ks	S	nimisõna	30	
lennanud	lendama|lennanud	lenda|lenna=nud	[['lenda'], ['lennanud'], ['lennanud'], ['lennanud']]	|nud|pl n|sg n	0|d|nud	A|V		30	
.	.	.	['.']			Z	lausemärk	30	
Midagi	miski	miski	['miski']	sg p	dagi	P	asesõna	30	
oli	olema	ole	['ole']	s	i	V	tegusõna	30	
nässu	nässu	nässu	['nässu']		0	D	määrsõna	30	
läinud	läinud|minema	läinud|mine	[['läinud'], ['läinud'], ['läinud'], ['mine']]	|nud|pl n|sg n	0|d|nud	A|V		30	
.	.	.	['.']			Z	lausemärk	30	
""""	""""	""""	"['""']"			Z	lausemärk	30	
Juhtub	juhtuma	juhtu	['juhtu']	b	b	V	tegusõna	31	
.	.	.	['.']			Z	lausemärk	31	
Juhtub	juhtuma	juhtu	['juhtu']	b	b	V	tegusõna	32	
.	.	.	['.']			Z	lausemärk	32	
Jah	jah	jah	['jah']		0	D	määrsõna	33	
.	.	.	['.']			Z	lausemärk	33	
Vaatamata	vaatamata	vaatamata	['vaatamata']		0	K	kaassõna	33	
mitte	mitte	mitte	['mitte']		0	D	määrsõna	33	
sugugi	sugugi	sugugi	['sugugi']		0	D	määrsõna	33	
nii	nii	nii	['nii']		0	D	määrsõna	33	
väga	väga	väga	['väga']		0	D	määrsõna	33	
hilisele	hiline	hiline	['hiline']	sg all	le	A	omadussõna algvõrre	33	
kellaajale	kellaaeg	kella_aeg	['kella', 'aeg']	sg all	le	S	nimisõna	33	
oli	olema	ole	['ole']	s	i	V	tegusõna	33	
Widget	Widget	Widget	['Widget']	sg n	0	H	pärisnimi	33	
jõudnud	jõudma|jõudnud	jõud|jõud=nud	[['jõud'], ['jõudnud'], ['jõudnud'], ['jõudnud']]	|nud|pl n|sg n	0|d|nud	A|V		33	
ennast	ise	ise	['ise']	sg p	t	P	asesõna	33	
juba	juba	juba	['juba']		0	D	määrsõna	33	
öösärki	öösärk	öö_särk	['öö', 'särk']	sg p	0	S	nimisõna	33	
mähkida	mähkima	mähki	['mähki']	da	da	V	tegusõna	33	
ning	ning	ning	['ning']		0	J	sidesõna	33	
voodisse	voodi	voodi	['voodi']	sg ill	sse	S	nimisõna	33	
telekat	telekas	telekas	['telekas']	sg p	t	S	nimisõna	33	
vaatama	vaatama	vaata	['vaata']	ma	ma	V	tegusõna	33	
pugeda	pugema	puge	['puge']	da	da	V	tegusõna	33	
.	.	.	['.']			Z	lausemärk	33	
Kohale	kohale	kohale	['kohale']		0	D	määrsõna	33	
jõudes	jõudma	jõud	['jõud']	des	es	V	tegusõna	33	
olin	olema	ole	['ole']	sin	in	V	tegusõna	33	
peast	pea	pea	['pea']	sg el	st	S	nimisõna	33	
üsna	üsna	üsna	['üsna']		0	D	määrsõna	33	
segane	segane	segane	['segane']	sg n	0	A	omadussõna algvõrre	33	
.	.	.	['.']			Z	lausemärk	33	
Ultsi	Ults|Ultsi	Ults|Ultsi	[['Ults'], ['Ultsi']]	sg g	0	H	pärisnimi	33	
jutt	jutt	jutt	[['jutt'], ['jutt']]	sg n	0	S	nimisõna	33	
.	.	.	['.']			Z	lausemärk	33	
See	see	see	['see']	sg n	0	P	asesõna	33	
vaatepilt	vaatepilt	vaate_pilt	['vaate', 'pilt']	sg n	0	S	nimisõna	33	
.	.	.	['.']			Z	lausemärk	33	
Oimetuna	oimetu	oimetu	['oimetu']	sg es	na	A	omadussõna algvõrre	33	
vajusin	vajuma	vaju	['vaju']	sin	sin	V	tegusõna	33	
voodile	voodi	voodi	['voodi']	sg all	le	S	nimisõna	33	
.	.	.	['.']			Z	lausemärk	33	
Ults	Ults	Ults	['Ults']	sg n	0	H	pärisnimi	33	
ja	ja	ja	['ja']		0	J	sidesõna	33	
Widget	Widget	Widget	['Widget']	sg n	0	H	pärisnimi	33	
seletasid	seletama	seleta	['seleta']	sid	sid	V	tegusõna	33	
midagi	miski	miski	['miski']	sg p	dagi	P	asesõna	33	
omavahel	omavahel	oma_vahel	['oma', 'vahel']		0	D	määrsõna	33	
.	.	.	['.']			Z	lausemärk	33	
Avasin	avama	ava	['ava']	sin	sin	V	tegusõna	34	
hilju	hilju	hilju	['hilju']		0	D	määrsõna	34	
köögiukse	köögiuks	köögi_uks	['köögi', 'uks']	sg g	0	S	nimisõna	34	
ja	ja	ja	['ja']		0	J	sidesõna	34	
panin	panema	pane	['pane']	sin	in	V	tegusõna	34	
tule	tuli	tuli	['tuli']	sg g	0	S	nimisõna	34	
põlema	põlema	põle	['põle']	ma	ma	V	tegusõna	34	
.	.	.	['.']			Z	lausemärk	34	
Valgus	valgus	valgus	['valgus']	sg n	0	S	nimisõna	34	
hiilis	hiilima	hiili	['hiili']	s	s	V	tegusõna	34	
aeglaselt	aeglaselt	aeglaselt	['aeglaselt']		0	D	määrsõna	34	
üle	üle	üle	['üle']		0	D	määrsõna	34	
pimeda	pime	pime	['pime']	sg g	0	A	omadussõna algvõrre	34	
ruumi	ruum	ruum	['ruum']	sg g	0	S	nimisõna	34	
.	.	.	['.']			Z	lausemärk	34	
Põrand	põrand	põrand	['põrand']	sg n	0	S	nimisõna	34	
,	,	,	[',']			Z	lausemärk	34	
kapp	kapp	kapp	['kapp']	sg n	0	S	nimisõna	34	
,	,	,	[',']			Z	lausemärk	34	
tool	tool	tool	['tool']	sg n	0	S	nimisõna	34	
,	,	,	[',']			Z	lausemärk	34	
laud	laud|laug	laud|laug	[['laud'], ['laug']]	pl n|sg n	0|d	S	nimisõna	34	
,	,	,	[',']			Z	lausemärk	34	
käed	käsi	käsi	['käsi']	pl n	d	S	nimisõna	34	
,	,	,	[',']			Z	lausemärk	34	
veri	veri	veri	['veri']	sg n	0	S	nimisõna	34	
,	,	,	[',']			Z	lausemärk	34	
kaelakönt	kaelakönt	kaela_könt	['kaela', 'könt']	sg n	0	S	nimisõna	34	
,	,	,	[',']			Z	lausemärk	34	
röötsakil	röötsakil	röötsakil	['röötsakil']		0	D	määrsõna	34	
keha	keha	keha	['keha']	sg n	0	S	nimisõna	34	
.	.	.	['.']			Z	lausemärk	34	
Tule	tulema	tule	['tule']	o	0	V	tegusõna	34	
jumal	jumal	jumal	['jumal']	sg n	0	S	nimisõna	34	
appi	abi	abi	['abi']	adt	0	S	nimisõna	34	
.	.	.	['.']			Z	lausemärk	34	
SEL	see	see	['see']	sg ad	l	P	asesõna	34	
MEHEL	mees	mees	['mees']	sg ad	l	S	nimisõna	34	
PUUDUS	puuduma	puudu	['puudu']	s	s	V	tegusõna	34	
JU	ju	ju	['ju']		0	D	määrsõna	34	
PEA	pea	pea	['pea']	sg n	0	S	nimisõna	34	
.	.	.	['.']			Z	lausemärk	34	
Küünal	küünal	küünal	['küünal']	sg n	0	S	nimisõna	34	
,	,	,	[',']			Z	lausemärk	34	
aken	aken	aken	['aken']	sg n	0	S	nimisõna	34	
.	.	.	['.']			Z	lausemärk	34	
Ajasin	ajama	aja	['aja']	sin	sin	V	tegusõna	35	
end	ise	ise	['ise']	sg p	0	P	asesõna	35	
voodist	voodi	voodi	['voodi']	sg el	st	S	nimisõna	35	
liikuma	liikuma	liiku	['liiku']	ma	ma	V	tegusõna	35	
ning	ning	ning	['ning']		0	J	sidesõna	35	
Ultsist	Ultsist	Ultsist	['Ultsist']	sg n	0	H	pärisnimi	35	
välja	välja	välja	['välja']		0	D	määrsõna	35	
tegemata	tegema	tege	['tege']	mata	mata	V	tegusõna	35	
lõin	looma|lööma	loo|löö	[['loo'], ['löö']]	sin	in	V	tegusõna	35	
köögiukse	köögiuks	köögi_uks	['köögi', 'uks']	sg g	0	S	nimisõna	35	
pärani	pärani	pärani	['pärani']		0	D	määrsõna	35	
.	.	.	['.']			Z	lausemärk	35	
Kriiskavas	kriiskav	kriiskav	['kriiskav']	sg in	s	A	omadussõna algvõrre	35	
elektrivalguses	elektrivalgus	elektri_valgus	['elektri', 'valgus']	sg in	s	S	nimisõna	35	
mädanes	mädanema	mädane	['mädane']	s	s	V	tegusõna	35	
laua	laud	laud	['laud']	sg g	0	S	nimisõna	35	
taga	taga	taga	['taga']		0	K	kaassõna	35	
keskealise	keskealine	kesk_ealine	['kesk', 'ealine']	sg g	0	A	omadussõna algvõrre	35	
mehe	mees	mees	['mees']	sg g	0	S	nimisõna	35	
karmide	karm	karm	['karm']	pl g	de	A	omadussõna algvõrre	35	
näojoontega	näojoon	näo_joon	['näo', 'joon']	pl kom	tega	S	nimisõna	35	
laip	laip	laip	['laip']	sg n	0	S	nimisõna	35	
.	.	.	['.']			Z	lausemärk	35	
Ta	tema	tema	['tema']	sg n	0	P	asesõna	35	
kiilas	kiilama	kiila	['kiila']	s	s	V	tegusõna	35	
pea	pea	pea	['pea']		0	D	määrsõna	35	
läikis	läikima	läiki	['läiki']	s	s	V	tegusõna	35	
laepirnile	laepirn	lae_pirn	['lae', 'pirn']	sg all	le	S	nimisõna	35	
vastu	vastu	vastu	['vastu']		0	D	määrsõna	35	
.	.	.	['.']			Z	lausemärk	35	
Samas	samas	samas	['samas']		0	D	määrsõna	35	
see	see	see	['see']	sg n	0	P	asesõna	35	
plahvatas	plahvatama	plahvata	['plahvata']	s	s	V	tegusõna	35	
.	.	.	['.']			Z	lausemärk	35	
Ta	tema	tema	['tema']	sg n	0	P	asesõna	35	
kiilas	kiilama	kiila	['kiila']	s	s	V	tegusõna	35	
pea	pea	pea	['pea']		0	D	määrsõna	35	
läikis	läikima	läiki	['läiki']	s	s	V	tegusõna	35	
laepirnile	laepirn	lae_pirn	['lae', 'pirn']	sg all	le	S	nimisõna	35	
vastu	vastu	vastu	['vastu']		0	D	määrsõna	35	
.	.	.	['.']			Z	lausemärk	35	
Samas	samas	samas	['samas']		0	D	määrsõna	35	
see	see	see	['see']	sg n	0	P	asesõna	35	
plahvatas	plahvatama	plahvata	['plahvata']	s	s	V	tegusõna	35	
.	.	.	['.']			Z	lausemärk	35	
Samas	samas	samas	['samas']		0	D	määrsõna	35	
see	see	see	['see']	sg n	0	P	asesõna	35	
plahvatas	plahvatama	plahvata	['plahvata']	s	s	V	tegusõna	35	
.	.	.	['.']			Z	lausemärk	35	
""""	""""	""""	"['""']"			Z	lausemärk	36	
Mine	minema	mine	['mine']	o	0	V	tegusõna	36	
helista	helistama	helista	['helista']	o	0	V	tegusõna	36	
kiirabisse	kiirabi	kiir_abi	['kiir', 'abi']	sg ill	sse	S	nimisõna	36	
,	,	,	[',']			Z	lausemärk	36	
""""	""""	""""	"['""']"			Z	lausemärk	36	
käsutas	käsutama	käsuta	['käsuta']	s	s	V	tegusõna	36	
Widget	Widget	Widget	['Widget']	sg n	0	H	pärisnimi	36	
.	.	.	['.']			Z	lausemärk	36	
Tal	tema	tema	['tema']	sg ad	l	P	asesõna	36	
olid	olema	ole	['ole']	sid	id	V	tegusõna	36	
pikad	pikk	pikk	['pikk']	pl n	d	A	omadussõna algvõrre	36	
,	,	,	[',']			Z	lausemärk	36	
ööseks	ööseks	ööseks	['ööseks']		0	D	määrsõna	36	
lahtikammitud	lahtikammitud	lahti_kammi=tud	[['lahti', 'kammitud'], ['lahti', 'kammitud'], ['lahti', 'kammitud']]	|pl n|sg n	0|d	A	omadussõna algvõrre	36	
juuksed	juus	juus	['juus']	pl n	d	S	nimisõna	36	
,	,	,	[',']			Z	lausemärk	36	
mis	mis	mis	[['mis'], ['mis']]	pl n|sg n	0	P	asesõna	36	
ulatusid	ulatuma	ulatu	['ulatu']	sid	sid	V	tegusõna	36	
vööni	vöö	vöö	['vöö']	sg ter	ni	S	nimisõna	36	
.	.	.	['.']			Z	lausemärk	36	
Tema	tema	tema	['tema']	sg g	0	P	asesõna	36	
toanaabrit	toanaaber	toa_naaber	['toa', 'naaber']	sg p	t	S	nimisõna	36	
,	,	,	[',']			Z	lausemärk	36	
kellega	kes	kes	[['kes'], ['kes']]	pl kom|sg kom	ga	P	asesõna	36	
ta	tema	tema	['tema']	sg n	0	P	asesõna	36	
korterit	korter	korter	['korter']	sg p	t	S	nimisõna	36	
jagas	jagama	jaga	['jaga']	s	s	V	tegusõna	36	
ei	ei	ei	['ei']	neg	0	V	tegusõna	36	
olnud	olema|olnud	ol=nud|ole	[['olnud'], ['olnud'], ['olnud'], ['ole']]	|nud|pl n|sg n	0|d|nud	A|V		36	
täna	täna	täna	['täna']		0	D	määrsõna	36	
siin	siin	siin	['siin']		0	D	määrsõna	36	
.	.	.	['.']			Z	lausemärk	36	
Siin	siin	siin	['siin']		0	D	määrsõna	36	
olid	olema	ole	['ole']	sid	id	V	tegusõna	36	
täna	täna	täna	['täna']		0	D	määrsõna	36	
Ults	Ults	Ults	['Ults']	sg n	0	H	pärisnimi	36	
ja	ja	ja	['ja']		0	J	sidesõna	36	
sügavas	sügav	sügav	['sügav']	sg in	s	A	omadussõna algvõrre	36	
shokis	shokk	shokk	['shokk']	sg in	s	S	nimisõna	36	
tüdruk	tüdruk	tüdruk	['tüdruk']	sg n	0	S	nimisõna	36	
kellega	kes	kes	[['kes'], ['kes']]	pl kom|sg kom	ga	P	asesõna	36	
too	too	too	['too']	sg n	0	P	asesõna	36	
Suhtles	suhtlema	suhtle	['suhtle']	s	s	V	tegusõna	36	
,	,	,	[',']			Z	lausemärk	36	
mina	mina	mina	['mina']	sg n	0	S	nimisõna	36	
.	.	.	['.']			Z	lausemärk	36	
Köök	Köök	Köök	[['Köök'], ['Köök']]	sg n	0	H	pärisnimi	36	
oli	olema	ole	['ole']	s	i	V	tegusõna	36	
liha	liha	liha	['liha']	sg p	0	S	nimisõna	36	
ja	ja	ja	['ja']		0	J	sidesõna	36	
luukilde	luukild	luu_kild	['luu', 'kild']	pl p	e	S	nimisõna	36	
täis	täis	täis	['täis']		0	D	määrsõna	36	
.	.	.	['.']			Z	lausemärk	36	
Liha	liha	liha	['liha']	sg n	0	S	nimisõna	36	
ja	ja	ja	['ja']		0	J	sidesõna	36	
luukilde	luukild	luu_kild	['luu', 'kild']	pl p	e	S	nimisõna	36	
täis	täis	täis	['täis']		0	D	määrsõna	36	
.	.	.	['.']			Z	lausemärk	36	
Tikitud	tikitu	tiki=tu	['tikitu']	pl n	d	S	nimisõna	36	
.	.	.	['.']			Z	lausemärk	36	
Ults	Ults	Ults	['Ults']	sg n	0	H	pärisnimi	37	
kablutas	kablutama	kabluta	['kabluta']	s	s	V	tegusõna	37	
koridori	koridor	koridor	['koridor']	sg p	0	S	nimisõna	37	
,	,	,	[',']			Z	lausemärk	37	
telefoni	telefon	telefon	['telefon']	sg g	0	S	nimisõna	37	
man	man	man	['man']		0	K	kaassõna	37	
.	.	.	['.']			Z	lausemärk	37	
Ta	tema	tema	['tema']	sg n	0	P	asesõna	37	
ei	ei	ei	['ei']	neg	0	V	tegusõna	37	
võtnud	võtma|võtnud	võt|võt=nud	[['võt'], ['võtnud'], ['võtnud'], ['võtnud']]	|nud|pl n|sg n	0|d|nud	A|V		37	
toru	toru	toru	['toru']	sg p	0	S	nimisõna	37	
,	,	,	[',']			Z	lausemärk	37	
ta	tema	tema	['tema']	sg n	0	P	asesõna	37	
mõtles	mõtlema	mõtle	['mõtle']	s	s	V	tegusõna	37	
,	,	,	[',']			Z	lausemärk	37	
kahtles	kahtlema	kahtle	['kahtle']	s	s	V	tegusõna	37	
.	.	.	['.']			Z	lausemärk	37	
""""	""""	""""	"['""']"			Z	lausemärk	37	
Kiirabi	kiirabi	kiir_abi	['kiir', 'abi']	sg n	0	S	nimisõna	37	
jõuab	jõudma	jõud	['jõud']	b	b	V	tegusõna	37	
siia	siia	siia	['siia']		0	D	määrsõna	37	
ei	ei	ei	['ei']	neg	0	V	tegusõna	37	
tea	teadma	tead	['tead']	o	0	V	tegusõna	37	
kuna	kuna	kuna	['kuna']		0	J	sidesõna	37	
.	.	.	['.']			Z	lausemärk	37	
Kui	kui	kui	[['kui'], ['kui']]		0	D|J		37	
ta	tema	tema	['tema']	sg n	0	P	asesõna	37	
üldse	üldse	üldse	['üldse']		0	D	määrsõna	37	
jõuab	jõudma	jõud	['jõud']	b	b	V	tegusõna	37	
""""	""""	""""	"['""']"			Z	lausemärk	37	
.	.	.	['.']			Z	lausemärk	37	
Kõhkles	kõhklema	kõhkle	['kõhkle']	s	s	V	tegusõna	37	
.	.	.	['.']			Z	lausemärk	37	
Kraamis	kraamima	kraami	['kraami']	s	s	V	tegusõna	37	
oma	oma	oma	['oma']	sg g	0	P	asesõna	37	
kola	kola	kola	['kola']	sg g	0	S	nimisõna	37	
taskutest	tasku	tasku	['tasku']	pl el	test	S	nimisõna	37	
välja	välja	välja	['välja']		0	D	määrsõna	37	
ja	ja	ja	['ja']		0	J	sidesõna	37	
viis	viima	vii	['vii']	s	s	V	tegusõna	37	
end	ise	ise	['ise']	sg p	0	P	asesõna	37	
võnkesse	võnge	võnge	['võnge']	sg ill	sse	S	nimisõna	37	
.	.	.	['.']			Z	lausemärk	37	
Ebamatis	ebamatt	eba_matt	['eba', 'matt']	sg in	s	S	nimisõna	37	
oli	olema	ole	['ole']	s	i	V	tegusõna	37	
nähtavus	nähtavus	nähtavus	['nähtavus']	sg n	0	S	nimisõna	37	
üsna	üsna	üsna	['üsna']		0	D	määrsõna	37	
kesine	kesine	kesine	['kesine']	sg n	0	A	omadussõna algvõrre	37	
,	,	,	[',']			Z	lausemärk	37	
ent	ent	ent	['ent']		0	J	sidesõna	37	
Widgeti	Widgeti	Widgeti	['Widgeti']	sg n	0	H	pärisnimi	37	
ja	ja	ja	['ja']		0	J	sidesõna	37	
tüdruku	tüdruk	tüdruk	['tüdruk']	sg g	0	S	nimisõna	37	
intellektiraalid	intellektiraal	intellekti_raal	['intellekti', 'raal']	pl n	d	S	nimisõna	37	
paistsid	paistma	paist	['paist']	sid	sid	V	tegusõna	37	
ära	ära	ära	['ära']		0	D	määrsõna	37	
.	.	.	['.']			Z	lausemärk	37	
Ka	ka	ka	['ka']		0	D	määrsõna	37	
mõnede	mõni	mõni	['mõni']	pl g	de	P	asesõna	37	
ligemate	ligem	ligem	['ligem']	pl g	te	C	omadussõna keskvõrre	37	
naaberkorterite	naaberkorter	naaber_korter	['naaber', 'korter']	pl g	te	S	nimisõna	37	
asukate	asukas	asukas	['asukas']	pl g	te	S	nimisõna	37	
omad	oma	oma	['oma']	pl n	d	S	nimisõna	37	
.	.	.	['.']			Z	lausemärk	37	
Ults	Ults	Ults	['Ults']	sg n	0	H	pärisnimi	37	
sõudis	sõudma	sõud	['sõud']	s	is	V	tegusõna	37	
tüdruku	tüdruk	tüdruk	['tüdruk']	sg g	0	S	nimisõna	37	
omani	oma	oma	['oma']	sg ter	ni	A	omadussõna algvõrre	37	
.	.	.	['.']			Z	lausemärk	37	
Üldiselt	üldiselt	üldiselt	['üldiselt']		0	D	määrsõna	37	
olid	olema	ole	['ole']	sid	id	V	tegusõna	37	
ebamatis	ebamatt	eba_matt	['eba', 'matt']	sg in	s	S	nimisõna	37	
kõik	kõik	kõik	[['kõik'], ['kõik']]	pl n|sg n	0	P	asesõna	37	
raalid	raal	raal	['raal']	pl n	d	S	nimisõna	37	
ühesugused	ühesugune	ühe_sugune	['ühe', 'sugune']	pl n	d	A	omadussõna algvõrre	37	
.	.	.	['.']			Z	lausemärk	37	
Ta	tema	tema	['tema']	sg n	0	P	asesõna	37	
surkis	surkima	surki	['surki']	s	s	V	tegusõna	37	
tüdruku	tüdruk	tüdruk	['tüdruk']	sg g	0	S	nimisõna	37	
kanalites	kanal	kanal	['kanal']	pl in	tes	S	nimisõna	37	
.	.	.	['.']			Z	lausemärk	37	
Tunnetuskeskus	tunnetuskeskus	tunnetus_keskus	['tunnetus', 'keskus']	sg n	0	S	nimisõna	37	
?	?	?	['?']			Z	lausemärk	37	
Kartes	kartma	kart	['kart']	des	es	V	tegusõna	37	
midagi	miski	miski	['miski']	sg p	dagi	P	asesõna	37	
vussi	vussi	vussi	['vussi']		0	D	määrsõna	37	
keerata	keerama	keera	['keera']	da	ta	V	tegusõna	37	
,	,	,	[',']			Z	lausemärk	37	
näperdas	näperdama	näperda	['näperda']	s	s	V	tegusõna	37	
Ults	Ults	Ults	['Ults']	sg n	0	H	pärisnimi	37	
ettvaatlikult	ettvaatlikult	ettvaat=likult	['ettvaatlikult']		0	D	määrsõna	37	
ja	ja	ja	['ja']		0	J	sidesõna	37	
võimalikult	võimalikult	võimalikult	['võimalikult']		0	D	määrsõna	37	
vähe	vähe	vähe	['vähe']		0	D	määrsõna	37	
.	.	.	['.']			Z	lausemärk	37	
Ta	tema	tema	['tema']	sg n	0	P	asesõna	38	
liikus	liikuma	liiku	['liiku']	s	s	V	tegusõna	38	
tagasi	tagasi	tagasi	['tagasi']		0	D	määrsõna	38	
keha	keha	keha	['keha']	sg g	0	S	nimisõna	38	
man	man	man	['man']		0	K	kaassõna	38	
ja	ja	ja	['ja']		0	J	sidesõna	38	
võnkus	võnkuma	võnku	['võnku']	s	s	V	tegusõna	38	
matti	matt	matt	['matt']	sg p	0	S	nimisõna	38	
.	.	.	['.']			Z	lausemärk	38	
Tuppa	tuba	tuba	['tuba']	adt	0	S	nimisõna	38	
astudes	astuma	astu	['astu']	des	des	V	tegusõna	38	
tõmbles	tõmblema	tõmble	['tõmble']	s	s	V	tegusõna	38	
Widget	Widget	Widget	['Widget']	sg n	0	H	pärisnimi	38	
pahupidipöörat	pahupidipööra	pahupidipööra	['pahupidipööra']	sg p	t	S	nimisõna	38	
silmadega	silm	silm	['silm']	pl kom	dega	S	nimisõna	38	
põrandal	põrand	põrand	['põrand']	sg ad	l	S	nimisõna	38	
ja	ja	ja	['ja']		0	J	sidesõna	38	
ajas	ajama	aja	['aja']	s	s	V	tegusõna	38	
krampis	krampis	krampis	['krampis']		0	A	omadussõna algvõrre	38	
suust	suu	suu	['suu']	sg el	st	S	nimisõna	38	
verist	verine	verine	['verine']	sg p	t	A	omadussõna algvõrre	38	
ila	ila	ila	['ila']	sg p	0	S	nimisõna	38	
välja	välja	välja	['välja']		0	D	määrsõna	38	
.	.	.	['.']			Z	lausemärk	38	
Ults	Ults	Ults	['Ults']	sg n	0	H	pärisnimi	38	
oli	olema	ole	['ole']	s	i	V	tegusõna	38	
intellektiraalid	intellektiraal	intellekti_raal	['intellekti', 'raal']	pl n	d	S	nimisõna	38	
sassi	sassi	sassi	['sassi']		0	D	määrsõna	38	
ajanud	ajama|ajanud	aja|aja=nud	[['aja'], ['ajanud'], ['ajanud'], ['ajanud']]	|nud|pl n|sg n	0|d|nud	A|V		38	
.	.	.	['.']			Z	lausemärk	38	
Juhtub	juhtuma	juhtu	['juhtu']	b	b	V	tegusõna	39	
.	.	.	['.']			Z	lausemärk	39	
Tüdruk	tüdruk	tüdruk	['tüdruk']	sg n	0	S	nimisõna	40	
lebas	lebama	leba	['leba']	s	s	V	tegusõna	40	
päranisilmi	päranisilmi	pärani_silmi	['pärani', 'silmi']		0	D	määrsõna	40	
liikumatult	liikumatult	liikumatult	['liikumatult']		0	D	määrsõna	40	
voodis	voodi	voodi	['voodi']	sg in	s	S	nimisõna	40	
.	.	.	['.']			Z	lausemärk	40	
Ta	tema	tema	['tema']	sg n	0	P	asesõna	40	
avas	avama	ava	['ava']	s	s	V	tegusõna	40	
köögiukse	köögiuks	köögi_uks	['köögi', 'uks']	sg g	0	S	nimisõna	40	
.	.	.	['.']			Z	lausemärk	40	
Korteriperemees	korteriperemees	korteri_pere_mees	['korteri', 'pere', 'mees']	sg n	0	S	nimisõna	40	
tervitas	tervitama	tervita	['tervita']	s	s	V	tegusõna	40	
teda	tema	tema	['tema']	sg p	da	P	asesõna	40	
,	,	,	[',']			Z	lausemärk	40	
andis	andma	and	['and']	s	is	V	tegusõna	40	
kätt	käsi	käsi	['käsi']	sg p	tt	S	nimisõna	40	
ja	ja	ja	['ja']		0	J	sidesõna	40	
prahvatas	prahvatama	prahvata	['prahvata']	s	s	V	tegusõna	40	
sodiks	sodi	sodi	['sodi']	sg tr	ks	S	nimisõna	40	
.	.	.	['.']			Z	lausemärk	40	
Alles	alles	alles	['alles']		0	D	määrsõna	40	
jäi	jääma	jää	['jää']	s	i	V	tegusõna	40	
vaid	vaid	vaid	['vaid']		0	D	määrsõna	40	
käsi	käsi	käsi	['käsi']	pl p	0	S	nimisõna	40	
.	.	.	['.']			Z	lausemärk	40	
Haises	haisema	haise	['haise']	s	s	V	tegusõna	40	
.	.	.	['.']			Z	lausemärk	40	
Alles	alles	alles	['alles']		0	D	määrsõna	40	
jäi	jääma	jää	['jää']	s	i	V	tegusõna	40	
vaid	vaid	vaid	['vaid']		0	D	määrsõna	40	
käsi	käsi	käsi	['käsi']	pl p	0	S	nimisõna	40	
.	.	.	['.']			Z	lausemärk	40	
Ults	Ults	Ults	['Ults']	sg n	0	H	pärisnimi	41	
seisis	seisma	seis	['seis']	s	is	V	tegusõna	41	
teovõimetuna	teovõimetu	teo_võimetu	['teo', 'võimetu']	sg es	na	A	omadussõna algvõrre	41	
lävel	lävi	lävi	['lävi']	sg ad	l	S	nimisõna	41	
.	.	.	['.']			Z	lausemärk	41	
Nüüd	nüüd	nüüd	['nüüd']		0	D	määrsõna	41	
oli	olema	ole	['ole']	s	i	V	tegusõna	41	
juba	juba	juba	['juba']		0	D	määrsõna	41	
hilja	hilja	hilja	['hilja']		0	D	määrsõna	41	
arste	arst	arst	['arst']	pl p	e	S	nimisõna	41	
kutsuda	kutsuma	kutsu	['kutsu']	da	da	V	tegusõna	41	
.	.	.	['.']			Z	lausemärk	41	
Widgeti	Widget|Widgeti	Widget|Widgeti	[['Widget'], ['Widgeti']]	sg g	0	H	pärisnimi	41	
puhul	puhul	puhul	['puhul']		0	K	kaassõna	41	
oli	olema	ole	['ole']	s	i	V	tegusõna	41	
viga	viga	viga	['viga']	sg n	0	S	nimisõna	41	
juba	juba	juba	['juba']		0	D	määrsõna	41	
otsaga	ots	ots	['ots']	sg kom	ga	S	nimisõna	41	
ebamatis	ebamatt	eba_matt	['eba', 'matt']	sg in	s	S	nimisõna	41	
.	.	.	['.']			Z	lausemärk	41	
Arstid	arst	arst	['arst']	pl n	d	S	nimisõna	41	
siin	siin	siin	['siin']		0	D	määrsõna	41	
ei	ei	ei	['ei']	neg	0	V	tegusõna	41	
aita	aitama	aita	['aita']	o	0	V	tegusõna	41	
.	.	.	['.']			Z	lausemärk	41	
Widgeti	Widget|Widgeti	Widget|Widgeti	[['Widget'], ['Widgeti']]	sg g	0	H	pärisnimi	41	
tõmblev	tõmblev	tõmblev	['tõmblev']	sg n	0	A	omadussõna algvõrre	41	
ja	ja	ja	['ja']		0	J	sidesõna	41	
visklev	visklev	visklev	['visklev']	sg n	0	A	omadussõna algvõrre	41	
keha	keha	keha	['keha']	sg n	0	S	nimisõna	41	
peksles	pekslema	peksle	['peksle']	s	s	V	tegusõna	41	
valusasti	valusasti	valusasti	['valusasti']		0	D	määrsõna	41	
vastu	vastu	vastu	['vastu']		0	K	kaassõna	41	
Ultsi	Ults|Ultsi	Ults|Ultsi	[['Ults'], ['Ultsi']]	sg g	0	H	pärisnimi	41	
sääri	säär	säär	['säär']	pl p	i	S	nimisõna	41	
.	.	.	['.']			Z	lausemärk	41	
Juhtub	juhtuma	juhtu	['juhtu']	b	b	V	tegusõna	41	
.	.	.	['.']			Z	lausemärk	41	
Tüdruk	tüdruk	tüdruk	['tüdruk']	sg n	0	S	nimisõna	42	
avas	avama	ava	['ava']	s	s	V	tegusõna	42	
köögiukse	köögiuks	köögi_uks	['köögi', 'uks']	sg g	0	S	nimisõna	42	
.	.	.	['.']			Z	lausemärk	42	
Köök	Köök	Köök	[['Köök'], ['Köök']]	sg n	0	H	pärisnimi	42	
haises	haisema	haise	['haise']	s	s	V	tegusõna	42	
.	.	.	['.']			Z	lausemärk	42	
Keha	keha	keha	['keha']	sg g	0	S	nimisõna	42	
laual	laud	laud	['laud']	sg ad	l	S	nimisõna	42	
higistas	higistama	higista	['higista']	s	s	V	tegusõna	42	
verd	veri	veri	['veri']	sg p	0	S	nimisõna	42	
.	.	.	['.']			Z	lausemärk	42	
Ja	ja	ja	['ja']		0	J	sidesõna	42	
plahvatas	plahvatama	plahvata	['plahvata']	s	s	V	tegusõna	42	
.	.	.	['.']			Z	lausemärk	42	
Ja	ja	ja	['ja']		0	J	sidesõna	42	
plahvatas	plahvatama	plahvata	['plahvata']	s	s	V	tegusõna	42	
.	.	.	['.']			Z	lausemärk	42	
Ults	Ults	Ults	['Ults']	sg n	0	H	pärisnimi	43	
astus	astuma	astu	['astu']	s	s	V	tegusõna	43	
Widgetist	Widget|Widgeti	Widget|Widgeti	[['Widget'], ['Widgeti']]	sg el	st	H	pärisnimi	43	
eemale	eemale	eemale	['eemale']		0	D	määrsõna	43	
koridori	koridor	koridor	['koridor']	sg p	0	S	nimisõna	43	
oma	oma	oma	['oma']	sg g	0	P	asesõna	43	
kola	kola	kola	['kola']	sg g	0	S	nimisõna	43	
juurde	juurde	juurde	['juurde']		0	K	kaassõna	43	
ja	ja	ja	['ja']		0	J	sidesõna	43	
püüdis	püüdma	püüd	['püüd']	s	is	V	tegusõna	43	
mõelda	mõtlema	mõtle	['mõtle']	da	da	V	tegusõna	43	
,	,	,	[',']			Z	lausemärk	43	
rahulikult	rahulikult	rahulikult	['rahulikult']		0	D	määrsõna	43	
.	.	.	['.']			Z	lausemärk	43	
Ta	tema	tema	['tema']	sg n	0	P	asesõna	43	
ei	ei	ei	['ei']	neg	0	V	tegusõna	43	
osanud	osanud|oskama	osa=nud|oska	[['oska'], ['osanud'], ['osanud'], ['osanud']]	|nud|pl n|sg n	0|d|nud	A|V		43	
neid	see	see	['see']	pl p	d	P	asesõna	43	
terveks	terve	terve	['terve']	sg tr	ks	A	omadussõna algvõrre	43	
häkkida	häkkima	häkki	['häkki']	da	da	V	tegusõna	43	
.	.	.	['.']			Z	lausemärk	43	
Selleks	see	see	['see']	sg tr	ks	P	asesõna	43	
ei	ei	ei	['ei']	neg	0	V	tegusõna	43	
tundnud	tundma|tundnud	tund|tund=nud	[['tund'], ['tundnud'], ['tundnud'], ['tundnud']]	|nud|pl n|sg n	0|d|nud	A|V		43	
ta	tema	tema	['tema']	sg n	0	P	asesõna	43	
seda	see	see	['see']	sg p	da	P	asesõna	43	
värki	värk	värk	['värk']	sg p	0	S	nimisõna	43	
veel	veel	veel	['veel']		0	D	määrsõna	43	
pisavalt	pisavalt	pisa=valt	['pisavalt']		0	D	määrsõna	43	
hästi	hästi	hästi	['hästi']		0	D	määrsõna	43	
.	.	.	['.']			Z	lausemärk	43	
Ta	tema	tema	['tema']	sg n	0	P	asesõna	43	
viis	viima	vii	['vii']	s	s	V	tegusõna	43	
end	ise	ise	['ise']	sg p	0	P	asesõna	43	
võnkesse	võnge	võnge	['võnge']	sg ill	sse	S	nimisõna	43	
.	.	.	['.']			Z	lausemärk	43	
Tüdruku	tüdruk	tüdruk	['tüdruk']	sg g	0	S	nimisõna	43	
intellektiraal	intellektiraal	intellekti_raal	['intellekti', 'raal']	sg n	0	S	nimisõna	43	
pildus	pilduma	pildu	['pildu']	s	s	V	tegusõna	43	
juppe	jupp	jupp	['jupp']	pl p	e	S	nimisõna	43	
küljest	külg	külg	['külg']	sg el	st	S	nimisõna	43	
ära	ära	ära	['ära']		0	D	määrsõna	43	
.	.	.	['.']			Z	lausemärk	43	
Paistis	paistma	paist	['paist']	s	is	V	tegusõna	43	
,	,	,	[',']			Z	lausemärk	43	
et	et	et	['et']		0	J	sidesõna	43	
tema	tema	tema	['tema']	sg g	0	P	asesõna	43	
vaimne	vaimne	vaimne	['vaimne']	sg n	0	A	omadussõna algvõrre	43	
seisund	seisund	seisund	['seisund']	sg n	0	S	nimisõna	43	
hakkas	hakkama	hakka	['hakka']	s	s	V	tegusõna	43	
jõudma	jõudma	jõud	['jõud']	ma	ma	V	tegusõna	43	
viimse	viimne	viimne	['viimne']	sg g	0	A	omadussõna algvõrre	43	
piirini	piir	piir	['piir']	sg ter	ni	S	nimisõna	43	
.	.	.	['.']			Z	lausemärk	43	
Ults	Ults	Ults	['Ults']	sg n	0	H	pärisnimi	43	
seiras	seirama	seira	['seira']	s	s	V	tegusõna	43	
tema	tema	tema	['tema']	sg g	0	P	asesõna	43	
kanaleid	kanal	kanal	['kanal']	pl p	id	S	nimisõna	43	
.	.	.	['.']			Z	lausemärk	43	
Võtnud	võtma|võtnud	võt|võt=nud	[['võt'], ['võtnud'], ['võtnud'], ['võtnud']]	|nud|pl n|sg n	0|d|nud	A|V		43	
ettevaatlikult	ettevaatlikult	ette_vaatlikult	['ette', 'vaatlikult']		0	D	määrsõna	43	
ühe	üks	üks	['üks']	sg g	0	P	asesõna	43	
raalilt	raal	raal	['raal']	sg abl	lt	S	nimisõna	43	
lennanud	lendama|lennanud	lenda|lenna=nud	[['lenda'], ['lennanud'], ['lennanud'], ['lennanud']]	|nud|pl n|sg n	0|d|nud	A|V		43	
teravama	teravam	teravam	['teravam']	sg g	0	C	omadussõna keskvõrre	43	
jupi	jupp	jupp	['jupp']	sg g	0	S	nimisõna	43	
,	,	,	[',']			Z	lausemärk	43	
suskas	suskama	suska	['suska']	s	s	V	tegusõna	43	
Ults	Ults	Ults	['Ults']	sg n	0	H	pärisnimi	43	
vahedama	vahedam	vaheda=m	['vahedam']	sg g	0	C	omadussõna keskvõrre	43	
otsa	ots	ots	['ots']	sg g	0	S	nimisõna	43	
tüdruku	tüdruk	tüdruk	['tüdruk']	sg g	0	S	nimisõna	43	
mõnukeskusesse	mõnukeskus	mõnu_keskus	['mõnu', 'keskus']	sg ill	sse	S	nimisõna	43	
.	.	.	['.']			Z	lausemärk	43	
Raal	raal	raal	['raal']	sg n	0	S	nimisõna	43	
vappus	vappuma	vappu	['vappu']	s	s	V	tegusõna	43	
veel	veel	veel	['veel']		0	D	määrsõna	43	
paar	paar	paar	['paar']	sg n	0	N	põhiarvsõna	43	
korda	kord	kord	['kord']	sg p	0	S	nimisõna	43	
ja	ja	ja	['ja']		0	J	sidesõna	43	
jäi	jääma	jää	['jää']	s	i	V	tegusõna	43	
siis	siis	siis	['siis']		0	D	määrsõna	43	
ühtlaselt	ühtlaselt	ühtlaselt	['ühtlaselt']		0	D	määrsõna	43	
vabisema	vabisema	vabise	['vabise']	ma	ma	V	tegusõna	43	
.	.	.	['.']			Z	lausemärk	43	
Widgeti	Widget|Widgeti	Widget|Widgeti	[['Widget'], ['Widgeti']]	sg g	0	H	pärisnimi	43	
raali	raal	raal	['raal']	adt	0	S	nimisõna	43	
kallal	kallal	kallal	['kallal']		0	D	määrsõna	43	
ei	ei	ei	['ei']	neg	0	V	tegusõna	43	
osanud	osanud|oskama	osa=nud|oska	[['oska'], ['osanud'], ['osanud'], ['osanud']]	|nud|pl n|sg n	0|d|nud	A|V		43	
Ults	Ults	Ults	['Ults']	sg n	0	H	pärisnimi	43	
midagi	miski	miski	['miski']	sg p	dagi	P	asesõna	43	
ette	ette	ette	['ette']		0	D	määrsõna	43	
võtta	võtma	võt	['võt']	da	a	V	tegusõna	43	
.	.	.	['.']			Z	lausemärk	43	
Teist	teine	teine	[['teine'], ['teine']]	sg p	t	O|P		43	
teravamat	teravam	teravam	['teravam']	sg p	t	C	omadussõna keskvõrre	43	
nubla	nubla	nubla	['nubla']	sg g	0	S	nimisõna	43	
ei	ei	ei	['ei']	neg	0	V	tegusõna	43	
paistnud	paistma|paistnud	paist|paist=nud	[['paist'], ['paistnud'], ['paistnud'], ['paistnud']]	|nud|pl n|sg n	0|d|nud	A|V		43	
ja	ja	ja	['ja']		0	J	sidesõna	43	
midgi	midgi	midgi	['midgi']	sg n	0	S	nimisõna	43	
muud	muu	muu	['muu']	sg p	d	P	asesõna	43	
ei	ei	ei	['ei']	neg	0	V	tegusõna	43	
julgenud	julgema|julgenud	julge|julge=nud	[['julge'], ['julgenud'], ['julgenud'], ['julgenud']]	|nud|pl n|sg n	0|d|nud	A|V		43	
ta	tema	tema	['tema']	sg n	0	P	asesõna	43	
torkima	torkima	torki	['torki']	ma	ma	V	tegusõna	43	
hakata	hakkama	hakka	['hakka']	da	ta	V	tegusõna	43	
.	.	.	['.']			Z	lausemärk	43	
Kõige	kõige	kõige	['kõige']		0	D	määrsõna	43	
hullem	hullem	hullem	['hullem']	sg n	0	C	omadussõna keskvõrre	43	
oli	olema	ole	['ole']	s	i	V	tegusõna	43	
,	,	,	[',']			Z	lausemärk	43	
et	et	et	['et']		0	J	sidesõna	43	
ta	tema	tema	['tema']	sg n	0	P	asesõna	43	
ei	ei	ei	['ei']	neg	0	V	tegusõna	43	
mäletanud	mäletama|mäletanud	mäleta|mäleta=nud	[['mäleta'], ['mäletanud'], ['mäletanud'], ['mäletanud']]	|nud|pl n|sg n	0|d|nud	A|V		43	
,	,	,	[',']			Z	lausemärk	43	
mida	mis	mis	[['mis'], ['mis']]	pl p|sg p	da	P	asesõna	43	
ta	tema	tema	['tema']	sg n	0	P	asesõna	43	
enne	enne	enne	['enne']		0	D	määrsõna	43	
näperdanud	näperdama|näperdanud	näperda|näperda=nud	[['näperda'], ['näperdanud'], ['näperdanud'], ['näperdanud']]	|nud|pl n|sg n	0|d|nud	A|V		43	
oli	olema	ole	['ole']	s	i	V	tegusõna	43	
.	.	.	['.']			Z	lausemärk	43	
Ta	tema	tema	['tema']	sg n	0	P	asesõna	43	
naases	naase	naase	['naase']	sg in	s	S	nimisõna	43	
keha	keha	keha	['keha']	sg g	0	S	nimisõna	43	
man	man	man	['man']		0	K	kaassõna	43	
ja	ja	ja	['ja']		0	J	sidesõna	43	
läks	minema	mine	['mine']	s	s	V	tegusõna	43	
võnkesse	võnge	võnge	['võnge']	sg ill	sse	S	nimisõna	43	
.	.	.	['.']			Z	lausemärk	43	
Tagasi	tagasi	tagasi	['tagasi']		0	D	määrsõna	44	
matti	matt	matt	['matt']	adt	0	S	nimisõna	44	
tulnud	tulema|tulnud	tul=nud|tule	[['tulnud'], ['tulnud'], ['tulnud'], ['tule']]	|nud|pl n|sg n	0|d|nud	A|V		44	
,	,	,	[',']			Z	lausemärk	44	
võttis	võtma	võt	['võt']	s	is	V	tegusõna	44	
teda	tema	tema	['tema']	sg p	da	P	asesõna	44	
vastu	vastu	vastu	['vastu']		0	D	määrsõna	44	
jube	jube	jube	['jube']	sg n	0	A	omadussõna algvõrre	44	
röökimine	röökimine	röökimine	['röökimine']	sg n	0	S	nimisõna	44	
.	.	.	['.']			Z	lausemärk	44	
Tüdruk	tüdruk	tüdruk	['tüdruk']	sg n	0	S	nimisõna	44	
oli	olema	ole	['ole']	s	i	V	tegusõna	44	
end	ise	ise	['ise']	sg p	0	P	asesõna	44	
voodil	voodi	voodi	['voodi']	sg ad	l	S	nimisõna	44	
looteasendisse	looteasend	loote_asend	['loote', 'asend']	sg ill	sse	S	nimisõna	44	
kerinud	kerima|kerinud	keri|keri=nud	[['keri'], ['kerinud'], ['kerinud'], ['kerinud']]	|nud|pl n|sg n	0|d|nud	A|V		44	
ja	ja	ja	['ja']		0	J	sidesõna	44	
röökis	röökima	rööki	['rööki']	s	s	V	tegusõna	44	
looma	loom	loom	['loom']	sg g	0	S	nimisõna	44	
kombel	kombel	kombel	['kombel']		0	K	kaassõna	44	
.	.	.	['.']			Z	lausemärk	44	
Mõnust	mõnu	mõnu	['mõnu']	sg el	st	S	nimisõna	44	
.	.	.	['.']			Z	lausemärk	44	
Vastu	vastu	vastu	['vastu']		0	K	kaassõna	44	
põrandat	põrand	põrand	['põrand']	sg p	t	S	nimisõna	44	
ja	ja	ja	['ja']		0	J	sidesõna	44	
mööbliesemeid	mööbliese	mööbli_ese	['mööbli', 'ese']	pl p	id	S	nimisõna	44	
veriseks	verine	verine	['verine']	sg tr	ks	A	omadussõna algvõrre	44	
taotud	taguma|taotud	tagu|tao=tud	[['taotud'], ['taotud'], ['taotud'], ['tagu']]	|pl n|sg n|tud	0|d|tud	A|V		44	
Widget	Widget	Widget	['Widget']	sg n	0	H	pärisnimi	44	
krambitas	krambitama	krambita	['krambita']	s	s	V	tegusõna	44	
veel	veel	veel	['veel']		0	D	määrsõna	44	
hullemini	hullemini	hullemini	['hullemini']		0	D	määrsõna	44	
.	.	.	['.']			Z	lausemärk	44	
Ühe	Ühe	Ühe	['Ühe']	sg g	0	H	pärisnimi	44	
käe	käsi	käsi	['käsi']	sg g	0	S	nimisõna	44	
luu	luu	luu	['luu']	sg n	0	S	nimisõna	44	
paistis	paistma	paist	['paist']	s	is	V	tegusõna	44	
murdunud	murduma|murdunud	murdu|murdu=nud	[['murdu'], ['murdunud'], ['murdunud'], ['murdunud']]	|nud|pl n|sg n	0|d|nud	A|V		44	
olevat	olema	ole	['ole']	vat	vat	V	tegusõna	44	
.	.	.	['.']			Z	lausemärk	44	
Tüdruk	tüdruk	tüdruk	['tüdruk']	sg n	0	S	nimisõna	45	
avas	avama	ava	['ava']	s	s	V	tegusõna	45	
köögiukse	köögiuks	köögi_uks	['köögi', 'uks']	sg g	0	S	nimisõna	45	
.	.	.	['.']			Z	lausemärk	45	
Mees	mees	mees	['mees']	sg n	0	S	nimisõna	45	
laua	laud	laud	['laud']	sg g	0	S	nimisõna	45	
taga	taga	taga	['taga']		0	K	kaassõna	45	
tõusis	tõusma	tõus	['tõus']	s	is	V	tegusõna	45	
püsti	püsti	püsti	['püsti']		0	D	määrsõna	45	
.	.	.	['.']			Z	lausemärk	45	
Ruumi	ruum	ruum	['ruum']	sg g	0	S	nimisõna	45	
põrand	põrand	põrand	['põrand']	sg n	0	S	nimisõna	45	
oli	olema	ole	['ole']	s	i	V	tegusõna	45	
liharäbalaid	liharäbal	liha_räbal	['liha', 'räbal']	pl p	id	S	nimisõna	45	
ja	ja	ja	['ja']		0	J	sidesõna	45	
vereklompe	vereklomp	vere_klomp	['vere', 'klomp']	pl p	e	S	nimisõna	45	
täis	täis	täis	['täis']		0	D	määrsõna	45	
.	.	.	['.']			Z	lausemärk	45	
Mees	mees	mees	['mees']	sg n	0	S	nimisõna	45	
naeratas	naeratama	naerata	['naerata']	s	s	V	tegusõna	45	
,	,	,	[',']			Z	lausemärk	45	
ta	tema	tema	['tema']	sg g	0	P	asesõna	45	
pea	pea	pea	['pea']	sg n	0	S	nimisõna	45	
plahvatas	plahvatama	plahvata	['plahvata']	s	s	V	tegusõna	45	
lögana	löga	löga	['löga']	sg es	na	S	nimisõna	45	
laiali	laiali	laiali	['laiali']		0	D	määrsõna	45	
.	.	.	['.']			Z	lausemärk	45	
Tüdruk	tüdruk	tüdruk	['tüdruk']	sg n	0	S	nimisõna	45	
kriiskas	kriiskama	kriiska	['kriiska']	s	s	V	tegusõna	45	
vaatepildi	vaatepilt	vaate_pilt	['vaate', 'pilt']	sg g	0	S	nimisõna	45	
üle	üle	üle	['üle']		0	K	kaassõna	45	
ekstaasis	ekstaas	ekstaas	['ekstaas']	sg in	s	S	nimisõna	45	
.	.	.	['.']			Z	lausemärk	45	
Ekstaasis	ekstaas	ekstaas	['ekstaas']	sg in	s	S	nimisõna	45	
.	.	.	['.']			Z	lausemärk	45	
Ultsil	Ultsil	Ultsil	['Ultsil']	sg n	0	H	pärisnimi	46	
vajus	vajuma	vaju	['vaju']	s	s	V	tegusõna	46	
kuumalaine	kuumalaine	kuuma_laine	['kuuma', 'laine']	sg n	0	S	nimisõna	46	
selga	selg	selg	['selg']	adt	0	S	nimisõna	46	
.	.	.	['.']			Z	lausemärk	46	
Aistmismeel	Aistmismeel	Aistmismeel	['Aistmismeel']	sg n	0	H	pärisnimi	46	
ütles	ütlema	ütle	['ütle']	s	s	V	tegusõna	46	
,	,	,	[',']			Z	lausemärk	46	
et	et	et	['et']		0	J	sidesõna	46	
tal	tema	tema	['tema']	sg ad	l	P	asesõna	46	
kõrvade	kõrv	kõrv	['kõrv']	pl g	de	S	nimisõna	46	
tagant	tagant	tagant	['tagant']		0	K	kaassõna	46	
kärssab	kärssama	kärssa	['kärssa']	b	b	V	tegusõna	46	
.	.	.	['.']			Z	lausemärk	46	
Nii	nii	nii	['nii']		0	D	määrsõna	46	
tihedalt	tihedalt	tihedalt	['tihedalt']		0	D	määrsõna	46	
ebamati	ebamatt	eba_matt	['eba', 'matt']	sg g	0	S	nimisõna	46	
vahet	vahe	vahe	['vahe']	sg p	t	S	nimisõna	46	
võnkumine	võnkumine	võnkumine	['võnkumine']	sg n	0	S	nimisõna	46	
ei	ei	ei	['ei']	neg	0	V	tegusõna	46	
olnud	olema|olnud	ol=nud|ole	[['olnud'], ['olnud'], ['olnud'], ['ole']]	|nud|pl n|sg n	0|d|nud	A|V		46	
hea	hea	hea	['hea']	sg n	0	A	omadussõna algvõrre	46	
.	.	.	['.']			Z	lausemärk	46	
Hea	hea	hea	['hea']	sg n	0	A	omadussõna algvõrre	46	
.	.	.	['.']			Z	lausemärk	46	
Jubedad	jube	jube	['jube']	pl n	d	A	omadussõna algvõrre	46	
mõnukarjed	mõnukarje	mõnu_karje	['mõnu', 'karje']	pl n	d	S	nimisõna	46	
hakkasid	hakkama	hakka	['hakka']	sid	sid	V	tegusõna	46	
ta	tema	tema	['tema']	sg g	0	P	asesõna	46	
kübermehhanismilt	kübermehhanism	küber_mehhanism	['küber', 'mehhanism']	sg abl	lt	S	nimisõna	46	
juppe	jupp	jupp	['jupp']	pl p	e	S	nimisõna	46	
rebima	rebima	rebi	['rebi']	ma	ma	V	tegusõna	46	
.	.	.	['.']			Z	lausemärk	46	
Aistmismeel	Aistmismeel	Aistmismeel	['Aistmismeel']	sg n	0	H	pärisnimi	46	
ütles	ütlema	ütle	['ütle']	s	s	V	tegusõna	46	
,	,	,	[',']			Z	lausemärk	46	
et	et	et	['et']		0	J	sidesõna	46	
kõrvade	kõrv	kõrv	['kõrv']	pl g	de	S	nimisõna	46	
tagant	tagant	tagant	['tagant']		0	K	kaassõna	46	
kärssab	kärssama	kärssa	['kärssa']	b	b	V	tegusõna	46	
.	.	.	['.']			Z	lausemärk	46	
Kärssab	kärssama	kärssa	['kärssa']	b	b	V	tegusõna	46	
.	.	.	['.']			Z	lausemärk	46	
Ults	Ults	Ults	['Ults']	sg n	0	H	pärisnimi	47	
viis	viima	vii	['vii']	s	s	V	tegusõna	47	
end	ise	ise	['ise']	sg p	0	P	asesõna	47	
võnkesse	võnge	võnge	['võnge']	sg ill	sse	S	nimisõna	47	
.	.	.	['.']			Z	lausemärk	47	
Viis	viis	viis	['viis']	sg n	0	N	põhiarvsõna	47	
end	ise	ise	['ise']	sg p	0	P	asesõna	47	
võnkesse	võnge	võnge	['võnge']	sg ill	sse	S	nimisõna	47	
.	.	.	['.']			Z	lausemärk	47	
Ta	tema	tema	['tema']	sg n	0	P	asesõna	48	
võttis	võtma	võt	['võt']	s	is	V	tegusõna	48	
Widgeti	Widget|Widgeti	Widget|Widgeti	[['Widget'], ['Widgeti']]	sg g	0	H	pärisnimi	48	
ja	ja	ja	['ja']		0	J	sidesõna	48	
tüdruku	tüdruk	tüdruk	['tüdruk']	sg g	0	S	nimisõna	48	
intellektiraalid	intellektiraal	intellekti_raal	['intellekti', 'raal']	pl n	d	S	nimisõna	48	
ja	ja	ja	['ja']		0	J	sidesõna	48	
viis	viima	vii	['vii']	s	s	V	tegusõna	48	
need	see	see	['see']	pl n	d	P	asesõna	48	
kehadest	keha	keha	['keha']	pl el	dest	S	nimisõna	48	
eemale	eemale	eemale	['eemale']		0	D	määrsõna	48	
.	.	.	['.']			Z	lausemärk	48	
Siis	siis	siis	['siis']		0	D	määrsõna	48	
võnkus	võnkuma	võnku	['võnku']	s	s	V	tegusõna	48	
ta	tema	tema	['tema']	sg n	0	P	asesõna	48	
need	see	see	['see']	pl n	d	P	asesõna	48	
matti	matt	matt	['matt']	sg p	0	S	nimisõna	48	
.	.	.	['.']			Z	lausemärk	48	
Hetke	hetk	hetk	['hetk']	sg g	0	S	nimisõna	48	
pärast	pärast	pärast	['pärast']		0	K	kaassõna	48	
naases	naases	naases	['naases']	sg n	0	S	nimisõna	48	
Ults	Ults	Ults	['Ults']	sg n	0	H	pärisnimi	48	
oma	oma	oma	['oma']	sg g	0	P	asesõna	48	
kehha	kehha	kehha	['kehha']	sg g	0	S	nimisõna	48	
.	.	.	['.']			Z	lausemärk	48	
Koridoris	koridor	koridor	['koridor']	sg in	s	S	nimisõna	48	
kärssasid	kärssama	kärssa	['kärssa']	sid	sid	V	tegusõna	48	
kaks	kaks	kaks	['kaks']	sg n	0	N	põhiarvsõna	48	
kübermehhanismi	kübermehhanism	küber_mehhanism	['küber', 'mehhanism']	sg p	0	S	nimisõna	48	
kängart	kängart	kängart	['kängart']	sg n	0	S	nimisõna	48	
.	.	.	['.']			Z	lausemärk	48	
Pärisinimeste	pärisinimene	päris_inimene	['päris', 'inimene']	pl g	te	S	nimisõna	49	
sekka	sekka	sekka	['sekka']		0	K	kaassõna	49	
,	,	,	[',']			Z	lausemärk	49	
mõtles	mõtlema	mõtle	['mõtle']	s	s	V	tegusõna	49	
Ults	Ults	Ults	['Ults']	sg n	0	H	pärisnimi	49	
haigelt	haigelt	haigelt	['haigelt']		0	D	määrsõna	49	
.	.	.	['.']			Z	lausemärk	49	
...	...	...	['...']			Z	lausemärk	50	
ilma	ilma	ilma	['ilma']		0	D	määrsõna	50	
neetud	needma|neetud	nee=tud|need	[['neetud'], ['neetud'], ['neetud'], ['need']]	|pl n|sg n|tud	0|d|tud	A|V		50	
raalita	raal	raal	['raal']	sg ab	ta	S	nimisõna	50	
.	.	.	['.']			Z	lausemärk	50	
Ilma	ilma	ilma	['ilma']		0	K	kaassõna	50	
raalita	raal	raal	['raal']	sg ab	ta	S	nimisõna	50	
.	.	.	['.']			Z	lausemärk	50	
