word_texts	lemmas	roots	root_tokens	forms	endings	postags	postag_descriptions	par_nr	head
Oraakli	Oraakel|Oraakli	Oraakel|Oraakli	[['Oraakel'], ['Oraakel'], ['Oraakli']]	sg g	0	H	pärisnimi	1	 Oraakli surm Arvustused 
surm	surm	surm	['surm']	sg n	0	S	nimisõna	1	 Oraakli surm Arvustused 
Arvustused	Arvustus	Arvustus	['Arvustus']	pl n	d	H	pärisnimi	1	 Oraakli surm Arvustused 
Karen	Karen	Karen	['Karen']	sg n	0	H	pärisnimi	2	
Orlau	Orlau	Orlau	['Orlau']	sg n	0	H	pärisnimi	2	
Oraakel	oraakel	oraakel	['oraakel']	sg n	0	S	nimisõna	3	
kartis	kartma	kart	['kart']	s	is	V	tegusõna	3	
.	.	.	['.']			Z	lausemärk	3	
Oraakel	oraakel	oraakel	['oraakel']	sg n	0	S	nimisõna	3	
kartis	kartma	kart	['kart']	s	is	V	tegusõna	3	
hullupööra	hullupööra	hullu_pööra	['hullu', 'pööra']		0	D	määrsõna	3	
,	,	,	[',']			Z	lausemärk	3	
sest	sest	sest	['sest']		0	J	sidesõna	3	
iga	iga	iga	['iga']	sg n	0	P	asesõna	3	
järgmine	järgmine	järgmine	['järgmine']	sg n	0	A	omadussõna algvõrre	3	
etteaste	etteaste	ette_aste	['ette', 'aste']	sg n	0	S	nimisõna	3	
oli	olema	ole	['ole']	s	i	V	tegusõna	3	
raskem	raskem	raskem	['raskem']	sg n	0	C	omadussõna keskvõrre	3	
kui	kui	kui	[['kui'], ['kui']]		0	D|J		3	
eelmine	eelmine	eelmine	['eelmine']	sg n	0	A	omadussõna algvõrre	3	
ja	ja	ja	['ja']		0	J	sidesõna	3	
nii	nii	nii	['nii']		0	D	määrsõna	3	
lõputult	lõputult	lõputult	['lõputult']		0	D	määrsõna	3	
,	,	,	[',']			Z	lausemärk	3	
nii	nii	nii	['nii']		0	D	määrsõna	3	
juba	juba	juba	['juba']		0	D	määrsõna	3	
aastaid	aasta	aasta	['aasta']	pl p	id	S	nimisõna	3	
.	.	.	['.']			Z	lausemärk	3	
Aeg	aeg	aeg	['aeg']	sg n	0	S	nimisõna	3	
,	,	,	[',']			Z	lausemärk	3	
mil	mil	mil	['mil']		0	D	määrsõna	3	
ta	tema	tema	['tema']	sg g	0	P	asesõna	3	
kasvavale	kasvav	kasvav	['kasvav']	sg all	le	A	omadussõna algvõrre	3	
pingele	pinge	pinge	['pinge']	sg all	le	S	nimisõna	3	
vastu	vastu	vastu	['vastu']		0	D	määrsõna	3	
ei	ei	ei	['ei']	neg	0	V	tegusõna	3	
suuda	suutma	suut	['suut']	o	0	V	tegusõna	3	
seista	seisma	seis	['seis']	da	ta	V	tegusõna	3	
ning	ning	ning	['ning']		0	J	sidesõna	3	
murdub	murduma	murdu	['murdu']	b	b	V	tegusõna	3	
,	,	,	[',']			Z	lausemärk	3	
oli	olema	ole	['ole']	s	i	V	tegusõna	3	
hirmuäratavalt	hirmuäratavalt	hirmu_äratavalt	['hirmu', 'äratavalt']		0	D	määrsõna	3	
lähedal	lähedal	lähedal	['lähedal']		0	D	määrsõna	3	
—	-	-	['-']			Z	lausemärk	3	
vahest	vahest	vahest	['vahest']		0	D	määrsõna	3	
ehk	ehk	ehk	['ehk']		0	D	määrsõna	3	
mitte	mitte	mitte	['mitte']		0	D	määrsõna	3	
veel	veel	veel	['veel']		0	D	määrsõna	3	
järgmine	järgmine	järgmine	['järgmine']	sg n	0	A	omadussõna algvõrre	3	
kord	kord	kord	['kord']	sg n	0	S	nimisõna	3	
aga	aga	aga	['aga']		0	J	sidesõna	3	
juba	juba	juba	['juba']		0	D	määrsõna	3	
õige	õige	õige	['õige']	sg n	0	A	omadussõna algvõrre	3	
pea	pidama	pida	['pida']	o	0	V	tegusõna	3	
...	...	...	['...']			Z	lausemärk	3	
Ta	tema	tema	['tema']	sg n	0	P	asesõna	3	
tajus	tajuma	taju	['taju']	s	s	V	tegusõna	3	
surma	surm	surm	['surm']	sg g	0	S	nimisõna	3	
lähedust	lähedus	lähedus	['lähedus']	sg p	t	S	nimisõna	3	
,	,	,	[',']			Z	lausemärk	3	
tundes	tundma	tund	['tund']	des	es	V	tegusõna	3	
selle	see	see	['see']	sg g	0	P	asesõna	3	
külma	külm	külm	['külm']	sg p	0	A	omadussõna algvõrre	3	
hingeõhku	hingeõhk	hinge_õhk	['hinge', 'õhk']	sg p	0	S	nimisõna	3	
otse	otse	otse	['otse']		0	D	määrsõna	3	
kuklas	kukal	kukal	['kukal']	sg in	s	S	nimisõna	3	
,	,	,	[',']			Z	lausemärk	3	
endal	ise	ise	['ise']	sg ad	l	P	asesõna	3	
liikmed	liige	liige	['liige']	pl n	d	S	nimisõna	3	
jäisest	jäine	jäine	['jäine']	sg el	st	A	omadussõna algvõrre	3	
hingusest	hingus	hingus	['hingus']	sg el	st	S	nimisõna	3	
kangestumas	kangestuma	kangestu	['kangestu']	mas	mas	V	tegusõna	3	
.	.	.	['.']			Z	lausemärk	3	
Vaikse	vaikne	vaikne	['vaikne']	sg g	0	A	omadussõna algvõrre	4	
alistumisega	alistumine	alistumine	['alistumine']	sg kom	ga	S	nimisõna	4	
vaatas	vaatama	vaata	['vaata']	s	s	V	tegusõna	4	
Oraakel	oraakel	oraakel	['oraakel']	sg n	0	S	nimisõna	4	
lossiõuel	lossiõu	lossi_õu	['lossi', 'õu']	sg ad	l	S	nimisõna	4	
kõrguvat	kõrguv	kõrguv	['kõrguv']	sg p	t	A	omadussõna algvõrre	4	
platvormi	platvorm	platvorm	['platvorm']	sg p	0	S	nimisõna	4	
:	:	:	[':']			Z	lausemärk	4	
kitsast	kitsas	kitsas	['kitsas']	sg p	t	A	omadussõna algvõrre	4	
torni	torn	torn	['torn']	sg p	0	S	nimisõna	4	
keset	keset	keset	['keset']		0	K	kaassõna	4	
hiiglaslikku	hiiglaslik	hiiglaslik	['hiiglaslik']	sg p	0	A	omadussõna algvõrre	4	
lõvipuuri	lõvipuur	lõvi_puur	['lõvi', 'puur']	sg p	0	S	nimisõna	4	
.	.	.	['.']			Z	lausemärk	4	
Ebakindlalt	ebakindlalt	eba_kindlalt	['eba', 'kindlalt']		0	D	määrsõna	4	
kõikuvale	kõikuv	kõikuv	['kõikuv']	sg all	le	A	omadussõna algvõrre	4	
platvormile	platvorm	platvorm	['platvorm']	sg all	le	S	nimisõna	4	
mahtus	mahtuma	mahtu	['mahtu']	s	s	V	tegusõna	4	
üks	üks	üks	['üks']	sg n	0	P	asesõna	4	
inimene	inimene	inimene	['inimene']	sg n	0	S	nimisõna	4	
hädavaevu	hädavaevu	häda_vaevu	['häda', 'vaevu']		0	D	määrsõna	4	
seisma	seisma	seis	['seis']	ma	ma	V	tegusõna	4	
ning	ning	ning	['ning']		0	J	sidesõna	4	
sinna	sinna	sinna	['sinna']		0	D	määrsõna	4	
pääses	pääsema	pääse	['pääse']	s	s	V	tegusõna	4	
ainult	ainult	ainult	['ainult']		0	D	määrsõna	4	
mööda	mööda	mööda	['mööda']		0	K	kaassõna	4	
allalastavat	allalastav	all_alasta=v|alla_las=tav	[['all', 'alastav'], ['alla', 'lastav']]	sg p	t	A	omadussõna algvõrre	4	
silda	sild	sild	['sild']	sg p	0	S	nimisõna	4	
.	.	.	['.']			Z	lausemärk	4	
Kui	kui	kui	[['kui'], ['kui']]		0	D|J		4	
kindlust	kindlus	kindlus	['kindlus']	sg p	t	S	nimisõna	4	
külastas	külastama	külasta	['külasta']	s	s	V	tegusõna	4	
mõni	mõni	mõni	['mõni']	sg n	0	P	asesõna	4	
rändrüütel	rändrüütel	ränd_rüütel	['ränd', 'rüütel']	sg n	0	S	nimisõna	4	
,	,	,	[',']			Z	lausemärk	4	
lasti	laskma	lask	['lask']	ti	ti	V	tegusõna	4	
lõvitorni	lõvitorn	lõvi_torn	['lõvi', 'torn']	sg g	0	S	nimisõna	4	
rippsild	rippsild	ripp_sild	['ripp', 'sild']	sg n	0	S	nimisõna	4	
alla	alla	alla	['alla']		0	D	määrsõna	4	
ning	ning	ning	['ning']		0	J	sidesõna	4	
Oraakel	oraakel	oraakel	['oraakel']	sg n	0	S	nimisõna	4	
viidi	viima	vii	['vii']	ti	di	V	tegusõna	4	
platvormile	platvorm	platvorm	['platvorm']	sg all	le	S	nimisõna	4	
.	.	.	['.']			Z	lausemärk	4	
Iga	iga	iga	['iga']	sg n	0	P	asesõna	4	
kord	kord	kord	['kord']	sg n	0	S	nimisõna	4	
,	,	,	[',']			Z	lausemärk	4	
kui	kui	kui	[['kui'], ['kui']]		0	D|J		4	
Oraakel	oraakel	oraakel	['oraakel']	sg n	0	S	nimisõna	4	
ennustuse	ennustus	ennustus	['ennustus']	sg g	0	S	nimisõna	4	
lõpetas	lõpetama	lõpeta	['lõpeta']	s	s	V	tegusõna	4	
ning	ning	ning	['ning']		0	J	sidesõna	4	
rüütel	rüütel	rüütel	['rüütel']	sg n	0	S	nimisõna	4	
mineviku	minevik	minevik	['minevik']	sg g	0	S	nimisõna	4	
kohta	kohta	kohta	['kohta']		0	K	kaassõna	4	
kuuldu	kuuldu	kuuldu	['kuuldu']	sg g	0	S	nimisõna	4	
õigeks	õige	õige	['õige']	sg tr	ks	A	omadussõna algvõrre	4	
tunnistas	tunnistama	tunnista	['tunnista']	s	s	V	tegusõna	4	
,	,	,	[',']			Z	lausemärk	4	
lasti	laskma	lask	['lask']	ti	ti	V	tegusõna	4	
rippsild	rippsild	ripp_sild	['ripp', 'sild']	sg n	0	S	nimisõna	4	
uuesti	uuesti	uuesti	['uuesti']		0	D	määrsõna	4	
alla	alla	alla	['alla']		0	D	määrsõna	4	
ning	ning	ning	['ning']		0	J	sidesõna	4	
ennustaja	ennustaja	ennustaja	['ennustaja']	sg n	0	S	nimisõna	4	
võis	võima	või	['või']	s	s	V	tegusõna	4	
värisevijalu	värisevijalu	värisevijalu	['värisevijalu']	sg g	0	S	nimisõna	4	
platvormilt	platvorm	platvorm	['platvorm']	sg abl	lt	S	nimisõna	4	
lahkuda	lahkuma	lahku	['lahku']	da	da	V	tegusõna	4	
.	.	.	['.']			Z	lausemärk	4	
Nende	see	see	['see']	pl g	de	P	asesõna	4	
kahe	kaks	kaks	['kaks']	sg g	0	N	põhiarvsõna	4	
hetke	hetk	hetk	['hetk']	sg g	0	S	nimisõna	4	
vahele	vahele	vahele	['vahele']		0	K	kaassõna	4	
mahtus	mahtuma	mahtu	['mahtu']	s	s	V	tegusõna	4	
piinavalt	piinavalt	piinava=lt	['piinavalt']		0	D	määrsõna	4	
pikk	pikk	pikk	['pikk']	sg n	0	A	omadussõna algvõrre	4	
aeg	aeg	aeg	['aeg']	sg n	0	S	nimisõna	4	
,	,	,	[',']			Z	lausemärk	4	
mil	mil	mil	['mil']		0	D	määrsõna	4	
Oraakel	oraakel	oraakel	['oraakel']	sg n	0	S	nimisõna	4	
,	,	,	[',']			Z	lausemärk	4	
endal	ise	ise	['ise']	sg ad	l	P	asesõna	4	
hirmuhigi	hirmuhigi	hirmu_higi	['hirmu', 'higi']	sg n	0	S	nimisõna	4	
mööda	mööda	mööda	['mööda']		0	K	kaassõna	4	
nägu	nägu	nägu	['nägu']	sg p	0	S	nimisõna	4	
alla	alla	alla	['alla']		0	D	määrsõna	4	
voolamas	voolama	voola	['voola']	mas	mas	V	tegusõna	4	
,	,	,	[',']			Z	lausemärk	4	
sõnu	sõna	sõna	['sõna']	pl p	u	S	nimisõna	4	
ettevaatlikult	ettevaatlikult	ette_vaatlikult	['ette', 'vaatlikult']		0	D	määrsõna	4	
ritta	rida	rida	['rida']	adt	0	S	nimisõna	4	
seadis	seadma	sead	['sead']	s	is	V	tegusõna	4	
,	,	,	[',']			Z	lausemärk	4	
püüdes	püüdma	püüd	['püüd']	des	es	V	tegusõna	4	
surmahirmust	surmahirm	surma_hirm	['surma', 'hirm']	sg el	st	S	nimisõna	4	
teravnenud	teravnema|teravnenud	teravne|teravne=nud	[['teravne'], ['teravnenud'], ['teravnenud'], ['teravnenud']]	|nud|pl n|sg n	0|d|nud	A|V		4	
meeltega	meel	meel	['meel']	pl kom	tega	S	nimisõna	4	
rändrüütli	rändrüütel	ränd_rüütel	['ränd', 'rüütel']	sg g	0	S	nimisõna	4	
näoilmest	näoilme	näo_ilme	['näo', 'ilme']	sg el	st	S	nimisõna	4	
,	,	,	[',']			Z	lausemärk	4	
liigutustest	liigutus	liigutus	['liigutus']	pl el	test	S	nimisõna	4	
ja	ja	ja	['ja']		0	J	sidesõna	4	
hoiakust	hoiak	hoiak	['hoiak']	sg el	st	S	nimisõna	4	
välja	välja	välja	['välja']		0	D	määrsõna	4	
lugeda	lugema	luge	['luge']	da	da	V	tegusõna	4	
,	,	,	[',']			Z	lausemärk	4	
mida	mis	mis	[['mis'], ['mis']]	pl p|sg p	da	P	asesõna	4	
peaks	pidama	pida	['pida']	ks	ks	V	tegusõna	4	
ütlema	ütlema	ütle	['ütle']	ma	ma	V	tegusõna	4	
.	.	.	['.']			Z	lausemärk	4	
Kõigepealt	kõigepealt	kõige_pealt	['kõige', 'pealt']		0	D	määrsõna	5	
püüdis	püüdma	püüd	['püüd']	s	is	V	tegusõna	5	
ta	tema	tema	['tema']	sg n	0	P	asesõna	5	
vaid	vaid	vaid	['vaid']		0	D	määrsõna	5	
vihjata	vihjama	vihja	['vihja']	da	ta	V	tegusõna	5	
—	-	-	['-']			Z	lausemärk	5	
mõnikord	mõnikord	mõni_kord	['mõni', 'kord']		0	D	määrsõna	5	
oli	olema	ole	['ole']	s	i	V	tegusõna	5	
kuulaja	kuulaja	kuulaja	['kuulaja']	sg g	0	S	nimisõna	5	
näost	nägu	nägu	['nägu']	sg el	st	S	nimisõna	5	
selgelt	selgelt	selgelt	['selgelt']		0	D	määrsõna	5	
näha	nägema	näge	['näge']	da	a	V	tegusõna	5	
,	,	,	[',']			Z	lausemärk	5	
millal	millal	millal	['millal']		0	D	määrsõna	5	
ta	tema	tema	['tema']	sg g	0	P	asesõna	5	
tõde	tõde	tõde	['tõde']	sg n	0	S	nimisõna	5	
tabas	tabama	taba	['taba']	s	s	V	tegusõna	5	
,	,	,	[',']			Z	lausemärk	5	
siis	siis	siis	['siis']		0	J	sidesõna	5	
pidi	pidama	pida	['pida']	s	i	V	tegusõna	5	
vaid	vaid	vaid	['vaid']		0	D	määrsõna	5	
sobivaid	sobiv	sobiv	['sobiv']	pl p	id	A	omadussõna algvõrre	5	
seoseid	seos	seos	['seos']	pl p	id	S	nimisõna	5	
leidma	leidma	leid	['leid']	ma	ma	V	tegusõna	5	
.	.	.	['.']			Z	lausemärk	5	
Hirm	hirm	hirm	['hirm']	sg n	0	S	nimisõna	5	
tegi	tegema	tege	['tege']	s	i	V	tegusõna	5	
silmad	silm	silm	['silm']	pl n	d	S	nimisõna	5	
selgeks	selge	selge	['selge']	sg tr	ks	A	omadussõna algvõrre	5	
ja	ja	ja	['ja']		0	J	sidesõna	5	
mõtted	mõte	mõte	['mõte']	pl n	d	S	nimisõna	5	
kiireks	kiire	kiire	['kiire']	sg tr	ks	A	omadussõna algvõrre	5	
ja	ja	ja	['ja']		0	J	sidesõna	5	
seepärast	seepärast	see_pärast	['see', 'pärast']		0	D	määrsõna	5	
oli	olema	ole	['ole']	s	i	V	tegusõna	5	
rändrüütel	rändrüütel	ränd_rüütel	['ränd', 'rüütel']	sg n	0	S	nimisõna	5	
peagi	peagi	peagi	['peagi']		0	D	määrsõna	5	
kui	kui	kui	[['kui'], ['kui']]		0	D|J		5	
avatud	avama|avatud	ava|avatud	[['ava'], ['avatud'], ['avatud'], ['avatud']]	|pl n|sg n|tud	0|d|tud	A|V		5	
raamat	raamat	raamat	['raamat']	sg n	0	S	nimisõna	5	
ta	tema	tema	['tema']	sg g	0	P	asesõna	5	
ees	ees	ees	['ees']		0	K	kaassõna	5	
,	,	,	[',']			Z	lausemärk	5	
tema	tema	tema	['tema']	sg n	0	P	asesõna	5	
pööras	pöörama	pööra	['pööra']	s	s	V	tegusõna	5	
vaid	vaid	vaid	['vaid']		0	D	määrsõna	5	
lehti	leht	leht	['leht']	pl p	i	S	nimisõna	5	
ja	ja	ja	['ja']		0	J	sidesõna	5	
sai	saama	saa	['saa']	s	i	V	tegusõna	5	
neile	tema	tema	['tema']	pl all	le	P	asesõna	5	
kirjutatud	kirjutama|kirjutatud	kirjuta|kirjutatud	[['kirjuta'], ['kirjutatud'], ['kirjutatud'], ['kirjutatud']]	|pl n|sg n|tud	0|d|tud	A|V		5	
sõnadele	sõna	sõna	['sõna']	pl all	dele	S	nimisõna	5	
hääleks	hääl	hääl	['hääl']	sg tr	ks	S	nimisõna	5	
.	.	.	['.']			Z	lausemärk	5	
Inimlike	inimlik	inimlik	['inimlik']	pl g	e	A	omadussõna algvõrre	5	
kirgede	kirg	kirg	['kirg']	pl g	de	S	nimisõna	5	
ja	ja	ja	['ja']		0	J	sidesõna	5	
needuste	needus	needus	['needus']	pl g	te	S	nimisõna	5	
maailm	maailm	maa_ilm	['maa', 'ilm']	sg n	0	S	nimisõna	5	
ei	ei	ei	['ei']	neg	0	V	tegusõna	5	
olnud	olema|olnud	ol=nud|ole	[['olnud'], ['olnud'], ['olnud'], ['ole']]	|nud|pl n|sg n	0|d|nud	A|V		5	
ju	ju	ju	['ju']		0	D	määrsõna	5	
eriti	eriti	eriti	['eriti']		0	D	määrsõna	5	
suur	suur	suur	['suur']	sg n	0	A	omadussõna algvõrre	5	
ning	ning	ning	['ning']		0	J	sidesõna	5	
oh	oh	oh	['oh']		0	I	hüüdsõna	5	
kui	kui	kui	[['kui'], ['kui']]		0	D|J		5	
leidlikuks	leidlik	leidlik	['leidlik']	sg tr	ks	A	omadussõna algvõrre	5	
tegid	tegema	tege	['tege']	sid	id	V	tegusõna	5	
need	see	see	['see']	pl n	d	P	asesõna	5	
suured	suur	suur	['suur']	pl n	d	A	omadussõna algvõrre	5	
kräunuvad	kräunuma	kräunu	['kräunu']	vad	vad	V	tegusõna	5	
kõrbekassid	kõrbekass	kõrbe_kass	['kõrbe', 'kass']	pl n	d	S	nimisõna	5	
platvormi	platvorm	platvorm	['platvorm']	sg g	0	S	nimisõna	5	
all	all	all	['all']		0	K	kaassõna	5	
...	...	...	['...']			Z	lausemärk	5	
Teinekord	teinekord	teine_kord	['teine', 'kord']		0	D	määrsõna	6	
aga	aga	aga	['aga']		0	J	sidesõna	6	
nägi	nägema	näge	['näge']	s	i	V	tegusõna	6	
ta	tema	tema	['tema']	sg n	0	P	asesõna	6	
kuulaja	kuulaja	kuulaja	['kuulaja']	sg g	0	S	nimisõna	6	
liikumatust	liikumatu	liikumatu	['liikumatu']	sg el	st	A	omadussõna algvõrre	6	
näost	nägu	nägu	['nägu']	sg el	st	S	nimisõna	6	
vähimagi	vähim	vähim	['vähim']	sg g	0	U	omadussõna ülivõrre	6	
tundevirve	tundevirve	tunde_virve	['tunde', 'virve']	sg g	0	S	nimisõna	6	
tabamiseks	tabamine	tabamine	['tabamine']	sg tr	ks	S	nimisõna	6	
nii	nii	nii	['nii']		0	D	määrsõna	6	
ränka	ränk	ränk	['ränk']	sg p	0	A	omadussõna algvõrre	6	
vaeva	vaev	vaev	['vaev']	sg p	0	S	nimisõna	6	
,	,	,	[',']			Z	lausemärk	6	
et	et	et	['et']		0	J	sidesõna	6	
kui	kui	kui	[['kui'], ['kui']]		0	D|J		6	
ta	tema	tema	['tema']	sg n	0	P	asesõna	6	
lõpuks	lõpuks	lõpuks	['lõpuks']		0	D	määrsõna	6	
sõrmed	sõrm	sõrm	['sõrm']	pl n	d	S	nimisõna	6	
rüütli	rüütel	rüütel	['rüütel']	sg g	0	S	nimisõna	6	
raamatukaane	raamatukaas	raamatu_kaas	['raamatu', 'kaas']	sg g	0	S	nimisõna	6	
vahele	vahele	vahele	['vahele']		0	K	kaassõna	6	
sai	saama	saa	['saa']	s	i	V	tegusõna	6	
,	,	,	[',']			Z	lausemärk	6	
tundis	tundma	tund	['tund']	s	is	V	tegusõna	6	
ta	tema	tema	['tema']	sg n	0	P	asesõna	6	
,	,	,	[',']			Z	lausemärk	6	
et	et	et	['et']		0	J	sidesõna	6	
on	olema	ole	[['ole'], ['ole']]	b|vad	0	V	tegusõna	6	
üle	üle	üle	['üle']		0	D	määrsõna	6	
noatera	noatera	noa_tera	['noa', 'tera']	sg n	0	S	nimisõna	6	
pääsenud	pääsema|pääsenud	pääse|pääsenud	[['pääse'], ['pääsenud'], ['pääsenud'], ['pääsenud']]	|nud|pl n|sg n	0|d|nud	A|V		6	
.	.	.	['.']			Z	lausemärk	6	
Siis	siis	siis	['siis']		0	D	määrsõna	6	
oli	olema	ole	['ole']	s	i	V	tegusõna	6	
ta	tema	tema	['tema']	sg g	0	P	asesõna	6	
hääl	hääl	hääl	['hääl']	sg n	0	S	nimisõna	6	
ebakindel	ebakindel	eba_kindel	['eba', 'kindel']	sg n	0	A	omadussõna algvõrre	6	
ja	ja	ja	['ja']		0	J	sidesõna	6	
kõlatu	kõlatu	kõlatu	['kõlatu']	sg n	0	A	omadussõna algvõrre	6	
,	,	,	[',']			Z	lausemärk	6	
kuid	kuid	kuid	['kuid']		0	J	sidesõna	6	
rändrüütel	rändrüütel	ränd_rüütel	['ränd', 'rüütel']	sg n	0	S	nimisõna	6	
sulges	sulgema	sulge	['sulge']	s	s	V	tegusõna	6	
siiski	siiski	siiski	['siiski']		0	D	määrsõna	6	
ennustuse	ennustus	ennustus	['ennustus']	sg g	0	S	nimisõna	6	
lõppedes	lõppema	lõppe	['lõppe']	des	des	V	tegusõna	6	
nõusoleku	nõusolek	nõus_olek	['nõus', 'olek']	sg g	0	S	nimisõna	6	
märgiks	märk	märk	['märk']	sg tr	ks	S	nimisõna	6	
silmad	silm	silm	['silm']	pl n	d	S	nimisõna	6	
ja	ja	ja	['ja']		0	J	sidesõna	6	
lahkus	lahkuma	lahku	['lahku']	s	s	V	tegusõna	6	
vaikides	vaikima	vaiki	['vaiki']	des	des	V	tegusõna	6	
—	-	-	['-']			Z	lausemärk	6	
mingi	mingi	mingi	['mingi']	sg n	0	P	asesõna	6	
ime	ime	ime	['ime']	sg n	0	S	nimisõna	6	
läbi	läbi	läbi	['läbi']		0	D	määrsõna	6	
ei	ei	ei	['ei']	neg	0	V	tegusõna	6	
olnud	olema|olnud	ol=nud|ole	[['olnud'], ['olnud'], ['olnud'], ['ole']]	|nud|pl n|sg n	0|d|nud	A|V		6	
Oraakel	oraakel	oraakel	['oraakel']	sg n	0	S	nimisõna	6	
eksinud	eksima|eksinud	eksi|eksinud	[['eksi'], ['eksinud'], ['eksinud'], ['eksinud']]	|nud|pl n|sg n	0|d|nud	A|V		6	
.	.	.	['.']			Z	lausemärk	6	
Miks	miks	miks	['miks']		0	D	määrsõna	7	
ei	ei	ei	['ei']	neg	0	V	tegusõna	7	
lasknud	laskma|lasknud	lask|lask=nud	[['lask'], ['lasknud'], ['lasknud'], ['lasknud']]	|nud|pl n|sg n	0|d|nud	A|V		7	
nad	tema	tema	['tema']	pl n	d	P	asesõna	7	
tal	tema	tema	['tema']	sg ad	l	P	asesõna	7	
lihtsalt	lihtsalt	lihtsalt	['lihtsalt']		0	D	määrsõna	7	
tulevikku	tulevik	tulevik	['tulevik']	sg p	0	S	nimisõna	7	
ennustada	ennustama	ennusta	['ennusta']	da	da	V	tegusõna	7	
?	?	?	['?']			Z	lausemärk	7	
!	!	!	['!']			Z	lausemärk	7	
Kui	kui	kui	[['kui'], ['kui']]		0	D|J		7	
lihtne	lihtne	lihtne	['lihtne']	sg n	0	A	omadussõna algvõrre	7	
see	see	see	['see']	sg n	0	P	asesõna	7	
oleks	olema	ole	['ole']	ks	ks	V	tegusõna	7	
olnud	olema|olnud	ol=nud|ole	[['olnud'], ['olnud'], ['olnud'], ['ole']]	|nud|pl n|sg n	0|d|nud	A|V		7	
!	!	!	['!']			Z	lausemärk	7	
Kui	kui	kui	[['kui'], ['kui']]		0	D|J		7	
palju	palju	palju	['palju']		0	D	määrsõna	7	
raskem	raskem	raskem	['raskem']	sg n	0	C	omadussõna keskvõrre	7	
oli	olema	ole	['ole']	s	i	V	tegusõna	7	
möödunust	möödunu	möödunu	['möödunu']	sg el	st	S	nimisõna	7	
rääkida	rääkima	rääki	['rääki']	da	da	V	tegusõna	7	
...	...	...	['...']			Z	lausemärk	7	
Ometi	ometi	ometi	['ometi']		0	D	määrsõna	7	
öeldi	ütlema	ütle	['ütle']	ti	di	V	tegusõna	7	
,	,	,	[',']			Z	lausemärk	7	
et	et	et	['et']		0	J	sidesõna	7	
ei	ei	ei	['ei']	neg	0	V	tegusõna	7	
saa	saama	saa	['saa']	o	0	V	tegusõna	7	
uskuda	uskuma	usku	['usku']	da	da	V	tegusõna	7	
tulevikuennustust	tulevikuennustus	tuleviku_ennustus	['tuleviku', 'ennustus']	sg p	t	S	nimisõna	7	
,	,	,	[',']			Z	lausemärk	7	
kui	kui	kui	[['kui'], ['kui']]		0	D|J		7	
Oraakel	oraakel	oraakel	['oraakel']	sg n	0	S	nimisõna	7	
ei	ei	ei	['ei']	neg	0	V	tegusõna	7	
oska	oskama	oska	['oska']	o	0	V	tegusõna	7	
näha	nägema	näge	['näge']	da	a	V	tegusõna	7	
minevikku	minevik	minevik	['minevik']	sg p	0	S	nimisõna	7	
.	.	.	['.']			Z	lausemärk	7	
Ning	ning	ning	['ning']		0	J	sidesõna	7	
oraaklil	oraakel	oraakel	['oraakel']	sg ad	l	S	nimisõna	7	
,	,	,	[',']			Z	lausemärk	7	
kes	kes	kes	[['kes'], ['kes']]	pl n|sg n	0	P	asesõna	7	
vääratab	vääratama	väärata	['väärata']	b	b	V	tegusõna	7	
,	,	,	[',']			Z	lausemärk	7	
ei	ei	ei	['ei']	neg	0	V	tegusõna	7	
ole	olema	ole	['ole']	o	0	V	tegusõna	7	
jumalikku	jumalik	jumalik	['jumalik']	sg p	0	A	omadussõna algvõrre	7	
valgust	valgus	valgus	['valgus']	sg p	t	S	nimisõna	7	
,	,	,	[',']			Z	lausemärk	7	
petis	petis	petis	['petis']	sg n	0	S	nimisõna	7	
aga	aga	aga	['aga']		0	J	sidesõna	7	
on	olema	ole	[['ole'], ['ole']]	b|vad	0	V	tegusõna	7	
surma	surm	surm	['surm']	sg p	0	S	nimisõna	7	
väärt	väärt	väärt	['väärt']		0	A	omadussõna algvõrre	7	
...	...	...	['...']			Z	lausemärk	7	
Oraakel	oraakel	oraakel	['oraakel']	sg n	0	S	nimisõna	8	
oli	olema	ole	['ole']	s	i	V	tegusõna	8	
lõpuks	lõpuks	lõpuks	['lõpuks']		0	D	määrsõna	8	
oma	oma	oma	['oma']	sg g	0	P	asesõna	8	
osaga	osa	osa	['osa']	sg kom	ga	S	nimisõna	8	
leppinud	leppima|leppinud	leppi|leppi=nud	[['leppi'], ['leppinud'], ['leppinud'], ['leppinud']]	|nud|pl n|sg n	0|d|nud	A|V		8	
:	:	:	[':']			Z	lausemärk	8	
küllap	küllap	küllap	['küllap']		0	D	määrsõna	8	
oligi	olema	ole	['ole']	s	i	V	tegusõna	8	
temale	tema	tema	['tema']	sg all	le	P	asesõna	8	
määratud	määrama|määratu|määratud	määra|määratu|määratud	[['määra'], ['määratu'], ['määratud'], ['määratud'], ['määratud']]	|pl n|sg n|tud	0|d|tud	A|V		8	
pidada	pidama	pida	['pida']	da	da	V	tegusõna	8	
igapäevast	igapäevane	iga_päevane	['iga', 'päevane']	sg p	t	A	omadussõna algvõrre	8	
ränka	ränk	ränk	['ränk']	sg p	0	A	omadussõna algvõrre	8	
võitlust	võitlus	võitlus	['võitlus']	sg p	t	S	nimisõna	8	
,	,	,	[',']			Z	lausemärk	8	
andes	andma	and	['and']	des	es	V	tegusõna	8	
inimestele	inimene	inimene	['inimene']	pl all	tele	S	nimisõna	8	
usku	usk	usk	['usk']	sg p	0	S	nimisõna	8	
jumala	jumal	jumal	['jumal']	sg g	0	S	nimisõna	8	
häälesse	hääl	hääl	['hääl']	sg ill	sse	S	nimisõna	8	
ning	ning	ning	['ning']		0	J	sidesõna	8	
kandes	kandma	kand	['kand']	des	es	V	tegusõna	8	
häbiväärse	häbiväärne	häbi_väärne	['häbi', 'väärne']	sg g	0	A	omadussõna algvõrre	8	
saladusena	saladus	saladus	['saladus']	sg es	na	S	nimisõna	8	
teadmist	teadmine	teadmine	['teadmine']	sg p	t	S	nimisõna	8	
,	,	,	[',']			Z	lausemärk	8	
kui	kui	kui	[['kui'], ['kui']]		0	D|J		8	
ekslikud	ekslik	ekslik	['ekslik']	pl n	d	A	omadussõna algvõrre	8	
ja	ja	ja	['ja']		0	J	sidesõna	8	
juhuslikud	juhuslik	juhuslik	['juhuslik']	pl n	d	A	omadussõna algvõrre	8	
olid	olema	ole	['ole']	sid	id	V	tegusõna	8	
ta	tema	tema	['tema']	sg g	0	P	asesõna	8	
ennustused	ennustus	ennustus	['ennustus']	pl n	d	S	nimisõna	8	
.	.	.	['.']			Z	lausemärk	8	
Ta	tema	tema	['tema']	sg n	0	P	asesõna	8	
oli	olema	ole	['ole']	s	i	V	tegusõna	8	
loobunud	loobuma|loobunud	loobu|loobu=nud	[['loobu'], ['loobunud'], ['loobunud'], ['loobunud']]	|nud|pl n|sg n	0|d|nud	A|V		8	
palumast	paluma	palu	['palu']	mast	mast	V	tegusõna	8	
jumalikku	jumalik	jumalik	['jumalik']	sg p	0	A	omadussõna algvõrre	8	
valgust	valgus	valgus	['valgus']	sg p	t	S	nimisõna	8	
ning	ning	ning	['ning']		0	J	sidesõna	8	
lootis	lootma	loot	['loot']	s	is	V	tegusõna	8	
pimesi	pimesi	pimesi	['pimesi']		0	D	määrsõna	8	
,	,	,	[',']			Z	lausemärk	8	
et	et	et	['et']		0	J	sidesõna	8	
huupi	huupi	huupi	['huupi']		0	D	määrsõna	8	
öeldu	öeldu	öeldu	['öeldu']	sg n	0	S	nimisõna	8	
oligi	olema	ole	['ole']	s	i	V	tegusõna	8	
mingil	mingi	mingi	['mingi']	sg ad	l	P	asesõna	8	
arusaamatul	arusaamatu	aru_saamatu	['aru', 'saamatu']	sg ad	l	A	omadussõna algvõrre	8	
viisil	viis	viis	['viis']	sg ad	l	S	nimisõna	8	
kõrgemalt	kõrgemalt	kõrgemalt	['kõrgemalt']		0	D	määrsõna	8	
poolt	poolt	poolt	['poolt']		0	K	kaassõna	8	
juhitud	juhitud|juhtima	juhi=tud|juhti	[['juhti'], ['juhitud'], ['juhitud'], ['juhitud']]	|pl n|sg n|tud	0|d|tud	A|V		8	
.	.	.	['.']			Z	lausemärk	8	
Liiga	liiga	liiga	['liiga']		0	D	määrsõna	8	
ränk	ränk	ränk	['ränk']	sg n	0	A	omadussõna algvõrre	8	
oleks	olema	ole	['ole']	ks	ks	V	tegusõna	8	
olnud	olema|olnud	ol=nud|ole	[['olnud'], ['olnud'], ['olnud'], ['ole']]	|nud|pl n|sg n	0|d|nud	A|V		8	
selles	see	see	['see']	sg in	s	P	asesõna	8	
kahelda	kahtlema	kahtle	['kahtle']	da	da	V	tegusõna	8	
—	-	-	['-']			Z	lausemärk	8	
ometi	ometi	ometi	['ometi']		0	D	määrsõna	8	
seisis	seisma	seis	['seis']	s	is	V	tegusõna	8	
ta	tema	tema	['tema']	sg n	0	P	asesõna	8	
iga	iga	iga	['iga']	sg g	0	P	asesõna	8	
kord	kord	kord	['kord']	sg n	0	S	nimisõna	8	
,	,	,	[',']			Z	lausemärk	8	
kui	kui	kui	[['kui'], ['kui']]		0	D|J		8	
ennustust	ennustus	ennustus	['ennustus']	sg p	t	S	nimisõna	8	
lausus	lausuma	lausu	['lausu']	s	s	V	tegusõna	8	
,	,	,	[',']			Z	lausemärk	8	
silmitsi	silmitsi	silmitsi	['silmitsi']		0	D	määrsõna	8	
tõega	tõde|tõsi	tõde|tõsi	[['tõde'], ['tõsi']]	sg kom	ga	S	nimisõna	8	
,	,	,	[',']			Z	lausemärk	8	
et	et	et	['et']		0	J	sidesõna	8	
ainsaks	ainus	ainus	['ainus']	sg tr	ks	A	omadussõna algvõrre	8	
abimeheks	abimees	abi_mees	['abi', 'mees']	sg tr	ks	S	nimisõna	8	
oli	olema	ole	['ole']	s	i	V	tegusõna	8	
ta	tema	tema	['tema']	sg n	0	P	asesõna	8	
enda	ise	ise	['ise']	sg g	0	P	asesõna	8	
nõder	nõder	nõder	['nõder']	sg n	0	A	omadussõna algvõrre	8	
mõistus	mõistus	mõistus	['mõistus']	sg n	0	S	nimisõna	8	
ning	ning	ning	['ning']		0	J	sidesõna	8	
surmakartusest	surmakartus	surma_kartus	['surma', 'kartus']	sg el	st	S	nimisõna	8	
sündinud	sündima|sündinud	sündi|sündinud	[['sündi'], ['sündinud'], ['sündinud'], ['sündinud']]	|nud|pl n|sg n	0|d|nud	A|V		8	
leidlikkus	leidlikkus	leidlikkus	['leidlikkus']	sg n	0	S	nimisõna	8	
,	,	,	[',']			Z	lausemärk	8	
seetõttu	seetõttu	see_tõttu	['see', 'tõttu']		0	D	määrsõna	8	
ootas	ootama	oota	['oota']	s	s	V	tegusõna	8	
ta	tema	tema	['tema']	sg n	0	P	asesõna	8	
iga	iga	iga	['iga']	sg g	0	P	asesõna	8	
kord	kord	kord	['kord']		0	D	määrsõna	8	
eheda	ehe	ehe	['ehe']	sg g	0	A	omadussõna algvõrre	8	
hirmuhigiga	hirmuhigi	hirmu_higi	['hirmu', 'higi']	sg kom	ga	S	nimisõna	8	
,	,	,	[',']			Z	lausemärk	8	
kas	kas	kas	['kas']		0	D	määrsõna	8	
öeldu	öeldu	öeldu	['öeldu']	sg n	0	S	nimisõna	8	
ikka	ikka	ikka	['ikka']		0	D	määrsõna	8	
õigeks	õige	õige	['õige']	sg tr	ks	A	omadussõna algvõrre	8	
kuulutatakse	kuulutama	kuuluta	['kuuluta']	takse	takse	V	tegusõna	8	
.	.	.	['.']			Z	lausemärk	8	
Ja	ja	ja	['ja']		0	J	sidesõna	9	
nüüd	nüüd	nüüd	['nüüd']		0	D	määrsõna	9	
ratsutas	ratsutama	ratsuta	['ratsuta']	s	s	V	tegusõna	9	
too	too	too	['too']	sg n	0	P	asesõna	9	
hallikspleekinud	hallikspleekinu	halli+ks_pleeki=nu	['halliks', 'pleekinu']	pl n	d	S	nimisõna	9	
pleedi	pleed	pleed	['pleed']	adt	0	S	nimisõna	9	
mähkunud	mähkuma|mähkunud	mähku|mähku=nud	[['mähku'], ['mähkunud'], ['mähkunud'], ['mähkunud']]	|nud|pl n|sg n	0|d|nud	A|V		9	
kuivetu	kuivetu	kuivetu	['kuivetu']	sg n	0	A	omadussõna algvõrre	9	
rändur	rändur	rändur	['rändur']	sg n	0	S	nimisõna	9	
kantsiväravast	kantsivärav	kantsi_värav	['kantsi', 'värav']	sg el	st	S	nimisõna	9	
sisse	sisse	sisse	['sisse']		0	D	määrsõna	9	
,	,	,	[',']			Z	lausemärk	9	
andis	andma	and	['and']	s	is	V	tegusõna	9	
valdjale	valdja	valdja	['valdja']	sg all	le	S	nimisõna	9	
väärilise	vääriline	vääriline	['vääriline']	sg g	0	A	omadussõna algvõrre	9	
andami	andam	andam	['andam']	sg g	0	S	nimisõna	9	
ning	ning	ning	['ning']		0	J	sidesõna	9	
nõudis	nõudma	nõud	['nõud']	s	is	V	tegusõna	9	
oraakli	oraakel	oraakel	['oraakel']	sg g	0	S	nimisõna	9	
ennustust	ennustus	ennustus	['ennustus']	sg p	t	S	nimisõna	9	
.	.	.	['.']			Z	lausemärk	9	
Rändrüütlid	rändrüütel	ränd_rüütel	['ränd', 'rüütel']	pl n	d	S	nimisõna	9	
ei	ei	ei	['ei']	neg	0	V	tegusõna	9	
palu	paluma	palu	['palu']	o	0	V	tegusõna	9	
iialgi	iialgi	iialgi	['iialgi']		0	D	määrsõna	9	
.	.	.	['.']			Z	lausemärk	9	
Oraakel	oraakel	oraakel	['oraakel']	sg n	0	S	nimisõna	9	
ei	ei	ei	['ei']	neg	0	V	tegusõna	9	
ütle	ütlema	ütle	['ütle']	o	0	V	tegusõna	9	
kunagi	kunagi	kunagi	['kunagi']		0	D	määrsõna	9	
ei	ei	ei	['ei']		0	D	määrsõna	9	
...	...	...	['...']			Z	lausemärk	9	
Isegi	isegi	isegi	['isegi']		0	D	määrsõna	9	
mitte	mitte	mitte	['mitte']		0	D	määrsõna	9	
siis	siis	siis	['siis']		0	D	määrsõna	9	
,	,	,	[',']			Z	lausemärk	9	
kui	kui	kui	[['kui'], ['kui']]		0	D|J		9	
külalise	külaline	külaline	['külaline']	sg g	0	S	nimisõna	9	
nägu	nägu	nägu	['nägu']	sg n	0	S	nimisõna	9	
on	olema	ole	[['ole'], ['ole']]	b|vad	0	V	tegusõna	9	
nagu	nagu	nagu	[['nagu'], ['nagu']]		0	D|J		9	
raudkivist	raudkivi	raud_kivi	['raud', 'kivi']	sg el	st	S	nimisõna	9	
tahutud	tahuma|tahutud	tahu|tahu=tud	[['tahu'], ['tahutud'], ['tahutud'], ['tahutud']]	|pl n|sg n|tud	0|d|tud	A|V		9	
ning	ning	ning	['ning']		0	J	sidesõna	9	
ta	tema	tema	['tema']	sg g	0	P	asesõna	9	
käed	käsi	käsi	['käsi']	pl n	d	S	nimisõna	9	
on	olema	ole	[['ole'], ['ole']]	b|vad	0	V	tegusõna	9	
elutud	elutu	elutu	['elutu']	pl n	d	A	omadussõna algvõrre	9	
nagu	nagu	nagu	[['nagu'], ['nagu']]		0	D|J		9	
laibad	laip	laip	['laip']	pl n	d	S	nimisõna	9	
kõrbeliival	kõrbeliiv	kõrbe_liiv	['kõrbe', 'liiv']	sg ad	l	S	nimisõna	9	
.	.	.	['.']			Z	lausemärk	9	
Kui	kui	kui	[['kui'], ['kui']]		0	D|J		9	
ta	tema	tema	['tema']	sg g	0	P	asesõna	9	
kilp	kilp	kilp	['kilp']	sg n	0	S	nimisõna	9	
ei	ei	ei	['ei']	neg	0	V	tegusõna	9	
kanna	kandma	kand	['kand']	o	0	V	tegusõna	9	
vappi	vapp	vapp	['vapp']	sg p	0	S	nimisõna	9	
ja	ja	ja	['ja']		0	J	sidesõna	9	
ta	tema	tema	['tema']	sg g	0	P	asesõna	9	
rõivad	rõivas	rõivas	['rõivas']	pl n	d	S	nimisõna	9	
on	olema	ole	[['ole'], ['ole']]	b|vad	0	V	tegusõna	9	
ühegi	ühe	ühe	['ühe']	sg n	0	S	nimisõna	9	
tikandita	tikand	tikand	['tikand']	sg ab	ta	S	nimisõna	9	
,	,	,	[',']			Z	lausemärk	9	
kui	kui	kui	[['kui'], ['kui']]		0	D|J		9	
ta	tema	tema	['tema']	sg n	0	P	asesõna	9	
kaelas	kael	kael	['kael']	sg in	s	S	nimisõna	9	
pole	olema	ole	['ole']	neg o	0	V	tegusõna	9	
talismani	talisman	talisman	['talisman']	sg p	0	S	nimisõna	9	
ega	ega	ega	['ega']		0	J	sidesõna	9	
sõrmedel	sõrm	sõrm	['sõrm']	pl ad	del	S	nimisõna	9	
sõrmuseid	sõrmus	sõrmus	['sõrmus']	pl p	id	S	nimisõna	9	
ning	ning	ning	['ning']		0	J	sidesõna	9	
kui	kui	kui	[['kui'], ['kui']]		0	D|J		9	
ta	tema	tema	['tema']	sg n	0	P	asesõna	9	
kulmude	kulm	kulm	['kulm']	pl g	de	S	nimisõna	9	
vahele	vahele	vahele	['vahele']		0	K	kaassõna	9	
ei	ei	ei	['ei']	neg	0	V	tegusõna	9	
ole	olema	ole	['ole']	o	0	V	tegusõna	9	
põletatud	põletama|põletatud	põleta|põleta=tud	[['põleta'], ['põletatud'], ['põletatud'], ['põletatud']]	|pl n|sg n|tud	0|d|tud	A|V		9	
ta	tema	tema	['tema']	sg g	0	P	asesõna	9	
usutunnistust	usutunnistus	usu_tunnistus	['usu', 'tunnistus']	sg p	t	S	nimisõna	9	
.	.	.	['.']			Z	lausemärk	9	
Mida	mis	mis	[['mis'], ['mis']]	pl p|sg p	da	P	asesõna	9	
võib	võima	või	['või']	b	b	V	tegusõna	9	
Oraakel	oraakel	oraakel	['oraakel']	sg n	0	S	nimisõna	9	
öelda	ütlema	ütle	['ütle']	da	da	V	tegusõna	9	
?	?	?	['?']			Z	lausemärk	9	
""""	""""	""""	"['""']"			Z	lausemärk	9	
Oled	olema	ole	['ole']	d	d	V	tegusõna	9	
rändur	rändur	rändur	['rändur']	sg n	0	S	nimisõna	9	
ja	ja	ja	['ja']		0	J	sidesõna	9	
su	sina	sina	['sina']	sg g	0	P	asesõna	9	
selja	selg	selg	['selg']	sg g	0	S	nimisõna	9	
taga	taga	taga	['taga']		0	K	kaassõna	9	
on	olema	ole	[['ole'], ['ole']]	b|vad	0	V	tegusõna	9	
pikk	pikk	pikk	['pikk']	sg n	0	A	omadussõna algvõrre	9	
teekond	teekond	teekond	['teekond']	sg n	0	S	nimisõna	9	
...	...	...	['...']			Z	lausemärk	9	
""""	""""	""""	"['""']"			Z	lausemärk	9	
Seda	see	see	['see']	sg p	da	P	asesõna	9	
Oraakel	oraakel	oraakel	['oraakel']	sg n	0	S	nimisõna	9	
lõvitorni	lõvitorn	lõvi_torn	['lõvi', 'torn']	sg p	0	S	nimisõna	9	
ütlema	ütlema	ütle	['ütle']	ma	ma	V	tegusõna	9	
läkski	minema	mine	['mine']	s	s	V	tegusõna	9	
—	-	-	['-']			Z	lausemärk	9	
mis	mis	mis	[['mis'], ['mis']]	pl n|sg n	0	P	asesõna	9	
edasi	edasi	edasi	['edasi']		0	D	määrsõna	9	
,	,	,	[',']			Z	lausemärk	9	
sellest	see	see	['see']	sg el	st	P	asesõna	9	
ei	ei	ei	['ei']	neg	0	V	tegusõna	9	
olnud	olema|olnud	ol=nud|ole	[['olnud'], ['olnud'], ['olnud'], ['ole']]	|nud|pl n|sg n	0|d|nud	A|V		9	
tal	tema	tema	['tema']	sg ad	l	P	asesõna	9	
aimugi	aim	aim	['aim']	sg p	0	S	nimisõna	9	
.	.	.	['.']			Z	lausemärk	9	
Oli	olema	ole	['ole']	s	i	V	tegusõna	9	
vaid	vaid	vaid	['vaid']		0	D	määrsõna	9	
lootus	lootus	lootus	['lootus']	sg n	0	S	nimisõna	9	
,	,	,	[',']			Z	lausemärk	9	
et	et	et	['et']		0	J	sidesõna	9	
ehk	ehk	ehk	['ehk']		0	D	määrsõna	9	
aitab	aitama	aita	['aita']	b	b	V	tegusõna	9	
juhus	juhus	juhus	['juhus']	sg n	0	S	nimisõna	9	
teda	tema	tema	['tema']	sg p	da	P	asesõna	9	
selgi	see	see	['see']	sg ad	l	P	asesõna	9	
korral	korral	korral	['korral']		0	K	kaassõna	9	
...	...	...	['...']			Z	lausemärk	9	
""""	""""	""""	"['""']"			Z	lausemärk	10	
Oled	olema	ole	['ole']	d	d	V	tegusõna	10	
rändur	rändur	rändur	['rändur']	sg n	0	S	nimisõna	10	
ja	ja	ja	['ja']		0	J	sidesõna	10	
su	sina	sina	['sina']	sg g	0	P	asesõna	10	
selja	selg	selg	['selg']	sg g	0	S	nimisõna	10	
taga	taga	taga	['taga']		0	K	kaassõna	10	
on	olema	ole	[['ole'], ['ole']]	b|vad	0	V	tegusõna	10	
pikk	pikk	pikk	['pikk']	sg n	0	A	omadussõna algvõrre	10	
teekond	teekond	teekond	['teekond']	sg n	0	S	nimisõna	10	
,	,	,	[',']			Z	lausemärk	10	
""""	""""	""""	"['""']"			Z	lausemärk	10	
lausus	lausuma	lausu	['lausu']	s	s	V	tegusõna	10	
Oraakel	Oraakel	Oraakel	[['Oraakel'], ['Oraakel']]	sg n	0	H	pärisnimi	10	
,	,	,	[',']			Z	lausemärk	10	
püüdes	püüdma	püüd	['püüd']	des	es	V	tegusõna	10	
kitsukesel	kitsuke	kitsuke	['kitsuke']	sg ad	l	A	omadussõna algvõrre	10	
platvormil	platvorm	platvorm	['platvorm']	sg ad	l	S	nimisõna	10	
tasakaalu	tasakaal	tasa_kaal	['tasa', 'kaal']	sg p	0	S	nimisõna	10	
hoida	hoidma	hoid	['hoid']	da	a	V	tegusõna	10	
.	.	.	['.']			Z	lausemärk	10	
Lõvid	lõvi	lõvi	['lõvi']	pl n	d	S	nimisõna	10	
jooksid	jooksma	jooks	['jooks']	sid	id	V	tegusõna	10	
puuris	puurima	puuri	['puuri']	s	s	V	tegusõna	10	
rahutult	rahutult	rahutult	['rahutult']		0	D	määrsõna	10	
ringi	ringi	ringi	['ringi']		0	D	määrsõna	10	
.	.	.	['.']			Z	lausemärk	10	
Hoovi	hoov	hoov	['hoov']	adt	0	S	nimisõna	10	
kogunenud	kogunema|kogunenud	kogune|kogune=nud	[['kogune'], ['kogunenud'], ['kogunenud'], ['kogunenud']]	|nud|pl n|sg n	0|d|nud	A|V		10	
õukond	õukond	õukond	['õukond']	sg n	0	S	nimisõna	10	
kuulas	kuulama	kuula	['kuula']	s	s	V	tegusõna	10	
hinge	hing	hing	['hing']	sg p	0	S	nimisõna	10	
kinni	kinni	kinni	['kinni']		0	D	määrsõna	10	
pidades	pidama	pida	['pida']	des	des	V	tegusõna	10	
Oraakli	oraakel	oraakel	['oraakel']	sg g	0	S	nimisõna	10	
iga	iga	iga	['iga']	sg p	0	P	asesõna	10	
sõna	sõna	sõna	['sõna']	sg p	0	S	nimisõna	10	
,	,	,	[',']			Z	lausemärk	10	
sest	sest	sest	['sest']		0	J	sidesõna	10	
tema	tema	tema	['tema']	sg g	0	P	asesõna	10	
suu	suu	suu	['suu']	sg n	0	S	nimisõna	10	
läbi	läbi	läbi	['läbi']		0	D	määrsõna	10	
kõneles	kõnelema	kõnele	['kõnele']	s	s	V	tegusõna	10	
ju	ju	ju	['ju']		0	D	määrsõna	10	
jumal	jumal	jumal	['jumal']	sg n	0	S	nimisõna	10	
.	.	.	['.']			Z	lausemärk	10	
Rändrüütel	rändrüütel	ränd_rüütel	['ränd', 'rüütel']	sg n	0	S	nimisõna	11	
seisis	seisma	seis	['seis']	s	is	V	tegusõna	11	
vaikides	vaikima	vaiki	['vaiki']	des	des	V	tegusõna	11	
,	,	,	[',']			Z	lausemärk	11	
liikumatult	liikumatult	liikumatult	['liikumatult']		0	D	määrsõna	11	
nagu	nagu	nagu	[['nagu'], ['nagu']]		0	D|J		11	
raidkuju	raidkuju	raid_kuju	['raid', 'kuju']	sg n	0	S	nimisõna	11	
.	.	.	['.']			Z	lausemärk	11	
Näis	näima	näi	['näi']	s	s	V	tegusõna	11	
,	,	,	[',']			Z	lausemärk	11	
et	et	et	['et']		0	J	sidesõna	11	
ka	ka	ka	['ka']		0	D	määrsõna	11	
ta	tema	tema	['tema']	sg g	0	P	asesõna	11	
pikad	pikk	pikk	['pikk']	pl n	d	A	omadussõna algvõrre	11	
tumedad	tume	tume	['tume']	pl n	d	A	omadussõna algvõrre	11	
juuksed	juus	juus	['juus']	pl n	d	S	nimisõna	11	
jäid	jääma	jää	['jää']	sid	id	V	tegusõna	11	
tasasest	tasane	tasane	['tasane']	sg el	st	A	omadussõna algvõrre	11	
kõrbetuulest	kõrbetuul	kõrbe_tuul	['kõrbe', 'tuul']	sg el	st	S	nimisõna	11	
puutumata	puutumata	puutumata	['puutumata']		0	A	omadussõna algvõrre	11	
ning	ning	ning	['ning']		0	J	sidesõna	11	
et	et	et	['et']		0	J	sidesõna	11	
isegi	isegi	isegi	['isegi']		0	D	määrsõna	11	
ta	tema	tema	['tema']	sg g	0	P	asesõna	11	
riidevoldid	riidevolt	riide_volt	['riide', 'volt']	pl n	d	S	nimisõna	11	
olid	olema	ole	['ole']	sid	id	V	tegusõna	11	
tardunud	tarduma|tardunud	tardu|tardunud	[['tardu'], ['tardunud'], ['tardunud'], ['tardunud']]	|nud|pl n|sg n	0|d|nud	A|V		11	
.	.	.	['.']			Z	lausemärk	11	
Higi	higi	higi	['higi']	sg n	0	S	nimisõna	11	
voolas	voolama	voola	['voola']	s	s	V	tegusõna	11	
üle	üle	üle	['üle']		0	D	määrsõna	11	
Oraakli	oraakel	oraakel	['oraakel']	sg g	0	S	nimisõna	11	
otsaesise	otsaesine	otsa_esine	['otsa', 'esine']	sg g	0	S	nimisõna	11	
.	.	.	['.']			Z	lausemärk	11	
Mitte	mitte	mitte	['mitte']		0	D	määrsõna	11	
midagi	miski	miski	['miski']	sg p	dagi	P	asesõna	11	
.	.	.	['.']			Z	lausemärk	11	
Ta	tema	tema	['tema']	sg n	0	P	asesõna	11	
ei	ei	ei	['ei']	neg	0	V	tegusõna	11	
osanud	osanud|oskama	osa=nud|oska	[['oska'], ['osanud'], ['osanud'], ['osanud']]	|nud|pl n|sg n	0|d|nud	A|V		11	
mitte	mitte	mitte	['mitte']		0	D	määrsõna	11	
midagi	miski	miski	['miski']	sg p	dagi	P	asesõna	11	
öelda	ütlema	ütle	['ütle']	da	da	V	tegusõna	11	
.	.	.	['.']			Z	lausemärk	11	
Õukond	õukond	õukond	['õukond']	sg n	0	S	nimisõna	12	
ootas	ootama	oota	['oota']	s	s	V	tegusõna	12	
.	.	.	['.']			Z	lausemärk	12	
Oraakel	oraakel	oraakel	['oraakel']	sg n	0	S	nimisõna	12	
otsis	otsima	otsi	['otsi']	s	s	V	tegusõna	12	
ikka	ikka	ikka	['ikka']		0	D	määrsõna	12	
veel	veel	veel	['veel']		0	D	määrsõna	12	
...	...	...	['...']			Z	lausemärk	12	
Higinired	higinire	higi_nire	['higi', 'nire']	pl n	d	S	nimisõna	12	
valgusid	valguma	valgu	['valgu']	sid	sid	V	tegusõna	12	
ta	tema	tema	['tema']	sg g	0	P	asesõna	12	
pöetud	pöetud|pügama	pöe=tud|püga	[['pöetud'], ['pöetud'], ['pöetud'], ['püga']]	|pl n|sg n|tud	0|d|tud	A|V		12	
kulmudelt	kulm	kulm	['kulm']	pl abl	delt	S	nimisõna	12	
silmisse	silm	silm	['silm']	pl ill	isse	S	nimisõna	12	
ning	ning	ning	['ning']		0	J	sidesõna	12	
ta	tema	tema	['tema']	sg n	0	P	asesõna	12	
pilgutas	pilgutama	pilguta	['pilguta']	s	s	V	tegusõna	12	
neid	tema	tema	['tema']	pl p	d	P	asesõna	12	
hirmunult	hirmunult	hirmunult	['hirmunult']		0	D	määrsõna	12	
,	,	,	[',']			Z	lausemärk	12	
sest	sest	sest	['sest']		0	J	sidesõna	12	
teraselt	teraselt	teraselt	['teraselt']		0	D	määrsõna	12	
näha	nägema	näge	['näge']	da	a	V	tegusõna	12	
oli	olema	ole	['ole']	s	i	V	tegusõna	12	
ta	tema	tema	['tema']	sg g	0	P	asesõna	12	
ainus	ainus	ainus	['ainus']	sg n	0	A	omadussõna algvõrre	12	
lootus	lootus	lootus	['lootus']	sg n	0	S	nimisõna	12	
.	.	.	['.']			Z	lausemärk	12	
Ta	tema	tema	['tema']	sg n	0	P	asesõna	12	
uuris	uurima	uuri	['uuri']	s	s	V	tegusõna	12	
pingsalt	pingsalt	pingsalt	['pingsalt']		0	D	määrsõna	12	
rüütli	rüütel	rüütel	['rüütel']	sg g	0	S	nimisõna	12	
näojooni	näojoon	näo_joon	['näo', 'joon']	pl p	i	S	nimisõna	12	
,	,	,	[',']			Z	lausemärk	12	
vahtis	vahtima	vahti	['vahti']	s	s	V	tegusõna	12	
talle	tema	tema	['tema']	sg all	lle	P	asesõna	12	
januse	janune	janune	['janune']	sg g	0	A	omadussõna algvõrre	12	
häbitusega	häbitus	häbitus	['häbitus']	sg kom	ga	S	nimisõna	12	
otse	otse	otse	['otse']		0	D	määrsõna	12	
silma	silm	silm	['silm']	adt	0	S	nimisõna	12	
,	,	,	[',']			Z	lausemärk	12	
püüdes	püüdma	püüd	['püüd']	des	es	V	tegusõna	12	
tabada	tabama	taba	['taba']	da	da	V	tegusõna	12	
mingitki	mingi	mingi	['mingi']	sg p	t	P	asesõna	12	
virvendust	virvendus	virvendus	['virvendus']	sg p	t	S	nimisõna	12	
.	.	.	['.']			Z	lausemärk	12	
Vahepealne	vahepealne	vahe_pealne	['vahe', 'pealne']	sg n	0	A	omadussõna algvõrre	12	
aeg	aeg	aeg	['aeg']	sg n	0	S	nimisõna	12	
tuli	tulema	tule	['tule']	s	i	V	tegusõna	12	
täita	täitma	täit	['täit']	da	a	V	tegusõna	12	
lihtsamate	lihtsam	lihtsam	['lihtsam']	pl g	te	C	omadussõna keskvõrre	12	
oletustega	oletus	oletus	['oletus']	pl kom	tega	S	nimisõna	12	
,	,	,	[',']			Z	lausemärk	12	
mida	mis	mis	[['mis'], ['mis']]	pl p|sg p	da	P	asesõna	12	
kuuldes	kuulma	kuul	['kuul']	des	des	V	tegusõna	12	
õukondlasedki	õukondlane	õukondlane	['õukondlane']	pl n	d	S	nimisõna	12	
kõveralt	kõveralt	kõveralt	['kõveralt']		0	D	määrsõna	12	
muigasid	muigama	muiga	['muiga']	sid	sid	V	tegusõna	12	
,	,	,	[',']			Z	lausemärk	12	
kuid	kuid	kuid	['kuid']		0	J	sidesõna	12	
mis	mis	mis	[['mis'], ['mis']]	pl n|sg n	0	P	asesõna	12	
ometi	ometi	ometi	['ometi']		0	D	määrsõna	12	
valed	vale	vale	['vale']	pl n	d	S	nimisõna	12	
ei	ei	ei	['ei']	neg	0	V	tegusõna	12	
saanud	saama|saanud	saa|saa=nud	[['saa'], ['saanud'], ['saanud'], ['saanud']]	|nud|pl n|sg n	0|d|nud	A|V		12	
olla	olema	ole	['ole']	da	a	V	tegusõna	12	
—	-	-	['-']			Z	lausemärk	12	
vaja	vaja	vaja	['vaja']		0	D	määrsõna	12	
vaid	vaid	vaid	['vaid']		0	D	määrsõna	12	
õigesti	õigesti	õigesti	['õigesti']		0	D	määrsõna	12	
sõnastada	sõnastama	sõnasta	['sõnasta']	da	da	V	tegusõna	12	
.	.	.	['.']			Z	lausemärk	12	
""""	""""	""""	"['""']"			Z	lausemärk	13	
Sa	sina	sina	['sina']	sg n	0	P	asesõna	13	
kuuletud	kuuletuma	kuuletu	['kuuletu']	d	d	V	tegusõna	13	
iseendale	iseenese	ise_enese	['ise', 'enese']	sg all	le	P	asesõna	13	
ja	ja	ja	['ja']		0	J	sidesõna	13	
oma	oma	oma	['oma']	sg g	0	P	asesõna	13	
pühendumisele	pühendumine	pühendumine	['pühendumine']	sg all	le	S	nimisõna	13	
""""	""""	""""	"['""']"			Z	lausemärk	13	
—	-	-	['-']			Z	lausemärk	13	
see	see	see	['see']	sg n	0	P	asesõna	13	
kehtis	kehtima	kehti	['kehti']	s	s	V	tegusõna	13	
kõigi	kõik	kõik	['kõik']	pl g	0	P	asesõna	13	
rändrüütlite	rändrüütel	ränd_rüütel	['ränd', 'rüütel']	pl g	te	S	nimisõna	13	
kohta	kohta	kohta	['kohta']		0	K	kaassõna	13	
,	,	,	[',']			Z	lausemärk	13	
nii	nii	nii	['nii']		0	D	määrsõna	13	
et	et	et	['et']		0	J	sidesõna	13	
see	see	see	['see']	sg n	0	P	asesõna	13	
ei	ei	ei	['ei']	neg	0	V	tegusõna	13	
saanud	saama|saanud	saa|saa=nud	[['saa'], ['saanud'], ['saanud'], ['saanud']]	|nud|pl n|sg n	0|d|nud	A|V		13	
valesti	valesti	valesti	['valesti']		0	D	määrsõna	13	
minna	minema	mine	['mine']	da	a	V	tegusõna	13	
.	.	.	['.']			Z	lausemärk	13	
""""	""""	""""	"['""']"			Z	lausemärk	14	
Sa	sina	sina	['sina']	sg n	0	P	asesõna	14	
oled	olema	ole	['ole']	d	d	V	tegusõna	14	
aja	aeg	aeg	['aeg']	sg g	0	S	nimisõna	14	
möödudes	mööduma	möödu	['möödu']	des	des	V	tegusõna	14	
õppinud	õppima|õppinud	õppi|õppi=nud	[['õppi'], ['õppinud'], ['õppinud'], ['õppinud']]	|nud|pl n|sg n	0|d|nud	A|V		14	
vaikima	vaikima	vaiki	['vaiki']	ma	ma	V	tegusõna	14	
,	,	,	[',']			Z	lausemärk	14	
su	sina	sina	['sina']	sg g	0	P	asesõna	14	
õppetund	õppetund	õppe_tund	['õppe', 'tund']	sg n	0	S	nimisõna	14	
on	olema	ole	[['ole'], ['ole']]	b|vad	0	V	tegusõna	14	
olnud	olema|olnud	ol=nud|ole	[['olnud'], ['olnud'], ['olnud'], ['ole']]	|nud|pl n|sg n	0|d|nud	A|V		14	
ränk	ränk	ränk	['ränk']	sg n	0	A	omadussõna algvõrre	14	
ja	ja	ja	['ja']		0	J	sidesõna	14	
jäänud	jääma|jäänud	jää|jäänud	[['jää'], ['jäänud'], ['jäänud'], ['jäänud']]	|nud|pl n|sg n	0|d|nud	A|V		14	
hästi	hästi	hästi	['hästi']		0	D	määrsõna	14	
meelde	meel	meel	['meel']	adt	de	S	nimisõna	14	
...	...	...	['...']			Z	lausemärk	14	
""""	""""	""""	"['""']"			Z	lausemärk	14	
Kui	kui	kui	[['kui'], ['kui']]		0	D|J		14	
olukord	olukord	olu_kord	['olu', 'kord']	sg n	0	S	nimisõna	14	
polnuks	olema	ole	['ole']	neg nuks	nuks	V	tegusõna	14	
nii	nii	nii	['nii']		0	D	määrsõna	14	
tõsine	tõsine	tõsine	['tõsine']	sg n	0	A	omadussõna algvõrre	14	
,	,	,	[',']			Z	lausemärk	14	
oleks	olema	ole	['ole']	ks	ks	V	tegusõna	14	
Oraakel	oraakel	oraakel	['oraakel']	sg n	0	S	nimisõna	14	
muianud	muianud|muigama	muia=nud|muiga	[['muiga'], ['muianud'], ['muianud'], ['muianud']]	|nud|pl n|sg n	0|d|nud	A|V		14	
,	,	,	[',']			Z	lausemärk	14	
oma	oma	oma	['oma']	sg g	0	P	asesõna	14	
kõige	kõige	kõige	['kõige']		0	D	määrsõna	14	
suuremat	suurem	suurem	['suurem']	sg p	t	C	omadussõna keskvõrre	14	
muret	mure	mure	['mure']	sg p	t	S	nimisõna	14	
niiviisi	niiviisi	nii_viisi	['nii', 'viisi']		0	D	määrsõna	14	
enda	ise	ise	['ise']	sg g	0	P	asesõna	14	
kasuks	kasu	kasu	['kasu']	sg tr	ks	S	nimisõna	14	
pöörates	pöörama	pööra	['pööra']	des	tes	V	tegusõna	14	
,	,	,	[',']			Z	lausemärk	14	
kuid	kuid	kuid	['kuid']		0	J	sidesõna	14	
hetkel	hetk	hetk	['hetk']	sg ad	l	S	nimisõna	14	
ei	ei	ei	['ei']	neg	0	V	tegusõna	14	
pannud	panema|pannud	pan=nud|pane	[['pannud'], ['pannud'], ['pannud'], ['pane']]	|nud|pl n|sg n	0|d|nud	A|V		14	
ta	tema	tema	['tema']	sg n	0	P	asesõna	14	
irooniat	iroonia	iroonia	['iroonia']	sg p	t	S	nimisõna	14	
isegi	isegi	isegi	['isegi']		0	D	määrsõna	14	
tähele	tähele	tähele	['tähele']		0	X	verbi juurde kuuluv sõna	14	
.	.	.	['.']			Z	lausemärk	14	
Sest	sest	sest	['sest']		0	J	sidesõna	14	
see	see	see	['see']	sg n	0	P	asesõna	14	
oli	olema	ole	['ole']	s	i	V	tegusõna	14	
viimane	viimane	viimane	['viimane']	sg n	0	A	omadussõna algvõrre	14	
asi	asi	asi	['asi']	sg n	0	S	nimisõna	14	
,	,	,	[',']			Z	lausemärk	14	
mida	mis	mis	[['mis'], ['mis']]	pl p|sg p	da	P	asesõna	14	
ta	tema	tema	['tema']	sg n	0	P	asesõna	14	
öelda	ütlema	ütle	['ütle']	da	da	V	tegusõna	14	
oskas	oskama	oska	['oska']	s	s	V	tegusõna	14	
.	.	.	['.']			Z	lausemärk	14	
Seniniöeldu	seniniöeldu	senini_öel=du	['senini', 'öeldu']	sg n	0	S	nimisõna	14	
oli	olema	ole	['ole']	s	i	V	tegusõna	14	
väärtusetu	väärtusetu	väärtusetu	['väärtusetu']	sg g	0	A	omadussõna algvõrre	14	
,	,	,	[',']			Z	lausemärk	14	
täiesti	täiesti	täiesti	['täiesti']		0	D	määrsõna	14	
väärtusetu	väärtusetu	väärtusetu	['väärtusetu']	sg g	0	A	omadussõna algvõrre	14	
.	.	.	['.']			Z	lausemärk	14	
Ta	tema	tema	['tema']	sg n	0	P	asesõna	14	
tõmbas	tõmbama	tõmba	['tõmba']	s	s	V	tegusõna	14	
hetkeks	hetk	hetk	['hetk']	sg tr	ks	S	nimisõna	14	
hinge	hing	hing	['hing']	sg p	0	S	nimisõna	14	
.	.	.	['.']			Z	lausemärk	14	
Avas	avama	ava	['ava']	s	s	V	tegusõna	14	
suu	suu	suu	['suu']	sg n	0	S	nimisõna	14	
,	,	,	[',']			Z	lausemärk	14	
et	et	et	['et']		0	J	sidesõna	14	
veel	veel	veel	['veel']		0	D	määrsõna	14	
midagi	miski	miski	['miski']	sg p	dagi	P	asesõna	14	
lausuda	lausuma	lausu	['lausu']	da	da	V	tegusõna	14	
,	,	,	[',']			Z	lausemärk	14	
kuid	kuid	kuid	['kuid']		0	J	sidesõna	14	
mõtles	mõtlema	mõtle	['mõtle']	s	s	V	tegusõna	14	
siis	siis	siis	['siis']		0	D	määrsõna	14	
ümber	ümber	ümber	['ümber']		0	D	määrsõna	14	
.	.	.	['.']			Z	lausemärk	14	
Mitte	mitte	mitte	['mitte']		0	D	määrsõna	14	
kunagi	kunagi	kunagi	['kunagi']		0	D	määrsõna	14	
varem	varem	varem	['varem']		0	D	määrsõna	14	
ei	ei	ei	['ei']	neg	0	V	tegusõna	14	
olnud	olema|olnud	ol=nud|ole	[['olnud'], ['olnud'], ['olnud'], ['ole']]	|nud|pl n|sg n	0|d|nud	A|V		14	
ta	tema	tema	['tema']	sg n	0	P	asesõna	14	
näinud	nägema|näima|näinud	näge|näi|näi=nud	[['näi'], ['näge'], ['näinud'], ['näinud'], ['näinud']]	|nud|pl n|sg n	0|d|nud	A|V		14	
nägu	nägu	nägu	['nägu']	sg p	0	S	nimisõna	14	
,	,	,	[',']			Z	lausemärk	14	
mis	mis	mis	[['mis'], ['mis']]	pl n|sg n	0	P	asesõna	14	
oleks	olema	ole	['ole']	ks	ks	V	tegusõna	14	
nii	nii	nii	['nii']		0	D	määrsõna	14	
suletud	suletud|sulgema	suletud|sulge	[['sulge'], ['suletud'], ['suletud'], ['suletud']]	|pl n|sg n|tud	0|d|tud	A|V		14	
ja	ja	ja	['ja']		0	J	sidesõna	14	
ilmetu	ilmetu	ilmetu	['ilmetu']	sg n	0	A	omadussõna algvõrre	14	
.	.	.	['.']			Z	lausemärk	14	
Vaikus	vaikus	vaikus	['vaikus']	sg n	0	S	nimisõna	14	
venis	venima	veni	['veni']	s	s	V	tegusõna	14	
aina	aina	aina	['aina']		0	D	määrsõna	14	
pikemaks	pikem	pikem	['pikem']	sg tr	ks	C	omadussõna keskvõrre	14	
.	.	.	['.']			Z	lausemärk	14	
Õukond	õukond	õukond	['õukond']	sg n	0	S	nimisõna	14	
hakkas	hakkama	hakka	['hakka']	s	s	V	tegusõna	14	
rahutult	rahutult	rahutult	['rahutult']		0	D	määrsõna	14	
nihelema	nihelema	nihele	['nihele']	ma	ma	V	tegusõna	14	
.	.	.	['.']			Z	lausemärk	14	
Rüütel	Rüütel	Rüütel	[['Rüütel'], ['Rüütel']]	sg n	0	H	pärisnimi	14	
seisis	seisma	seis	['seis']	s	is	V	tegusõna	14	
lõvipuuri	lõvipuur	lõvi_puur	['lõvi', 'puur']	sg g	0	S	nimisõna	14	
ees	ees	ees	['ees']		0	K	kaassõna	14	
ja	ja	ja	['ja']		0	J	sidesõna	14	
ootas	ootama	oota	['oota']	s	s	V	tegusõna	14	
kannatlikult	kannatlikult	kannatlikult	['kannatlikult']		0	D	määrsõna	14	
.	.	.	['.']			Z	lausemärk	14	
Ta	tema	tema	['tema']	sg n	0	P	asesõna	14	
ei	ei	ei	['ei']	neg	0	V	tegusõna	14	
pilgutanud	pilgutama|pilgutanud	pilguta|pilguta=nud	[['pilguta'], ['pilgutanud'], ['pilgutanud'], ['pilgutanud']]	|nud|pl n|sg n	0|d|nud	A|V		14	
isegi	isegi	isegi	['isegi']		0	D	määrsõna	14	
silmi	silm	silm	['silm']	pl p	i	S	nimisõna	14	
mitte	mitte	mitte	['mitte']		0	D	määrsõna	14	
.	.	.	['.']			Z	lausemärk	14	
Siis	siis	siis	['siis']		0	D	määrsõna	15	
Oraakel	oraakel	oraakel	['oraakel']	sg n	0	S	nimisõna	15	
otsustas	otsustama	otsusta	['otsusta']	s	s	V	tegusõna	15	
.	.	.	['.']			Z	lausemärk	15	
Ta	tema	tema	['tema']	sg n	0	P	asesõna	15	
ei	ei	ei	['ei']	neg	0	V	tegusõna	15	
osanud	osanud|oskama	osa=nud|oska	[['oska'], ['osanud'], ['osanud'], ['osanud']]	|nud|pl n|sg n	0|d|nud	A|V		15	
rohkemat	rohkem	rohke=m	['rohkem']	sg p	t	C	omadussõna keskvõrre	15	
öelda	ütlema	ütle	['ütle']	da	da	V	tegusõna	15	
,	,	,	[',']			Z	lausemärk	15	
seepärast	seepärast	see_pärast	['see', 'pärast']		0	D	määrsõna	15	
oli	olema	ole	['ole']	s	i	V	tegusõna	15	
tal	tema	tema	['tema']	sg ad	l	P	asesõna	15	
vaid	vaid	vaid	['vaid']		0	D	määrsõna	15	
üksainus	üksainus	üks_ainus	['üks', 'ainus']	sg n	0	A	omadussõna algvõrre	15	
võimalus	võimalus	võimalus	['võimalus']	sg n	0	S	nimisõna	15	
:	:	:	[':']			Z	lausemärk	15	
tühjast	tühi	tühi	['tühi']	sg el	st	A	omadussõna algvõrre	15	
tuulest	tuul	tuul	['tuul']	sg el	st	S	nimisõna	15	
tuld	tuli	tuli	['tuli']	sg p	0	S	nimisõna	15	
võtta	võtma	võt	['võt']	da	a	V	tegusõna	15	
ja	ja	ja	['ja']		0	J	sidesõna	15	
midagi	miski	miski	['miski']	sg p	dagi	P	asesõna	15	
kokku	kokku	kokku	['kokku']		0	D	määrsõna	15	
luuletada	luuletama	luuleta	['luuleta']	da	da	V	tegusõna	15	
,	,	,	[',']			Z	lausemärk	15	
tuginedes	tuginema	tugine	['tugine']	des	des	V	tegusõna	15	
vaid	vaid	vaid	['vaid']		0	D	määrsõna	15	
muljele	mulje	mulje	['mulje']	sg all	le	S	nimisõna	15	
,	,	,	[',']			Z	lausemärk	15	
mis	mis	mis	[['mis'], ['mis']]	pl n|sg n	0	P	asesõna	15	
tal	tema	tema	['tema']	sg ad	l	P	asesõna	15	
süngelt	süngelt	süngelt	['süngelt']		0	D	määrsõna	15	
vaikivast	vaikiv	vaikiv	['vaikiv']	sg el	st	A	omadussõna algvõrre	15	
rändajast	rändaja	rändaja	['rändaja']	sg el	st	S	nimisõna	15	
oli	olema	ole	['ole']	s	i	V	tegusõna	15	
.	.	.	['.']			Z	lausemärk	15	
Õnnetuseks	õnnetus	õnnetus	['õnnetus']	sg tr	ks	S	nimisõna	15	
oli	olema	ole	['ole']	s	i	V	tegusõna	15	
see	see	see	['see']	sg n	0	P	asesõna	15	
mulje	mulje	mulje	['mulje']	sg n	0	S	nimisõna	15	
enam	enam	enam	['enam']		0	D	määrsõna	15	
kui	kui	kui	[['kui'], ['kui']]		0	D|J		15	
halb	halb	halb	['halb']	sg n	0	A	omadussõna algvõrre	15	
,	,	,	[',']			Z	lausemärk	15	
kätkedes	kätkema	kätke	['kätke']	des	des	V	tegusõna	15	
endas	ise	ise	['ise']	sg in	s	P	asesõna	15	
ka	ka	ka	['ka']		0	D	määrsõna	15	
teravat	terav	terav	['terav']	sg p	t	A	omadussõna algvõrre	15	
kättemaksujanu	kättemaksujanu	kätte_maksu_janu	['kätte', 'maksu', 'janu']	sg p	0	S	nimisõna	15	
oma	oma	oma	['oma']	sg g	0	P	asesõna	15	
surmahirmu	surmahirm	surma_hirm	['surma', 'hirm']	sg g	0	S	nimisõna	15	
—	-	-	['-']			Z	lausemärk	15	
ja	ja	ja	['ja']		0	J	sidesõna	15	
võibolla	võibolla	võib_olla	['võib', 'olla']		0	D	määrsõna	15	
ka	ka	ka	['ka']		0	D	määrsõna	15	
surma	surm	surm	['surm']	sg p	0	S	nimisõna	15	
—	-	-	['-']			Z	lausemärk	15	
põhjustaja	põhjustaja	põhjustaja	['põhjustaja']	sg g	0	S	nimisõna	15	
vastu	vastu	vastu	['vastu']		0	K	kaassõna	15	
.	.	.	['.']			Z	lausemärk	15	
Sel	see	see	['see']	sg ad	l	P	asesõna	15	
hetkel	hetk	hetk	['hetk']	sg ad	l	S	nimisõna	15	
ta	tema	tema	['tema']	sg n	0	P	asesõna	15	
tõepoolest	tõepoolest	tõe_poolest	['tõe', 'poolest']		0	D	määrsõna	15	
vihkas	vihkama	vihka	['vihka']	s	s	V	tegusõna	15	
võõrast	võõras	võõras	['võõras']	sg p	t	A	omadussõna algvõrre	15	
rüütlit	rüütel	rüütel	['rüütel']	sg p	t	S	nimisõna	15	
.	.	.	['.']			Z	lausemärk	15	
Oraakel	oraakel	oraakel	['oraakel']	sg n	0	S	nimisõna	16	
alustas	alustama	alusta	['alusta']	s	s	V	tegusõna	16	
:	:	:	[':']			Z	lausemärk	16	
""""	""""	""""	"['""']"			Z	lausemärk	17	
Su	sina	sina	['sina']	sg g	0	P	asesõna	17	
minevik	minevik	minevik	['minevik']	sg n	0	S	nimisõna	17	
on	olema	ole	[['ole'], ['ole']]	b|vad	0	V	tegusõna	17	
olnud	olema|olnud	ol=nud|ole	[['olnud'], ['olnud'], ['olnud'], ['ole']]	|nud|pl n|sg n	0|d|nud	A|V		17	
rahutu	rahutu	rahutu	['rahutu']	sg n	0	A	omadussõna algvõrre	17	
,	,	,	[',']			Z	lausemärk	17	
täis	täis	täis	['täis']		0	A	omadussõna algvõrre	17	
veriseid	verine	verine	['verine']	pl p	id	A	omadussõna algvõrre	17	
taplusi	taplus	taplus	['taplus']	pl p	i	S	nimisõna	17	
ning	ning	ning	['ning']		0	J	sidesõna	17	
alatut	alatu	alatu	['alatu']	sg p	t	A	omadussõna algvõrre	17	
reetmist	reetmine	reetmine	['reetmine']	sg p	t	S	nimisõna	17	
.	.	.	['.']			Z	lausemärk	17	
Ükski	ükski	ükski	['ükski']		0	D	määrsõna	17	
inimlik	inimlik	inimlik	['inimlik']	sg n	0	A	omadussõna algvõrre	17	
madalus	madalus	madalus	['madalus']	sg n	0	S	nimisõna	17	
ei	ei	ei	['ei']	neg	0	V	tegusõna	17	
ole	olema	ole	['ole']	o	0	V	tegusõna	17	
sulle	sina	sina	['sina']	sg all	lle	P	asesõna	17	
võõras	võõras	võõras	['võõras']	sg n	0	A	omadussõna algvõrre	17	
.	.	.	['.']			Z	lausemärk	17	
Su	sina	sina	['sina']	sg g	0	P	asesõna	17	
hing	hing	hing	['hing']	sg n	0	S	nimisõna	17	
on	olema	ole	[['ole'], ['ole']]	b|vad	0	V	tegusõna	17	
kantsiks	kants	kants	['kants']	sg tr	ks	S	nimisõna	17	
süngetele	sünge	sünge	['sünge']	pl all	tele	A	omadussõna algvõrre	17	
mälestustele	mälestus	mälestus	['mälestus']	pl all	tele	S	nimisõna	17	
,	,	,	[',']			Z	lausemärk	17	
mis	mis	mis	[['mis'], ['mis']]	pl n|sg n	0	P	asesõna	17	
sind	sina	sina	['sina']	sg p	d	P	asesõna	17	
eales	eales	eales	['eales']		0	D	määrsõna	17	
maha	maha	maha	['maha']		0	D	määrsõna	17	
ei	ei	ei	['ei']	neg	0	V	tegusõna	17	
jäta	jätma	jät	['jät']	o	0	V	tegusõna	17	
.	.	.	['.']			Z	lausemärk	17	
Sa	sina	sina	['sina']	sg n	0	P	asesõna	17	
oled	olema	ole	['ole']	d	d	V	tegusõna	17	
oma	oma	oma	['oma']	sg g	0	P	asesõna	17	
sõjateel	sõjatee	sõja_tee	['sõja', 'tee']	sg ad	l	S	nimisõna	17	
näinud	nägema|näima|näinud	näge|näi|näi=nud	[['näi'], ['näge'], ['näinud'], ['näinud'], ['näinud']]	|nud|pl n|sg n	0|d|nud	A|V		17	
nii	nii	nii	['nii']		0	D	määrsõna	17	
palju	palju	palju	['palju']		0	D	määrsõna	17	
kannatusi	kannatus	kannatus	['kannatus']	pl p	i	S	nimisõna	17	
,	,	,	[',']			Z	lausemärk	17	
et	et	et	['et']		0	J	sidesõna	17	
kaasinimeste	kaasinimene	kaas_inimene	['kaas', 'inimene']	pl g	te	S	nimisõna	17	
valu	valu	valu	['valu']	sg n	0	S	nimisõna	17	
jätab	jätma	jät	['jät']	b	b	V	tegusõna	17	
sind	sina	sina	['sina']	sg p	d	P	asesõna	17	
ükskõikseks	ükskõikne	üks_kõikne	['üks', 'kõikne']	sg tr	ks	A	omadussõna algvõrre	17	
.	.	.	['.']			Z	lausemärk	17	
Seepärast	seepärast	see_pärast	['see', 'pärast']		0	D	määrsõna	17	
oled	olema	ole	['ole']	d	d	V	tegusõna	17	
sa	sina	sina	['sina']	sg n	0	P	asesõna	17	
alati	alati	alati	['alati']		0	D	määrsõna	17	
üksi	üksi	üksi	['üksi']		0	D	määrsõna	17	
,	,	,	[',']			Z	lausemärk	17	
nii	nii	nii	['nii']		0	D	määrsõna	17	
üksi	üksi	üksi	['üksi']		0	D	määrsõna	17	
,	,	,	[',']			Z	lausemärk	17	
et	et	et	['et']		0	J	sidesõna	17	
sa	sina	sina	['sina']	sg n	0	P	asesõna	17	
isegi	isegi	isegi	['isegi']		0	D	määrsõna	17	
ei	ei	ei	['ei']	neg	0	V	tegusõna	17	
oska	oskama	oska	['oska']	o	0	V	tegusõna	17	
enam	enam	enam	['enam']		0	D	määrsõna	17	
loota	lootma	loot	['loot']	da	a	V	tegusõna	17	
kedagi	keegi	keegi	['keegi']	sg p	dagi	P	asesõna	17	
enese	ise	ise	['ise']	sg g	0	P	asesõna	17	
kõrvale	kõrvale	kõrvale	['kõrvale']		0	K	kaassõna	17	
.	.	.	['.']			Z	lausemärk	17	
Sa	sina	sina	['sina']	sg n	0	P	asesõna	17	
ei	ei	ei	['ei']	neg	0	V	tegusõna	17	
peatu	peatuma	peatu	['peatu']	o	0	V	tegusõna	17	
kusagil	kusagil	kusagil	['kusagil']		0	D	määrsõna	17	
küllalt	küllalt	küllalt	['küllalt']		0	D	määrsõna	17	
kaua	kaua	kaua	['kaua']		0	D	määrsõna	17	
,	,	,	[',']			Z	lausemärk	17	
et	et	et	['et']		0	J	sidesõna	17	
seda	see	see	['see']	sg p	da	P	asesõna	17	
kohta	koht	koht	['koht']	sg p	0	S	nimisõna	17	
koduks	kodu	kodu	['kodu']	sg tr	ks	S	nimisõna	17	
nimetada	nimetama	nimeta	['nimeta']	da	da	V	tegusõna	17	
,	,	,	[',']			Z	lausemärk	17	
igavene	igavene	igavene	['igavene']	sg n	0	A	omadussõna algvõrre	17	
rahutus	rahutus	rahutus	['rahutus']	sg n	0	S	nimisõna	17	
ajab	ajama	aja	['aja']	b	b	V	tegusõna	17	
sind	sina	sina	['sina']	sg p	d	P	asesõna	17	
üha	üha	üha	['üha']		0	D	määrsõna	17	
edasi	edasi	edasi	['edasi']		0	D	määrsõna	17	
,	,	,	[',']			Z	lausemärk	17	
sa	sina	sina	['sina']	sg n	0	P	asesõna	17	
hüppad	hüppama	hüppa	['hüppa']	d	d	V	tegusõna	17	
taas	taas	taas	['taas']		0	D	määrsõna	17	
sadulasse	sadul	sadul	['sadul']	sg ill	sse	S	nimisõna	17	
ja	ja	ja	['ja']		0	J	sidesõna	17	
sõidad	sõitma	sõit	['sõit']	d	d	V	tegusõna	17	
,	,	,	[',']			Z	lausemärk	17	
ilma	ilma	ilma	['ilma']		0	D	määrsõna	17	
et	et	et	['et']		0	J	sidesõna	17	
sa	sina	sina	['sina']	sg n	0	P	asesõna	17	
isegi	isegi	isegi	['isegi']		0	D	määrsõna	17	
teaks	teadma	tead	['tead']	ks	ks	V	tegusõna	17	
,	,	,	[',']			Z	lausemärk	17	
kuhu	kuhu	kuhu	['kuhu']		0	D	määrsõna	17	
ja	ja	ja	['ja']		0	J	sidesõna	17	
mispärast	mispärast	mis_pärast	['mis', 'pärast']		0	D	määrsõna	17	
ning	ning	ning	['ning']		0	J	sidesõna	17	
millal	millal	millal	['millal']		0	D	määrsõna	17	
sa	sina	sina	['sina']	sg n	0	P	asesõna	17	
kord	kord	kord	['kord']		0	D	määrsõna	17	
taas	taas	taas	['taas']		0	D	määrsõna	17	
peatud	peatu|peatuma	peatu	[['peatu'], ['peatu']]	d|pl n	d	A|V		17	
.	.	.	['.']			Z	lausemärk	17	
Su	sina	sina	['sina']	sg g	0	P	asesõna	17	
sihitus	sihitus	sihitus	['sihitus']	sg n	0	S	nimisõna	17	
on	olema	ole	[['ole'], ['ole']]	b|vad	0	V	tegusõna	17	
su	sina	sina	['sina']	sg g	0	P	asesõna	17	
eesmärk	eesmärk	ees_märk	['ees', 'märk']	sg n	0	S	nimisõna	17	
.	.	.	['.']			Z	lausemärk	17	
Sinna	sinna	sinna	['sinna']		0	D	määrsõna	17	
,	,	,	[',']			Z	lausemärk	17	
kust	kust	kust	['kust']		0	D	määrsõna	17	
sa	sina	sina	['sina']	sg n	0	P	asesõna	17	
läbi	läbi	läbi	['läbi']		0	D	määrsõna	17	
oled	olema	ole	['ole']	d	d	V	tegusõna	17	
rännanud	rändama|rännanud	rända|ränna=nud	[['rända'], ['rännanud'], ['rännanud'], ['rännanud']]	|nud|pl n|sg n	0|d|nud	A|V		17	
,	,	,	[',']			Z	lausemärk	17	
jääb	jääma	jää	['jää']	b	b	V	tegusõna	17	
maha	maha	maha	['maha']		0	D	määrsõna	17	
õnnetus	õnnetus	õnnetus	['õnnetus']	sg n	0	S	nimisõna	17	
ning	ning	ning	['ning']		0	J	sidesõna	17	
su	sina	sina	['sina']	sg g	0	P	asesõna	17	
nime	nimi	nimi	['nimi']	sg p	0	S	nimisõna	17	
tuletatakse	tuletama	tuleta	['tuleta']	takse	takse	V	tegusõna	17	
needes	needma	need	['need']	des	es	V	tegusõna	17	
meelde	meel	meel	['meel']	adt	de	S	nimisõna	17	
...	...	...	['...']			Z	lausemärk	17	
""""	""""	""""	"['""']"			Z	lausemärk	17	
Kohkunult	kohkunult	kohkunult	['kohkunult']		0	D	määrsõna	18	
kuulis	kuulma	kuul	['kuul']	s	is	V	tegusõna	18	
õukond	õukond	õukond	['õukond']	sg n	0	S	nimisõna	18	
Oraakli	oraakel	oraakel	['oraakel']	sg g	0	S	nimisõna	18	
ränki	ränk	ränk	['ränk']	pl p	i	A	omadussõna algvõrre	18	
sõnu	sõna	sõna	['sõna']	pl p	u	S	nimisõna	18	
,	,	,	[',']			Z	lausemärk	18	
kuid	kuid	kuid	['kuid']		0	J	sidesõna	18	
too	too	too	['too']	sg n	0	P	asesõna	18	
ei	ei	ei	['ei']	neg	0	V	tegusõna	18	
suutnud	suutma|suutnud	suut|suut=nud	[['suut'], ['suutnud'], ['suutnud'], ['suutnud']]	|nud|pl n|sg n	0|d|nud	A|V		18	
enam	enam	enam	['enam']		0	D	määrsõna	18	
peatuda	peatuma	peatu	['peatu']	da	da	V	tegusõna	18	
,	,	,	[',']			Z	lausemärk	18	
sest	sest	sest	['sest']		0	J	sidesõna	18	
tundis	tundma	tund	['tund']	s	is	V	tegusõna	18	
,	,	,	[',']			Z	lausemärk	18	
et	et	et	['et']		0	J	sidesõna	18	
imelühikeseks	imelühike	ime_lühike	['ime', 'lühike']	sg tr	ks	A	omadussõna algvõrre	18	
hetkeks	hetk	hetk	['hetk']	sg tr	ks	S	nimisõna	18	
ilmus	ilmuma	ilmu	['ilmu']	s	s	V	tegusõna	18	
rüütli	rüütel	rüütel	['rüütel']	sg g	0	S	nimisõna	18	
silmadesse	silm	silm	['silm']	pl ill	desse	S	nimisõna	18	
tume	tume	tume	['tume']	sg n	0	A	omadussõna algvõrre	18	
säratus	säratus	säratus	['säratus']	sg n	0	S	nimisõna	18	
,	,	,	[',']			Z	lausemärk	18	
mis	mis	mis	[['mis'], ['mis']]	pl n|sg n	0	P	asesõna	18	
ta	tema	tema	['tema']	sg g	0	P	asesõna	18	
sõnad	sõna	sõna	['sõna']	pl n	d	S	nimisõna	18	
õigeks	õige	õige	['õige']	sg tr	ks	A	omadussõna algvõrre	18	
tunnistas	tunnistama	tunnista	['tunnista']	s	s	V	tegusõna	18	
.	.	.	['.']			Z	lausemärk	18	
Seepärast	seepärast	see_pärast	['see', 'pärast']		0	D	määrsõna	18	
,	,	,	[',']			Z	lausemärk	18	
kiindudes	kiinduma	kiindu	['kiindu']	des	des	V	tegusõna	18	
pilguga	pilk	pilk	['pilk']	sg kom	ga	S	nimisõna	18	
kuulaja	kuulaja	kuulaja	['kuulaja']	sg g	0	S	nimisõna	18	
silmavaatesse	silmavaade	silma_vaade	['silma', 'vaade']	sg ill	sse	S	nimisõna	18	
,	,	,	[',']			Z	lausemärk	18	
julges	julgema	julge	['julge']	s	s	V	tegusõna	18	
Oraakel	oraakel	oraakel	['oraakel']	sg n	0	S	nimisõna	18	
selle	see	see	['see']	sg g	0	P	asesõna	18	
hämarust	hämarus	hämarus	['hämarus']	sg p	t	S	nimisõna	18	
inimkeelde	inimkeel	inim_keel	['inim', 'keel']	adt	de	S	nimisõna	18	
ümber	ümber	ümber	['ümber']		0	D	määrsõna	18	
panna	panema	pane	['pane']	da	a	V	tegusõna	18	
.	.	.	['.']			Z	lausemärk	18	
Ta	tema	tema	['tema']	sg n	0	P	asesõna	18	
tundis	tundma	tund	['tund']	s	is	V	tegusõna	18	
,	,	,	[',']			Z	lausemärk	18	
et	et	et	['et']		0	J	sidesõna	18	
pääsemine	pääsemine	pääsemine	['pääsemine']	sg n	0	S	nimisõna	18	
ei	ei	ei	['ei']	neg	0	V	tegusõna	18	
olegi	olema	ole	['ole']	o	0	V	tegusõna	18	
enam	enam	enam	['enam']		0	D	määrsõna	18	
nii	nii	nii	['nii']		0	D	määrsõna	18	
võimatu	võimatu	võimatu	['võimatu']	sg n	0	A	omadussõna algvõrre	18	
:	:	:	[':']			Z	lausemärk	18	
rüütel	rüütel	rüütel	['rüütel']	sg n	0	S	nimisõna	18	
oli	olema	ole	['ole']	s	i	V	tegusõna	18	
ta	tema	tema	['tema']	sg g	0	P	asesõna	18	
vihast	viha|viht	viha|viht	[['viht'], ['viha']]	sg el	st	S	nimisõna	18	
kantud	kandma|kantud	kand|kantud	[['kand'], ['kantud'], ['kantud'], ['kantud']]	|pl n|sg n|tud	0|d|tud	A|V		18	
ennustuse	ennustus	ennustus	['ennustus']	sg g	0	S	nimisõna	18	
peaaegu	peaaegu	pea_aegu	['pea', 'aegu']		0	D	määrsõna	18	
õigeks	õige	õige	['õige']	sg tr	ks	A	omadussõna algvõrre	18	
kinnitanud	kinnitama|kinnitanud	kinnita|kinnita=nud	[['kinnita'], ['kinnitanud'], ['kinnitanud'], ['kinnitanud']]	|nud|pl n|sg n	0|d|nud	A|V		18	
.	.	.	['.']			Z	lausemärk	18	
""""	""""	""""	"['""']"			Z	lausemärk	19	
Su	sina	sina	['sina']	sg g	0	P	asesõna	19	
relv	relv	relv	['relv']	sg n	0	S	nimisõna	19	
on	olema	ole	[['ole'], ['ole']]	b|vad	0	V	tegusõna	19	
alati	alati	alati	['alati']		0	D	määrsõna	19	
haljas	haljas	haljas	['haljas']	sg n	0	A	omadussõna algvõrre	19	
ning	ning	ning	['ning']		0	J	sidesõna	19	
kord	kord	kord	['kord']	sg n	0	S	nimisõna	19	
mõõga	mõõk	mõõk	['mõõk']	sg g	0	S	nimisõna	19	
tõstnuna	tõstnu	tõst=nu	['tõstnu']	sg es	na	S	nimisõna	19	
ei	ei	ei	['ei']	neg	0	V	tegusõna	19	
halasta	halastama	halasta	['halasta']	o	0	V	tegusõna	19	
sa	sina	sina	['sina']	sg n	0	P	asesõna	19	
eales	eales	eales	['eales']		0	D	määrsõna	19	
seda	see	see	['see']	sg p	da	P	asesõna	19	
taas	taas	taas	['taas']		0	D	määrsõna	19	
langetades	langetama	langeta	['langeta']	des	des	V	tegusõna	19	
.	.	.	['.']			Z	lausemärk	19	
Kuningad	kuningas	kuningas	['kuningas']	pl n	d	S	nimisõna	19	
peavad	pidama	pida	['pida']	vad	vad	V	tegusõna	19	
sind	sina	sina	['sina']	sg p	d	P	asesõna	19	
hinnaliseks	hinnaline	hinnaline	['hinnaline']	sg tr	ks	A	omadussõna algvõrre	19	
ning	ning	ning	['ning']		0	J	sidesõna	19	
igaüks	igaüks	iga_üks	['iga', 'üks']	sg n	0	P	asesõna	19	
tahab	tahtma	taht	['taht']	b	b	V	tegusõna	19	
,	,	,	[',']			Z	lausemärk	19	
et	et	et	['et']		0	J	sidesõna	19	
võitleksid	võitlema	võitle	['võitle']	ksid	ksid	V	tegusõna	19	
tema	tema	tema	['tema']	sg g	0	P	asesõna	19	
poolel	pool	pool	['pool']	sg ad	l	S	nimisõna	19	
.	.	.	['.']			Z	lausemärk	19	
Sina	sina	sina	['sina']	sg n	0	P	asesõna	19	
ei	ei	ei	['ei']	neg	0	V	tegusõna	19	
tea	teadma	tead	['tead']	o	0	V	tegusõna	19	
aga	aga	aga	['aga']		0	J	sidesõna	19	
pooltest	pool	pool	['pool']	pl el	test	S	nimisõna	19	
ega	ega	ega	['ega']		0	J	sidesõna	19	
sõjasõpradest	sõjasõber	sõja_sõber	['sõja', 'sõber']	pl el	dest	S	nimisõna	19	
,	,	,	[',']			Z	lausemärk	19	
vaid	vaid	vaid	['vaid']		0	J	sidesõna	19	
võitled	võitlema	võitle	['võitle']	d	d	V	tegusõna	19	
ainuüksi	ainuüksi	ainu_üksi	['ainu', 'üksi']		0	D	määrsõna	19	
iseenda	iseenese	ise_enese	['ise', 'enese']	sg g	0	P	asesõna	19	
jaoks	jaoks	jaoks	['jaoks']		0	K	kaassõna	19	
ja	ja	ja	['ja']		0	J	sidesõna	19	
selle	see	see	['see']	sg g	0	P	asesõna	19	
tasu	tasu	tasu	['tasu']	sg g	0	S	nimisõna	19	
eest	eest	eest	['eest']		0	K	kaassõna	19	
,	,	,	[',']			Z	lausemärk	19	
mida	mis	mis	[['mis'], ['mis']]	pl p|sg p	da	P	asesõna	19	
sa	sina	sina	['sina']	sg n	0	P	asesõna	19	
võitjana	võitja	võitja	['võitja']	sg es	na	S	nimisõna	19	
saad	saama	saa	['saa']	d	d	V	tegusõna	19	
.	.	.	['.']			Z	lausemärk	19	
""""	""""	""""	"['""']"			Z	lausemärk	19	
Õukond	õukond	õukond	['õukond']	sg n	0	S	nimisõna	20	
ahhetas	ahhetama	ahheta	['ahheta']	s	s	V	tegusõna	20	
:	:	:	[':']			Z	lausemärk	20	
rüütlid	rüütel	rüütel	['rüütel']	pl n	d	S	nimisõna	20	
olid	olema	ole	['ole']	sid	id	V	tegusõna	20	
küll	küll	küll	['küll']		0	D	määrsõna	20	
tõepoolest	tõepoolest	tõe_poolest	['tõe', 'poolest']		0	D	määrsõna	20	
palgasõdurid	palgasõdur	palga_sõdur	['palga', 'sõdur']	pl n	d	S	nimisõna	20	
,	,	,	[',']			Z	lausemärk	20	
kuid	kuid	kuid	['kuid']		0	J	sidesõna	20	
...	...	...	['...']			Z	lausemärk	20	
seda	see	see	['see']	sg p	da	P	asesõna	20	
niiviisi	niiviisi	nii_viisi	['nii', 'viisi']		0	D	määrsõna	20	
näkku	nägu	nägu	['nägu']	adt	0	S	nimisõna	20	
öelda	ütlema	ütle	['ütle']	da	da	V	tegusõna	20	
?	?	?	['?']			Z	lausemärk	20	
Oraakel	oraakel	oraakel	['oraakel']	sg n	0	S	nimisõna	20	
aga	aga	aga	['aga']		0	J	sidesõna	20	
ei	ei	ei	['ei']	neg	0	V	tegusõna	20	
lõpetanud	lõpetama|lõpetanud	lõpeta|lõpetanud	[['lõpeta'], ['lõpetanud'], ['lõpetanud'], ['lõpetanud']]	|nud|pl n|sg n	0|d|nud	A|V		20	
ikka	ikka	ikka	['ikka']		0	D	määrsõna	20	
veel	veel	veel	['veel']		0	D	määrsõna	20	
.	.	.	['.']			Z	lausemärk	20	
""""	""""	""""	"['""']"			Z	lausemärk	21	
Su	sina	sina	['sina']	sg g	0	P	asesõna	21	
tulevik	tulevik	tulevik	['tulevik']	sg n	0	S	nimisõna	21	
on	olema	ole	[['ole'], ['ole']]	b|vad	0	V	tegusõna	21	
lõputu	lõputu	lõputu	['lõputu']	sg n	0	A	omadussõna algvõrre	21	
rännak	rännak	rännak	['rännak']	sg n	0	S	nimisõna	21	
,	,	,	[',']			Z	lausemärk	21	
sa	sina	sina	['sina']	sg n	0	P	asesõna	21	
ei	ei	ei	['ei']	neg	0	V	tegusõna	21	
saa	saama	saa	['saa']	o	0	V	tegusõna	21	
iial	iial	iial	['iial']		0	D	määrsõna	21	
teada	teadma	tead	['tead']	da	a	V	tegusõna	21	
,	,	,	[',']			Z	lausemärk	21	
mis	mis	mis	[['mis'], ['mis']]	pl n|sg n	0	P	asesõna	21	
on	olema	ole	[['ole'], ['ole']]	b|vad	0	V	tegusõna	21	
õnn	õnn	õnn	['õnn']	sg n	0	S	nimisõna	21	
ja	ja	ja	['ja']		0	J	sidesõna	21	
rahu	rahu	rahu	['rahu']	sg n	0	S	nimisõna	21	
,	,	,	[',']			Z	lausemärk	21	
eales	eales	eales	['eales']		0	D	määrsõna	21	
ei	ei	ei	['ei']	neg	0	V	tegusõna	21	
aita	aitama	aita	['aita']	o	0	V	tegusõna	21	
sa	sina	sina	['sina']	sg n	0	P	asesõna	21	
kedagi	keegi	keegi	['keegi']	sg p	dagi	P	asesõna	21	
ja	ja	ja	['ja']		0	J	sidesõna	21	
eales	eales	eales	['eales']		0	D	määrsõna	21	
ei	ei	ei	['ei']	neg	0	V	tegusõna	21	
aita	aitama	aita	['aita']	o	0	V	tegusõna	21	
sind	sina	sina	['sina']	sg p	d	P	asesõna	21	
keegi	keegi	keegi	['keegi']	sg n	0	P	asesõna	21	
.	.	.	['.']			Z	lausemärk	21	
Rõõmud	rõõm	rõõm	['rõõm']	pl n	d	S	nimisõna	21	
põgenevad	põgenema	põgene	['põgene']	vad	vad	V	tegusõna	21	
sind	sina	sina	['sina']	sg p	d	P	asesõna	21	
nähes	nägema	näge	['näge']	des	es	V	tegusõna	21	
ning	ning	ning	['ning']		0	J	sidesõna	21	
haarates	haarama	haara	['haara']	des	tes	V	tegusõna	21	
sädeluse	sädelus	sädelus	['sädelus']	sg g	0	S	nimisõna	21	
järgi	järgi	järgi	['järgi']		0	K	kaassõna	21	
,	,	,	[',']			Z	lausemärk	21	
kustutad	kustutama	kustuta	['kustuta']	d	d	V	tegusõna	21	
sa	sina	sina	['sina']	sg n	0	P	asesõna	21	
selle	see	see	['see']	sg g	0	P	asesõna	21	
.	.	.	['.']			Z	lausemärk	21	
Kui	kui	kui	[['kui'], ['kui']]		0	D|J		21	
püüad	püüdma	püüd	['püüd']	d	d	V	tegusõna	21	
midagi	miski	miski	['miski']	sg p	dagi	P	asesõna	21	
ehitada	ehitama	ehita	['ehita']	da	da	V	tegusõna	21	
,	,	,	[',']			Z	lausemärk	21	
siis	siis	siis	['siis']		0	J	sidesõna	21	
variseb	varisema	varise	['varise']	b	b	V	tegusõna	21	
see	see	see	['see']	sg n	0	P	asesõna	21	
liivaks	liiv	liiv	['liiv']	sg tr	ks	S	nimisõna	21	
.	.	.	['.']			Z	lausemärk	21	
Sa	sina	sina	['sina']	sg n	0	P	asesõna	21	
eksled	ekslema	eksle	['eksle']	d	d	V	tegusõna	21	
läbi	läbi	läbi	['läbi']		0	D	määrsõna	21	
elu	elu	elu	['elu']	sg g	0	S	nimisõna	21	
kardetu	kardetu	karde=tu	['kardetu']	sg g	0	S	nimisõna	21	
ja	ja	ja	['ja']		0	J	sidesõna	21	
neetuna	neetu	nee=tu	['neetu']	sg es	na	S	nimisõna	21	
.	.	.	['.']			Z	lausemärk	21	
Kui	kui	kui	[['kui'], ['kui']]		0	D|J		21	
sa	sina	sina	['sina']	sg n	0	P	asesõna	21	
kord	kord	kord	['kord']		0	D	määrsõna	21	
hääbud	hääbuma	hääbu	['hääbu']	d	d	V	tegusõna	21	
,	,	,	[',']			Z	lausemärk	21	
siis	siis	siis	['siis']		0	J	sidesõna	21	
sünnib	sündima	sündi	['sündi']	b	b	V	tegusõna	21	
see	see	see	['see']	sg n	0	P	asesõna	21	
nii	nii	nii	['nii']		0	D	määrsõna	21	
rängas	ränk	ränk	['ränk']	sg in	s	A	omadussõna algvõrre	21	
üksinduses	üksindus	üksindus	['üksindus']	sg in	s	S	nimisõna	21	
,	,	,	[',']			Z	lausemärk	21	
mida	mis	mis	[['mis'], ['mis']]	pl p|sg p	da	P	asesõna	21	
ei	ei	ei	['ei']	neg	0	V	tegusõna	21	
saa	saama	saa	['saa']	o	0	V	tegusõna	21	
võrrelda	võrdlema	võrdle	['võrdle']	da	da	V	tegusõna	21	
isegi	isegi	isegi	['isegi']		0	D	määrsõna	21	
mitte	mitte	mitte	['mitte']		0	D	määrsõna	21	
selle	see	see	['see']	sg g	0	P	asesõna	21	
eraldatusega	eraldatus	eraldatus	['eraldatus']	sg kom	ga	S	nimisõna	21	
,	,	,	[',']			Z	lausemärk	21	
mida	mis	mis	[['mis'], ['mis']]	pl p|sg p	da	P	asesõna	21	
sa	sina	sina	['sina']	sg n	0	P	asesõna	21	
elu	elu	elu	['elu']	sg g	0	S	nimisõna	21	
jooksul	jooksul	jooksul	['jooksul']		0	K	kaassõna	21	
tundma	tundma	tund	['tund']	ma	ma	V	tegusõna	21	
saad	saama	saa	['saa']	d	d	V	tegusõna	21	
.	.	.	['.']			Z	lausemärk	21	
""""	""""	""""	"['""']"			Z	lausemärk	21	
Oraakel	oraakel	oraakel	['oraakel']	sg n	0	S	nimisõna	22	
värises	värisema	värise	['värise']	s	s	V	tegusõna	22	
.	.	.	['.']			Z	lausemärk	22	
Ta	tema	tema	['tema']	sg n	0	P	asesõna	22	
oli	olema	ole	['ole']	s	i	V	tegusõna	22	
võõra	võõras	võõras	['võõras']	sg g	0	S	nimisõna	22	
silmis	silm	silm	['silm']	pl in	is	S	nimisõna	22	
sähvatanud	sähvatama|sähvatanud	sähvata|sähvata=nud	[['sähvata'], ['sähvatanud'], ['sähvatanud'], ['sähvatanud']]	|nud|pl n|sg n	0|d|nud	A|V		22	
tumeduse	tumedus	tumedus	['tumedus']	sg g	0	S	nimisõna	22	
läbi	läbi	läbi	['läbi']		0	K	kaassõna	22	
iseenese	iseenese	ise_enese	['ise', 'enese']	sg g	0	P	asesõna	22	
hirmu	hirm	hirm	['hirm']	sg g	0	S	nimisõna	22	
ja	ja	ja	['ja']		0	J	sidesõna	22	
viha	viha|viht	viha|viht	[['viht'], ['viha']]	sg g	0	S	nimisõna	22	
sõnadesse	sõna	sõna	['sõna']	pl ill	desse	S	nimisõna	22	
pannud	panema|pannud	pan=nud|pane	[['pannud'], ['pannud'], ['pannud'], ['pane']]	|nud|pl n|sg n	0|d|nud	A|V		22	
ning	ning	ning	['ning']		0	J	sidesõna	22	
lausunud	lausuma|lausunud	lausu|lausu=nud	[['lausu'], ['lausunud'], ['lausunud'], ['lausunud']]	|nud|pl n|sg n	0|d|nud	A|V		22	
needmise	needmine	need=mine	['needmine']	sg g	0	S	nimisõna	22	
,	,	,	[',']			Z	lausemärk	22	
mille	mis	mis	[['mis'], ['mis']]	pl g|sg g	0	P	asesõna	22	
õudus	õudus	õudus	['õudus']	sg n	0	S	nimisõna	22	
halvas	halb	halb	['halb']	sg in	s	A	omadussõna algvõrre	22	
kogu	kogu	kogu	['kogu']		0	A	omadussõna algvõrre	22	
õukonna	õukond	õukond	['õukond']	sg g	0	S	nimisõna	22	
.	.	.	['.']			Z	lausemärk	22	
Ta	tema	tema	['tema']	sg n	0	P	asesõna	22	
oli	olema	ole	['ole']	s	i	V	tegusõna	22	
süüdistanud	süüdistama|süüdistanud	süüdista|süüdista=nud	[['süüdista'], ['süüdistanud'], ['süüdistanud'], ['süüdistanud']]	|nud|pl n|sg n	0|d|nud	A|V		22	
rüütlit	rüütel	rüütel	['rüütel']	sg p	t	S	nimisõna	22	
ebainimlikes	ebainimlik	eba_inimlik	['eba', 'inimlik']	pl in	es	A	omadussõna algvõrre	22	
julmustes	julmus	julmus	['julmus']	pl in	tes	S	nimisõna	22	
,	,	,	[',']			Z	lausemärk	22	
mõistnud	mõistma|mõistnud	mõist|mõist=nud	[['mõist'], ['mõistnud'], ['mõistnud'], ['mõistnud']]	|nud|pl n|sg n	0|d|nud	A|V		22	
ta	tema	tema	['tema']	sg g	0	P	asesõna	22	
igavesse	igavene	igavene	['igavene']	adt	se	A	omadussõna algvõrre	22	
üksindusse	üksindus	üksindus	['üksindus']	adt	se	S	nimisõna	22	
...	...	...	['...']			Z	lausemärk	22	
ja	ja	ja	['ja']		0	J	sidesõna	22	
nüüd	nüüd	nüüd	['nüüd']		0	D	määrsõna	22	
ootas	ootama	oota	['oota']	s	s	V	tegusõna	22	
ta	tema	tema	['tema']	sg n	0	P	asesõna	22	
seda	see	see	['see']	sg p	da	P	asesõna	22	
,	,	,	[',']			Z	lausemärk	22	
et	et	et	['et']		0	J	sidesõna	22	
rüütel	rüütel	rüütel	['rüütel']	sg n	0	S	nimisõna	22	
selle	see	see	['see']	sg g	0	P	asesõna	22	
õigeks	õige	õige	['õige']	sg tr	ks	A	omadussõna algvõrre	22	
tunnistaks	tunnistama	tunnista	['tunnista']	ks	ks	V	tegusõna	22	
...	...	...	['...']			Z	lausemärk	22	
Rüütel	Rüütel	Rüütel	[['Rüütel'], ['Rüütel']]	sg n	0	H	pärisnimi	23	
seisis	seisma	seis	['seis']	s	is	V	tegusõna	23	
hoovi	hoov	hoov	['hoov']	sg g	0	S	nimisõna	23	
hingematvas	hingemattev	hinge_mattev	['hinge', 'mattev']	sg in	s	A	omadussõna algvõrre	23	
vaikuses	vaikus	vaikus	['vaikus']	sg in	s	S	nimisõna	23	
.	.	.	['.']			Z	lausemärk	23	
Kõigi	kõik	kõik	['kõik']	pl g	0	P	asesõna	23	
pilgud	pilk	pilk	['pilk']	pl n	d	S	nimisõna	23	
olid	olema	ole	['ole']	sid	id	V	tegusõna	23	
tema	tema	tema	['tema']	sg g	0	P	asesõna	23	
poole	poole	poole	['poole']		0	K	kaassõna	23	
pööratud	pöörama|pööratud	pööra|pööra=tud	[['pööra'], ['pööratud'], ['pööratud'], ['pööratud']]	|pl n|sg n|tud	0|d|tud	A|V		23	
.	.	.	['.']			Z	lausemärk	23	
Oraakel	oraakel	oraakel	['oraakel']	sg n	0	S	nimisõna	23	
ootas	ootama	oota	['oota']	s	s	V	tegusõna	23	
hingetuna	hingetu	hingetu	['hingetu']	sg es	na	A	omadussõna algvõrre	23	
otsust	otsus	otsus	['otsus']	sg p	t	S	nimisõna	23	
...	...	...	['...']			Z	lausemärk	23	
Kui	kui	kui	[['kui'], ['kui']]		0	D|J		23	
kõik	kõik	kõik	[['kõik'], ['kõik']]	pl n|sg n	0	P	asesõna	23	
,	,	,	[',']			Z	lausemärk	23	
mis	mis	mis	[['mis'], ['mis']]	pl n|sg n	0	P	asesõna	23	
ta	tema	tema	['tema']	sg g	0	P	asesõna	23	
rüütli	rüütel	rüütel	['rüütel']	sg g	0	S	nimisõna	23	
kohta	kohta	kohta	['kohta']		0	K	kaassõna	23	
oli	olema	ole	['ole']	s	i	V	tegusõna	23	
öelnud	öelnud|ütlema	öel=nud|ütle	[['öelnud'], ['öelnud'], ['öelnud'], ['ütle']]	|nud|pl n|sg n	0|d|nud	A|V		23	
,	,	,	[',']			Z	lausemärk	23	
oli	olema	ole	['ole']	s	i	V	tegusõna	23	
tõepoolest	tõepoolest	tõe_poolest	['tõe', 'poolest']		0	D	määrsõna	23	
tõsi	tõsi	tõsi	['tõsi']	sg n	0	S	nimisõna	23	
,	,	,	[',']			Z	lausemärk	23	
siis	siis	siis	['siis']		0	J	sidesõna	23	
...	...	...	['...']			Z	lausemärk	23	
oleks	olema	ole	['ole']	ks	ks	V	tegusõna	23	
parem	parem	parem	['parem']	sg n	0	C	omadussõna keskvõrre	23	
,	,	,	[',']			Z	lausemärk	23	
kui	kui	kui	[['kui'], ['kui']]		0	D|J		23	
ta	tema	tema	['tema']	sg n	0	P	asesõna	23	
oleks	olema	ole	['ole']	ks	ks	V	tegusõna	23	
meelega	meel	meel	['meel']	sg kom	ga	S	nimisõna	23	
valetanud	valetama|valetanud	valeta|valeta=nud	[['valeta'], ['valetanud'], ['valetanud'], ['valetanud']]	|nud|pl n|sg n	0|d|nud	A|V		23	
.	.	.	['.']			Z	lausemärk	23	
Lõpuks	lõpuks	lõpuks	['lõpuks']		0	D	määrsõna	24	
hakkas	hakkama	hakka	['hakka']	s	s	V	tegusõna	24	
rüütel	rüütel	rüütel	['rüütel']	sg n	0	S	nimisõna	24	
kõnelema	kõnelema	kõnele	['kõnele']	ma	ma	V	tegusõna	24	
.	.	.	['.']			Z	lausemärk	24	
Oraakel	oraakel	oraakel	['oraakel']	sg n	0	S	nimisõna	24	
tundis	tundma	tund	['tund']	s	is	V	tegusõna	24	
,	,	,	[',']			Z	lausemärk	24	
kuidas	kuidas	kuidas	['kuidas']		0	D	määrsõna	24	
süda	süda	süda	['süda']	sg n	0	S	nimisõna	24	
jättis	jätma	jät	['jät']	s	is	V	tegusõna	24	
löögi	löök	löök	['löök']	sg g	0	S	nimisõna	24	
vahele	vahele	vahele	['vahele']		0	K	kaassõna	24	
,	,	,	[',']			Z	lausemärk	24	
kui	kui	kui	[['kui'], ['kui']]		0	D|J		24	
ta	tema	tema	['tema']	sg n	0	P	asesõna	24	
märkas	märkama	märka	['märka']	s	s	V	tegusõna	24	
kuratlikku	kuratlik	kuratlik	['kuratlik']	sg p	0	A	omadussõna algvõrre	24	
sädelust	sädelus	sädelus	['sädelus']	sg p	t	S	nimisõna	24	
rüütli	rüütel	rüütel	['rüütel']	sg g	0	S	nimisõna	24	
silmades	silm	silm	['silm']	pl in	des	S	nimisõna	24	
.	.	.	['.']			Z	lausemärk	24	
""""	""""	""""	"['""']"			Z	lausemärk	25	
Sa	sina	sina	['sina']	sg n	0	P	asesõna	25	
oled	olema	ole	['ole']	d	d	V	tegusõna	25	
suur	suur	suur	['suur']	sg n	0	A	omadussõna algvõrre	25	
Oraakel	oraakel	oraakel	['oraakel']	sg n	0	S	nimisõna	25	
,	,	,	[',']			Z	lausemärk	25	
suurim	suurim	suurim	['suurim']	sg n	0	U	omadussõna ülivõrre	25	
,	,	,	[',']			Z	lausemärk	25	
keda	kes	kes	[['kes'], ['kes']]	pl p|sg p	da	P	asesõna	25	
ma	mina	mina	['mina']	sg n	0	P	asesõna	25	
eales	eales	eales	['eales']		0	D	määrsõna	25	
näinud	nägema|näima|näinud	näge|näi|näi=nud	[['näi'], ['näge'], ['näinud'], ['näinud'], ['näinud']]	|nud|pl n|sg n	0|d|nud	A|V		25	
olen	olema	ole	['ole']	n	n	V	tegusõna	25	
,	,	,	[',']			Z	lausemärk	25	
""""	""""	""""	"['""']"			Z	lausemärk	25	
ütles	ütlema	ütle	['ütle']	s	s	V	tegusõna	25	
rüütel	rüütel	rüütel	['rüütel']	sg n	0	S	nimisõna	25	
ilmetul	ilmetu	ilmetu	['ilmetu']	sg ad	l	A	omadussõna algvõrre	25	
häälel	hääl	hääl	['hääl']	sg ad	l	S	nimisõna	25	
.	.	.	['.']			Z	lausemärk	25	
""""	""""	""""	"['""']"			Z	lausemärk	25	
Läbi	läbi	läbi	['läbi']		0	K	kaassõna	25	
sinu	sina	sina	['sina']	sg g	0	P	asesõna	25	
suu	suu	suu	['suu']	sg n	0	S	nimisõna	25	
kõneleb	kõnelema	kõnele	['kõnele']	b	b	V	tegusõna	25	
jumal	jumal	jumal	['jumal']	sg n	0	S	nimisõna	25	
.	.	.	['.']			Z	lausemärk	25	
""""	""""	""""	"['""']"			Z	lausemärk	25	
Õukond	õukond	õukond	['õukond']	sg n	0	S	nimisõna	26	
ahhetas	ahhetama	ahheta	['ahheta']	s	s	V	tegusõna	26	
,	,	,	[',']			Z	lausemärk	26	
mõõtes	mõõtma	mõõt	['mõõt']	des	es	V	tegusõna	26	
rüütlit	rüütel	rüütel	['rüütel']	sg p	t	S	nimisõna	26	
õuduses	õudus	õudus	['õudus']	sg in	s	S	nimisõna	26	
pilkudega	pilk	pilk	['pilk']	pl kom	dega	S	nimisõna	26	
.	.	.	['.']			Z	lausemärk	26	
Lausutud	lausuma|lausutud	lausu|lausu=tud	[['lausu'], ['lausutud'], ['lausutud'], ['lausutud']]	|pl n|sg n|tud	0|d|tud	A|V		26	
tunnustuse	tunnustus	tunnustus	['tunnustus']	sg g	0	S	nimisõna	26	
tähendus	tähendus	tähendus	['tähendus']	sg n	0	S	nimisõna	26	
oli	olema	ole	['ole']	s	i	V	tegusõna	26	
kurjakuulutav	kurjakuulutav	kurja_kuulutav	['kurja', 'kuulutav']	sg n	0	A	omadussõna algvõrre	26	
.	.	.	['.']			Z	lausemärk	26	
Rüütli	Rüütel|Rüütli	Rüütel|Rüütli	[['Rüütel'], ['Rüütel'], ['Rüütli']]	sg g	0	H	pärisnimi	26	
lähedus	lähedus	lähedus	['lähedus']	sg n	0	S	nimisõna	26	
täitis	täitma	täit	['täit']	s	is	V	tegusõna	26	
neid	tema	tema	['tema']	pl p	d	P	asesõna	26	
hirmu-	hirm	hirm	['hirm']	sg g	0	S	nimisõna	26	
ja	ja	ja	['ja']		0	J	sidesõna	26	
vastikustundega	vastikustunne	vastikus_tunne	['vastikus', 'tunne']	sg kom	ga	S	nimisõna	26	
,	,	,	[',']			Z	lausemärk	26	
nagu	nagu	nagu	[['nagu'], ['nagu']]		0	D|J		26	
oleks	olema	ole	['ole']	ks	ks	V	tegusõna	26	
ta	tema	tema	['tema']	sg n	0	P	asesõna	26	
laibasööjast	laibasööja	laiba_sööja	['laiba', 'sööja']	sg el	st	S	nimisõna	26	
raisakull	raisakull	raisa_kull	['raisa', 'kull']	sg n	0	S	nimisõna	26	
.	.	.	['.']			Z	lausemärk	26	
Mõni	mõni	mõni	['mõni']	sg n	0	P	asesõna	26	
heitunum	heitunum	heitu=num	['heitunum']	sg n	0	C	omadussõna keskvõrre	26	
joonistas	joonistama	joonista	['joonista']	s	s	V	tegusõna	26	
jõumärke	jõumärk	jõu_märk	['jõu', 'märk']	pl p	e	S	nimisõna	26	
õhku	õhk	õhk	['õhk']	adt	0	S	nimisõna	26	
,	,	,	[',']			Z	lausemärk	26	
lootes	lootma	loot	['loot']	des	es	V	tegusõna	26	
kurje	kuri	kuri	['kuri']	pl p	e	A	omadussõna algvõrre	26	
vaime	vaim	vaim	['vaim']	pl p	e	S	nimisõna	26	
eemale	eemale	eemale	['eemale']		0	D	määrsõna	26	
ajada	ajama	aja	['aja']	da	da	V	tegusõna	26	
,	,	,	[',']			Z	lausemärk	26	
ammed	amm	amm	['amm']	pl n	d	S	nimisõna	26	
peitsid	peitma	peit	['peit']	sid	sid	V	tegusõna	26	
lapsi	laps	laps	['laps']	pl p	i	S	nimisõna	26	
selja	selg	selg	['selg']	sg g	0	S	nimisõna	26	
taha	taha	taha	['taha']		0	K	kaassõna	26	
,	,	,	[',']			Z	lausemärk	26	
rüütlid	rüütel	rüütel	['rüütel']	pl n	d	S	nimisõna	26	
mõõtsid	mõõtma	mõõt	['mõõt']	sid	sid	V	tegusõna	26	
võõrast	võõras	võõras	['võõras']	sg p	t	S	nimisõna	26	
ähvardavate	ähvardav	ähvardav	['ähvardav']	pl g	te	A	omadussõna algvõrre	26	
pilkudega	pilk	pilk	['pilk']	pl kom	dega	S	nimisõna	26	
,	,	,	[',']			Z	lausemärk	26	
kämblad	kämmal	kämmal	['kämmal']	pl n	d	S	nimisõna	26	
valvsana	valvas	valvas	['valvas']	sg es	na	A	omadussõna algvõrre	26	
mõõgapidemeil	mõõgapide	mõõga_pide	['mõõga', 'pide']	pl ad	il	S	nimisõna	26	
.	.	.	['.']			Z	lausemärk	26	
Oraakel	Oraakel	Oraakel	[['Oraakel'], ['Oraakel']]	sg n	0	H	pärisnimi	27	
ei	ei	ei	['ei']	neg	0	V	tegusõna	27	
suutnud	suutma|suutnud	suut|suut=nud	[['suut'], ['suutnud'], ['suutnud'], ['suutnud']]	|nud|pl n|sg n	0|d|nud	A|V		27	
aga	aga	aga	['aga']		0	J	sidesõna	27	
oma	oma	oma	['oma']	sg g	0	P	asesõna	27	
kõrvu	kõrv	kõrv	['kõrv']	pl p	u	S	nimisõna	27	
uskuda	uskuma	usku	['usku']	da	da	V	tegusõna	27	
.	.	.	['.']			Z	lausemärk	27	
Ta	tema	tema	['tema']	sg n	0	P	asesõna	27	
oli	olema	ole	['ole']	s	i	V	tegusõna	27	
pääsenud	pääsema|pääsenud	pääse|pääsenud	[['pääse'], ['pääsenud'], ['pääsenud'], ['pääsenud']]	|nud|pl n|sg n	0|d|nud	A|V		27	
!	!	!	['!']			Z	lausemärk	27	
Ta	tema	tema	['tema']	sg n	0	P	asesõna	27	
oli	olema	ole	['ole']	s	i	V	tegusõna	27	
ka	ka	ka	['ka']		0	D	määrsõna	27	
see	see	see	['see']	sg n	0	P	asesõna	27	
kord	kord	kord	['kord']	sg n	0	S	nimisõna	27	
pääsenud	pääsema|pääsenud	pääse|pääsenud	[['pääse'], ['pääsenud'], ['pääsenud'], ['pääsenud']]	|nud|pl n|sg n	0|d|nud	A|V		27	
!	!	!	['!']			Z	lausemärk	27	
Rüütel	Rüütel	Rüütel	[['Rüütel'], ['Rüütel']]	sg n	0	H	pärisnimi	28	
ei	ei	ei	['ei']	neg	0	V	tegusõna	28	
olnud	olema|olnud	ol=nud|ole	[['olnud'], ['olnud'], ['olnud'], ['ole']]	|nud|pl n|sg n	0|d|nud	A|V		28	
aga	aga	aga	['aga']		0	J	sidesõna	28	
veel	veel	veel	['veel']		0	D	määrsõna	28	
lõpetanud	lõpetama|lõpetanud	lõpeta|lõpetanud	[['lõpeta'], ['lõpetanud'], ['lõpetanud'], ['lõpetanud']]	|nud|pl n|sg n	0|d|nud	A|V		28	
:	:	:	[':']			Z	lausemärk	28	
""""	""""	""""	"['""']"			Z	lausemärk	28	
Ma	mina	mina	['mina']	sg n	0	P	asesõna	28	
olen	olema	ole	['ole']	n	n	V	tegusõna	28	
ekselnud	ekselnud|ekslema	eksel=nud|eksle	[['eksle'], ['ekselnud'], ['ekselnud'], ['ekselnud']]	|nud|pl n|sg n	0|d|nud	A|V		28	
igaviku	igavik	igavik	['igavik']	sg g	0	S	nimisõna	28	
,	,	,	[',']			Z	lausemärk	28	
kuid	kuid	kuid	['kuid']		0	J	sidesõna	28	
ometi	ometi	ometi	['ometi']		0	D	määrsõna	28	
,	,	,	[',']			Z	lausemärk	28	
kuigi	kuigi	kuigi	[['kuigi'], ['kuigi']]		0	D|J		28	
mul	mina	mina	['mina']	sg ad	l	P	asesõna	28	
ei	ei	ei	['ei']	neg	0	V	tegusõna	28	
ole	olema	ole	['ole']	o	0	V	tegusõna	28	
ühte	üks	üks	['üks']	sg p	0	P	asesõna	28	
kindlat	kindel	kindel	['kindel']	sg p	t	A	omadussõna algvõrre	28	
eesmärki	eesmärk	ees_märk	['ees', 'märk']	sg p	0	S	nimisõna	28	
,	,	,	[',']			Z	lausemärk	28	
on	olema	ole	[['ole'], ['ole']]	b|vad	0	V	tegusõna	28	
mul	mina	mina	['mina']	sg ad	l	P	asesõna	28	
eesmärgid	eesmärk	ees_märk	['ees', 'märk']	pl n	d	S	nimisõna	28	
.	.	.	['.']			Z	lausemärk	28	
Siiski	siiski	siiski	['siiski']		0	D	määrsõna	28	
.	.	.	['.']			Z	lausemärk	28	
Uskuge	uskuma	usku	['usku']	ge	ge	V	tegusõna	28	
!	!	!	['!']			Z	lausemärk	28	
""""	""""	""""	"['""']"			Z	lausemärk	28	
Kibeda	kibe	kibe	['kibe']	sg g	0	A	omadussõna algvõrre	29	
naeratusega	naeratus	naeratus	['naeratus']	sg kom	ga	S	nimisõna	29	
vaatas	vaatama	vaata	['vaata']	s	s	V	tegusõna	29	
ta	tema	tema	['tema']	sg n	0	P	asesõna	29	
Oraaklile	oraakel	oraakel	['oraakel']	sg all	le	S	nimisõna	29	
otsa	otsa	otsa	['otsa']		0	D	määrsõna	29	
,	,	,	[',']			Z	lausemärk	29	
justkui	justkui	just_kui	[['just', 'kui'], ['just', 'kui']]		0	D|J		29	
kaheldes	kahtlema	kahtle	['kahtle']	des	des	V	tegusõna	29	
,	,	,	[',']			Z	lausemärk	29	
kas	kas	kas	['kas']		0	D	määrsõna	29	
suudab	suutma	suut	['suut']	b	b	V	tegusõna	29	
teda	tema	tema	['tema']	sg p	da	P	asesõna	29	
veenda	veenma	veen	['veen']	da	da	V	tegusõna	29	
.	.	.	['.']			Z	lausemärk	29	
Siis	siis	siis	['siis']		0	D	määrsõna	29	
ütles	ütlema	ütle	['ütle']	s	s	V	tegusõna	29	
ta	tema	tema	['tema']	sg n	0	P	asesõna	29	
ohates	ohkama	ohka	['ohka']	des	tes	V	tegusõna	29	
:	:	:	[':']			Z	lausemärk	29	
""""	""""	""""	"['""']"			Z	lausemärk	29	
Ma	mina	mina	['mina']	sg n	0	P	asesõna	29	
olen	olema	ole	['ole']	n	n	V	tegusõna	29	
surm	surm	surm	['surm']	sg n	0	S	nimisõna	29	
.	.	.	['.']			Z	lausemärk	29	
Ma	mina	mina	['mina']	sg n	0	P	asesõna	29	
tulin	tulema	tule	['tule']	sin	in	V	tegusõna	29	
sulle	sina	sina	['sina']	sg all	lle	P	asesõna	29	
järele	järele	järele	['järele']		0	D	määrsõna	29	
.	.	.	['.']			Z	lausemärk	29	
""""	""""	""""	"['""']"			Z	lausemärk	29	
