word_texts	lemmas	roots	root_tokens	forms	endings	postags	postag_descriptions	par_nr	head
Ja	ja	ja	['ja']		0	J	sidesõna	1	 Ja lööb Kell ja Kurjus pääseb valla ... 
lööb	lööma	löö	['löö']	b	b	V	tegusõna	1	 Ja lööb Kell ja Kurjus pääseb valla ... 
Kell	kell	kell	['kell']	sg n	0	S	nimisõna	1	 Ja lööb Kell ja Kurjus pääseb valla ... 
ja	ja	ja	['ja']		0	J	sidesõna	1	 Ja lööb Kell ja Kurjus pääseb valla ... 
Kurjus	kurjus	kurjus	['kurjus']	sg n	0	S	nimisõna	1	 Ja lööb Kell ja Kurjus pääseb valla ... 
pääseb	pääsema	pääse	['pääse']	b	b	V	tegusõna	1	 Ja lööb Kell ja Kurjus pääseb valla ... 
valla	valla	valla	['valla']		0	D	määrsõna	1	 Ja lööb Kell ja Kurjus pääseb valla ... 
...	...	...	['...']			Z	lausemärk	1	 Ja lööb Kell ja Kurjus pääseb valla ... 
Veiko	Veiko	Veiko	['Veiko']	sg n	0	H	pärisnimi	2	
Belials	Belials	Belials	['Belials']	sg n	0	H	pärisnimi	2	
""""	""""	""""	"['""']"			Z	lausemärk	3	
Ja	ja	ja	['ja']		0	J	sidesõna	3	
lööb	lööma	löö	['löö']	b	b	V	tegusõna	3	
Kell	kell	kell	['kell']	sg n	0	S	nimisõna	3	
ja	ja	ja	['ja']		0	J	sidesõna	3	
Kurjus	kurjus	kurjus	['kurjus']	sg n	0	S	nimisõna	3	
pääseb	pääsema	pääse	['pääse']	b	b	V	tegusõna	3	
valla	valla	valla	['valla']		0	D	määrsõna	3	
.	.	.	['.']			Z	lausemärk	3	
Ja	ja	ja	['ja']		0	J	sidesõna	3	
Maailm	maailm	maa_ilm	['maa', 'ilm']	sg n	0	S	nimisõna	3	
saab	saama	saa	['saa']	b	b	V	tegusõna	3	
hukka	hukka	hukka	['hukka']		0	D	määrsõna	3	
,	,	,	[',']			Z	lausemärk	3	
sest	sest	sest	['sest']		0	J	sidesõna	3	
nii	nii	nii	['nii']		0	D	määrsõna	3	
on	olema	ole	[['ole'], ['ole']]	b|vad	0	V	tegusõna	3	
seatud	seadma|seatud	sead|seatud	[['sead'], ['seatud'], ['seatud'], ['seatud']]	|pl n|sg n|tud	0|d|tud	A|V		3	
,	,	,	[',']			Z	lausemärk	3	
kui	kui	kui	[['kui'], ['kui']]		0	D|J		3	
Kell	kell	kell	['kell']	sg n	0	S	nimisõna	3	
lööb	lööma	löö	['löö']	b	b	V	tegusõna	3	
,	,	,	[',']			Z	lausemärk	3	
et	et	et	['et']		0	J	sidesõna	3	
Kurjus	kurjus	kurjus	['kurjus']	sg n	0	S	nimisõna	3	
neelab	neelama	neela	['neela']	b	b	V	tegusõna	3	
ära	ära	ära	['ära']		0	D	määrsõna	3	
kõik	kõik	kõik	[['kõik'], ['kõik']]	pl n|sg n	0	P	asesõna	3	
ja	ja	ja	['ja']		0	J	sidesõna	3	
ei	ei	ei	['ei']	neg	0	V	tegusõna	3	
jää	jääma	jää	['jää']	o	0	V	tegusõna	3	
mitte	mitte	mitte	['mitte']		0	D	määrsõna	3	
midagi	miski	miski	['miski']	sg p	dagi	P	asesõna	3	
...	...	...	['...']			Z	lausemärk	3	
""""	""""	""""	"['""']"			Z	lausemärk	3	
Rüütel	Rüütel	Rüütel	[['Rüütel'], ['Rüütel']]	sg n	0	H	pärisnimi	4	
Reginald	Reginald	Reginald	['Reginald']	sg n	0	H	pärisnimi	4	
kannustas	kannustama	kannusta	['kannusta']	s	s	V	tegusõna	4	
hobust	hobune	hobune	['hobune']	sg p	t	S	nimisõna	4	
kiiremale	kiirem	kiirem	['kiirem']	sg all	le	C	omadussõna keskvõrre	4	
sõidule	sõit	sõit	['sõit']	sg all	le	S	nimisõna	4	
.	.	.	['.']			Z	lausemärk	4	
Tüdinud	tüdima|tüdinud	tüdi|tüdinud	[['tüdinud'], ['tüdinud'], ['tüdinud'], ['tüdi']]	|nud|pl n|sg n	0|d|nud	A|V		4	
sirgetest	sirge	sirge	['sirge']	pl el	test	S	nimisõna	4	
tolmunud	tolmuma|tolmunud	tolmu|tolmunud	[['tolmu'], ['tolmunud'], ['tolmunud'], ['tolmunud']]	|nud|pl n|sg n	0|d|nud	A|V		4	
teedest	tee	tee	['tee']	pl el	dest	S	nimisõna	4	
,	,	,	[',']			Z	lausemärk	4	
juhtis	juhtima	juhti	['juhti']	s	s	V	tegusõna	4	
ta	tema	tema	['tema']	sg n	0	P	asesõna	4	
ratsu	ratsu	ratsu	['ratsu']	sg g	0	S	nimisõna	4	
metsa	mets	mets	['mets']	sg g	0	S	nimisõna	4	
ja	ja	ja	['ja']		0	J	sidesõna	4	
kihutas	kihutama	kihuta	['kihuta']	s	s	V	tegusõna	4	
jämedate	jäme	jäme	['jäme']	pl g	te	A	omadussõna algvõrre	4	
puude	puu|puue	puu|puue	[['puu'], ['puue']]	pl g|sg g	0|de	S	nimisõna	4	
vahel	vahel	vahel	['vahel']		0	K	kaassõna	4	
suunda	suund	suund	['suund']	sg p	0	S	nimisõna	4	
valimata	valima	vali	['vali']	mata	mata	V	tegusõna	4	
edasi	edasi	edasi	['edasi']		0	D	määrsõna	4	
.	.	.	['.']			Z	lausemärk	4	
Tuul	tuul	tuul	['tuul']	sg n	0	S	nimisõna	4	
vihises	vihisema	vihise	['vihise']	s	s	V	tegusõna	4	
kõrvus	kõrv	kõrv	['kõrv']	pl in	us	S	nimisõna	4	
,	,	,	[',']			Z	lausemärk	4	
puud	puu|puud	puu|puud	[['puu'], ['puud']]	pl n|sg n	0|d	S	nimisõna	4	
vilksatasid	vilksatama	vilksata	['vilksata']	sid	sid	V	tegusõna	4	
mööda	mööda	mööda	['mööda']		0	D	määrsõna	4	
ja	ja	ja	['ja']		0	J	sidesõna	4	
sir	sir	sir	['sir']	sg n	0	S	nimisõna	4	
Reginald	Reginald	Reginald	['Reginald']	sg n	0	H	pärisnimi	4	
naeratas	naeratama	naerata	['naerata']	s	s	V	tegusõna	4	
.	.	.	['.']			Z	lausemärk	4	
Viimased	viimane	viimane	['viimane']	pl n	d	A	omadussõna algvõrre	5	
nädalad	nädal	nädal	['nädal']	pl n	d	S	nimisõna	5	
olid	olema	ole	['ole']	sid	id	V	tegusõna	5	
ta	tema	tema	['tema']	sg n	0	P	asesõna	5	
täiesti	täiesti	täiesti	['täiesti']		0	D	määrsõna	5	
ära	ära	ära	['ära']		0	D	määrsõna	5	
vaevanud	vaevama|vaevanud	vaeva|vaeva=nud	[['vaeva'], ['vaevanud'], ['vaevanud'], ['vaevanud']]	|nud|pl n|sg n	0|d|nud	A|V		5	
.	.	.	['.']			Z	lausemärk	5	
Ei	ei	ei	['ei']		0	D	määrsõna	5	
ühtki	üks	üks	['üks']	sg p	0	P	asesõna	5	
kangelastegu	kangelastegu	kangelas_tegu	['kangelas', 'tegu']	sg p	0	S	nimisõna	5	
,	,	,	[',']			Z	lausemärk	5	
ei	ei	ei	['ei']	neg	0	V	tegusõna	5	
ühtki	üks	üks	['üks']	sg p	0	P	asesõna	5	
kahevõitlust	kahevõitlus	kahe_võitlus	['kahe', 'võitlus']	sg p	t	S	nimisõna	5	
,	,	,	[',']			Z	lausemärk	5	
isegi	isegi	isegi	['isegi']		0	D	määrsõna	5	
lihtlabastesse	lihtlabane	liht_labane	['liht', 'labane']	pl ill	tesse	A	omadussõna algvõrre	5	
kõrtsikaklustesse	kõrtsikaklus	kõrtsi_kaklus	['kõrtsi', 'kaklus']	pl ill	tesse	S	nimisõna	5	
polnud	olema	ole	['ole']	neg nud	nud	V	tegusõna	5	
ta	tema	tema	['tema']	sg n	0	P	asesõna	5	
sattunud	sattuma|sattunud	sattu|sattu=nud	[['sattu'], ['sattunud'], ['sattunud'], ['sattunud']]	|nud|pl n|sg n	0|d|nud	A|V		5	
.	.	.	['.']			Z	lausemärk	5	
Ta	tema	tema	['tema']	sg n	0	P	asesõna	5	
raius	raiuma	raiu	['raiu']	s	s	V	tegusõna	5	
puude	puu|puue	puu|puue	[['puu'], ['puue']]	pl g|sg g	0|de	S	nimisõna	5	
oksi	oks	oks	['oks']	pl p	i	S	nimisõna	5	
,	,	,	[',']			Z	lausemärk	5	
et	et	et	['et']		0	J	sidesõna	5	
elada	elama	ela	['ela']	da	da	V	tegusõna	5	
välja	välja	välja	['välja']		0	D	määrsõna	5	
käsivartes	käsivars	käsi_vars	['käsi', 'vars']	pl in	tes	S	nimisõna	5	
pulbitsevat	pulbitsev	pulbitsev	['pulbitsev']	sg p	t	A	omadussõna algvõrre	5	
energiat	energia	energia	['energia']	sg p	t	S	nimisõna	5	
.	.	.	['.']			Z	lausemärk	5	
Lõpuks	lõpuks	lõpuks	['lõpuks']		0	D	määrsõna	6	
pidas	pidama	pida	['pida']	s	s	V	tegusõna	6	
ta	tema	tema	['tema']	sg n	0	P	asesõna	6	
hobuse	hobune	hobune	['hobune']	sg g	0	S	nimisõna	6	
kinni	kinni	kinni	['kinni']		0	D	määrsõna	6	
.	.	.	['.']			Z	lausemärk	6	
Mets	mets	mets	['mets']	sg n	0	S	nimisõna	6	
oli	olema	ole	['ole']	s	i	V	tegusõna	6	
muutunud	muutuma|muutunud	muutu|muutu=nud	[['muutu'], ['muutunud'], ['muutunud'], ['muutunud']]	|nud|pl n|sg n	0|d|nud	A|V		6	
tihedaks	tihe	tihe	['tihe']	sg tr	ks	A	omadussõna algvõrre	6	
ja	ja	ja	['ja']		0	J	sidesõna	6	
läbitungimatuks	läbitungimatu	läbi_tungimatu	['läbi', 'tungimatu']	sg tr	ks	A	omadussõna algvõrre	6	
,	,	,	[',']			Z	lausemärk	6	
puud	puu|puud	puu|puud	[['puu'], ['puud']]	pl n|sg n	0|d	S	nimisõna	6	
kõrgusid	kõrguma	kõrgu	['kõrgu']	sid	sid	V	tegusõna	6	
ähvardavalt	ähvardavalt	ähvardavalt	['ähvardavalt']		0	D	määrsõna	6	
ta	tema	tema	['tema']	sg g	0	P	asesõna	6	
kohal	kohal	kohal	['kohal']		0	K	kaassõna	6	
,	,	,	[',']			Z	lausemärk	6	
sirutades	sirutama	siruta	['siruta']	des	des	V	tegusõna	6	
tema	tema	tema	['tema']	sg g	0	P	asesõna	6	
poole	poole	poole	['poole']		0	K	kaassõna	6	
luidraid	luider	luider	['luider']	pl p	id	A	omadussõna algvõrre	6	
oksi	oks	oks	['oks']	pl p	i	S	nimisõna	6	
.	.	.	['.']			Z	lausemärk	6	
Ümbrus	ümbrus	ümbrus	['ümbrus']	sg n	0	S	nimisõna	6	
oli	olema	ole	['ole']	s	i	V	tegusõna	6	
võõras	võõras	võõras	['võõras']	sg n	0	A	omadussõna algvõrre	6	
.	.	.	['.']			Z	lausemärk	6	
Eksinud	eksinu	eksinu	['eksinu']	pl n	d	S	nimisõna	7	
!	!	!	['!']			Z	lausemärk	7	
Seegi	see	see	['see']	sg n	0	P	asesõna	7	
asi	asi	asi	['asi']	sg n	0	S	nimisõna	7	
,	,	,	[',']			Z	lausemärk	7	
mõtles	mõtlema	mõtle	['mõtle']	s	s	V	tegusõna	7	
sir	sir	sir	['sir']	sg n	0	S	nimisõna	7	
Reginald	Reginald	Reginald	['Reginald']	sg n	0	H	pärisnimi	7	
.	.	.	['.']			Z	lausemärk	7	
Ikkagi	ikkagi	ikkagi	['ikkagi']		0	D	määrsõna	7	
mingisugune	mingisugune	mingi_sugune	['mingi', 'sugune']	sg n	0	P	asesõna	7	
vaheldus	vaheldus	vaheldus	['vaheldus']	sg n	0	S	nimisõna	7	
.	.	.	['.']			Z	lausemärk	7	
Ta	tema	tema	['tema']	sg n	0	P	asesõna	7	
ronis	ronima	roni	['roni']	s	s	V	tegusõna	7	
hobuse	hobune	hobune	['hobune']	sg g	0	S	nimisõna	7	
seljast	selg	selg	['selg']	sg el	st	S	nimisõna	7	
maha	maha	maha	['maha']		0	D	määrsõna	7	
ja	ja	ja	['ja']		0	J	sidesõna	7	
asus	asuma	asu	['asu']	s	s	V	tegusõna	7	
looma	loom	loom	['loom']	sg p	0	S	nimisõna	7	
ratsmeidpidi	ratsmeidpidi	ratsme+id_pidi	['ratsmeid', 'pidi']		0	D	määrsõna	7	
talutades	talutama	taluta	['taluta']	des	des	V	tegusõna	7	
endale	ise	ise	['ise']	sg all	le	P	asesõna	7	
mõõgaga	mõõk	mõõk	['mõõk']	sg kom	ga	S	nimisõna	7	
teed	tee	tee	['tee']	sg p	d	S	nimisõna	7	
tegema	tegema	tege	['tege']	ma	ma	V	tegusõna	7	
.	.	.	['.']			Z	lausemärk	7	
Elu	elu	elu	['elu']	sg n	0	S	nimisõna	8	
oli	olema	ole	['ole']	s	i	V	tegusõna	8	
talle	tema	tema	['tema']	sg all	lle	P	asesõna	8	
õpetanud	õpetama|õpetanud	õpeta|õpeta=nud	[['õpeta'], ['õpetanud'], ['õpetanud'], ['õpetanud']]	|nud|pl n|sg n	0|d|nud	A|V		8	
,	,	,	[',']			Z	lausemärk	8	
et	et	et	['et']		0	J	sidesõna	8	
kui	kui	kui	[['kui'], ['kui']]		0	D|J		8	
piisavalt	piisavalt	piisavalt	['piisavalt']		0	D	määrsõna	8	
kaua	kaua	kaua	['kaua']		0	D	määrsõna	8	
mingis	mingi	mingi	['mingi']	sg in	s	P	asesõna	8	
suunas	suund	suund	['suund']	sg in	s	S	nimisõna	8	
minna	minema	mine	['mine']	da	a	V	tegusõna	8	
,	,	,	[',']			Z	lausemärk	8	
jõuab	jõudma	jõud	['jõud']	b	b	V	tegusõna	8	
lõpuks	lõpuks	lõpuks	['lõpuks']		0	D	määrsõna	8	
ikka	ikka	ikka	['ikka']		0	D	määrsõna	8	
kusagile	kusagile	kusagile	['kusagile']		0	D	määrsõna	8	
välja	välja	välja	['välja']		0	D	määrsõna	8	
.	.	.	['.']			Z	lausemärk	8	
Ja	ja	ja	['ja']		0	J	sidesõna	8	
kuna	kuna	kuna	['kuna']		0	J	sidesõna	8	
tal	tema	tema	['tema']	sg ad	l	P	asesõna	8	
oli	olema	ole	['ole']	s	i	V	tegusõna	8	
ükspuha	ükspuha	üks_puha	['üks', 'puha']		0	D	määrsõna	8	
,	,	,	[',']			Z	lausemärk	8	
kuhu	kuhu	kuhu	['kuhu']		0	D	määrsõna	8	
jõuda	jõudma	jõud	['jõud']	da	a	V	tegusõna	8	
,	,	,	[',']			Z	lausemärk	8	
läks	minema	mine	['mine']	s	s	V	tegusõna	8	
ta	tema	tema	['tema']	sg n	0	P	asesõna	8	
huupi	huupi	huupi	['huupi']		0	D	määrsõna	8	
,	,	,	[',']			Z	lausemärk	8	
tungides	tungima	tungi	['tungi']	des	des	V	tegusõna	8	
aina	aina	aina	['aina']		0	D	määrsõna	8	
sügavamale	sügavam	sügavam	['sügavam']	sg all	le	C	omadussõna keskvõrre	8	
padrikusse	padrik	padrik	['padrik']	sg ill	sse	S	nimisõna	8	
.	.	.	['.']			Z	lausemärk	8	
Siin	siin	siin	['siin']		0	D	määrsõna	9	
võib	võima	või	['või']	b	b	V	tegusõna	9	
veel	veel	veel	['veel']		0	D	määrsõna	9	
mõnda	mõni	mõni	['mõni']	sg p	da	P	asesõna	9	
Seiklust	seiklus	seiklus	['seiklus']	sg p	t	S	nimisõna	9	
kohata	kohtama	kohta	['kohta']	da	ta	V	tegusõna	9	
,	,	,	[',']			Z	lausemärk	9	
arutas	arutama	aruta	['aruta']	s	s	V	tegusõna	9	
sir	sir	sir	['sir']	sg n	0	S	nimisõna	9	
Reginald	Reginald	Reginald	['Reginald']	sg n	0	H	pärisnimi	9	
omaette	omaette	oma_ette	['oma', 'ette']		0	D	määrsõna	9	
,	,	,	[',']			Z	lausemärk	9	
silmitsedes	silmitsema	silmitse	['silmitse']	des	des	V	tegusõna	9	
aina	aina	aina	['aina']		0	D	määrsõna	9	
süngemaks	süngem	süngem	['süngem']	sg tr	ks	C	omadussõna keskvõrre	9	
muutuvat	muutuv	muutuv	['muutuv']	sg p	t	A	omadussõna algvõrre	9	
maastikku	maastik	maastik	['maastik']	sg p	0	S	nimisõna	9	
.	.	.	['.']			Z	lausemärk	9	
Mõni	mõni	mõni	['mõni']	sg n	0	P	asesõna	9	
lohe	lohe	lohe	['lohe']	sg n	0	S	nimisõna	9	
või	või	või	['või']		0	J	sidesõna	9	
hiiglane	hiiglane	hiiglane	['hiiglane']	sg n	0	S	nimisõna	9	
...	...	...	['...']			Z	lausemärk	9	
Kasvõi	kasvõi	kas_või	['kas', 'või']		0	D	määrsõna	9	
troll	troll	troll	['troll']	sg n	0	S	nimisõna	9	
,	,	,	[',']			Z	lausemärk	9	
lõpuks	lõpuks	lõpuks	['lõpuks']		0	D	määrsõna	9	
...	...	...	['...']			Z	lausemärk	9	
Ja	ja	ja	['ja']		0	J	sidesõna	9	
et	et	et	['et']		0	J	sidesõna	9	
saaks	saama	saa	['saa']	ks	ks	V	tegusõna	9	
kedagi	keegi	keegi	['keegi']	sg p	dagi	P	asesõna	9	
päästa	päästma	pääst	['pääst']	da	a	V	tegusõna	9	
või	või	või	['või']		0	J	sidesõna	9	
aidata	aitama	aita	['aita']	da	ta	V	tegusõna	9	
...	...	...	['...']			Z	lausemärk	9	
Ilm	ilm	ilm	['ilm']	sg n	0	S	nimisõna	10	
tõmbus	tõmbuma	tõmbu	['tõmbu']	s	s	V	tegusõna	10	
pilve	pilv	pilv	['pilv']	adt	0	S	nimisõna	10	
,	,	,	[',']			Z	lausemärk	10	
hämardus	hämarduma	hämardu	['hämardu']	s	s	V	tegusõna	10	
.	.	.	['.']			Z	lausemärk	10	
Kusagilt	kusagilt	kusagilt	['kusagilt']		0	D	määrsõna	10	
tuli	tulema	tule	['tule']	s	i	V	tegusõna	10	
tuul	tuul	tuul	['tuul']	sg n	0	S	nimisõna	10	
,	,	,	[',']			Z	lausemärk	10	
rappis	rappima	rappi	['rappi']	s	s	V	tegusõna	10	
puid	puu	puu	['puu']	pl p	id	S	nimisõna	10	
ning	ning	ning	['ning']		0	J	sidesõna	10	
virutas	virutama	viruta	['viruta']	s	s	V	tegusõna	10	
oksapuru	oksapuru	oksa_puru	['oksa', 'puru']	sg g	0	S	nimisõna	10	
ja	ja	ja	['ja']		0	J	sidesõna	10	
prahi	praht	praht	['praht']	sg g	0	S	nimisõna	10	
rüütlile	rüütel	rüütel	['rüütel']	sg all	le	S	nimisõna	10	
näkku	nägu	nägu	['nägu']	adt	0	S	nimisõna	10	
.	.	.	['.']			Z	lausemärk	10	
Sir	Sir	Sir	['Sir']	sg n	0	H	pärisnimi	10	
Reginald	Reginald	Reginald	['Reginald']	sg n	0	H	pärisnimi	10	
jäi	jääma	jää	['jää']	s	i	V	tegusõna	10	
seisma	seisma	seis	['seis']	ma	ma	V	tegusõna	10	
.	.	.	['.']			Z	lausemärk	10	
Mets	mets	mets	['mets']	sg n	0	S	nimisõna	10	
oli	olema	ole	['ole']	s	i	V	tegusõna	10	
hiirvaikne	hiirvaikne	hiir_vaikne	['hiir', 'vaikne']	sg n	0	A	omadussõna algvõrre	10	
.	.	.	['.']			Z	lausemärk	10	
Tundus	tunduma	tundu	['tundu']	s	s	V	tegusõna	10	
,	,	,	[',']			Z	lausemärk	10	
et	et	et	['et']		0	J	sidesõna	10	
ta	tema	tema	['tema']	sg n	0	P	asesõna	10	
hoiab	hoidma	hoid	['hoid']	b	b	V	tegusõna	10	
hinge	hing	hing	['hing']	sg p	0	S	nimisõna	10	
kinni	kinni	kinni	['kinni']		0	D	määrsõna	10	
ja	ja	ja	['ja']		0	J	sidesõna	10	
kuulatab	kuulatama	kuulata	['kuulata']	b	b	V	tegusõna	10	
midagi	miski	miski	['miski']	sg p	dagi	P	asesõna	10	
või	või	või	['või']		0	J	sidesõna	10	
kedagi	keegi	keegi	['keegi']	sg p	dagi	P	asesõna	10	
.	.	.	['.']			Z	lausemärk	10	
Reginald	Reginald	Reginald	['Reginald']	sg n	0	H	pärisnimi	11	
,	,	,	[',']			Z	lausemärk	11	
vapper	vapper	vapper	['vapper']	sg n	0	A	omadussõna algvõrre	11	
rüütel	rüütel	rüütel	['rüütel']	sg n	0	S	nimisõna	11	
,	,	,	[',']			Z	lausemärk	11	
sidus	siduma	sidu	['sidu']	s	s	V	tegusõna	11	
hobuse	hobune	hobune	['hobune']	sg g	0	S	nimisõna	11	
puu	puu	puu	['puu']	sg g	0	S	nimisõna	11	
külge	külge	külge	['külge']		0	K	kaassõna	11	
,	,	,	[',']			Z	lausemärk	11	
haaras	haarama	haara	['haara']	s	s	V	tegusõna	11	
mõõga	mõõk	mõõk	['mõõk']	sg g	0	S	nimisõna	11	
kindlamini	kindlamini	kindla=mini	['kindlamini']		0	D	määrsõna	11	
pihku	pihk	pihk	['pihk']	adt	0	S	nimisõna	11	
ja	ja	ja	['ja']		0	J	sidesõna	11	
astus	astuma	astu	['astu']	s	s	V	tegusõna	11	
ettevaatlikult	ettevaatlikult	ette_vaatlikult	['ette', 'vaatlikult']		0	D	määrsõna	11	
edasi	edasi	edasi	['edasi']		0	D	määrsõna	11	
.	.	.	['.']			Z	lausemärk	11	
Sajakonna	sajakonn	saja_konn	['saja', 'konn']	sg g	0	S	nimisõna	11	
sammu	samm	samm	['samm']	sg g	0	S	nimisõna	11	
pärast	pärast	pärast	['pärast']		0	K	kaassõna	11	
jõudis	jõudma	jõud	['jõud']	s	is	V	tegusõna	11	
ta	tema	tema	['tema']	sg n	0	P	asesõna	11	
avarale	avar	avar	['avar']	sg all	le	A	omadussõna algvõrre	11	
lagendikule	lagendik	lagendik	['lagendik']	sg all	le	S	nimisõna	11	
ja	ja	ja	['ja']		0	J	sidesõna	11	
peatus	peatuma	peatu	['peatu']	s	s	V	tegusõna	11	
.	.	.	['.']			Z	lausemärk	11	
Keset	keset	keset	['keset']		0	K	kaassõna	12	
lagendikku	lagendik	lagendik	['lagendik']	sg p	0	S	nimisõna	12	
seisis	seisma	seis	['seis']	s	is	V	tegusõna	12	
iidne	iidne	iidne	['iidne']	sg n	0	A	omadussõna algvõrre	12	
kellatorn	kellatorn	kella_torn	['kella', 'torn']	sg n	0	S	nimisõna	12	
.	.	.	['.']			Z	lausemärk	12	
Ta	tema	tema	['tema']	sg n	0	P	asesõna	12	
vana	vana	vana	['vana']	sg n	0	A	omadussõna algvõrre	12	
,	,	,	[',']			Z	lausemärk	12	
samblassekasvanud	samblassekasvanud	sambla+sse_kasva=nud	[['samblasse', 'kasvanud'], ['samblasse', 'kasvanud'], ['samblasse', 'kasvanud']]	|pl n|sg n	0|d	A	omadussõna algvõrre	12	
keha	keha	keha	['keha']	sg n	0	S	nimisõna	12	
sihtis	sihtima	sihti	['sihti']	s	s	V	tegusõna	12	
Saatuse	saatus	saatus	['saatus']	sg g	0	S	nimisõna	12	
krobelise	krobeline	krobeline	['krobeline']	sg g	0	A	omadussõna algvõrre	12	
sõrmena	sõrm	sõrm	['sõrm']	sg es	na	S	nimisõna	12	
madalat	madal	madal	['madal']	sg p	t	A	omadussõna algvõrre	12	
rasket	raske	raske	['raske']	sg p	t	A	omadussõna algvõrre	12	
taevast	taevas	taevas	['taevas']	sg p	t	S	nimisõna	12	
.	.	.	['.']			Z	lausemärk	12	
Jäi	jääma	jää	['jää']	s	i	V	tegusõna	12	
mulje	mulje	mulje	['mulje']	sg n	0	S	nimisõna	12	
,	,	,	[',']			Z	lausemärk	12	
et	et	et	['et']		0	J	sidesõna	12	
torn	torn	torn	['torn']	sg n	0	S	nimisõna	12	
ulatub	ulatuma	ulatu	['ulatu']	b	b	V	tegusõna	12	
pilvedeni	pilv	pilv	['pilv']	pl ter	deni	S	nimisõna	12	
.	.	.	['.']			Z	lausemärk	12	
Hetkel	hetk	hetk	['hetk']	sg ad	l	S	nimisõna	12	
,	,	,	[',']			Z	lausemärk	12	
kui	kui	kui	[['kui'], ['kui']]		0	D|J		12	
rüütel	rüütel	rüütel	['rüütel']	sg n	0	S	nimisõna	12	
lagendikule	lagendik	lagendik	['lagendik']	sg all	le	S	nimisõna	12	
astus	astuma	astu	['astu']	s	s	V	tegusõna	12	
,	,	,	[',']			Z	lausemärk	12	
sähvatas	sähvatama	sähvata	['sähvata']	s	s	V	tegusõna	12	
välk	välk	välk	['välk']	sg n	0	S	nimisõna	12	
ja	ja	ja	['ja']		0	J	sidesõna	12	
selles	see	see	['see']	sg in	s	P	asesõna	12	
tontlikus	tontlik	tontlik	['tontlik']	sg in	s	A	omadussõna algvõrre	12	
valguses	valgus	valgus	['valgus']	sg in	s	S	nimisõna	12	
nägi	nägema	näge	['näge']	s	i	V	tegusõna	12	
sir	sir	sir	['sir']	sg n	0	S	nimisõna	12	
Reginald	Reginald	Reginald	['Reginald']	sg n	0	H	pärisnimi	12	
Teda	tema	tema	['tema']	sg p	da	P	asesõna	12	
—	-	-	['-']			Z	lausemärk	12	
Koletist	koletis	koletis	['koletis']	sg p	t	S	nimisõna	12	
.	.	.	['.']			Z	lausemärk	12	
Koletis	koletis	koletis	['koletis']	sg n	0	S	nimisõna	13	
laskus	laskuma	lasku	['lasku']	s	s	V	tegusõna	13	
torni	torn	torn	['torn']	sg p	0	S	nimisõna	13	
katuselt	katus	katus	['katus']	sg abl	lt	S	nimisõna	13	
,	,	,	[',']			Z	lausemärk	13	
silmitsedes	silmitsema	silmitse	['silmitse']	des	des	V	tegusõna	13	
rüütlit	rüütel	rüütel	['rüütel']	sg p	t	S	nimisõna	13	
hõõguval	hõõguv	hõõguv	['hõõguv']	sg ad	l	A	omadussõna algvõrre	13	
pilgul	pilk	pilk	['pilk']	sg ad	l	S	nimisõna	13	
ja	ja	ja	['ja']		0	J	sidesõna	13	
urises	urisema	urise	['urise']	s	s	V	tegusõna	13	
ähvardavalt	ähvardavalt	ähvardavalt	['ähvardavalt']		0	D	määrsõna	13	
.	.	.	['.']			Z	lausemärk	13	
Ta	tema	tema	['tema']	sg n	0	P	asesõna	13	
ei	ei	ei	['ei']	neg	0	V	tegusõna	13	
kiirustanud	kiirustama|kiirustanud	kiirusta|kiirusta=nud	[['kiirusta'], ['kiirustanud'], ['kiirustanud'], ['kiirustanud']]	|nud|pl n|sg n	0|d|nud	A|V		13	
ründama	ründama	ründa	['ründa']	ma	ma	V	tegusõna	13	
,	,	,	[',']			Z	lausemärk	13	
ta	tema	tema	['tema']	sg n	0	P	asesõna	13	
paistis	paistma	paist	['paist']	s	is	V	tegusõna	13	
hoiatavat	hoiatav	hoiatav	['hoiatav']	sg p	t	A	omadussõna algvõrre	13	
—	-	-	['-']			Z	lausemärk	13	
mine	minema	mine	['mine']	o	0	V	tegusõna	13	
oma	oma	oma	['oma']	sg g	0	P	asesõna	13	
teed	tee	tee	['tee']	sg p	d	S	nimisõna	13	
,	,	,	[',']			Z	lausemärk	13	
rändaja	rändaja	rändaja	['rändaja']	sg n	0	S	nimisõna	13	
,	,	,	[',']			Z	lausemärk	13	
ja	ja	ja	['ja']		0	J	sidesõna	13	
ära	ära	ära	['ära']	neg o	0	V	tegusõna	13	
tülita	tülitama	tülita	['tülita']	o	0	V	tegusõna	13	
mind	mina	mina	['mina']	sg p	d	P	asesõna	13	
.	.	.	['.']			Z	lausemärk	13	
See	see	see	['see']	sg n	0	P	asesõna	13	
torn	torn	torn	['torn']	sg n	0	S	nimisõna	13	
on	olema	ole	[['ole'], ['ole']]	b|vad	0	V	tegusõna	13	
minu	mina	mina	['mina']	sg g	0	P	asesõna	13	
!	!	!	['!']			Z	lausemärk	13	
Kuid	kuid	kuid	['kuid']		0	J	sidesõna	14	
sir	sir	sir	['sir']	sg n	0	S	nimisõna	14	
Reginald	Reginald	Reginald	['Reginald']	sg n	0	H	pärisnimi	14	
ei	ei	ei	['ei']	neg	0	V	tegusõna	14	
kavatsenud	kavatsema|kavatsenud	kavatse|kavatse=nud	[['kavatse'], ['kavatsenud'], ['kavatsenud'], ['kavatsenud']]	|nud|pl n|sg n	0|d|nud	A|V		14	
minna	minema	mine	['mine']	da	a	V	tegusõna	14	
,	,	,	[',']			Z	lausemärk	14	
ei	ei	ei	['ei']	neg	0	V	tegusõna	14	
,	,	,	[',']			Z	lausemärk	14	
nüüd	nüüd	nüüd	['nüüd']		0	D	määrsõna	14	
enam	enam	enam	['enam']		0	D	määrsõna	14	
mitte	mitte	mitte	['mitte']		0	D	määrsõna	14	
.	.	.	['.']			Z	lausemärk	14	
Ta	tema	tema	['tema']	sg n	0	P	asesõna	14	
polnud	olema	ole	['ole']	neg nud	nud	V	tegusõna	14	
ju	ju	ju	['ju']		0	D	määrsõna	14	
nii	nii	nii	['nii']		0	D	määrsõna	14	
ammu	ammu	ammu	['ammu']		0	D	määrsõna	14	
kedagi	keegi	keegi	['keegi']	sg p	dagi	P	asesõna	14	
päästnud	päästma|päästnud	pääst|pääst=nud	[['pääst'], ['päästnud'], ['päästnud'], ['päästnud']]	|nud|pl n|sg n	0|d|nud	A|V		14	
,	,	,	[',']			Z	lausemärk	14	
nii	nii	nii	['nii']		0	D	määrsõna	14	
ammu	ammu	ammu	['ammu']		0	D	määrsõna	14	
kellegagi	keegi	keegi	['keegi']	sg kom	gagi	P	asesõna	14	
võidelnud	võidelnud|võitlema	võidel=nud|võitle	[['võitle'], ['võidelnud'], ['võidelnud'], ['võidelnud']]	|nud|pl n|sg n	0|d|nud	A|V		14	
!	!	!	['!']			Z	lausemärk	14	
Ja	ja	ja	['ja']		0	J	sidesõna	14	
nüüd	nüüd	nüüd	['nüüd']		0	D	määrsõna	14	
korraga	korraga	korraga	['korraga']		0	D	määrsõna	14	
torn	torn	torn	['torn']	sg n	0	S	nimisõna	14	
,	,	,	[',']			Z	lausemärk	14	
mida	mis	mis	[['mis'], ['mis']]	pl p|sg p	da	P	asesõna	14	
valvab	valvama	valva	['valva']	b	b	V	tegusõna	14	
Koletis	koletis	koletis	['koletis']	sg n	0	S	nimisõna	14	
.	.	.	['.']			Z	lausemärk	14	
Tühja	tühi	tühi	['tühi']	sg p	0	A	omadussõna algvõrre	14	
torni	torn	torn	['torn']	sg p	0	S	nimisõna	14	
Koletis	Kolet|Koleti|Kolett	Kolet|Koleti|Kolett	[['Kolet'], ['Koleti'], ['Kolett']]	sg in	s	H	pärisnimi	14	
ei	ei	ei	['ei']	neg	0	V	tegusõna	14	
valvaks	valvama	valva	['valva']	ks	ks	V	tegusõna	14	
!	!	!	['!']			Z	lausemärk	14	
Seal	seal	seal	['seal']		0	D	määrsõna	14	
peab	pidama	pida	['pida']	b	b	V	tegusõna	14	
midagi	miski	miski	['miski']	sg p	dagi	P	asesõna	14	
olema	olema	ole	['ole']	ma	ma	V	tegusõna	14	
,	,	,	[',']			Z	lausemärk	14	
midagi	miski	miski	['miski']	sg p	dagi	P	asesõna	14	
valvamisväärset	valvamisväärne	valvamis_väärne	['valvamis', 'väärne']	sg p	t	A	omadussõna algvõrre	14	
.	.	.	['.']			Z	lausemärk	14	
Mõni	mõni	mõni	['mõni']	sg n	0	P	asesõna	14	
printsess	printsess	printsess	['printsess']	sg n	0	S	nimisõna	14	
näiteks	näide	näide	['näide']	sg tr	ks	S	nimisõna	14	
,	,	,	[',']			Z	lausemärk	14	
keda	kes	kes	[['kes'], ['kes']]	pl p|sg p	da	P	asesõna	14	
vabastada	vabastama	vabasta	['vabasta']	da	da	V	tegusõna	14	
.	.	.	['.']			Z	lausemärk	14	
Või	või	või	['või']		0	J	sidesõna	14	
varandus	varandus	varandus	['varandus']	sg n	0	S	nimisõna	14	
,	,	,	[',']			Z	lausemärk	14	
mis	mis	mis	[['mis'], ['mis']]	pl n|sg n	0	P	asesõna	14	
on	olema	ole	[['ole'], ['ole']]	b|vad	0	V	tegusõna	14	
isegi	isegi	isegi	['isegi']		0	D	määrsõna	14	
veidi	veidi	veidi	['veidi']		0	D	määrsõna	14	
etem	etem	etem	['etem']	sg n	0	C	omadussõna keskvõrre	14	
variant	variant	variant	['variant']	sg n	0	S	nimisõna	14	
,	,	,	[',']			Z	lausemärk	14	
kui	kui	kui	[['kui'], ['kui']]		0	D|J		14	
järele	järele	järele	['järele']		0	D	määrsõna	14	
mõtlema	mõtlema	mõtle	['mõtle']	ma	ma	V	tegusõna	14	
hakata	hakkama	hakka	['hakka']	da	ta	V	tegusõna	14	
.	.	.	['.']			Z	lausemärk	14	
Sir	Sir	Sir	['Sir']	sg n	0	H	pärisnimi	15	
Reginald	Reginald	Reginald	['Reginald']	sg n	0	H	pärisnimi	15	
tormas	tormama	torma	['torma']	s	s	V	tegusõna	15	
rünnakule	rünnak	rünnak	['rünnak']	sg all	le	S	nimisõna	15	
.	.	.	['.']			Z	lausemärk	15	
Koletis	koletis	koletis	['koletis']	sg n	0	S	nimisõna	15	
möirgas	möirgama	möirga	['möirga']	s	s	V	tegusõna	15	
ja	ja	ja	['ja']		0	J	sidesõna	15	
lagendik	lagendik	lagendik	['lagendik']	sg n	0	S	nimisõna	15	
sai	saama	saa	['saa']	s	i	V	tegusõna	15	
möirgamist	möirgamine	möirga=mine	['möirgamine']	sg p	t	S	nimisõna	15	
täis	täis	täis	['täis']		0	D	määrsõna	15	
ja	ja	ja	['ja']		0	J	sidesõna	15	
möirgamine	möirgamine	möirga=mine	['möirgamine']	sg n	0	S	nimisõna	15	
summutas	summutama	summuta	['summuta']	s	s	V	tegusõna	15	
kõuekärgatused	kõuekärgatus	kõue_kärgatus	['kõue', 'kärgatus']	pl n	d	S	nimisõna	15	
,	,	,	[',']			Z	lausemärk	15	
kuid	kuid	kuid	['kuid']		0	J	sidesõna	15	
vaprat	vapper	vapper	['vapper']	sg p	t	A	omadussõna algvõrre	15	
rüütlit	rüütel	rüütel	['rüütel']	sg p	t	S	nimisõna	15	
see	see	see	['see']	sg n	0	P	asesõna	15	
ei	ei	ei	['ei']	neg	0	V	tegusõna	15	
peatanud	peatama|peatanud	peata|peata=nud	[['peata'], ['peatanud'], ['peatanud'], ['peatanud']]	|nud|pl n|sg n	0|d|nud	A|V		15	
.	.	.	['.']			Z	lausemärk	15	
Ta	tema	tema	['tema']	sg n	0	P	asesõna	15	
tungis	tungima	tungi	['tungi']	s	s	V	tegusõna	15	
aina	aina	aina	['aina']		0	D	määrsõna	15	
edasi	edasi	edasi	['edasi']		0	D	määrsõna	15	
ja	ja	ja	['ja']		0	J	sidesõna	15	
tema	tema	tema	['tema']	sg g	0	P	asesõna	15	
mõõk	mõõk	mõõk	['mõõk']	sg n	0	S	nimisõna	15	
sähvis	sähvima	sähvi	['sähvi']	s	s	V	tegusõna	15	
välkudega	välk	välk	['välk']	pl kom	dega	S	nimisõna	15	
võidu	võidu	võidu	['võidu']		0	D	määrsõna	15	
.	.	.	['.']			Z	lausemärk	15	
Viimaks	viimaks	viimaks	['viimaks']		0	D	määrsõna	16	
Koletis	koletis	koletis	['koletis']	sg n	0	S	nimisõna	16	
langes	langema	lange	['lange']	s	s	V	tegusõna	16	
ega	ega	ega	['ega']		0	J	sidesõna	16	
liigutanud	liigutama|liigutanud	liiguta|liiguta=nud	[['liiguta'], ['liigutanud'], ['liigutanud'], ['liigutanud']]	|nud|pl n|sg n	0|d|nud	A|V		16	
enam	enam	enam	['enam']		0	D	määrsõna	16	
.	.	.	['.']			Z	lausemärk	16	
Verine	verine	verine	['verine']	sg n	0	A	omadussõna algvõrre	16	
mõõk	mõõk	mõõk	['mõõk']	sg n	0	S	nimisõna	16	
käes	käsi	käsi	['käsi']	sg in	s	S	nimisõna	16	
,	,	,	[',']			Z	lausemärk	16	
astus	astuma	astu	['astu']	s	s	V	tegusõna	16	
rüütel	rüütel	rüütel	['rüütel']	sg n	0	S	nimisõna	16	
kellatorni	kellatorn	kella_torn	['kella', 'torn']	sg p	0	S	nimisõna	16	
ja	ja	ja	['ja']		0	J	sidesõna	16	
ahhetas	ahhetama	ahheta	['ahheta']	s	s	V	tegusõna	16	
ootamatusest	ootamatus	ootamatus	['ootamatus']	sg el	st	S	nimisõna	16	
—	-	-	['-']			Z	lausemärk	16	
torn	torn	torn	['torn']	sg n	0	S	nimisõna	16	
oli	olema	ole	['ole']	s	i	V	tegusõna	16	
tühi	tühi	tühi	['tühi']	sg n	0	A	omadussõna algvõrre	16	
!	!	!	['!']			Z	lausemärk	16	
Ta	tema	tema	['tema']	sg n	0	P	asesõna	16	
uuris	uurima	uuri	['uuri']	s	s	V	tegusõna	16	
kõledaid	kõle	kõle	['kõle']	pl p	id	A	omadussõna algvõrre	16	
seinu	sein	sein	['sein']	pl p	u	S	nimisõna	16	
ja	ja	ja	['ja']		0	J	sidesõna	16	
tõstis	tõstma	tõst	['tõst']	s	is	V	tegusõna	16	
siis	siis	siis	['siis']		0	D	määrsõna	16	
pilgu	pilk	pilk	['pilk']	sg g	0	S	nimisõna	16	
.	.	.	['.']			Z	lausemärk	16	
Kusagil	kusagil	kusagil	['kusagil']		0	D	määrsõna	16	
kõrgel	kõrgel	kõrgel	['kõrgel']		0	D	määrsõna	16	
aimus	aimus	aimus	['aimus']	sg n	0	S	nimisõna	16	
hiiglaslik	hiiglaslik	hiiglaslik	['hiiglaslik']	sg n	0	A	omadussõna algvõrre	16	
kell	kell	kell	['kell']	sg n	0	S	nimisõna	16	
.	.	.	['.']			Z	lausemärk	16	
Kellanöör	kellanöör	kella_nöör	['kella', 'nöör']	sg n	0	S	nimisõna	16	
rippus	rippuma	rippu	['rippu']	s	s	V	tegusõna	16	
käeulatuses	käeulatus	käe_ulatus	['käe', 'ulatus']	sg in	s	S	nimisõna	16	
.	.	.	['.']			Z	lausemärk	16	
Sir	Sir	Sir	['Sir']	sg n	0	H	pärisnimi	16	
Reginald	Reginald	Reginald	['Reginald']	sg n	0	H	pärisnimi	16	
vaatas	vaatama	vaata	['vaata']	s	s	V	tegusõna	16	
veelkord	veelkord	veel_kord	['veel', 'kord']		0	D	määrsõna	16	
üles	üles	üles	['üles']		0	D	määrsõna	16	
ja	ja	ja	['ja']		0	J	sidesõna	16	
talle	tema	tema	['tema']	sg all	lle	P	asesõna	16	
tundus	tunduma	tundu	['tundu']	s	s	V	tegusõna	16	
,	,	,	[',']			Z	lausemärk	16	
et	et	et	['et']		0	J	sidesõna	16	
kellatila	kellatila	kella_tila	['kella', 'tila']	sg g	0	S	nimisõna	16	
asemel	asemel	asemel	['asemel']		0	K	kaassõna	16	
ripub	rippuma	rippu	['rippu']	b	b	V	tegusõna	16	
kella	kell	kell	['kell']	sg g	0	S	nimisõna	16	
sisemuses	sisemus	sisemus	['sisemus']	sg in	s	S	nimisõna	16	
tilluke	tilluke	tilluke	['tilluke']	sg n	0	A	omadussõna algvõrre	16	
mehike	mehike	mehike	['mehike']	sg n	0	S	nimisõna	16	
,	,	,	[',']			Z	lausemärk	16	
pea	pidama	pida	['pida']	o	0	V	tegusõna	16	
alaspidi	alaspidi	alas_pidi	['alas', 'pidi']		0	D	määrsõna	16	
.	.	.	['.']			Z	lausemärk	16	
Hetkeks	hetk	hetk	['hetk']	sg tr	ks	S	nimisõna	16	
vilksatas	vilksatama	vilksata	['vilksata']	s	s	V	tegusõna	16	
mälusoppides	mälusopp	mälu_sopp	['mälu', 'sopp']	pl in	des	S	nimisõna	16	
mingi	mingi	mingi	['mingi']	sg n	0	P	asesõna	16	
teadmine	teadmine	teadmine	['teadmine']	sg n	0	S	nimisõna	16	
,	,	,	[',']			Z	lausemärk	16	
mingi	mingi	mingi	['mingi']	sg n	0	P	asesõna	16	
tabamatu	tabamatu	tabamatu	['tabamatu']	sg n	0	A	omadussõna algvõrre	16	
ohutunne	ohutunne	ohu_tunne	['ohu', 'tunne']	sg n	0	S	nimisõna	16	
,	,	,	[',']			Z	lausemärk	16	
mis	mis	mis	[['mis'], ['mis']]	pl n|sg n	0	P	asesõna	16	
aga	aga	aga	['aga']		0	J	sidesõna	16	
kohe	kohe	kohe	['kohe']		0	D	määrsõna	16	
kadus	kaduma	kadu	['kadu']	s	s	V	tegusõna	16	
.	.	.	['.']			Z	lausemärk	16	
Midagi	miski	miski	['miski']	sg p	dagi	P	asesõna	16	
mõtlemata	mõtlema	mõtle	['mõtle']	mata	mata	V	tegusõna	16	
haaras	haarama	haara	['haara']	s	s	V	tegusõna	16	
ta	tema	tema	['tema']	sg g	0	P	asesõna	16	
nöörist	nöör	nöör	['nöör']	sg el	st	S	nimisõna	16	
ja	ja	ja	['ja']		0	J	sidesõna	16	
tõmbas	tõmbama	tõmba	['tõmba']	s	s	V	tegusõna	16	
.	.	.	['.']			Z	lausemärk	16	
Mehike	mehike	mehike	['mehike']	sg n	0	S	nimisõna	16	
kella	kell	kell	['kell']	sg g	0	S	nimisõna	16	
sisemuses	sisemus	sisemus	['sisemus']	sg in	s	S	nimisõna	16	
lõi	looma|lööma	loo|löö	[['loo'], ['löö']]	s	i	V	tegusõna	16	
kõikuma	kõikuma	kõiku	['kõiku']	ma	ma	V	tegusõna	16	
ja	ja	ja	['ja']		0	J	sidesõna	16	
alles	alles	alles	['alles']		0	D	määrsõna	16	
siis	siis	siis	['siis']		0	D	määrsõna	16	
,	,	,	[',']			Z	lausemärk	16	
kui	kui	kui	[['kui'], ['kui']]		0	D|J		16	
ta	tema	tema	['tema']	sg n	0	P	asesõna	16	
pea	pea	pea	['pea']	sg g	0	S	nimisõna	16	
vastu	vastu	vastu	['vastu']		0	K	kaassõna	16	
kella	kell	kell	['kell']	sg p	0	S	nimisõna	16	
kõmahtas	kõmahas	kõm_ahas	['kõm', 'ahas']	sg in	s	A	omadussõna algvõrre	16	
,	,	,	[',']			Z	lausemärk	16	
taipas	taipama	taipa	['taipa']	s	s	V	tegusõna	16	
rüütel	rüütel	rüütel	['rüütel']	sg n	0	S	nimisõna	16	
õudusega	õudus	õudus	['õudus']	sg kom	ga	S	nimisõna	16	
,	,	,	[',']			Z	lausemärk	16	
mis	mis	mis	[['mis'], ['mis']]	pl n|sg n	0	P	asesõna	16	
ta	tema	tema	['tema']	sg n	0	P	asesõna	16	
oli	olema	ole	['ole']	s	i	V	tegusõna	16	
teinud	tegema|teinud	tege|tei=nud	[['tege'], ['teinud'], ['teinud'], ['teinud']]	|nud|pl n|sg n	0|d|nud	A|V		16	
.	.	.	['.']			Z	lausemärk	16	
Kell	kell	kell	['kell']	sg n	0	S	nimisõna	17	
lõi	looma|lööma	loo|löö	[['loo'], ['löö']]	s	i	V	tegusõna	17	
helisema	helisema	helise	['helise']	ma	ma	V	tegusõna	17	
.	.	.	['.']			Z	lausemärk	17	
See	see	see	['see']	sg n	0	P	asesõna	17	
oli	olema	ole	['ole']	s	i	V	tegusõna	17	
kume	kume	kume	['kume']	sg n	0	A	omadussõna algvõrre	17	
hääl	hääl	hääl	['hääl']	sg n	0	S	nimisõna	17	
,	,	,	[',']			Z	lausemärk	17	
mis	mis	mis	[['mis'], ['mis']]	pl n|sg n	0	P	asesõna	17	
kuulutas	kuulutama	kuuluta	['kuuluta']	s	s	V	tegusõna	17	
kadu	kadu	kadu	['kadu']	sg p	0	S	nimisõna	17	
.	.	.	['.']			Z	lausemärk	17	
Raske	raske	raske	['raske']	sg g	0	A	omadussõna algvõrre	17	
ja	ja	ja	['ja']		0	J	sidesõna	17	
rusuvana	rusuv	rusuv	['rusuv']	sg es	na	A	omadussõna algvõrre	17	
vajus	vajuma	vaju	['vaju']	s	s	V	tegusõna	17	
see	see	see	['see']	sg n	0	P	asesõna	17	
peale	peale	peale	['peale']		0	D	määrsõna	17	
ja	ja	ja	['ja']		0	J	sidesõna	17	
pani	panema	pane	['pane']	s	i	V	tegusõna	17	
hirmust	hirm	hirm	['hirm']	sg el	st	S	nimisõna	17	
värisema	värisema	värise	['värise']	ma	ma	V	tegusõna	17	
.	.	.	['.']			Z	lausemärk	17	
Kumin	kumin	kumin	['kumin']	sg n	0	S	nimisõna	17	
kasvas	kasvama	kasva	['kasva']	s	s	V	tegusõna	17	
,	,	,	[',']			Z	lausemärk	17	
täitis	täitma	täit	['täit']	s	is	V	tegusõna	17	
kogu	kogu	kogu	['kogu']		0	A	omadussõna algvõrre	17	
torni	torn	torn	['torn']	sg p	0	S	nimisõna	17	
,	,	,	[',']			Z	lausemärk	17	
lüües	lööma	löö	['löö']	des	es	V	tegusõna	17	
sellesse	see	see	['see']	sg ill	sse	P	asesõna	17	
ühe	üks	üks	['üks']	sg g	0	P	asesõna	17	
mõra	mõra	mõra	['mõra']	sg g	0	S	nimisõna	17	
teise	teine	teine	[['teine'], ['teine']]	adt	0	O|P		17	
järel	järel	järel	['järel']		0	K	kaassõna	17	
.	.	.	['.']			Z	lausemärk	17	
Mehike	mehike	mehike	['mehike']	sg n	0	S	nimisõna	17	
,	,	,	[',']			Z	lausemärk	17	
kes	kes	kes	[['kes'], ['kes']]	pl n|sg n	0	P	asesõna	17	
kellast	kell	kell	['kell']	sg el	st	S	nimisõna	17	
lahti	lahti	lahti	['lahti']		0	D	määrsõna	17	
pääses	pääsema	pääse	['pääse']	s	s	V	tegusõna	17	
,	,	,	[',']			Z	lausemärk	17	
lendles	lendlema	lendle	['lendle']	s	s	V	tegusõna	17	
loperdades	loperdama	loperda	['loperda']	des	des	V	tegusõna	17	
allapoole	allapoole	alla_poole	['alla', 'poole']		0	D	määrsõna	17	
,	,	,	[',']			Z	lausemärk	17	
meenutades	meenutama	meenuta	['meenuta']	des	des	V	tegusõna	17	
rohkem	rohkem	rohkem	['rohkem']		0	D	määrsõna	17	
nahkhiirt	nahkhiir	nahk_hiir	['nahk', 'hiir']	sg p	t	S	nimisõna	17	
kui	kui	kui	[['kui'], ['kui']]		0	D|J		17	
inimest	inimene	inimene	['inimene']	sg p	t	S	nimisõna	17	
.	.	.	['.']			Z	lausemärk	17	
Ta	tema	tema	['tema']	sg n	0	P	asesõna	17	
kasvas	kasvama	kasva	['kasva']	s	s	V	tegusõna	17	
aina	aina	aina	['aina']		0	D	määrsõna	17	
suuremaks	suurem	suurem	['suurem']	sg tr	ks	C	omadussõna keskvõrre	17	
ega	ega	ega	['ega']		0	J	sidesõna	17	
meenutanud	meenutama|meenutanud	meenuta|meenuta=nud	[['meenuta'], ['meenutanud'], ['meenutanud'], ['meenutanud']]	|nud|pl n|sg n	0|d|nud	A|V		17	
varsti	varsti	varsti	['varsti']		0	D	määrsõna	17	
enam	enam	enam	['enam']		0	D	määrsõna	17	
üldse	üldse	üldse	['üldse']		0	D	määrsõna	17	
midagi	miski	miski	['miski']	sg p	dagi	P	asesõna	17	
.	.	.	['.']			Z	lausemärk	17	
Hiiglasliku	hiiglaslik	hiiglaslik	['hiiglaslik']	sg g	0	A	omadussõna algvõrre	17	
musta	must	must	['must']	sg g	0	A	omadussõna algvõrre	17	
varjuna	vari	vari	['vari']	sg es	na	S	nimisõna	17	
pressis	pressima	pressi	['pressi']	s	s	V	tegusõna	17	
ta	tema	tema	['tema']	sg n	0	P	asesõna	17	
pragunevast	pragunev	pragune=v	['pragunev']	sg el	st	A	omadussõna algvõrre	17	
tornist	torn	torn	['torn']	sg el	st	S	nimisõna	17	
välja	välja	välja	['välja']		0	D	määrsõna	17	
ja	ja	ja	['ja']		0	J	sidesõna	17	
mähkis	mähkima	mähki	['mähki']	s	s	V	tegusõna	17	
maailma	maailm	maa_ilm	['maa', 'ilm']	sg p	0	S	nimisõna	17	
võikalt	võikalt	võikalt	['võikalt']		0	D	määrsõna	17	
naerdes	naerma	naer	['naer']	des	des	V	tegusõna	17	
pimedusse	pimedus	pimedus	['pimedus']	adt	se	S	nimisõna	17	
.	.	.	['.']			Z	lausemärk	17	
Maa	maa	maa	['maa']	sg n	0	S	nimisõna	18	
vappus	vappuma	vappu	['vappu']	s	s	V	tegusõna	18	
nagu	nagu	nagu	[['nagu'], ['nagu']]		0	D|J		18	
palavikus	palavik	palavik	['palavik']	sg in	s	S	nimisõna	18	
ning	ning	ning	['ning']		0	J	sidesõna	18	
torn	torn	torn	['torn']	sg n	0	S	nimisõna	18	
varises	varisema	varise	['varise']	s	s	V	tegusõna	18	
kokku	kokku	kokku	['kokku']		0	D	määrsõna	18	
.	.	.	['.']			Z	lausemärk	18	
Enne	enne	enne	['enne']		0	D	määrsõna	18	
,	,	,	[',']			Z	lausemärk	18	
kui	kui	kui	[['kui'], ['kui']]		0	D|J		18	
raske	raske	raske	['raske']	sg n	0	A	omadussõna algvõrre	18	
kell	kell	kell	['kell']	sg n	0	S	nimisõna	18	
teda	tema	tema	['tema']	sg p	da	P	asesõna	18	
tabas	tabama	taba	['taba']	s	s	V	tegusõna	18	
,	,	,	[',']			Z	lausemärk	18	
lahvatas	lahvatama	lahvata	['lahvata']	s	s	V	tegusõna	18	
ulja	uljas	uljas	['uljas']	sg g	0	A	omadussõna algvõrre	18	
rüütli	rüütel	rüütel	['rüütel']	sg g	0	S	nimisõna	18	
mälusoppidest	mälusopp	mälu_sopp	['mälu', 'sopp']	pl el	dest	S	nimisõna	18	
teadmine	teadmine	teadmine	['teadmine']	sg n	0	S	nimisõna	18	
,	,	,	[',']			Z	lausemärk	18	
sedakorda	sedakorda	seda_korda	['seda', 'korda']		0	D	määrsõna	18	
selge	selge	selge	['selge']	sg n	0	A	omadussõna algvõrre	18	
ja	ja	ja	['ja']		0	J	sidesõna	18	
kohutav	kohutav	kohutav	['kohutav']	sg n	0	A	omadussõna algvõrre	18	
.	.	.	['.']			Z	lausemärk	18	
Talle	tema	tema	['tema']	sg all	lle	P	asesõna	18	
meenus	meenuma	meenu	['meenu']	s	s	V	tegusõna	18	
iidne	iidne	iidne	['iidne']	sg n	0	A	omadussõna algvõrre	18	
pärimus	pärimus	pärimus	['pärimus']	sg n	0	S	nimisõna	18	
...	...	...	['...']			Z	lausemärk	18	
""""	""""	""""	"['""']"			Z	lausemärk	19	
Ja	ja	ja	['ja']		0	J	sidesõna	19	
lööb	lööma	löö	['löö']	b	b	V	tegusõna	19	
Kell	kell	kell	['kell']	sg n	0	S	nimisõna	19	
ja	ja	ja	['ja']		0	J	sidesõna	19	
Kurjus	kurjus	kurjus	['kurjus']	sg n	0	S	nimisõna	19	
pääseb	pääsema	pääse	['pääse']	b	b	V	tegusõna	19	
valla	valla	valla	['valla']		0	D	määrsõna	19	
ja	ja	ja	['ja']		0	J	sidesõna	19	
Metsaline	metsaline	metsaline	['metsaline']	sg n	0	S	nimisõna	19	
,	,	,	[',']			Z	lausemärk	19	
kes	kes	kes	[['kes'], ['kes']]	pl n|sg n	0	P	asesõna	19	
Kurjust	kurjus	kurjus	['kurjus']	sg p	t	S	nimisõna	19	
valvas	valvama	valva	['valva']	s	s	V	tegusõna	19	
,	,	,	[',']			Z	lausemärk	19	
on	olema	ole	[['ole'], ['ole']]	b|vad	0	V	tegusõna	19	
surnult	surnult	surnult	['surnult']		0	D	määrsõna	19	
maas	maas	maas	['maas']		0	D	määrsõna	19	
ega	ega	ega	['ega']		0	J	sidesõna	19	
liiguta	liigutama	liiguta	['liiguta']	o	0	V	tegusõna	19	
ennast	ise	ise	['ise']	sg p	t	P	asesõna	19	
mitte	mitte	mitte	['mitte']		0	D	määrsõna	19	
.	.	.	['.']			Z	lausemärk	19	
Ja	ja	ja	['ja']		0	J	sidesõna	19	
meri	meri	meri	['meri']	sg n	0	S	nimisõna	19	
tõuseb	tõusma	tõus	['tõus']	b	b	V	tegusõna	19	
üles	üles	üles	['üles']		0	D	määrsõna	19	
oma	oma	oma	['oma']	sg g	0	P	asesõna	19	
asemelt	ase	ase	['ase']	sg abl	lt	S	nimisõna	19	
ja	ja	ja	['ja']		0	J	sidesõna	19	
maa	maa	maa	['maa']	sg n	0	S	nimisõna	19	
sülgab	sülgama	sülga	['sülga']	b	b	V	tegusõna	19	
tuld	tuli	tuli	['tuli']	sg p	0	S	nimisõna	19	
ja	ja	ja	['ja']		0	J	sidesõna	19	
suur	suur	suur	['suur']	sg n	0	A	omadussõna algvõrre	19	
pimedus	pimedus	pimedus	['pimedus']	sg n	0	S	nimisõna	19	
on	olema	ole	[['ole'], ['ole']]	b|vad	0	V	tegusõna	19	
kõige	kõige	kõige	['kõige']		0	D	määrsõna	19	
üle	üle	üle	['üle']		0	D	määrsõna	19	
,	,	,	[',']			Z	lausemärk	19	
sest	sest	sest	['sest']		0	J	sidesõna	19	
Kurjus	kurjus	kurjus	['kurjus']	sg n	0	S	nimisõna	19	
on	olema	ole	[['ole'], ['ole']]	b|vad	0	V	tegusõna	19	
tagasi	tagasi	tagasi	['tagasi']		0	D	määrsõna	19	
maa	maa	maa	['maa']	sg g	0	S	nimisõna	19	
peal	peal	peal	['peal']		0	K	kaassõna	19	
...	...	...	['...']			Z	lausemärk	19	
""""	""""	""""	"['""']"			Z	lausemärk	19	
