word_texts	lemmas	roots	root_tokens	forms	endings	postags	postag_descriptions	par_nr	head
Malin	Malin	Malin	['Malin']	sg n	0	H	pärisnimi	1	 Malin Malini Metsast 
Malini	Mali	Mali	['Mali']	sg ter	ni	H	pärisnimi	1	 Malin Malini Metsast 
Metsast	Mets|Metsa	Mets|Metsa	[['Mets'], ['Metsa']]	sg el	st	H	pärisnimi	1	 Malin Malini Metsast 
Karen	Karen	Karen	['Karen']	sg n	0	H	pärisnimi	2	
Orlau	Orlau	Orlau	['Orlau']	sg n	0	H	pärisnimi	2	
Malin	Malin	Malin	['Malin']	sg n	0	H	pärisnimi	3	
elas	elama	ela	['ela']	s	s	V	tegusõna	3	
igivanas	igivana	igi_vana	['igi', 'vana']	sg in	s	A	omadussõna algvõrre	3	
laanes	laas	laas	['laas']	sg in	s	S	nimisõna	3	
,	,	,	[',']			Z	lausemärk	3	
mis	mis	mis	[['mis'], ['mis']]	pl n|sg n	0	P	asesõna	3	
ulatus	ulatuma	ulatu	['ulatu']	s	s	V	tegusõna	3	
ühest	ühest	ühest	['ühest']		0	D	määrsõna	3	
servast	serv	serv	['serv']	sg el	st	S	nimisõna	3	
kauge	kauge	kauge	['kauge']	sg g	0	A	omadussõna algvõrre	3	
kaljumäeahelikuni	kaljumäeahelik	kalju_mäe_ahelik	['kalju', 'mäe', 'ahelik']	sg ter	ni	S	nimisõna	3	
ning	ning	ning	['ning']		0	J	sidesõna	3	
teisest	teisene	teisene	['teisene']	sg p	t	A	omadussõna algvõrre	3	
mereni	meri	meri	['meri']	sg ter	ni	S	nimisõna	3	
,	,	,	[',']			Z	lausemärk	3	
mis	mis	mis	[['mis'], ['mis']]	pl n|sg n	0	P	asesõna	3	
oligi	olema	ole	['ole']	s	i	V	tegusõna	3	
maailma	maailm	maa_ilm	['maa', 'ilm']	sg g	0	S	nimisõna	3	
äär	äär	äär	['äär']	sg n	0	S	nimisõna	3	
.	.	.	['.']			Z	lausemärk	3	
Mägedest	mägi	mägi	['mägi']	pl el	dest	S	nimisõna	3	
alguse	algus	algus	['algus']	sg g	0	S	nimisõna	3	
saanud	saama|saanud	saa|saa=nud	[['saa'], ['saanud'], ['saanud'], ['saanud']]	|nud|pl n|sg n	0|d|nud	A|V		3	
jõed	jõgi	jõgi	['jõgi']	pl n	d	S	nimisõna	3	
ruttasid	ruttama	rutta	['rutta']	sid	sid	V	tegusõna	3	
läbi	läbi	läbi	['läbi']		0	K	kaassõna	3	
laane	laas	laas	['laas']	sg g	0	S	nimisõna	3	
ning	ning	ning	['ning']		0	J	sidesõna	3	
suubusid	suubuma	suubu	['suubu']	sid	sid	V	tegusõna	3	
lõpuks	lõpuks	lõpuks	['lõpuks']		0	D	määrsõna	3	
laiade	lai	lai	['lai']	pl g	de	A	omadussõna algvõrre	3	
ja	ja	ja	['ja']		0	J	sidesõna	3	
laiskadena	laisk	laisk	['laisk']	pl es	dena	A	omadussõna algvõrre	3	
merre	meri	meri	['meri']	adt	0	S	nimisõna	3	
.	.	.	['.']			Z	lausemärk	3	
Tihti	tihti	tihti	['tihti']		0	D	määrsõna	3	
ulpis	ulpima	ulpi	['ulpi']	s	s	V	tegusõna	3	
jões	jõgi	jõgi	['jõgi']	sg in	s	S	nimisõna	3	
mõni	mõni	mõni	['mõni']	sg n	0	P	asesõna	3	
kuldkollaseks	kuldkollane	kuld_kollane	['kuld', 'kollane']	sg tr	ks	A	omadussõna algvõrre	3	
lootsikuks	lootsik	lootsik	['lootsik']	sg tr	ks	S	nimisõna	3	
kuivanud	kuivama|kuivanud	kuiva|kuivanud	[['kuiva'], ['kuivanud'], ['kuivanud'], ['kuivanud']]	|nud|pl n|sg n	0|d|nud	A|V		3	
puuleht	puuleht	puu_leht	['puu', 'leht']	sg n	0	S	nimisõna	3	
,	,	,	[',']			Z	lausemärk	3	
mis	mis	mis	[['mis'], ['mis']]	pl n|sg n	0	P	asesõna	3	
kangekaelselt	kangekaelselt	kange_kaelselt	['kange', 'kaelselt']		0	D	määrsõna	3	
keeldus	keelduma	keeldu	['keeldu']	s	s	V	tegusõna	3	
põhja	põhi	põhi	['põhi']	adt	0	S	nimisõna	3	
vajumast	vajuma	vaju	['vaju']	mast	mast	V	tegusõna	3	
ning	ning	ning	['ning']		0	J	sidesõna	3	
jõemudaks	jõemuda	jõe_muda	['jõe', 'muda']	sg tr	ks	S	nimisõna	3	
settimast	settima	setti	['setti']	mast	mast	V	tegusõna	3	
,	,	,	[',']			Z	lausemärk	3	
vaid	vaid	vaid	['vaid']		0	J	sidesõna	3	
seilas	seilama	seila	['seila']	s	s	V	tegusõna	3	
uljalt	uljalt	uljalt	['uljalt']		0	D	määrsõna	3	
otse	otse	otse	['otse']		0	D	määrsõna	3	
avamerele	avameri	ava_meri	['ava', 'meri']	sg all	le	S	nimisõna	3	
.	.	.	['.']			Z	lausemärk	3	
Mis	mis	mis	[['mis'], ['mis']]	pl n|sg n	0	P	asesõna	3	
lehest	leht	leht	['leht']	sg el	st	S	nimisõna	3	
seal	seal	seal	['seal']		0	D	määrsõna	3	
edasi	edasi	edasi	['edasi']		0	D	määrsõna	3	
sai	saama	saa	['saa']	s	i	V	tegusõna	3	
,	,	,	[',']			Z	lausemärk	3	
ei	ei	ei	['ei']	neg	0	V	tegusõna	3	
teadnud	teadma|teadnud	tead|tead=nud	[['tead'], ['teadnud'], ['teadnud'], ['teadnud']]	|nud|pl n|sg n	0|d|nud	A|V		3	
keegi	keegi	keegi	['keegi']	sg n	0	P	asesõna	3	
.	.	.	['.']			Z	lausemärk	3	
Malin	Malin	Malin	['Malin']	sg n	0	H	pärisnimi	4	
ei	ei	ei	['ei']	neg	0	V	tegusõna	4	
olnud	olema|olnud	ol=nud|ole	[['olnud'], ['olnud'], ['olnud'], ['ole']]	|nud|pl n|sg n	0|d|nud	A|V		4	
kunagi	kunagi	kunagi	['kunagi']		0	D	määrsõna	4	
merekaldal	merekallas	mere_kallas	['mere', 'kallas']	sg ad	l	S	nimisõna	4	
käinud	käima|käinud	käi|käi=nud	[['käi'], ['käinud'], ['käinud'], ['käinud']]	|nud|pl n|sg n	0|d|nud	A|V		4	
ja	ja	ja	['ja']		0	J	sidesõna	4	
mägedesse	mägi	mägi	['mägi']	pl ill	desse	S	nimisõna	4	
ei	ei	ei	['ei']	neg	0	V	tegusõna	4	
olnud	olema|olnud	ol=nud|ole	[['olnud'], ['olnud'], ['olnud'], ['ole']]	|nud|pl n|sg n	0|d|nud	A|V		4	
tal	tema	tema	['tema']	sg ad	l	P	asesõna	4	
samuti	samuti	samuti	['samuti']		0	D	määrsõna	4	
asja	asi	asi	['asi']	sg p	0	S	nimisõna	4	
.	.	.	['.']			Z	lausemärk	4	
Piisas	piisama	piisa	['piisa']	s	s	V	tegusõna	4	
sellestki	see	see	['see']	sg el	st	P	asesõna	4	
,	,	,	[',']			Z	lausemärk	4	
kui	kui	kui	[['kui'], ['kui']]		0	D|J		4	
ta	tema	tema	['tema']	sg n	0	P	asesõna	4	
sai	saama	saa	['saa']	s	i	V	tegusõna	4	
metsajõgede	metsajõgi	metsa_jõgi	['metsa', 'jõgi']	pl g	de	S	nimisõna	4	
kaldal	kallas	kallas	['kallas']	sg ad	l	S	nimisõna	4	
istuda	istuma	istu	['istu']	da	da	V	tegusõna	4	
ja	ja	ja	['ja']		0	J	sidesõna	4	
vilepilli	vilepill	vile_pill	['vile', 'pill']	sg p	0	S	nimisõna	4	
puhuda	puhuma	puhu	['puhu']	da	da	V	tegusõna	4	
.	.	.	['.']			Z	lausemärk	4	
Ta	tema	tema	['tema']	sg n	0	P	asesõna	4	
teadis	teadma	tead	['tead']	s	is	V	tegusõna	4	
,	,	,	[',']			Z	lausemärk	4	
et	et	et	['et']		0	J	sidesõna	4	
puud	puu|puud	puu|puud	[['puu'], ['puud']]	pl n|sg n	0|d	S	nimisõna	4	
teda	tema	tema	['tema']	sg p	da	P	asesõna	4	
hoiavad	hoidma	hoid	['hoid']	vad	vad	V	tegusõna	4	
,	,	,	[',']			Z	lausemärk	4	
ning	ning	ning	['ning']		0	J	sidesõna	4	
muusikaga	muusika	muusika	['muusika']	sg kom	ga	S	nimisõna	4	
selle	see	see	['see']	sg g	0	P	asesõna	4	
eest	eest	eest	['eest']		0	K	kaassõna	4	
tasuda	tasuma	tasu	['tasu']	da	da	V	tegusõna	4	
tundus	tunduma	tundu	['tundu']	s	s	V	tegusõna	4	
kuidagi	kuidagi	kuidagi	['kuidagi']		0	D	määrsõna	4	
kindel	kindel	kindel	['kindel']	sg n	0	A	omadussõna algvõrre	4	
.	.	.	['.']			Z	lausemärk	4	
Liiatigi	liiatigi	liiatigi	['liiatigi']		0	D	määrsõna	4	
oli	olema	ole	['ole']	s	i	V	tegusõna	4	
tegemist	tegemine	tegemine	['tegemine']	sg p	t	S	nimisõna	4	
väga	väga	väga	['väga']		0	D	määrsõna	4	
erilise	eriline	eriline	['eriline']	sg g	0	A	omadussõna algvõrre	4	
pilliga	pill	pill	['pill']	sg kom	ga	S	nimisõna	4	
,	,	,	[',']			Z	lausemärk	4	
mis	mis	mis	[['mis'], ['mis']]	pl n|sg n	0	P	asesõna	4	
muutis	muutma	muut	['muut']	s	is	V	tegusõna	4	
ka	ka	ka	['ka']		0	D	määrsõna	4	
kõige	kõige	kõige	['kõige']		0	D	määrsõna	4	
lihtsameelsema	lihtsameelsem	lihtsa_meelse=m	['lihtsa', 'meelsem']	sg g	0	C	omadussõna keskvõrre	4	
trilleri	triller	triller	['triller']	sg g	0	S	nimisõna	4	
millekski	miski	miski	['miski']	sg tr	kski	P	asesõna	4	
võluväeliseks	võluväeline	võlu_väe=line	['võlu', 'väeline']	sg tr	ks	A	omadussõna algvõrre	4	
.	.	.	['.']			Z	lausemärk	4	
Malini	Mali	Mali	['Mali']	sg ter	ni	H	pärisnimi	5	
vilepilli	vilepill	vile_pill	['vile', 'pill']	sg p	0	S	nimisõna	5	
sepistasid	sepistama	sepista	['sepista']	sid	sid	V	tegusõna	5	
haldjasepad	haldjasepp	haldja_sepp	['haldja', 'sepp']	pl n	d	S	nimisõna	5	
kunagi	kunagi	kunagi	['kunagi']		0	D	määrsõna	5	
ammustel	ammune	ammune	['ammune']	pl ad	tel	A	omadussõna algvõrre	5	
aegadel	aeg	aeg	['aeg']	pl ad	del	S	nimisõna	5	
ehtsast	ehtne	ehtne	['ehtne']	sg el	st	A	omadussõna algvõrre	5	
nõiahõbedast	nõiahõbe	nõia_hõbe	['nõia', 'hõbe']	sg el	st	S	nimisõna	5	
.	.	.	['.']			Z	lausemärk	5	
Haldjad	haldjas	haldjas	['haldjas']	pl n	d	S	nimisõna	5	
olid	olema	ole	['ole']	sid	id	V	tegusõna	5	
tulnud	tulema|tulnud	tul=nud|tule	[['tulnud'], ['tulnud'], ['tulnud'], ['tule']]	|nud|pl n|sg n	0|d|nud	A|V		5	
ja	ja	ja	['ja']		0	J	sidesõna	5	
läinud	läinud|minema	läinud|mine	[['läinud'], ['läinud'], ['läinud'], ['mine']]	|nud|pl n|sg n	0|d|nud	A|V		5	
,	,	,	[',']			Z	lausemärk	5	
aga	aga	aga	['aga']		0	J	sidesõna	5	
mäed	mägi	mägi	['mägi']	pl n	d	S	nimisõna	5	
seisid	seisma	seis	['seis']	sid	id	V	tegusõna	5	
endiselt	endiselt	endiselt	['endiselt']		0	D	määrsõna	5	
ja	ja	ja	['ja']		0	J	sidesõna	5	
mets	mets	mets	['mets']	sg n	0	S	nimisõna	5	
laius	laiuma	laiu	['laiu']	s	s	V	tegusõna	5	
endiselt	endiselt	endiselt	['endiselt']		0	D	määrsõna	5	
mere	meri	meri	['meri']	sg g	0	S	nimisõna	5	
ja	ja	ja	['ja']		0	J	sidesõna	5	
mägede	mägi	mägi	['mägi']	pl g	de	S	nimisõna	5	
vahel	vahel	vahel	['vahel']		0	K	kaassõna	5	
.	.	.	['.']			Z	lausemärk	5	
Hõbedane	hõbedane	hõbedane	['hõbedane']	sg n	0	A	omadussõna algvõrre	5	
vilepill	vilepill	vile_pill	['vile', 'pill']	sg n	0	S	nimisõna	5	
mängis	mängima	mängi	['mängi']	s	s	V	tegusõna	5	
igal	iga	iga	['iga']	sg ad	l	P	asesõna	5	
kevadel	kevad|kevade	kevad|kevade	[['kevad'], ['kevade']]	sg ad	l	S	nimisõna	5	
puhkemisõhinas	puhkemisõhin	puhkemis_õhin	['puhkemis', 'õhin']	sg in	s	S	nimisõna	5	
pungadele	pung	pung	['pung']	pl all	dele	S	nimisõna	5	
ja	ja	ja	['ja']		0	J	sidesõna	5	
hilissügisel	hilissügis	hilis_sügis	['hilis', 'sügis']	sg ad	l	S	nimisõna	5	
uinus	uinuma	uinu	['uinu']	s	s	V	tegusõna	5	
mets	mets	mets	['mets']	sg n	0	S	nimisõna	5	
selle	see	see	['see']	sg g	0	P	asesõna	5	
helide	heli	heli	['heli']	pl g	de	S	nimisõna	5	
saatel	saatel	saatel	['saatel']		0	K	kaassõna	5	
.	.	.	['.']			Z	lausemärk	5	
Talvel	tali|talv	tali|talv	[['talv'], ['tali']]	sg ad	l	S	nimisõna	6	
magas	magama	maga	['maga']	s	s	V	tegusõna	6	
Malin	Malin	Malin	['Malin']	sg n	0	H	pärisnimi	6	
unenägudeta	unenägu	une_nägu	['une', 'nägu']	pl ab	deta	S	nimisõna	6	
und	uni	uni	['uni']	sg p	0	S	nimisõna	6	
.	.	.	['.']			Z	lausemärk	6	
Ta	tema	tema	['tema']	sg n	0	P	asesõna	6	
lõi	looma|lööma	loo|löö	[['loo'], ['löö']]	s	i	V	tegusõna	6	
kevadel	kevad|kevade	kevad|kevade	[['kevad'], ['kevade']]	sg ad	l	S	nimisõna	6	
silmad	silm	silm	['silm']	pl n	d	S	nimisõna	6	
lahti	lahti	lahti	['lahti']		0	D	määrsõna	6	
just	just	just	[['just'], ['just']]		0	D|I		6	
sellel	see	see	['see']	sg ad	l	P	asesõna	6	
päeval	päev	päev	['päev']	sg ad	l	S	nimisõna	6	
,	,	,	[',']			Z	lausemärk	6	
mil	mil	mil	['mil']		0	D	määrsõna	6	
päike	päike	päike	['päike']	sg n	0	S	nimisõna	6	
esimest	esimene	esimene	['esimene']	sg p	t	O	järgarvsõna	6	
korda	kord	kord	['kord']	sg p	0	S	nimisõna	6	
soojendama	soojendama	soojenda	['soojenda']	ma	ma	V	tegusõna	6	
hakkas	hakkama	hakka	['hakka']	s	s	V	tegusõna	6	
,	,	,	[',']			Z	lausemärk	6	
istus	istuma	istu	['istu']	s	s	V	tegusõna	6	
üle	üle	üle	['üle']		0	K	kaassõna	6	
jõe	jõgi	jõgi	['jõgi']	sg g	0	S	nimisõna	6	
kummarduvale	kummarduv	kummardu=v	['kummarduv']	sg all	le	A	omadussõna algvõrre	6	
pajutüvele	pajutüvi	paju_tüvi	['paju', 'tüvi']	sg all	le	S	nimisõna	6	
ja	ja	ja	['ja']		0	J	sidesõna	6	
mängis	mängima	mängi	['mängi']	s	s	V	tegusõna	6	
tulvavetele	tulvavesi	tulva_vesi	['tulva', 'vesi']	pl all	tele	S	nimisõna	6	
,	,	,	[',']			Z	lausemärk	6	
mis	mis	mis	[['mis'], ['mis']]	pl n|sg n	0	P	asesõna	6	
said	saama	saa	['saa']	sid	id	V	tegusõna	6	
sellest	see	see	['see']	sg el	st	P	asesõna	6	
veelgi	veelgi	veelgi	['veelgi']		0	D	määrsõna	6	
enam	enam	enam	['enam']		0	D	määrsõna	6	
hoogu	hoog	hoog	['hoog']	sg p	0	S	nimisõna	6	
juurde	juurde	juurde	['juurde']		0	D	määrsõna	6	
.	.	.	['.']			Z	lausemärk	6	
Aeg	aeg	aeg	['aeg']	sg n	0	S	nimisõna	7	
voolas	voolama	voola	['voola']	s	s	V	tegusõna	7	
Malinist	Malin|Malini	Malin|Malini	[['Malin'], ['Malini']]	sg el	st	H	pärisnimi	7	
mööda	mööda	mööda	['mööda']		0	D	määrsõna	7	
.	.	.	['.']			Z	lausemärk	7	
Ta	tema	tema	['tema']	sg n	0	P	asesõna	7	
kuidagi	kuidagi	kuidagi	['kuidagi']		0	D	määrsõna	7	
lihtsalt	lihtsalt	lihtsalt	['lihtsalt']		0	D	määrsõna	7	
oli	olema	ole	['ole']	s	i	V	tegusõna	7	
.	.	.	['.']			Z	lausemärk	7	
Oli	olema	ole	['ole']	s	i	V	tegusõna	7	
kuldpunaste	kuldpunane	kuld_punane	['kuld', 'punane']	pl g	te	S	nimisõna	7	
juuste	juus	juus	['juus']	pl g	te	S	nimisõna	7	
ja	ja	ja	['ja']		0	J	sidesõna	7	
öökullisilmadega	öökullisilm	öö_kulli_silm	['öö', 'kulli', 'silm']	pl kom	dega	S	nimisõna	7	
Malin	Malin	Malin	['Malin']	sg n	0	H	pärisnimi	7	
.	.	.	['.']			Z	lausemärk	7	
Sihvakate	Sihvakas|Sihvakate	Sihvakas|Sihvakate	[['Sihvakas'], ['Sihvakate']]	pl g|sg g	0|te	H	pärisnimi	7	
käte-jalgade	käte-jalg	kä+te-jalg	['käte', 'jalg']	pl g	de	S	nimisõna	7	
ning	ning	ning	['ning']		0	J	sidesõna	7	
kitsesabaga	kitsesaba	kitse_saba	['kitse', 'saba']	sg kom	ga	S	nimisõna	7	
,	,	,	[',']			Z	lausemärk	7	
mille	mis	mis	[['mis'], ['mis']]	pl g|sg g	0	P	asesõna	7	
otsas	otsas	otsas	['otsas']		0	K	kaassõna	7	
lehvis	lehvima	lehvi	['lehvi']	s	s	V	tegusõna	7	
kollakasruuge	kollakasruuge	kollakas_ruuge	['kollakas', 'ruuge']	sg n	0	A	omadussõna algvõrre	7	
tutt	tutt	tutt	['tutt']	sg n	0	S	nimisõna	7	
.	.	.	['.']			Z	lausemärk	7	
Tantsiv	Tantsiv	Tantsi=v	['Tantsiv']	sg n	0	H	pärisnimi	7	
ja	ja	ja	['ja']		0	J	sidesõna	7	
vilepilli	vilepill	vile_pill	['vile', 'pill']	sg p	0	S	nimisõna	7	
mängiv	mängiv	mängiv	['mängiv']	sg n	0	A	omadussõna algvõrre	7	
Malin	Malin	Malin	['Malin']	sg n	0	H	pärisnimi	7	
.	.	.	['.']			Z	lausemärk	7	
Kerge	Kerge	Kerge	[['Kerge'], ['Kerge']]	sg n	0	H	pärisnimi	7	
nagu	nagu	nagu	[['nagu'], ['nagu']]		0	D|J		7	
tuulehoog	tuulehoog	tuule_hoog	['tuule', 'hoog']	sg n	0	S	nimisõna	7	
ning	ning	ning	['ning']		0	J	sidesõna	7	
sama	sama	sama	['sama']	sg n	0	P	asesõna	7	
kerged	kerge	kerge	['kerge']	pl n	d	A	omadussõna algvõrre	7	
ja	ja	ja	['ja']		0	J	sidesõna	7	
muretud	muretu	muretu	['muretu']	pl n	d	A	omadussõna algvõrre	7	
olid	olema	ole	['ole']	sid	id	V	tegusõna	7	
ka	ka	ka	['ka']		0	D	määrsõna	7	
ta	tema	tema	['tema']	sg g	0	P	asesõna	7	
võlupilli	võlupill	võlu_pill	['võlu', 'pill']	sg g	0	S	nimisõna	7	
helid	heli	heli	['heli']	pl n	d	S	nimisõna	7	
.	.	.	['.']			Z	lausemärk	7	
Ühel	üks	üks	['üks']	sg ad	l	P	asesõna	8	
hommikupoolikul	hommikupoolik	hommiku_poolik	['hommiku', 'poolik']	sg ad	l	S	nimisõna	8	
tuli	tulema	tule	['tule']	s	i	V	tegusõna	8	
metsa	mets	mets	['mets']	sg g	0	S	nimisõna	8	
võõras	võõras	võõras	['võõras']	sg n	0	S	nimisõna	8	
.	.	.	['.']			Z	lausemärk	8	
Võõra	Võõra|Võõras	Võõra|Võõras	[['Võõra'], ['Võõras']]	sg g	0	H	pärisnimi	8	
nimi	nimi	nimi	['nimi']	sg n	0	S	nimisõna	8	
oli	olema	ole	['ole']	s	i	V	tegusõna	8	
Paan	Paan	Paan	[['Paan'], ['Paan']]	sg n	0	H	pärisnimi	8	
.	.	.	['.']			Z	lausemärk	8	
Ta	tema	tema	['tema']	sg n	0	P	asesõna	8	
kõndis	kõndima	kõndi	['kõndi']	s	s	V	tegusõna	8	
üle	üle	üle	['üle']		0	K	kaassõna	8	
küngaste	küngas	küngas	['küngas']	pl g	te	S	nimisõna	8	
,	,	,	[',']			Z	lausemärk	8	
maitses	maitsema|maitsma	maits|maitse	[['maits'], ['maitse']]	s	s	V	tegusõna	8	
jänesekapsalehti	jänesekapsaleht	jänese_kapsa_leht	['jänese', 'kapsa', 'leht']	pl p	i	S	nimisõna	8	
ning	ning	ning	['ning']		0	J	sidesõna	8	
peatus	peatuma	peatu	['peatu']	s	s	V	tegusõna	8	
siis	siis	siis	['siis']		0	D	määrsõna	8	
vilepillihelisid	vilepilliheli	vile_pilli_heli	['vile', 'pilli', 'heli']	pl p	sid	S	nimisõna	8	
kuuldes	kuulma	kuul	['kuul']	des	des	V	tegusõna	8	
.	.	.	['.']			Z	lausemärk	8	
Malin	Malin	Malin	['Malin']	sg n	0	H	pärisnimi	9	
istus	istuma	istu	['istu']	s	s	V	tegusõna	9	
pajutüvel	pajutüvi	paju_tüvi	['paju', 'tüvi']	sg ad	l	S	nimisõna	9	
ja	ja	ja	['ja']		0	J	sidesõna	9	
mängis	mängima	mängi	['mängi']	s	s	V	tegusõna	9	
ühte	ühte	ühte	['ühte']		0	D	määrsõna	9	
oma	oma	oma	['oma']	sg g	0	P	asesõna	9	
kergetest	kerge	kerge	['kerge']	pl el	test	A	omadussõna algvõrre	9	
kevadelauludest	kevadelaul	kevade_laul	['kevade', 'laul']	pl el	dest	S	nimisõna	9	
.	.	.	['.']			Z	lausemärk	9	
Varsakabjad	varsakabi	varsa_kabi	['varsa', 'kabi']	pl n	d	S	nimisõna	9	
jõekaldal	jõekallas	jõe_kallas	['jõe', 'kallas']	sg ad	l	S	nimisõna	9	
sirutusid	sirutuma	sirutu	['sirutu']	sid	sid	V	tegusõna	9	
mängija	mängija	mängija	['mängija']	sg n	0	S	nimisõna	9	
poole	pool	pool	['pool']	sg g	0	S	nimisõna	9	
ja	ja	ja	['ja']		0	J	sidesõna	9	
noor	noor	noor	['noor']	sg n	0	A	omadussõna algvõrre	9	
pilliroog	pilliroog	pilli_roog	['pilli', 'roog']	sg n	0	S	nimisõna	9	
kahises	kahisema	kahise	['kahise']	s	s	V	tegusõna	9	
häbelikult	häbelikult	häbelikult	['häbelikult']		0	D	määrsõna	9	
kaasa	kaasa	kaasa	['kaasa']		0	D	määrsõna	9	
.	.	.	['.']			Z	lausemärk	9	
Siis	siis	siis	['siis']		0	D	määrsõna	10	
nägi	nägema	näge	['näge']	s	i	V	tegusõna	10	
Malin	Malin	Malin	['Malin']	sg n	0	H	pärisnimi	10	
Paani	Paani	Paani	['Paani']	sg n	0	H	pärisnimi	10	
ja	ja	ja	['ja']		0	J	sidesõna	10	
muusika	muusika	muusika	['muusika']	sg n	0	S	nimisõna	10	
vaikis	vaikima	vaiki	['vaiki']	s	s	V	tegusõna	10	
.	.	.	['.']			Z	lausemärk	10	
Paan	Paan	Paan	[['Paan'], ['Paan']]	sg n	0	H	pärisnimi	10	
seisis	seisma	seis	['seis']	s	is	V	tegusõna	10	
sõrgupidi	sõrgupidi	sõrg+u_pidi	['sõrgu', 'pidi']		0	D	määrsõna	10	
kiires	kiire	kiire	['kiire']	sg in	s	A	omadussõna algvõrre	10	
jõevoolus	jõevool	jõe_vool	['jõe', 'vool']	sg in	s	S	nimisõna	10	
ja	ja	ja	['ja']		0	J	sidesõna	10	
sirutus	sirutuma	sirutu	['sirutu']	s	s	V	tegusõna	10	
mängija	mängija	mängija	['mängija']	sg n	0	S	nimisõna	10	
poole	poole	poole	['poole']		0	K	kaassõna	10	
sama	sama	sama	['sama']	sg g	0	P	asesõna	10	
hardunult	hardunult	hardunult	['hardunult']		0	D	määrsõna	10	
kui	kui	kui	[['kui'], ['kui']]		0	D|J		10	
pilliroog	pilliroog	pilli_roog	['pilli', 'roog']	sg n	0	S	nimisõna	10	
ja	ja	ja	['ja']		0	J	sidesõna	10	
noored	noor	noor	['noor']	pl n	d	A	omadussõna algvõrre	10	
varsakabjad	varsakabi	varsa_kabi	['varsa', 'kabi']	pl n	d	S	nimisõna	10	
.	.	.	['.']			Z	lausemärk	10	
Ainult	ainult	ainult	['ainult']		0	D	määrsõna	10	
et	et	et	['et']		0	J	sidesõna	10	
Paan	Paan	Paan	[['Paan'], ['Paan']]	sg n	0	H	pärisnimi	10	
oli	olema	ole	['ole']	s	i	V	tegusõna	10	
vilepillimuusikatagi	vilepillimuusikatagi	vile_pilli_muusika_tagi	['vile', 'pilli', 'muusika', 'tagi']	sg g	0	S	nimisõna	10	
üdini	üdi	üdi	['üdi']	sg ter	ni	S	nimisõna	10	
elujõudu	elujõud	elu_jõud	['elu', 'jõud']	sg p	0	S	nimisõna	10	
täis	täis	täis	['täis']		0	A	omadussõna algvõrre	10	
.	.	.	['.']			Z	lausemärk	10	
Ta	tema	tema	['tema']	sg g	0	P	asesõna	10	
silmad	silm	silm	['silm']	pl n	d	S	nimisõna	10	
särasid	särama	sära	['sära']	sid	sid	V	tegusõna	10	
nagu	nagu	nagu	[['nagu'], ['nagu']]		0	D|J		10	
tähed	täht	täht	['täht']	pl n	d	S	nimisõna	10	
augustiöös	augustiöö	augusti_öö	['augusti', 'öö']	sg in	s	S	nimisõna	10	
ning	ning	ning	['ning']		0	J	sidesõna	10	
ta	tema	tema	['tema']	sg g	0	P	asesõna	10	
jalad	jalg	jalg	['jalg']	pl n	d	S	nimisõna	10	
olid	olema	ole	['ole']	sid	id	V	tegusõna	10	
sõlmelised	sõlmeline	sõlmeline	['sõlmeline']	pl n	d	A	omadussõna algvõrre	10	
nagu	nagu	nagu	[['nagu'], ['nagu']]		0	D|J		10	
sõjahobusel	sõjahobune	sõja_hobune	['sõja', 'hobune']	sg ad	l	S	nimisõna	10	
.	.	.	['.']			Z	lausemärk	10	
Hirmuäratavast	hirmuäratav	hirmu_äratav	['hirmu', 'äratav']	sg el	st	A	omadussõna algvõrre	10	
välimusest	välimus	välimus	['välimus']	sg el	st	S	nimisõna	10	
hoolimata	hoolimata	hoolimata	['hoolimata']		0	K	kaassõna	10	
seisis	seisma	seis	['seis']	s	is	V	tegusõna	10	
võõras	võõras	võõras	['võõras']	sg n	0	A	omadussõna algvõrre	10	
loom	loom	loom	['loom']	sg n	0	S	nimisõna	10	
päris	pärima	päri	['päri']	s	s	V	tegusõna	10	
tasakesi	tasakesi	tasakesi	['tasakesi']		0	D	määrsõna	10	
jõevoolus	jõevool	jõe_vool	['jõe', 'vool']	sg in	s	S	nimisõna	10	
ja	ja	ja	['ja']		0	J	sidesõna	10	
liigutas	liigutama	liiguta	['liiguta']	s	s	V	tegusõna	10	
ainult	ainult	ainult	['ainult']		0	D	määrsõna	10	
oma	oma	oma	['oma']	sg g	0	P	asesõna	10	
pikki	pikk	pikk	['pikk']	pl p	i	A	omadussõna algvõrre	10	
kõrvu	kõrv	kõrv	['kõrv']	pl p	u	S	nimisõna	10	
.	.	.	['.']			Z	lausemärk	10	
Järgmisel	järgmine	järgmine	['järgmine']	sg ad	l	A	omadussõna algvõrre	10	
hetkel	hetk	hetk	['hetk']	sg ad	l	S	nimisõna	10	
oli	olema	ole	['ole']	s	i	V	tegusõna	10	
Paan	Paan	Paan	[['Paan'], ['Paan']]	sg n	0	H	pärisnimi	10	
kadunud	kaduma|kadunud	kadu|kadunud	[['kadu'], ['kadunud'], ['kadunud'], ['kadunud']]	|nud|pl n|sg n	0|d|nud	A|V		10	
.	.	.	['.']			Z	lausemärk	10	
Malin	Malin	Malin	['Malin']	sg n	0	H	pärisnimi	11	
ei	ei	ei	['ei']	neg	0	V	tegusõna	11	
osanud	osanud|oskama	osa=nud|oska	[['oska'], ['osanud'], ['osanud'], ['osanud']]	|nud|pl n|sg n	0|d|nud	A|V		11	
enam	enam	enam	['enam']		0	D	määrsõna	11	
edasi	edasi	edasi	['edasi']		0	D	määrsõna	11	
mängida	mängima	mängi	['mängi']	da	da	V	tegusõna	11	
.	.	.	['.']			Z	lausemärk	11	
Ta	tema	tema	['tema']	sg n	0	P	asesõna	11	
pistis	pistma	pist	['pist']	s	is	V	tegusõna	11	
vilepilli	vilepill	vile_pill	['vile', 'pill']	sg p	0	S	nimisõna	11	
taskusse	tasku	tasku	['tasku']	sg ill	sse	S	nimisõna	11	
ja	ja	ja	['ja']		0	J	sidesõna	11	
kõndis	kõndima	kõndi	['kõndi']	s	s	V	tegusõna	11	
mööda	mööda	mööda	['mööda']		0	K	kaassõna	11	
jõekallast	jõekallas	jõe_kallas	['jõe', 'kallas']	sg p	t	S	nimisõna	11	
allavoolu	allavoolu	alla_voolu	['alla', 'voolu']		0	D	määrsõna	11	
.	.	.	['.']			Z	lausemärk	11	
See	see	see	['see']	sg n	0	P	asesõna	11	
võõras	võõras	võõras	['võõras']	sg n	0	A	omadussõna algvõrre	11	
loom	loom	loom	['loom']	sg n	0	S	nimisõna	11	
ei	ei	ei	['ei']	neg	0	V	tegusõna	11	
kuulunud	kuuluma|kuulunud	kuulu|kuulu=nud	[['kuulu'], ['kuulunud'], ['kuulunud'], ['kuulunud']]	|nud|pl n|sg n	0|d|nud	A|V		11	
laande	laas	laas	['laas']	adt	de	S	nimisõna	11	
ning	ning	ning	['ning']		0	J	sidesõna	11	
oli	olema	ole	['ole']	s	i	V	tegusõna	11	
ühtaegu	ühtaegu	üht_aegu	['üht', 'aegu']		0	D	määrsõna	11	
hirmutav	hirmutav	hirmutav	['hirmutav']	sg n	0	A	omadussõna algvõrre	11	
ja	ja	ja	['ja']		0	J	sidesõna	11	
ligitõmbav	ligitõmbav	ligi_tõmbav	['ligi', 'tõmbav']	sg n	0	A	omadussõna algvõrre	11	
,	,	,	[',']			Z	lausemärk	11	
kippudes	kippuma	kippu	['kippu']	des	des	V	tegusõna	11	
vägisi	vägisi	vägisi	['vägisi']		0	D	määrsõna	11	
ta	tema	tema	['tema']	sg g	0	P	asesõna	11	
rahumeelseid	rahumeelne	rahu_meelne	['rahu', 'meelne']	pl p	id	A	omadussõna algvõrre	11	
mõtteid	mõte	mõte	['mõte']	pl p	id	S	nimisõna	11	
häirima	häirima	häiri	['häiri']	ma	ma	V	tegusõna	11	
.	.	.	['.']			Z	lausemärk	11	
Ka	ka	ka	['ka']		0	D	määrsõna	12	
Paan	Paan	Paan	[['Paan'], ['Paan']]	sg n	0	H	pärisnimi	12	
lonkis	lonkima	lonki	['lonki']	s	s	V	tegusõna	12	
sihitult	sihitult	sihitult	['sihitult']		0	D	määrsõna	12	
mööda	mööda	mööda	['mööda']		0	K	kaassõna	12	
metsa	mets	mets	['mets']	sg p	0	S	nimisõna	12	
.	.	.	['.']			Z	lausemärk	12	
Muusika	muusika	muusika	['muusika']	sg n	0	S	nimisõna	12	
,	,	,	[',']			Z	lausemärk	12	
mida	mis	mis	[['mis'], ['mis']]	pl p|sg p	da	P	asesõna	12	
see	see	see	['see']	sg n	0	P	asesõna	12	
veider	veider	veider	['veider']	sg n	0	A	omadussõna algvõrre	12	
olevus	olevus	olevus	['olevus']	sg n	0	S	nimisõna	12	
jõe	jõgi	jõgi	['jõgi']	sg g	0	S	nimisõna	12	
ääres	ääres	ääres	['ääres']		0	K	kaassõna	12	
mängis	mängima	mängi	['mängi']	s	s	V	tegusõna	12	
,	,	,	[',']			Z	lausemärk	12	
painas	painama	paina	['paina']	s	s	V	tegusõna	12	
teda	tema	tema	['tema']	sg p	da	P	asesõna	12	
ning	ning	ning	['ning']		0	J	sidesõna	12	
see	see	see	['see']	sg n	0	P	asesõna	12	
ei	ei	ei	['ei']	neg	0	V	tegusõna	12	
lasknud	laskma|lasknud	lask|lask=nud	[['lask'], ['lasknud'], ['lasknud'], ['lasknud']]	|nud|pl n|sg n	0|d|nud	A|V		12	
tal	tema	tema	['tema']	sg ad	l	P	asesõna	12	
oma	oma	oma	['oma']	sg g	0	P	asesõna	12	
teekonda	teekond	teekond	['teekond']	sg p	0	S	nimisõna	12	
jätkata	jätkama	jätka	['jätka']	da	ta	V	tegusõna	12	
.	.	.	['.']			Z	lausemärk	12	
Jalad	jalg	jalg	['jalg']	pl n	d	S	nimisõna	12	
lihtsalt	lihtsalt	lihtsalt	['lihtsalt']		0	D	määrsõna	12	
ei	ei	ei	['ei']	neg	0	V	tegusõna	12	
leidnud	leidma|leidnud	leid|leid=nud	[['leid'], ['leidnud'], ['leidnud'], ['leidnud']]	|nud|pl n|sg n	0|d|nud	A|V		12	
õiget	õige	õige	['õige']	sg p	t	A	omadussõna algvõrre	12	
rada	rada	rada	['rada']	sg p	0	S	nimisõna	12	
üles	üles	üles	['üles']		0	D	määrsõna	12	
.	.	.	['.']			Z	lausemärk	12	
Paari	paar	paar	['paar']	sg g	0	N	põhiarvsõna	12	
päeva	päev	päev	['päev']	sg g	0	S	nimisõna	12	
pärast	pärast	pärast	['pärast']		0	K	kaassõna	12	
nägi	nägema	näge	['näge']	s	i	V	tegusõna	12	
Malin	Malin	Malin	['Malin']	sg n	0	H	pärisnimi	12	
teda	tema	tema	['tema']	sg p	da	P	asesõna	12	
jälle	jälle	jälle	['jälle']		0	D	määrsõna	12	
—	-	-	['-']			Z	lausemärk	12	
jõekaldal	jõekallas	jõe_kallas	['jõe', 'kallas']	sg ad	l	S	nimisõna	12	
,	,	,	[',']			Z	lausemärk	12	
kui	kui	kui	[['kui'], ['kui']]		0	D|J		12	
Paan	Paan	Paan	[['Paan'], ['Paan']]	sg n	0	H	pärisnimi	12	
paju	paju	paju	['paju']	sg n	0	S	nimisõna	12	
vettelangevate	vettelangev	ve+tte_langev	['vette', 'langev']	pl g	te	A	omadussõna algvõrre	12	
okste	oks	oks	['oks']	pl g	te	S	nimisõna	12	
varjus	varjus	varjus	['varjus']		0	K	kaassõna	12	
pillimängu	pillimäng	pilli_mäng	['pilli', 'mäng']	sg p	0	S	nimisõna	12	
kuulas	kuulama	kuula	['kuula']	s	s	V	tegusõna	12	
.	.	.	['.']			Z	lausemärk	12	
Malin	Malin	Malin	['Malin']	sg n	0	H	pärisnimi	13	
mõtles	mõtlema	mõtle	['mõtle']	s	s	V	tegusõna	13	
Paani	paan	paan	['paan']	sg g	0	S	nimisõna	13	
säravatele	särav	särav	['särav']	pl all	tele	A	omadussõna algvõrre	13	
silmadele	silm	silm	['silm']	pl all	dele	S	nimisõna	13	
ning	ning	ning	['ning']		0	J	sidesõna	13	
vilepill	vilepill	vile_pill	['vile', 'pill']	sg n	0	S	nimisõna	13	
rõkatas	rõkatama	rõkata	['rõkata']	s	s	V	tegusõna	13	
.	.	.	['.']			Z	lausemärk	13	
Siis	siis	siis	['siis']		0	D	määrsõna	13	
kostusid	kostuma	kostu	['kostu']	sid	sid	V	tegusõna	13	
õrnemad	õrnem	õrnem	['õrnem']	pl n	d	C	omadussõna keskvõrre	13	
ja	ja	ja	['ja']		0	J	sidesõna	13	
igatsevamad	igatsevam	igatse=vam	['igatsevam']	pl n	d	C	omadussõna keskvõrre	13	
toonid	toon	toon	['toon']	pl n	d	S	nimisõna	13	
.	.	.	['.']			Z	lausemärk	13	
Põdrapullid	Põdrapull	Põdra_pull	['Põdra', 'pull']	pl n	d	H	pärisnimi	13	
kuulsid	kuulma	kuul	['kuul']	sid	sid	V	tegusõna	13	
Malini	Mali	Mali	['Mali']	sg ter	ni	H	pärisnimi	13	
mängu	mäng	mäng	['mäng']	sg p	0	S	nimisõna	13	
ja	ja	ja	['ja']		0	J	sidesõna	13	
ristasid	ristama	rista	['rista']	sid	sid	V	tegusõna	13	
sarvi	sarv	sarv	['sarv']	pl p	i	S	nimisõna	13	
.	.	.	['.']			Z	lausemärk	13	
Metsisekuked	metsisekukk	metsise_kukk	['metsise', 'kukk']	pl n	d	S	nimisõna	13	
lõid	looma|lööma	loo|löö	[['loo'], ['löö']]	sid	id	V	tegusõna	13	
oma	oma	oma	['oma']	sg g	0	P	asesõna	13	
uhked	uhke	uhke	['uhke']	pl n	d	A	omadussõna algvõrre	13	
sabad	saba	saba	['saba']	pl n	d	S	nimisõna	13	
laiali	laiali	laiali	['laiali']		0	D	määrsõna	13	
ja	ja	ja	['ja']		0	J	sidesõna	13	
lasid	laskma	lask	['lask']	sid	id	V	tegusõna	13	
kuuldavale	kuuldav	kuuldav	['kuuldav']	sg all	le	A	omadussõna algvõrre	13	
edeva	edev	edev	['edev']	sg g	0	A	omadussõna algvõrre	13	
kurina	kurin	kurin	['kurin']	sg g	0	S	nimisõna	13	
.	.	.	['.']			Z	lausemärk	13	
Paan	Paan	Paan	[['Paan'], ['Paan']]	sg n	0	H	pärisnimi	13	
oli	olema	ole	['ole']	s	i	V	tegusõna	13	
segaduses	segadus	segadus	['segadus']	sg in	s	S	nimisõna	13	
ja	ja	ja	['ja']		0	J	sidesõna	13	
liigutas	liigutama	liiguta	['liiguta']	s	s	V	tegusõna	13	
närviliselt	närviliselt	närviliselt	['närviliselt']		0	D	määrsõna	13	
kõrvu	kõrv	kõrv	['kõrv']	pl p	u	S	nimisõna	13	
,	,	,	[',']			Z	lausemärk	13	
sest	sest	sest	['sest']		0	J	sidesõna	13	
need	see	see	['see']	pl n	d	P	asesõna	13	
hõbedased	hõbedane	hõbedane	['hõbedane']	pl n	d	A	omadussõna algvõrre	13	
helid	heli	heli	['heli']	pl n	d	S	nimisõna	13	
ühtaegu	ühtaegu	üht_aegu	['üht', 'aegu']		0	D	määrsõna	13	
leevendasid	leevendama	leevenda	['leevenda']	sid	sid	V	tegusõna	13	
ja	ja	ja	['ja']		0	J	sidesõna	13	
süvendasid	süvendama	süvenda	['süvenda']	sid	sid	V	tegusõna	13	
pakitsust	pakitsus	pakitsus	['pakitsus']	sg p	t	S	nimisõna	13	
,	,	,	[',']			Z	lausemärk	13	
mis	mis	mis	[['mis'], ['mis']]	pl n|sg n	0	P	asesõna	13	
ta	tema	tema	['tema']	sg g	0	P	asesõna	13	
hinge	hing	hing	['hing']	sg p	0	S	nimisõna	13	
piinas	piinama	piina	['piina']	s	s	V	tegusõna	13	
.	.	.	['.']			Z	lausemärk	13	
Nii	nii	nii	['nii']		0	D	määrsõna	14	
kordus	korduma	kordu	['kordu']	s	s	V	tegusõna	14	
päevast	päev	päev	['päev']	sg el	st	S	nimisõna	14	
päeva	päev	päev	['päev']	sg p	0	S	nimisõna	14	
.	.	.	['.']			Z	lausemärk	14	
Malin	Malin	Malin	['Malin']	sg n	0	H	pärisnimi	14	
puhus	puhuma	puhu	['puhu']	s	s	V	tegusõna	14	
haldjate	haldjas	haldjas	['haldjas']	pl g	te	S	nimisõna	14	
muusikariista	muusikariist	muusika_riist	['muusika', 'riist']	sg g	0	S	nimisõna	14	
ja	ja	ja	['ja']		0	J	sidesõna	14	
Paan	Paan	Paan	[['Paan'], ['Paan']]	sg n	0	H	pärisnimi	14	
kuulas	kuulama	kuula	['kuula']	s	s	V	tegusõna	14	
.	.	.	['.']			Z	lausemärk	14	
Viisid	viis	viis	['viis']	pl n	d	S	nimisõna	14	
,	,	,	[',']			Z	lausemärk	14	
mida	mis	mis	[['mis'], ['mis']]	pl p|sg p	da	P	asesõna	14	
metsavaim	metsavaim	metsa_vaim	['metsa', 'vaim']	sg n	0	S	nimisõna	14	
nüüd	nüüd	nüüd	['nüüd']		0	D	määrsõna	14	
oli	olema	ole	['ole']	s	i	V	tegusõna	14	
mängima	mängima	mängi	['mängi']	ma	ma	V	tegusõna	14	
hakanud	hakanud|hakkama	haka=nud|hakka	[['hakka'], ['hakanud'], ['hakanud'], ['hakanud']]	|nud|pl n|sg n	0|d|nud	A|V		14	
,	,	,	[',']			Z	lausemärk	14	
olid	olema	ole	['ole']	sid	id	V	tegusõna	14	
selles	see	see	['see']	sg in	s	P	asesõna	14	
laanes	laas	laas	['laas']	sg in	s	S	nimisõna	14	
senikuulmatud	senikuulmatu	seni_kuulmatu	['seni', 'kuulmatu']	pl n	d	A	omadussõna algvõrre	14	
—	-	-	['-']			Z	lausemärk	14	
kerged	kerge	kerge	['kerge']	pl n	d	A	omadussõna algvõrre	14	
trillerid	triller	triller	['triller']	pl n	d	S	nimisõna	14	
olid	olema	ole	['ole']	sid	id	V	tegusõna	14	
kadunud	kaduma|kadunud	kadu|kadunud	[['kadu'], ['kadunud'], ['kadunud'], ['kadunud']]	|nud|pl n|sg n	0|d|nud	A|V		14	
kusagile	kusagile	kusagile	['kusagile']		0	D	määrsõna	14	
sõnajalgade	sõnajalg	sõna_jalg	['sõna', 'jalg']	pl g	de	S	nimisõna	14	
vahele	vahele	vahele	['vahele']		0	K	kaassõna	14	
või	või	või	['või']		0	J	sidesõna	14	
jõepõhja	jõepõhi	jõe_põhi	['jõe', 'põhi']	sg g	0	S	nimisõna	14	
ning	ning	ning	['ning']		0	J	sidesõna	14	
tundusid	tunduma	tundu	['tundu']	sid	sid	V	tegusõna	14	
sealt	sealt	sealt	['sealt']		0	D	määrsõna	14	
kaugetena	kauge	kauge	['kauge']	pl es	tena	A	omadussõna algvõrre	14	
nagu	nagu	nagu	[['nagu'], ['nagu']]		0	D|J		14	
eilsed	eilne	eilne	['eilne']	pl n	d	A	omadussõna algvõrre	14	
unenäod	unenägu	une_nägu	['une', 'nägu']	pl n	d	S	nimisõna	14	
.	.	.	['.']			Z	lausemärk	14	
Nüüd	nüüd	nüüd	['nüüd']		0	D	määrsõna	14	
mängis	mängima	mängi	['mängi']	s	s	V	tegusõna	14	
Malin	Malin	Malin	['Malin']	sg n	0	H	pärisnimi	14	
Paani	Paan|Paani	Paan|Paani	[['Paan'], ['Paan'], ['Paani']]	sg g	0	H	pärisnimi	14	
uhketest	uhke	uhke	['uhke']	pl el	test	A	omadussõna algvõrre	14	
sarvenukkidest	sarvenukk	sarve_nukk	['sarve', 'nukk']	pl el	dest	S	nimisõna	14	
,	,	,	[',']			Z	lausemärk	14	
kumeratest	kumer	kumer	['kumer']	pl el	test	A	omadussõna algvõrre	14	
õlgadest	õlg	õlg	['õlg']	pl el	dest	S	nimisõna	14	
ja	ja	ja	['ja']		0	J	sidesõna	14	
noorte	noor	noor	['noor']	pl g	te	A	omadussõna algvõrre	14	
tammetüvedena	tammetüvi	tamme_tüvi	['tamme', 'tüvi']	pl es	dena	S	nimisõna	14	
sitketest	sitke	sitke	['sitke']	pl el	test	A	omadussõna algvõrre	14	
käsivartest	käsivars	käsi_vars	['käsi', 'vars']	pl el	test	S	nimisõna	14	
...	...	...	['...']			Z	lausemärk	14	
ja	ja	ja	['ja']		0	J	sidesõna	14	
jumal	jumal	jumal	['jumal']	sg n	0	S	nimisõna	14	
üksi	üksi	üksi	['üksi']		0	D	määrsõna	14	
teab	teadma	tead	['tead']	b	b	V	tegusõna	14	
,	,	,	[',']			Z	lausemärk	14	
millest	mis	mis	[['mis'], ['mis']]	pl el|sg el	st	P	asesõna	14	
veel	veel	veel	['veel']		0	D	määrsõna	14	
.	.	.	['.']			Z	lausemärk	14	
Paan	Paan	Paan	[['Paan'], ['Paan']]	sg n	0	H	pärisnimi	14	
kükitas	kükitama	kükita	['kükita']	s	s	V	tegusõna	14	
sõnajalgade	sõnajalg	sõna_jalg	['sõna', 'jalg']	pl g	de	S	nimisõna	14	
sees	sees	sees	['sees']		0	K	kaassõna	14	
,	,	,	[',']			Z	lausemärk	14	
kuulas	kuulama	kuula	['kuula']	s	s	V	tegusõna	14	
käsipõsakil	käsipõsakil	käsi_põsakil	['käsi', 'põsakil']		0	D	määrsõna	14	
ja	ja	ja	['ja']		0	J	sidesõna	14	
ihaldas	ihaldama	ihalda	['ihalda']	s	s	V	tegusõna	14	
üha	üha	üha	['üha']		0	D	määrsõna	14	
enam	enam	enam	['enam']		0	D	määrsõna	14	
—	-	-	['-']			Z	lausemärk	14	
vilepilli	vilepill	vile_pill	['vile', 'pill']	sg p	0	S	nimisõna	14	
,	,	,	[',']			Z	lausemärk	14	
mis	mis	mis	[['mis'], ['mis']]	pl n|sg n	0	P	asesõna	14	
niisugust	niisugune	nii_sugune	['nii', 'sugune']	sg p	t	P	asesõna	14	
muusikat	muusika	muusika	['muusika']	sg p	t	S	nimisõna	14	
kuuldavale	kuuldav	kuuldav	['kuuldav']	sg all	le	A	omadussõna algvõrre	14	
tõi	tooma	too	['too']	s	i	V	tegusõna	14	
.	.	.	['.']			Z	lausemärk	14	
Ühel	üks	üks	['üks']	sg ad	l	P	asesõna	15	
heal	hea	hea	['hea']	sg ad	l	A	omadussõna algvõrre	15	
päeval	päev	päev	['päev']	sg ad	l	S	nimisõna	15	
astus	astuma	astu	['astu']	s	s	V	tegusõna	15	
ta	tema	tema	['tema']	sg n	0	P	asesõna	15	
peidupaigast	peidupaik	peidu_paik	['peidu', 'paik']	sg el	st	S	nimisõna	15	
välja	välja	välja	['välja']		0	D	määrsõna	15	
,	,	,	[',']			Z	lausemärk	15	
jäi	jääma	jää	['jää']	s	i	V	tegusõna	15	
mängija	mängija	mängija	['mängija']	sg n	0	S	nimisõna	15	
ette	ette	ette	['ette']		0	D	määrsõna	15	
seisma	seisma	seis	['seis']	ma	ma	V	tegusõna	15	
ja	ja	ja	['ja']		0	J	sidesõna	15	
ütles	ütlema	ütle	['ütle']	s	s	V	tegusõna	15	
:	:	:	[':']			Z	lausemärk	15	
""""	""""	""""	"['""']"			Z	lausemärk	15	
Halasta	halastama	halasta	['halasta']	o	0	V	tegusõna	15	
mulle	mina	mina	['mina']	sg all	lle	P	asesõna	15	
,	,	,	[',']			Z	lausemärk	15	
väike	väike	väike	['väike']	sg n	0	A	omadussõna algvõrre	15	
muusik	muusik	muusik	['muusik']	sg n	0	S	nimisõna	15	
!	!	!	['!']			Z	lausemärk	15	
Mu	mina	mina	['mina']	sg g	0	P	asesõna	15	
uni	uni	uni	['uni']	sg n	0	S	nimisõna	15	
on	olema	ole	[['ole'], ['ole']]	b|vad	0	V	tegusõna	15	
kadunud	kaduma|kadunud	kadu|kadunud	[['kadu'], ['kadunud'], ['kadunud'], ['kadunud']]	|nud|pl n|sg n	0|d|nud	A|V		15	
ja	ja	ja	['ja']		0	J	sidesõna	15	
mu	mina	mina	['mina']	sg g	0	P	asesõna	15	
mõtted	mõte	mõte	['mõte']	pl n	d	S	nimisõna	15	
on	olema	ole	[['ole'], ['ole']]	b|vad	0	V	tegusõna	15	
segi	segi	segi	['segi']		0	D	määrsõna	15	
.	.	.	['.']			Z	lausemärk	15	
Ainult	ainult	ainult	['ainult']		0	D	määrsõna	15	
sina	sina	sina	['sina']	sg n	0	P	asesõna	15	
saad	saama	saa	['saa']	d	d	V	tegusõna	15	
mind	mina	mina	['mina']	sg p	d	P	asesõna	15	
päästa	päästma	pääst	['pääst']	da	a	V	tegusõna	15	
,	,	,	[',']			Z	lausemärk	15	
sest	sest	sest	['sest']		0	J	sidesõna	15	
kui	kui	kui	[['kui'], ['kui']]		0	D|J		15	
ma	mina	mina	['mina']	sg n	0	P	asesõna	15	
ei	ei	ei	['ei']	neg	0	V	tegusõna	15	
saa	saama	saa	['saa']	o	0	V	tegusõna	15	
seda	see	see	['see']	sg p	da	P	asesõna	15	
,	,	,	[',']			Z	lausemärk	15	
mida	mis	mis	[['mis'], ['mis']]	pl p|sg p	da	P	asesõna	15	
ma	mina	mina	['mina']	sg n	0	P	asesõna	15	
ihaldan	ihaldama	ihalda	['ihalda']	n	n	V	tegusõna	15	
enam	enam	enam	['enam']		0	D	määrsõna	15	
kui	kui	kui	[['kui'], ['kui']]		0	D|J		15	
kõike	kõik	kõik	['kõik']	sg p	0	P	asesõna	15	
muud	muu	muu	['muu']	sg p	d	P	asesõna	15	
maailmas	maailm	maa_ilm	['maa', 'ilm']	sg in	s	S	nimisõna	15	
,	,	,	[',']			Z	lausemärk	15	
siis	siis	siis	['siis']		0	J	sidesõna	15	
ma	mina	mina	['mina']	sg n	0	P	asesõna	15	
vist	vist	vist	['vist']		0	D	määrsõna	15	
suren	surema	sure	['sure']	n	n	V	tegusõna	15	
.	.	.	['.']			Z	lausemärk	15	
""""	""""	""""	"['""']"			Z	lausemärk	15	
Paani	paan	paan	['paan']	sg g	0	S	nimisõna	15	
hääl	hääl	hääl	['hääl']	sg n	0	S	nimisõna	15	
oli	olema	ole	['ole']	s	i	V	tegusõna	15	
sügav	sügav	sügav	['sügav']	sg n	0	A	omadussõna algvõrre	15	
nagu	nagu	nagu	[['nagu'], ['nagu']]		0	D|J		15	
kosekõmin	kosekõmin	kose_kõmin	['kose', 'kõmin']	sg n	0	S	nimisõna	15	
,	,	,	[',']			Z	lausemärk	15	
kuid	kuid	kuid	['kuid']		0	J	sidesõna	15	
ta	tema	tema	['tema']	sg g	0	P	asesõna	15	
silmad	silm	silm	['silm']	pl n	d	S	nimisõna	15	
olid	olema	ole	['ole']	sid	id	V	tegusõna	15	
tuhmid	tuhm	tuhm	['tuhm']	pl n	d	A	omadussõna algvõrre	15	
ja	ja	ja	['ja']		0	J	sidesõna	15	
ta	tema	tema	['tema']	sg g	0	P	asesõna	15	
karv	karv	karv	['karv']	sg n	0	S	nimisõna	15	
ei	ei	ei	['ei']	neg	0	V	tegusõna	15	
läikinud	läikima|läikinud	läiki|läiki=nud	[['läiki'], ['läikinud'], ['läikinud'], ['läikinud']]	|nud|pl n|sg n	0|d|nud	A|V		15	
enam	enam	enam	['enam']		0	D	määrsõna	15	
.	.	.	['.']			Z	lausemärk	15	
Malin	Malin	Malin	['Malin']	sg n	0	H	pärisnimi	16	
ütles	ütlema	ütle	['ütle']	s	s	V	tegusõna	16	
:	:	:	[':']			Z	lausemärk	16	
""""	""""	""""	"['""']"			Z	lausemärk	16	
Ma	mina	mina	['mina']	sg n	0	P	asesõna	16	
tahan	tahtma	taht	['taht']	n	n	V	tegusõna	16	
sind	sina	sina	['sina']	sg p	d	P	asesõna	16	
aidata	aitama	aita	['aita']	da	ta	V	tegusõna	16	
,	,	,	[',']			Z	lausemärk	16	
võõras	võõras	võõras	['võõras']	sg n	0	A	omadussõna algvõrre	16	
.	.	.	['.']			Z	lausemärk	16	
Mängin	mängima	mängi	['mängi']	n	n	V	tegusõna	16	
sulle	sina	sina	['sina']	sg all	lle	P	asesõna	16	
rõõmuga	rõõm	rõõm	['rõõm']	sg kom	ga	S	nimisõna	16	
kasvõi	kasvõi	kas_või	['kas', 'või']		0	D	määrsõna	16	
iga	iga	iga	['iga']	sg n	0	P	asesõna	16	
päev	päev	päev	['päev']	sg n	0	S	nimisõna	16	
.	.	.	['.']			Z	lausemärk	16	
""""	""""	""""	"['""']"			Z	lausemärk	16	
Paan	Paan	Paan	[['Paan'], ['Paan']]	sg n	0	H	pärisnimi	17	
raputas	raputama	raputa	['raputa']	s	s	V	tegusõna	17	
pead	pea	pea	['pea']	sg p	d	S	nimisõna	17	
ja	ja	ja	['ja']		0	J	sidesõna	17	
ta	tema	tema	['tema']	sg g	0	P	asesõna	17	
pikad	pikk	pikk	['pikk']	pl n	d	A	omadussõna algvõrre	17	
kõrvad	kõrv	kõrv	['kõrv']	pl n	d	S	nimisõna	17	
olid	olema	ole	['ole']	sid	id	V	tegusõna	17	
longus	longus	longus	['longus']		0	A	omadussõna algvõrre	17	
:	:	:	[':']			Z	lausemärk	17	
""""	""""	""""	"['""']"			Z	lausemärk	17	
Ainus	ainus	ainus	['ainus']	sg n	0	S	nimisõna	17	
,	,	,	[',']			Z	lausemärk	17	
mis	mis	mis	[['mis'], ['mis']]	pl n|sg n	0	P	asesõna	17	
mind	mina	mina	['mina']	sg p	d	P	asesõna	17	
päästa	päästma	pääst	['pääst']	da	a	V	tegusõna	17	
võib	võima	või	['või']	b	b	V	tegusõna	17	
,	,	,	[',']			Z	lausemärk	17	
on	olema	ole	[['ole'], ['ole']]	b|vad	0	V	tegusõna	17	
sinu	sina	sina	['sina']	sg g	0	P	asesõna	17	
vilepill	vilepill	vile_pill	['vile', 'pill']	sg n	0	S	nimisõna	17	
.	.	.	['.']			Z	lausemärk	17	
""""	""""	""""	"['""']"			Z	lausemärk	17	
Muusik	muusik	muusik	['muusik']	sg n	0	S	nimisõna	18	
vaikis	vaikima	vaiki	['vaiki']	s	s	V	tegusõna	18	
ja	ja	ja	['ja']		0	J	sidesõna	18	
tundis	tundma	tund	['tund']	s	is	V	tegusõna	18	
,	,	,	[',']			Z	lausemärk	18	
kui	kui	kui	[['kui'], ['kui']]		0	D|J		18	
tühine	tühine	tühine	['tühine']	sg n	0	A	omadussõna algvõrre	18	
ta	tema	tema	['tema']	sg n	0	P	asesõna	18	
tegelikult	tegelikult	tegelikult	['tegelikult']		0	D	määrsõna	18	
oli	olema	ole	['ole']	s	i	V	tegusõna	18	
.	.	.	['.']			Z	lausemärk	18	
Ta	tema	tema	['tema']	sg n	0	P	asesõna	18	
oleks	olema	ole	['ole']	ks	ks	V	tegusõna	18	
Paanile	paan	paan	['paan']	sg all	le	S	nimisõna	18	
kergel	kerge	kerge	['kerge']	sg ad	l	A	omadussõna algvõrre	18	
meelel	meel	meel	['meel']	sg ad	l	S	nimisõna	18	
andnud	andma|andnud	and|and=nud	[['and'], ['andnud'], ['andnud'], ['andnud']]	|nud|pl n|sg n	0|d|nud	A|V		18	
ükskõik	ükskõik	üks_kõik	['üks', 'kõik']		0	D	määrsõna	18	
mida	mis	mis	[['mis'], ['mis']]	pl p|sg p	da	P	asesõna	18	
muud	muu	muu	['muu']	sg p	d	P	asesõna	18	
.	.	.	['.']			Z	lausemärk	18	
Vilepill	vilepill	vile_pill	['vile', 'pill']	sg n	0	S	nimisõna	18	
polnud	olema	ole	['ole']	neg nud	nud	V	tegusõna	18	
talle	tema	tema	['tema']	sg all	lle	P	asesõna	18	
sealjuures	sealjuures	seal_juures	['seal', 'juures']		0	D	määrsõna	18	
isegi	isegi	isegi	['isegi']		0	D	määrsõna	18	
mitte	mitte	mitte	['mitte']		0	D	määrsõna	18	
mõtte	mõte	mõte	['mõte']	sg g	0	S	nimisõna	18	
tulnud	tulema|tulnud	tul=nud|tule	[['tulnud'], ['tulnud'], ['tulnud'], ['tule']]	|nud|pl n|sg n	0|d|nud	A|V		18	
.	.	.	['.']			Z	lausemärk	18	
Aga	aga	aga	['aga']		0	J	sidesõna	18	
kas	kas	kas	['kas']		0	D	määrsõna	18	
siis	siis	siis	['siis']		0	D	määrsõna	18	
tohib	tohtima	tohti	['tohti']	b	b	V	tegusõna	18	
pakkuda	pakkuma	pakku	['pakku']	da	da	V	tegusõna	18	
võõrale	võõras	võõras	['võõras']	sg all	le	S	nimisõna	18	
sellist	selline	selline	['selline']	sg p	t	P	asesõna	18	
kingitust	kingitus	kingitus	['kingitus']	sg p	t	S	nimisõna	18	
,	,	,	[',']			Z	lausemärk	18	
mida	mis	mis	[['mis'], ['mis']]	pl p|sg p	da	P	asesõna	18	
too	too	too	['too']	sg n	0	P	asesõna	18	
väärtusetuks	väärtusetu	väärtusetu	['väärtusetu']	sg tr	ks	A	omadussõna algvõrre	18	
peab	pidama	pida	['pida']	b	b	V	tegusõna	18	
?	?	?	['?']			Z	lausemärk	18	
""""	""""	""""	"['""']"			Z	lausemärk	19	
Võta	võtma	võt	['võt']	o	0	V	tegusõna	19	
mu	mina	mina	['mina']	sg g	0	P	asesõna	19	
pill	pill	pill	['pill']	sg n	0	S	nimisõna	19	
,	,	,	[',']			Z	lausemärk	19	
kui	kui	kui	[['kui'], ['kui']]		0	D|J		19	
sa	sina	sina	['sina']	sg n	0	P	asesõna	19	
teisiti	teisiti	teisiti	['teisiti']		0	D	määrsõna	19	
ei	ei	ei	['ei']	neg	0	V	tegusõna	19	
saa	saama	saa	['saa']	o	0	V	tegusõna	19	
.	.	.	['.']			Z	lausemärk	19	
""""	""""	""""	"['""']"			Z	lausemärk	19	
Seda	see	see	['see']	sg p	da	P	asesõna	19	
oli	olema	ole	['ole']	s	i	V	tegusõna	19	
lihtsam	lihtsam	lihtsam	['lihtsam']	sg n	0	C	omadussõna keskvõrre	19	
öelda	ütlema	ütle	['ütle']	da	da	V	tegusõna	19	
,	,	,	[',']			Z	lausemärk	19	
kui	kui	kui	[['kui'], ['kui']]		0	D|J		19	
ta	tema	tema	['tema']	sg n	0	P	asesõna	19	
oleks	olema	ole	['ole']	ks	ks	V	tegusõna	19	
arvata	arvama	arva	['arva']	da	ta	V	tegusõna	19	
võinud	võima|võinud	või|või=nud	[['või'], ['võinud'], ['võinud'], ['võinud']]	|nud|pl n|sg n	0|d|nud	A|V		19	
.	.	.	['.']			Z	lausemärk	19	
Paan	Paan	Paan	[['Paan'], ['Paan']]	sg n	0	H	pärisnimi	20	
tõstis	tõstma	tõst	['tõst']	s	is	V	tegusõna	20	
pilli	pill	pill	['pill']	sg g	0	S	nimisõna	20	
huultele	huul	huul	['huul']	pl all	tele	S	nimisõna	20	
ning	ning	ning	['ning']		0	J	sidesõna	20	
selle	see	see	['see']	sg g	0	P	asesõna	20	
hõbedane	hõbedane	hõbedane	['hõbedane']	sg n	0	A	omadussõna algvõrre	20	
pind	pind	pind	['pind']	sg n	0	S	nimisõna	20	
lahvatas	lahvatama	lahvata	['lahvata']	s	s	V	tegusõna	20	
särama	särama	sära	['sära']	ma	ma	V	tegusõna	20	
,	,	,	[',']			Z	lausemärk	20	
justnagu	justnagu	just_nagu	['just', 'nagu']		0	D	määrsõna	20	
oleks	olema	ole	['ole']	ks	ks	V	tegusõna	20	
vilepill	vilepill	vile_pill	['vile', 'pill']	sg n	0	S	nimisõna	20	
kinkimise	kinkimine	kinkimine	['kinkimine']	sg g	0	S	nimisõna	20	
heaks	heaks	heaks	['heaks']		0	K	kaassõna	20	
kiitnud	kiitma|kiitnud	kiit|kiit=nud	[['kiit'], ['kiitnud'], ['kiitnud'], ['kiitnud']]	|nud|pl n|sg n	0|d|nud	A|V		20	
.	.	.	['.']			Z	lausemärk	20	
Haldjate	haldjas	haldjas	['haldjas']	pl g	te	S	nimisõna	20	
sepistatud	sepistama|sepistatud	sepista|sepista=tud	[['sepista'], ['sepistatud'], ['sepistatud'], ['sepistatud']]	|pl n|sg n|tud	0|d|tud	A|V		20	
esemed	ese	ese	['ese']	pl n	d	S	nimisõna	20	
võivad	võima	või	['või']	vad	vad	V	tegusõna	20	
selliseid	selline	selline	['selline']	pl p	id	P	asesõna	20	
asju	asi	asi	['asi']	pl p	u	S	nimisõna	20	
teha	tegema	tege	['tege']	da	a	V	tegusõna	20	
küll	küll	küll	['küll']		0	D	määrsõna	20	
.	.	.	['.']			Z	lausemärk	20	
Kuuldavale	Kuuldav	Kuuldav	['Kuuldav']	sg all	le	H	pärisnimi	20	
tuli	tulema	tule	['tule']	s	i	V	tegusõna	20	
kummaliselt	kummaliselt	kummaliselt	['kummaliselt']		0	D	määrsõna	20	
kume	kume	kume	['kume']	sg n	0	A	omadussõna algvõrre	20	
hääl	hääl	hääl	['hääl']	sg n	0	S	nimisõna	20	
,	,	,	[',']			Z	lausemärk	20	
teistsugune	teistsugune	teist_sugune	['teist', 'sugune']	sg n	0	P	asesõna	20	
kui	kui	kui	[['kui'], ['kui']]		0	D|J		20	
need	see	see	['see']	pl n	d	P	asesõna	20	
,	,	,	[',']			Z	lausemärk	20	
mida	mis	mis	[['mis'], ['mis']]	pl p|sg p	da	P	asesõna	20	
Malin	Malin	Malin	['Malin']	sg n	0	H	pärisnimi	20	
puhuda	puhuma	puhu	['puhu']	da	da	V	tegusõna	20	
oskas	oskama	oska	['oska']	s	s	V	tegusõna	20	
,	,	,	[',']			Z	lausemärk	20	
kuid	kuid	kuid	['kuid']		0	J	sidesõna	20	
omal	oma	oma	['oma']	sg ad	l	P	asesõna	20	
viisil	viis	viis	['viis']	sg ad	l	S	nimisõna	20	
oli	olema	ole	['ole']	s	i	V	tegusõna	20	
ilus	ilus	ilus	['ilus']	sg n	0	A	omadussõna algvõrre	20	
seegi	see	see	['see']	sg n	0	P	asesõna	20	
.	.	.	['.']			Z	lausemärk	20	
Paan	Paan	Paan	[['Paan'], ['Paan']]	sg n	0	H	pärisnimi	20	
silitas	silitama	silita	['silita']	s	s	V	tegusõna	20	
hajameelselt	hajameelselt	haja_meelselt	['haja', 'meelselt']		0	D	määrsõna	20	
Malini	Mali	Mali	['Mali']	sg ter	ni	H	pärisnimi	20	
juukseid	juus	juus	['juus']	pl p	id	S	nimisõna	20	
ja	ja	ja	['ja']		0	J	sidesõna	20	
istus	istuma	istu	['istu']	s	s	V	tegusõna	20	
siis	siis	siis	['siis']		0	D	määrsõna	20	
jõekaldale	jõekallas	jõe_kallas	['jõe', 'kallas']	sg all	le	S	nimisõna	20	
mängima	mängima	mängi	['mängi']	ma	ma	V	tegusõna	20	
.	.	.	['.']			Z	lausemärk	20	
Järgmistel	järgmine	järgmine	['järgmine']	pl ad	tel	A	omadussõna algvõrre	21	
hommikutel	hommik	hommik	['hommik']	pl ad	tel	S	nimisõna	21	
puhus	puhuma	puhu	['puhu']	s	s	V	tegusõna	21	
Paan	Paan	Paan	[['Paan'], ['Paan']]	sg n	0	H	pärisnimi	21	
vilepilli	vilepill	vile_pill	['vile', 'pill']	sg p	0	S	nimisõna	21	
ning	ning	ning	['ning']		0	J	sidesõna	21	
Malin	Malin	Malin	['Malin']	sg n	0	H	pärisnimi	21	
kuulas	kuulama	kuula	['kuula']	s	s	V	tegusõna	21	
sõnajalgade	sõnajalg	sõna_jalg	['sõna', 'jalg']	pl g	de	S	nimisõna	21	
varjust	vari	vari	['vari']	sg el	st	S	nimisõna	21	
.	.	.	['.']			Z	lausemärk	21	
Muusika	muusika	muusika	['muusika']	sg n	0	S	nimisõna	21	
oli	olema	ole	['ole']	s	i	V	tegusõna	21	
ilus	ilus	ilus	['ilus']	sg n	0	A	omadussõna algvõrre	21	
,	,	,	[',']			Z	lausemärk	21	
kuid	kuid	kuid	['kuid']		0	J	sidesõna	21	
ometi	ometi	ometi	['ometi']		0	D	määrsõna	21	
võõras	võõras	võõras	['võõras']	sg n	0	A	omadussõna algvõrre	21	
.	.	.	['.']			Z	lausemärk	21	
Malin	Malin	Malin	['Malin']	sg n	0	H	pärisnimi	21	
tundis	tundma	tund	['tund']	s	is	V	tegusõna	21	
,	,	,	[',']			Z	lausemärk	21	
kuidas	kuidas	kuidas	['kuidas']		0	D	määrsõna	21	
ka	ka	ka	['ka']		0	D	määrsõna	21	
mets	mets	mets	['mets']	sg n	0	S	nimisõna	21	
ümberringi	ümberringi	ümber_ringi	['ümber', 'ringi']		0	D	määrsõna	21	
kurtis	kurtma	kurt	['kurt']	s	is	V	tegusõna	21	
,	,	,	[',']			Z	lausemärk	21	
kuid	kuid	kuid	['kuid']		0	J	sidesõna	21	
ta	tema	tema	['tema']	sg g	0	P	asesõna	21	
osanud	osanud|oskama	osa=nud|oska	[['oska'], ['osanud'], ['osanud'], ['osanud']]	|nud|pl n|sg n	0|d|nud	A|V		21	
sellest	see	see	['see']	sg el	st	P	asesõna	21	
kuigivõrd	kuigivõrd	kuigi_võrd	['kuigi', 'võrd']		0	D	määrsõna	21	
hoolida	hoolima	hooli	['hooli']	da	da	V	tegusõna	21	
,	,	,	[',']			Z	lausemärk	21	
vaid	vaid	vaid	['vaid']		0	J	sidesõna	21	
rõõmustas	rõõmustama	rõõmusta	['rõõmusta']	s	s	V	tegusõna	21	
,	,	,	[',']			Z	lausemärk	21	
et	et	et	['et']		0	J	sidesõna	21	
Paani	paan	paan	['paan']	sg g	0	S	nimisõna	21	
pronksikarva	pronksikarv	pronksi_karv	['pronksi', 'karv']	sg g	0	S	nimisõna	21	
kasukas	kasukas	kasukas	['kasukas']	sg in	s	S	nimisõna	21	
läikima	läikima	läiki	['läiki']	ma	ma	V	tegusõna	21	
hakkas	hakkama	hakka	['hakka']	s	s	V	tegusõna	21	
ja	ja	ja	['ja']		0	J	sidesõna	21	
ta	tema	tema	['tema']	sg g	0	P	asesõna	21	
silmadesse	silm	silm	['silm']	pl ill	desse	S	nimisõna	21	
sära	sära	sära	['sära']	sg p	0	S	nimisõna	21	
ilmus	ilmuma	ilmu	['ilmu']	s	s	V	tegusõna	21	
.	.	.	['.']			Z	lausemärk	21	
Paan	Paan	Paan	[['Paan'], ['Paan']]	sg n	0	H	pärisnimi	21	
paranes	paranema	parane	['parane']	s	s	V	tegusõna	21	
.	.	.	['.']			Z	lausemärk	21	
Ainus	ainus	ainus	['ainus']	sg n	0	S	nimisõna	21	
,	,	,	[',']			Z	lausemärk	21	
mis	mis	mis	[['mis'], ['mis']]	pl n|sg n	0	P	asesõna	21	
metsavaimu	metsavaim	metsa_vaim	['metsa', 'vaim']	sg g	0	S	nimisõna	21	
murelikuks	murelik	murelik	['murelik']	sg tr	ks	A	omadussõna algvõrre	21	
tegi	tegema	tege	['tege']	s	i	V	tegusõna	21	
,	,	,	[',']			Z	lausemärk	21	
oli	olema	ole	['ole']	s	i	V	tegusõna	21	
see	see	see	['see']	sg n	0	P	asesõna	21	
,	,	,	[',']			Z	lausemärk	21	
et	et	et	['et']		0	J	sidesõna	21	
kuigi	kuigi	kuigi	[['kuigi'], ['kuigi']]		0	D|J		21	
Paan	Paan	Paan	[['Paan'], ['Paan']]	sg n	0	H	pärisnimi	21	
ei	ei	ei	['ei']	neg	0	V	tegusõna	21	
mänginud	mängima|mänginud	mängi|mängi=nud	[['mängi'], ['mänginud'], ['mänginud'], ['mänginud']]	|nud|pl n|sg n	0|d|nud	A|V		21	
metsale	mets	mets	['mets']	sg all	le	S	nimisõna	21	
,	,	,	[',']			Z	lausemärk	21	
ei	ei	ei	['ei']	neg	0	V	tegusõna	21	
mänginud	mängima|mänginud	mängi|mängi=nud	[['mängi'], ['mänginud'], ['mänginud'], ['mänginud']]	|nud|pl n|sg n	0|d|nud	A|V		21	
ta	tema	tema	['tema']	sg n	0	P	asesõna	21	
ka	ka	ka	['ka']		0	D	määrsõna	21	
Malinile	Malinile	Malinile	['Malinile']	sg g	0	H	pärisnimi	21	
mitte	mitte	mitte	['mitte']		0	D	määrsõna	21	
.	.	.	['.']			Z	lausemärk	21	
Ta	tema	tema	['tema']	sg n	0	P	asesõna	21	
lootis	lootma	loot	['loot']	s	is	V	tegusõna	21	
,	,	,	[',']			Z	lausemärk	21	
et	et	et	['et']		0	J	sidesõna	21	
ehk	ehk	ehk	['ehk']		0	D	määrsõna	21	
kunagi	kunagi	kunagi	['kunagi']		0	D	määrsõna	21	
Paan	Paan	Paan	[['Paan'], ['Paan']]	sg n	0	H	pärisnimi	21	
märkab	märkama	märka	['märka']	b	b	V	tegusõna	21	
.	.	.	['.']			Z	lausemärk	21	
Võibolla	võibolla	võib_olla	['võib', 'olla']		0	D	määrsõna	22	
olekski	olema	ole	['ole']	ks	ks	V	tegusõna	22	
Paan	Paan	Paan	[['Paan'], ['Paan']]	sg n	0	H	pärisnimi	22	
vilepilli	vilepill	vile_pill	['vile', 'pill']	sg p	0	S	nimisõna	22	
lummusest	lummus	lummus	['lummus']	sg el	st	S	nimisõna	22	
ärganud	ärganud|ärkama	ärga=nud|ärka	[['ärka'], ['ärganud'], ['ärganud'], ['ärganud']]	|nud|pl n|sg n	0|d|nud	A|V		22	
,	,	,	[',']			Z	lausemärk	22	
kui	kui	kui	[['kui'], ['kui']]		0	D|J		22	
ta	tema	tema	['tema']	sg n	0	P	asesõna	22	
oleks	olema	ole	['ole']	ks	ks	V	tegusõna	22	
Malini	Mali	Mali	['Mali']	sg ter	ni	H	pärisnimi	22	
metsa	mets	mets	['mets']	adt	0	S	nimisõna	22	
jäänud	jääma|jäänud	jää|jäänud	[['jää'], ['jäänud'], ['jäänud'], ['jäänud']]	|nud|pl n|sg n	0|d|nud	A|V		22	
,	,	,	[',']			Z	lausemärk	22	
aga	aga	aga	['aga']		0	J	sidesõna	22	
seda	see	see	['see']	sg p	da	P	asesõna	22	
ei	ei	ei	['ei']	neg	0	V	tegusõna	22	
saa	saama	saa	['saa']	o	0	V	tegusõna	22	
keegi	keegi	keegi	['keegi']	sg n	0	P	asesõna	22	
kunagi	kunagi	kunagi	['kunagi']		0	D	määrsõna	22	
teada	teadma	tead	['tead']	da	a	V	tegusõna	22	
,	,	,	[',']			Z	lausemärk	22	
sest	sest	sest	['sest']		0	J	sidesõna	22	
ühel	üks	üks	['üks']	sg ad	l	P	asesõna	22	
heal	hea	hea	['hea']	sg ad	l	A	omadussõna algvõrre	22	
hommikul	hommik	hommik	['hommik']	sg ad	l	S	nimisõna	22	
oli	olema	ole	['ole']	s	i	V	tegusõna	22	
ta	tema	tema	['tema']	sg n	0	P	asesõna	22	
kadunud	kaduma|kadunud	kadu|kadunud	[['kadu'], ['kadunud'], ['kadunud'], ['kadunud']]	|nud|pl n|sg n	0|d|nud	A|V		22	
.	.	.	['.']			Z	lausemärk	22	
Küllap	küllap	küllap	['küllap']		0	D	määrsõna	22	
jätkas	jätkama	jätka	['jätka']	s	s	V	tegusõna	22	
rändur	rändur	rändur	['rändur']	sg n	0	S	nimisõna	22	
oma	oma	oma	['oma']	sg g	0	P	asesõna	22	
ootamatult	ootamatult	ootamatult	['ootamatult']		0	D	määrsõna	22	
poolelijäänud	poolelijäänud	pooleli_jäänud	[['pooleli', 'jäänud'], ['pooleli', 'jäänud'], ['pooleli', 'jäänud']]	|pl n|sg n	0|d	A	omadussõna algvõrre	22	
teekonda	teekond	teekond	['teekond']	sg p	0	S	nimisõna	22	
ning	ning	ning	['ning']		0	J	sidesõna	22	
läks	minema	mine	['mine']	s	s	V	tegusõna	22	
üle	üle	üle	['üle']		0	K	kaassõna	22	
mägede	mägi	mägi	['mägi']	pl g	de	S	nimisõna	22	
,	,	,	[',']			Z	lausemärk	22	
nagu	nagu	nagu	[['nagu'], ['nagu']]		0	D|J		22	
alguses	algus	algus	['algus']	sg in	s	S	nimisõna	22	
plaaninud	plaanima|plaaninud	plaani|plaani=nud	[['plaani'], ['plaaninud'], ['plaaninud'], ['plaaninud']]	|nud|pl n|sg n	0|d|nud	A|V		22	
oligi	olema	ole	['ole']	s	i	V	tegusõna	22	
.	.	.	['.']			Z	lausemärk	22	
Vilepilli	vilepill	vile_pill	['vile', 'pill']	adt	0	S	nimisõna	22	
võttis	võtma	võt	['võt']	s	is	V	tegusõna	22	
ta	tema	tema	['tema']	sg n	0	P	asesõna	22	
kaasa	kaasa	kaasa	['kaasa']		0	D	määrsõna	22	
ning	ning	ning	['ning']		0	J	sidesõna	22	
räägitakse	rääkima	rääki	['rääki']	takse	takse	V	tegusõna	22	
,	,	,	[',']			Z	lausemärk	22	
et	et	et	['et']		0	J	sidesõna	22	
ta	tema	tema	['tema']	sg n	0	P	asesõna	22	
õppis	õppima	õppi	['õppi']	s	s	V	tegusõna	22	
seda	see	see	['see']	sg p	da	P	asesõna	22	
mängima	mängima	mängi	['mängi']	ma	ma	V	tegusõna	22	
hoopis	hoopis	hoopis	['hoopis']		0	D	määrsõna	22	
uuel	uus	uus	['uus']	sg ad	l	A	omadussõna algvõrre	22	
moel	mood	mood	['mood']	sg ad	l	S	nimisõna	22	
,	,	,	[',']			Z	lausemärk	22	
aga	aga	aga	['aga']		0	J	sidesõna	22	
see	see	see	['see']	sg n	0	P	asesõna	22	
on	olema	ole	[['ole'], ['ole']]	b|vad	0	V	tegusõna	22	
juba	juba	juba	['juba']		0	D	määrsõna	22	
teine	teine	teine	[['teine'], ['teine']]	sg n	0	O|P		22	
jutt	jutt	jutt	[['jutt'], ['jutt']]	sg n	0	S	nimisõna	22	
.	.	.	['.']			Z	lausemärk	22	
Malin	Malin	Malin	['Malin']	sg n	0	H	pärisnimi	23	
kõndis	kõndima	kõndi	['kõndi']	s	s	V	tegusõna	23	
läbi	läbi	läbi	['läbi']		0	K	kaassõna	23	
laane	laas	laas	['laas']	sg g	0	S	nimisõna	23	
ja	ja	ja	['ja']		0	J	sidesõna	23	
otsis	otsima	otsi	['otsi']	s	s	V	tegusõna	23	
Paani	paan	paan	['paan']	sg p	0	S	nimisõna	23	
.	.	.	['.']			Z	lausemärk	23	
Ta	tema	tema	['tema']	sg n	0	P	asesõna	23	
otsis	otsima	otsi	['otsi']	s	s	V	tegusõna	23	
visalt	visalt	visalt	['visalt']		0	D	määrsõna	23	
ja	ja	ja	['ja']		0	J	sidesõna	23	
kaua	kaua	kaua	['kaua']		0	D	määrsõna	23	
,	,	,	[',']			Z	lausemärk	23	
enne	enne	enne	['enne']		0	D	määrsõna	23	
kui	kui	kui	[['kui'], ['kui']]		0	D|J		23	
leppis	leppima	leppi	['leppi']	s	s	V	tegusõna	23	
,	,	,	[',']			Z	lausemärk	23	
et	et	et	['et']		0	J	sidesõna	23	
võõras	võõras	võõras	['võõras']	sg n	0	S	nimisõna	23	
oli	olema	ole	['ole']	s	i	V	tegusõna	23	
lahknud	lahknud|lahknuma	lahknu|lahknud	[['lahknu'], ['lahknud']]	d|pl n	d	A|V		23	
.	.	.	['.']			Z	lausemärk	23	
Kogu	kogu	kogu	['kogu']		0	A	omadussõna algvõrre	24	
laas	laas	laas	['laas']	sg n	0	S	nimisõna	24	
leinas	leinama	leina	['leina']	s	s	V	tegusõna	24	
,	,	,	[',']			Z	lausemärk	24	
aga	aga	aga	['aga']		0	J	sidesõna	24	
puud	puu|puud	puu|puud	[['puu'], ['puud']]	pl n|sg n	0|d	S	nimisõna	24	
ei	ei	ei	['ei']	neg	0	V	tegusõna	24	
nutnud	nutma|nutnud	nut|nut=nud	[['nut'], ['nutnud'], ['nutnud'], ['nutnud']]	|nud|pl n|sg n	0|d|nud	A|V		24	
mitte	mitte	mitte	['mitte']		0	D	määrsõna	24	
Paani	paan	paan	['paan']	sg g	0	S	nimisõna	24	
taga	taga	taga	['taga']		0	K	kaassõna	24	
.	.	.	['.']			Z	lausemärk	24	
Malin	Malin	Malin	['Malin']	sg n	0	H	pärisnimi	24	
ei	ei	ei	['ei']	neg	0	V	tegusõna	24	
märganudki	märkama	märka	['märka']	nud	nud	V	tegusõna	24	
seda	see	see	['see']	sg p	da	P	asesõna	24	
,	,	,	[',']			Z	lausemärk	24	
kuni	kuni	kuni	['kuni']		0	J	sidesõna	24	
ta	tema	tema	['tema']	sg g	0	P	asesõna	24	
oma	oma	oma	['oma']	sg g	0	P	asesõna	24	
lein	lein	lein	['lein']	sg n	0	S	nimisõna	24	
veel	veel	veel	['veel']		0	D	määrsõna	24	
värske	värske	värske	['värske']	sg n	0	A	omadussõna algvõrre	24	
ja	ja	ja	['ja']		0	J	sidesõna	24	
valus	valus	valus	['valus']	sg n	0	A	omadussõna algvõrre	24	
oli	olema	ole	['ole']	s	i	V	tegusõna	24	
.	.	.	['.']			Z	lausemärk	24	
Alles	alles	alles	['alles']		0	D	määrsõna	24	
siis	siis	siis	['siis']		0	D	määrsõna	24	
,	,	,	[',']			Z	lausemärk	24	
kui	kui	kui	[['kui'], ['kui']]		0	D|J		24	
Malin	Malin	Malin	['Malin']	sg n	0	H	pärisnimi	24	
jaksas	jaksama	jaksa	['jaksa']	s	s	V	tegusõna	24	
ise	ise	ise	['ise']		0	D	määrsõna	24	
lohutust	lohutus	lohutus	['lohutus']	sg p	t	S	nimisõna	24	
otsima	otsima	otsi	['otsi']	ma	ma	V	tegusõna	24	
minna	minema	mine	['mine']	da	a	V	tegusõna	24	
,	,	,	[',']			Z	lausemärk	24	
oli	olema	ole	['ole']	s	i	V	tegusõna	24	
tal	tema	tema	['tema']	sg ad	l	P	asesõna	24	
aega	aeg	aeg	['aeg']	sg p	0	S	nimisõna	24	
kuulda	kuulma	kuul	['kuul']	da	da	V	tegusõna	24	
,	,	,	[',']			Z	lausemärk	24	
et	et	et	['et']		0	J	sidesõna	24	
puud	puu|puud	puu|puud	[['puu'], ['puud']]	pl n|sg n	0|d	S	nimisõna	24	
ei	ei	ei	['ei']	neg	0	V	tegusõna	24	
räägi	rääkima	rääki	['rääki']	o	0	V	tegusõna	24	
temaga	tema	tema	['tema']	sg kom	ga	P	asesõna	24	
enam	enam	enam	['enam']		0	D	määrsõna	24	
.	.	.	['.']			Z	lausemärk	24	
Kodune	Kodune	Kodune	['Kodune']	sg n	0	H	pärisnimi	24	
oli	olema	ole	['ole']	s	i	V	tegusõna	24	
muutunud	muutuma|muutunud	muutu|muutu=nud	[['muutu'], ['muutunud'], ['muutunud'], ['muutunud']]	|nud|pl n|sg n	0|d|nud	A|V		24	
ükskõikseks	ükskõikne	üks_kõikne	['üks', 'kõikne']	sg tr	ks	A	omadussõna algvõrre	24	
varjumaailmaks	varjumaailm	varju_maa_ilm	['varju', 'maa', 'ilm']	sg tr	ks	S	nimisõna	24	
.	.	.	['.']			Z	lausemärk	24	
Mitte	mitte	mitte	['mitte']		0	D	määrsõna	24	
ainult	ainult	ainult	['ainult']		0	D	määrsõna	24	
Paan	Paan	Paan	[['Paan'], ['Paan']]	sg n	0	H	pärisnimi	24	
ei	ei	ei	['ei']	neg	0	V	tegusõna	24	
olnud	olema|olnud	ol=nud|ole	[['olnud'], ['olnud'], ['olnud'], ['ole']]	|nud|pl n|sg n	0|d|nud	A|V		24	
kadunud	kaduma|kadunud	kadu|kadunud	[['kadu'], ['kadunud'], ['kadunud'], ['kadunud']]	|nud|pl n|sg n	0|d|nud	A|V		24	
,	,	,	[',']			Z	lausemärk	24	
kogu	kogu	kogu	['kogu']		0	A	omadussõna algvõrre	24	
Malini	Mali	Mali	['Mali']	sg ter	ni	H	pärisnimi	24	
maailm	maailm	maa_ilm	['maa', 'ilm']	sg n	0	S	nimisõna	24	
oli	olema	ole	['ole']	s	i	V	tegusõna	24	
ta	tema	tema	['tema']	sg n	0	P	asesõna	24	
maha	maha	maha	['maha']		0	D	määrsõna	24	
jätnud	jätma|jätnud	jät|jät=nud	[['jät'], ['jätnud'], ['jätnud'], ['jätnud']]	|nud|pl n|sg n	0|d|nud	A|V		24	
.	.	.	['.']			Z	lausemärk	24	
Seda	see	see	['see']	sg p	da	P	asesõna	24	
arusaamist	arusaamine	aru_saamine	['aru', 'saamine']	sg p	t	S	nimisõna	24	
oli	olema	ole	['ole']	s	i	V	tegusõna	24	
ränk	ränk	ränk	['ränk']	sg n	0	A	omadussõna algvõrre	24	
kanda	kandma	kand	['kand']	da	a	V	tegusõna	24	
.	.	.	['.']			Z	lausemärk	24	
Metsavaim	metsavaim	metsa_vaim	['metsa', 'vaim']	sg n	0	S	nimisõna	25	
kõndis	kõndima	kõndi	['kõndi']	s	s	V	tegusõna	25	
mööda	mööda	mööda	['mööda']		0	K	kaassõna	25	
jõekallast	jõekallas	jõe_kallas	['jõe', 'kallas']	sg p	t	S	nimisõna	25	
allavoolu	allavoolu	alla_voolu	['alla', 'voolu']		0	D	määrsõna	25	
ning	ning	ning	['ning']		0	J	sidesõna	25	
kõikjal	kõikjal	kõikjal	['kõikjal']		0	D	määrsõna	25	
,	,	,	[',']			Z	lausemärk	25	
kuhu	kuhu	kuhu	['kuhu']		0	D	määrsõna	25	
ta	tema	tema	['tema']	sg n	0	P	asesõna	25	
jõudis	jõudma	jõud	['jõud']	s	is	V	tegusõna	25	
,	,	,	[',']			Z	lausemärk	25	
nägi	nägema	näge	['näge']	s	i	V	tegusõna	25	
ta	tema	tema	['tema']	sg n	0	P	asesõna	25	
hingetut	hingetu	hingetu	['hingetu']	sg p	t	A	omadussõna algvõrre	25	
metsa	mets	mets	['mets']	sg p	0	S	nimisõna	25	
.	.	.	['.']			Z	lausemärk	25	
Puudes	Puudes	Puudes	['Puudes']	sg n	0	H	pärisnimi	25	
ei	ei	ei	['ei']	neg	0	V	tegusõna	25	
olnud	olema|olnud	ol=nud|ole	[['olnud'], ['olnud'], ['olnud'], ['ole']]	|nud|pl n|sg n	0|d|nud	A|V		25	
olemise	olemine	olemine	['olemine']	sg g	0	S	nimisõna	25	
imet	ime	ime	['ime']	sg p	t	S	nimisõna	25	
,	,	,	[',']			Z	lausemärk	25	
nad	tema	tema	['tema']	pl n	d	P	asesõna	25	
seisid	seisma	seis	['seis']	sid	id	V	tegusõna	25	
ükskõikselt	ükskõikselt	üks_kõikselt	['üks', 'kõikselt']		0	D	määrsõna	25	
ja	ja	ja	['ja']		0	J	sidesõna	25	
tõelise	tõeline	tõeline	['tõeline']	sg g	0	A	omadussõna algvõrre	25	
elusädemeta	elusäde	elu_säde	['elu', 'säde']	sg ab	ta	S	nimisõna	25	
.	.	.	['.']			Z	lausemärk	25	
Oksad	oks	oks	['oks']	pl n	d	S	nimisõna	25	
kahisesid	kahisema	kahise	['kahise']	sid	sid	V	tegusõna	25	
,	,	,	[',']			Z	lausemärk	25	
aga	aga	aga	['aga']		0	J	sidesõna	25	
see	see	see	['see']	sg n	0	P	asesõna	25	
oli	olema	ole	['ole']	s	i	V	tegusõna	25	
tuul	tuul	tuul	['tuul']	sg n	0	S	nimisõna	25	
,	,	,	[',']			Z	lausemärk	25	
mis	mis	mis	[['mis'], ['mis']]	pl n|sg n	0	P	asesõna	25	
neid	tema	tema	['tema']	pl p	d	P	asesõna	25	
kahistas	kahistama	kahista	['kahista']	s	s	V	tegusõna	25	
.	.	.	['.']			Z	lausemärk	25	
Lehed	leht	leht	['leht']	pl n	d	S	nimisõna	25	
särasid	särama	sära	['sära']	sid	sid	V	tegusõna	25	
,	,	,	[',']			Z	lausemärk	25	
aga	aga	aga	['aga']		0	J	sidesõna	25	
see	see	see	['see']	sg n	0	P	asesõna	25	
oli	olema	ole	['ole']	s	i	V	tegusõna	25	
vihm	vihm	vihm	['vihm']	sg n	0	S	nimisõna	25	
,	,	,	[',']			Z	lausemärk	25	
mis	mis	mis	[['mis'], ['mis']]	pl n|sg n	0	P	asesõna	25	
neid	tema	tema	['tema']	pl p	d	P	asesõna	25	
särama	särama	sära	['sära']	ma	ma	V	tegusõna	25	
pani	panema	pane	['pane']	s	i	V	tegusõna	25	
.	.	.	['.']			Z	lausemärk	25	
Mitte	mitte	mitte	['mitte']		0	D	määrsõna	25	
selline	selline	selline	['selline']	sg n	0	P	asesõna	25	
ei	ei	ei	['ei']	neg	0	V	tegusõna	25	
pidanud	pidama|pidanud	pida|pida=nud	[['pida'], ['pidanud'], ['pidanud'], ['pidanud']]	|nud|pl n|sg n	0|d|nud	A|V		25	
mets	mets	mets	['mets']	sg n	0	S	nimisõna	25	
olema	olema	ole	['ole']	ma	ma	V	tegusõna	25	
.	.	.	['.']			Z	lausemärk	25	
Malin	Malin	Malin	['Malin']	sg n	0	H	pärisnimi	26	
oli	olema	ole	['ole']	s	i	V	tegusõna	26	
meeleheite	meeleheide	meele_heide	['meele', 'heide']	sg g	0	S	nimisõna	26	
ees	ees	ees	['ees']		0	K	kaassõna	26	
abitu	abitu	abitu	['abitu']	sg n	0	A	omadussõna algvõrre	26	
ja	ja	ja	['ja']		0	J	sidesõna	26	
nii	nii	nii	['nii']		0	D	määrsõna	26	
pääses	pääsema	pääse	['pääse']	s	s	V	tegusõna	26	
aeg	aeg	aeg	['aeg']	sg n	0	S	nimisõna	26	
teda	tema	tema	['tema']	sg p	da	P	asesõna	26	
hammustama	hammustama	hammusta	['hammusta']	ma	ma	V	tegusõna	26	
.	.	.	['.']			Z	lausemärk	26	
Punakaskuldsetesse	punakaskuldne	punakas_kuldne	['punakas', 'kuldne']	pl ill	tesse	A	omadussõna algvõrre	26	
juustesse	juus	juus	['juus']	pl ill	tesse	S	nimisõna	26	
tekkis	tekkima	tekki	['tekki']	s	s	V	tegusõna	26	
halli	hall	hall	['hall']	sg p	0	A	omadussõna algvõrre	26	
ja	ja	ja	['ja']		0	J	sidesõna	26	
kerged	kerge	kerge	['kerge']	pl n	d	A	omadussõna algvõrre	26	
liikmed	liige	liige	['liige']	pl n	d	S	nimisõna	26	
muutusid	muutuma	muutu	['muutu']	sid	sid	V	tegusõna	26	
kangeteks	kange	kange	['kange']	pl tr	teks	A	omadussõna algvõrre	26	
.	.	.	['.']			Z	lausemärk	26	
Suured	suur	suur	['suur']	pl n	d	A	omadussõna algvõrre	26	
öökullisilmad	öökullisilm	öö_kulli_silm	['öö', 'kulli', 'silm']	pl n	d	S	nimisõna	26	
ei	ei	ei	['ei']	neg	0	V	tegusõna	26	
seletanud	seletama|seletanud	seleta|seleta=nud	[['seleta'], ['seletanud'], ['seletanud'], ['seletanud']]	|nud|pl n|sg n	0|d|nud	A|V		26	
enam	enam	enam	['enam']		0	D	määrsõna	26	
nii	nii	nii	['nii']		0	D	määrsõna	26	
teraselt	teraselt	teraselt	['teraselt']		0	D	määrsõna	26	
kui	kui	kui	[['kui'], ['kui']]		0	D|J		26	
varem	varem	varem	['varem']		0	D	määrsõna	26	
ning	ning	ning	['ning']		0	J	sidesõna	26	
ta	tema	tema	['tema']	sg g	0	P	asesõna	26	
siledale	sile	sile	['sile']	sg all	le	A	omadussõna algvõrre	26	
otsaesisele	otsaesine	otsa_esine	['otsa', 'esine']	sg all	le	S	nimisõna	26	
tekkisid	tekkima	tekki	['tekki']	sid	sid	V	tegusõna	26	
vaod	vagu	vagu	['vagu']	pl n	d	S	nimisõna	26	
.	.	.	['.']			Z	lausemärk	26	
Lõpuks	lõpuks	lõpuks	['lõpuks']		0	D	määrsõna	27	
jõudis	jõudma	jõud	['jõud']	s	is	V	tegusõna	27	
ta	tema	tema	['tema']	sg n	0	P	asesõna	27	
mereni	meri	meri	['meri']	sg ter	ni	S	nimisõna	27	
.	.	.	['.']			Z	lausemärk	27	
Meri	Meri	Meri	['Meri']	sg n	0	H	pärisnimi	27	
oli	olema	ole	['ole']	s	i	V	tegusõna	27	
maailma	maailm	maa_ilm	['maa', 'ilm']	sg g	0	S	nimisõna	27	
äär	äär	äär	['äär']	sg n	0	S	nimisõna	27	
,	,	,	[',']			Z	lausemärk	27	
sealt	sealt	sealt	['sealt']		0	D	määrsõna	27	
edasi	edasi	edasi	['edasi']		0	D	määrsõna	27	
ei	ei	ei	['ei']	neg	0	V	tegusõna	27	
olnud	olema|olnud	ol=nud|ole	[['olnud'], ['olnud'], ['olnud'], ['ole']]	|nud|pl n|sg n	0|d|nud	A|V		27	
enam	enam	enam	['enam']		0	D	määrsõna	27	
kuhugi	kuhugi	kuhugi	['kuhugi']		0	D	määrsõna	27	
minna	minema	mine	['mine']	da	a	V	tegusõna	27	
.	.	.	['.']			Z	lausemärk	27	
Ta	tema	tema	['tema']	sg n	0	P	asesõna	28	
istus	istuma	istu	['istu']	s	s	V	tegusõna	28	
pikki	pikk	pikk	['pikk']	pl p	i	A	omadussõna algvõrre	28	
päevi	päev	päev	['päev']	pl p	i	S	nimisõna	28	
mere	meri	meri	['meri']	sg g	0	S	nimisõna	28	
kaldal	kallas	kallas	['kallas']	sg ad	l	S	nimisõna	28	
,	,	,	[',']			Z	lausemärk	28	
vaatas	vaatama	vaata	['vaata']	s	s	V	tegusõna	28	
laineid	laine	laine	['laine']	pl p	id	S	nimisõna	28	
,	,	,	[',']			Z	lausemärk	28	
kui	kui	kui	[['kui'], ['kui']]		0	D|J		28	
need	see	see	['see']	pl n	d	P	asesõna	28	
randa	rand	rand	['rand']	adt	0	S	nimisõna	28	
kohisesid	kohisema	kohise	['kohise']	sid	sid	V	tegusõna	28	
ja	ja	ja	['ja']		0	J	sidesõna	28	
kuulas	kuulama	kuula	['kuula']	s	s	V	tegusõna	28	
kajakaid	kajakas	kajakas	['kajakas']	pl p	id	S	nimisõna	28	
.	.	.	['.']			Z	lausemärk	28	
Pikapeale	pikapeale	pika_peale	['pika', 'peale']		0	D	määrsõna	28	
uhtus	uhtuma	uhtu	['uhtu']	s	s	V	tegusõna	28	
soolane	soolane	soolane	['soolane']	sg n	0	A	omadussõna algvõrre	28	
meretuul	meretuul	mere_tuul	['mere', 'tuul']	sg n	0	S	nimisõna	28	
temast	tema	tema	['tema']	sg el	st	P	asesõna	28	
välja	välja	välja	['välja']		0	D	määrsõna	28	
leina	lein	lein	['lein']	sg p	0	S	nimisõna	28	
ja	ja	ja	['ja']		0	J	sidesõna	28	
hirmu	hirm	hirm	['hirm']	sg p	0	S	nimisõna	28	
,	,	,	[',']			Z	lausemärk	28	
kuni	kuni	kuni	['kuni']		0	J	sidesõna	28	
alles	alles	alles	['alles']		0	D	määrsõna	28	
ei	ei	ei	['ei']	neg	0	V	tegusõna	28	
jäänudki	jääma	jää	['jää']	nud	nud	V	tegusõna	28	
midagi	miski	miski	['miski']	sg p	dagi	P	asesõna	28	
muud	muu	muu	['muu']	sg p	d	P	asesõna	28	
peale	peale	peale	['peale']		0	K	kaassõna	28	
vaba	vaba	vaba	['vaba']	sg g	0	A	omadussõna algvõrre	28	
meretuule	meretuul	mere_tuul	['mere', 'tuul']	sg g	0	S	nimisõna	28	
.	.	.	['.']			Z	lausemärk	28	
Ühel	üks	üks	['üks']	sg ad	l	P	asesõna	29	
päeval	päev	päev	['päev']	sg ad	l	S	nimisõna	29	
tõusis	tõusma	tõus	['tõus']	s	is	V	tegusõna	29	
Malin	Malin	Malin	['Malin']	sg n	0	H	pärisnimi	29	
püsti	püsti	püsti	['püsti']		0	D	määrsõna	29	
ja	ja	ja	['ja']		0	J	sidesõna	29	
asus	asuma	asu	['asu']	s	s	V	tegusõna	29	
tagasiteele	tagasitee	tagasi_tee	['tagasi', 'tee']	sg all	le	S	nimisõna	29	
.	.	.	['.']			Z	lausemärk	29	
Tal	tema	tema	['tema']	sg ad	l	P	asesõna	29	
ei	ei	ei	['ei']	neg	0	V	tegusõna	29	
olnud	olema|olnud	ol=nud|ole	[['olnud'], ['olnud'], ['olnud'], ['ole']]	|nud|pl n|sg n	0|d|nud	A|V		29	
küll	küll	küll	['küll']		0	D	määrsõna	29	
enam	enam	enam	['enam']		0	D	määrsõna	29	
vilepilli	vilepill	vile_pill	['vile', 'pill']	sg p	0	S	nimisõna	29	
,	,	,	[',']			Z	lausemärk	29	
aga	aga	aga	['aga']		0	J	sidesõna	29	
ta	tema	tema	['tema']	sg n	0	P	asesõna	29	
ise	ise	ise	[['ise'], ['ise']]	pl n|sg n	0	P	asesõna	29	
oli	olema	ole	['ole']	s	i	V	tegusõna	29	
ju	ju	ju	['ju']		0	D	määrsõna	29	
alles	alles	alles	['alles']		0	D	määrsõna	29	
.	.	.	['.']			Z	lausemärk	29	
Ja	ja	ja	['ja']		0	J	sidesõna	29	
see	see	see	['see']	sg n	0	P	asesõna	29	
oli	olema	ole	['ole']	s	i	V	tegusõna	29	
tema	tema	tema	['tema']	sg g	0	P	asesõna	29	
mets	mets	mets	['mets']	sg n	0	S	nimisõna	29	
.	.	.	['.']			Z	lausemärk	29	
Oli	olema	ole	['ole']	s	i	V	tegusõna	30	
aeg	aeg	aeg	['aeg']	sg n	0	S	nimisõna	30	
laulma	laulma	laul	['laul']	ma	ma	V	tegusõna	30	
õppida	õppima	õppi	['õppi']	da	da	V	tegusõna	30	
.	.	.	['.']			Z	lausemärk	30	
Esimesed	esimene	esimene	['esimene']	pl n	d	O	järgarvsõna	30	
viisid	viis	viis	['viis']	pl n	d	S	nimisõna	30	
olid	olema	ole	['ole']	sid	id	V	tegusõna	30	
ebakindlad	ebakindel	eba_kindel	['eba', 'kindel']	pl n	d	A	omadussõna algvõrre	30	
,	,	,	[',']			Z	lausemärk	30	
kuid	kuid	kuid	['kuid']		0	J	sidesõna	30	
iga	iga	iga	['iga']	sg n	0	P	asesõna	30	
järgmine	järgmine	järgmine	['järgmine']	sg n	0	A	omadussõna algvõrre	30	
kõlas	kõlama	kõla	['kõla']	s	s	V	tegusõna	30	
selgemini	selgemini	selgemini	['selgemini']		0	D	määrsõna	30	
.	.	.	['.']			Z	lausemärk	30	
Mets	mets	mets	['mets']	sg n	0	S	nimisõna	30	
kuulatas	kuulatama	kuulata	['kuulata']	s	s	V	tegusõna	30	
.	.	.	['.']			Z	lausemärk	30	
Malin	Malin	Malin	['Malin']	sg n	0	H	pärisnimi	30	
kõndis	kõndima	kõndi	['kõndi']	s	s	V	tegusõna	30	
mööda	mööda	mööda	['mööda']		0	K	kaassõna	30	
jõekallast	jõekallas	jõe_kallas	['jõe', 'kallas']	sg p	t	S	nimisõna	30	
vastuvoolu	vastuvoolu	vastu_voolu	['vastu', 'voolu']		0	D	määrsõna	30	
ja	ja	ja	['ja']		0	J	sidesõna	30	
laulis	laulma	laul	['laul']	s	is	V	tegusõna	30	
ning	ning	ning	['ning']		0	J	sidesõna	30	
mida	mis	mis	[['mis'], ['mis']]	pl p|sg p	da	P	asesõna	30	
enam	enam	enam	['enam']		0	D	määrsõna	30	
ta	tema	tema	['tema']	sg n	0	P	asesõna	30	
oma	oma	oma	['oma']	sg g	0	P	asesõna	30	
häält	hääl	hääl	['hääl']	sg p	t	S	nimisõna	30	
tundma	tundma	tund	['tund']	ma	ma	V	tegusõna	30	
õppis	õppima	õppi	['õppi']	s	s	V	tegusõna	30	
,	,	,	[',']			Z	lausemärk	30	
seda	see	see	['see']	sg p	da	P	asesõna	30	
enam	enam	enam	['enam']		0	D	määrsõna	30	
ta	tema	tema	['tema']	sg n	0	P	asesõna	30	
seda	see	see	['see']	sg p	da	P	asesõna	30	
usaldas	usaldama	usalda	['usalda']	s	s	V	tegusõna	30	
.	.	.	['.']			Z	lausemärk	30	
Mis	mis	mis	[['mis'], ['mis']]	pl n|sg n	0	P	asesõna	30	
sellest	see	see	['see']	sg el	st	P	asesõna	30	
,	,	,	[',']			Z	lausemärk	30	
et	et	et	['et']		0	J	sidesõna	30	
metsavaim	metsavaim	metsa_vaim	['metsa', 'vaim']	sg n	0	S	nimisõna	30	
ei	ei	ei	['ei']	neg	0	V	tegusõna	30	
olnud	olema|olnud	ol=nud|ole	[['olnud'], ['olnud'], ['olnud'], ['ole']]	|nud|pl n|sg n	0|d|nud	A|V		30	
endiselt	endiselt	endiselt	['endiselt']		0	D	määrsõna	30	
särav	särav	särav	['särav']	sg n	0	A	omadussõna algvõrre	30	
ja	ja	ja	['ja']		0	J	sidesõna	30	
kergejalgne	kergejalgne	kerge_jalgne	['kerge', 'jalgne']	sg n	0	A	omadussõna algvõrre	30	
,	,	,	[',']			Z	lausemärk	30	
mis	mis	mis	[['mis'], ['mis']]	pl n|sg n	0	P	asesõna	30	
siis	siis	siis	['siis']		0	D	määrsõna	30	
sellest	see	see	['see']	sg el	st	P	asesõna	30	
,	,	,	[',']			Z	lausemärk	30	
et	et	et	['et']		0	J	sidesõna	30	
ta	tema	tema	['tema']	sg n	0	P	asesõna	30	
ei	ei	ei	['ei']	neg	0	V	tegusõna	30	
tantsinud	tantsima|tantsinud	tantsi|tantsi=nud	[['tantsi'], ['tantsinud'], ['tantsinud'], ['tantsinud']]	|nud|pl n|sg n	0|d|nud	A|V		30	
endise	endine	endine	['endine']	sg g	0	A	omadussõna algvõrre	30	
hooga	hoog	hoog	['hoog']	sg kom	ga	S	nimisõna	30	
,	,	,	[',']			Z	lausemärk	30	
vaid	vaid	vaid	['vaid']		0	J	sidesõna	30	
kõndis	kõndima	kõndi	['kõndi']	s	s	V	tegusõna	30	
aeglaselt	aeglaselt	aeglaselt	['aeglaselt']		0	D	määrsõna	30	
ja	ja	ja	['ja']		0	J	sidesõna	30	
väsis	väsima	väsi	['väsi']	s	s	V	tegusõna	30	
ruttu	ruttu	ruttu	['ruttu']		0	D	määrsõna	30	
.	.	.	['.']			Z	lausemärk	30	
See-eest	see-eest	see-eest	['see', 'eest']		0	D	määrsõna	30	
oli	olema	ole	['ole']	s	i	V	tegusõna	30	
ta	tema	tema	['tema']	sg g	0	P	asesõna	30	
laulus	laul	laul	['laul']	sg in	s	S	nimisõna	30	
midagi	miski	miski	['miski']	sg p	dagi	P	asesõna	30	
sellist	selline	selline	['selline']	sg p	t	P	asesõna	30	
,	,	,	[',']			Z	lausemärk	30	
mida	mis	mis	[['mis'], ['mis']]	pl p|sg p	da	P	asesõna	30	
ei	ei	ei	['ei']	neg	0	V	tegusõna	30	
olnud	olema|olnud	ol=nud|ole	[['olnud'], ['olnud'], ['olnud'], ['ole']]	|nud|pl n|sg n	0|d|nud	A|V		30	
isegi	isegi	isegi	['isegi']		0	D	määrsõna	30	
haldjate	haldjas	haldjas	['haldjas']	pl g	te	S	nimisõna	30	
ehtsast	ehtne	ehtne	['ehtne']	sg el	st	A	omadussõna algvõrre	30	
nõiahõbedast	nõiahõbe	nõia_hõbe	['nõia', 'hõbe']	sg el	st	S	nimisõna	30	
sepistatud	sepistama|sepistatud	sepista|sepista=tud	[['sepista'], ['sepistatud'], ['sepistatud'], ['sepistatud']]	|pl n|sg n|tud	0|d|tud	A|V		30	
vilepilli	vilepill	vile_pill	['vile', 'pill']	sg p	0	S	nimisõna	30	
hääles	hääl	hääl	['hääl']	sg in	s	S	nimisõna	30	
mitte	mitte	mitte	['mitte']		0	D	määrsõna	30	
.	.	.	['.']			Z	lausemärk	30	
Ta	tema	tema	['tema']	sg n	0	P	asesõna	31	
oli	olema	ole	['ole']	s	i	V	tegusõna	31	
õieti	õieti	õieti	['õieti']		0	D	määrsõna	31	
tundnud	tundma|tundnud	tund|tund=nud	[['tund'], ['tundnud'], ['tundnud'], ['tundnud']]	|nud|pl n|sg n	0|d|nud	A|V		31	
,	,	,	[',']			Z	lausemärk	31	
kui	kui	kui	[['kui'], ['kui']]		0	D|J		31	
aimas	aimama	aima	['aima']	s	s	V	tegusõna	31	
,	,	,	[',']			Z	lausemärk	31	
et	et	et	['et']		0	J	sidesõna	31	
Paan	Paan	Paan	[['Paan'], ['Paan']]	sg n	0	H	pärisnimi	31	
teda	tema	tema	['tema']	sg p	da	P	asesõna	31	
õpetab	õpetama	õpeta	['õpeta']	b	b	V	tegusõna	31	
,	,	,	[',']			Z	lausemärk	31	
aga	aga	aga	['aga']		0	J	sidesõna	31	
oli	olema	ole	['ole']	s	i	V	tegusõna	31	
seda	see	see	['see']	sg p	da	P	asesõna	31	
kergemeelselt	kergemeelselt	kerge_meelselt	['kerge', 'meelselt']		0	D	määrsõna	31	
liiga	liiga	liiga	['liiga']		0	D	määrsõna	31	
lihtsaks	lihtne	lihtne	['lihtne']	sg tr	ks	A	omadussõna algvõrre	31	
pidanud	pidama|pidanud	pida|pida=nud	[['pida'], ['pidanud'], ['pidanud'], ['pidanud']]	|nud|pl n|sg n	0|d|nud	A|V		31	
.	.	.	['.']			Z	lausemärk	31	
Mitte	mitte	mitte	['mitte']		0	D	määrsõna	31	
miski	miski	miski	['miski']	sg n	0	P	asesõna	31	
ei	ei	ei	['ei']	neg	0	V	tegusõna	31	
saanud	saama|saanud	saa|saa=nud	[['saa'], ['saanud'], ['saanud'], ['saanud']]	|nud|pl n|sg n	0|d|nud	A|V		31	
kunagi	kunagi	kunagi	['kunagi']		0	D	määrsõna	31	
enam	enam	enam	['enam']		0	D	määrsõna	31	
lihtne	lihtne	lihtne	['lihtne']	sg n	0	A	omadussõna algvõrre	31	
olla	olema	ole	['ole']	da	a	V	tegusõna	31	
,	,	,	[',']			Z	lausemärk	31	
aga	aga	aga	['aga']		0	J	sidesõna	31	
selles	see	see	['see']	sg in	s	P	asesõna	31	
oli	olema	ole	['ole']	s	i	V	tegusõna	31	
oma	oma	oma	['oma']	sg g	0	P	asesõna	31	
võlu	võlu	võlu	['võlu']	sg p	0	S	nimisõna	31	
.	.	.	['.']			Z	lausemärk	31	
Malin	Malin	Malin	['Malin']	sg n	0	H	pärisnimi	32	
laulis	laulma	laul	['laul']	s	is	V	tegusõna	32	
metsale	mets	mets	['mets']	sg all	le	S	nimisõna	32	
ning	ning	ning	['ning']		0	J	sidesõna	32	
mets	mets	mets	['mets']	sg n	0	S	nimisõna	32	
sai	saama	saa	['saa']	s	i	V	tegusõna	32	
ta	tema	tema	['tema']	sg g	0	P	asesõna	32	
laulust	laul	laul	['laul']	sg el	st	S	nimisõna	32	
väge	vägi	vägi	['vägi']	sg p	0	S	nimisõna	32	
.	.	.	['.']			Z	lausemärk	32	
See	see	see	['see']	sg n	0	P	asesõna	32	
oli	olema	ole	['ole']	s	i	V	tegusõna	32	
õiglane	õiglane	õiglane	['õiglane']	sg n	0	A	omadussõna algvõrre	32	
ja	ja	ja	['ja']		0	J	sidesõna	32	
loomulik	loomulik	loomulik	['loomulik']	sg n	0	A	omadussõna algvõrre	32	
nagu	nagu	nagu	[['nagu'], ['nagu']]		0	D|J		32	
seegi	see	see	['see']	sg n	0	P	asesõna	32	
,	,	,	[',']			Z	lausemärk	32	
et	et	et	['et']		0	J	sidesõna	32	
kevadest	kevad|kevade	kevad|kevade	[['kevad'], ['kevade']]	sg el	st	S	nimisõna	32	
sai	saama	saa	['saa']	s	i	V	tegusõna	32	
suvi	suvi	suvi	['suvi']	sg n	0	S	nimisõna	32	
ja	ja	ja	['ja']		0	J	sidesõna	32	
suvest	suvi	suvi	['suvi']	sg el	st	S	nimisõna	32	
omakorda	omakorda	oma_korda	['oma', 'korda']		0	D	määrsõna	32	
sügis	sügis	sügis	['sügis']	sg n	0	S	nimisõna	32	
.	.	.	['.']			Z	lausemärk	32	
Malin	Malin	Malin	['Malin']	sg n	0	H	pärisnimi	32	
ei	ei	ei	['ei']	neg	0	V	tegusõna	32	
teadnud	teadma|teadnud	tead|tead=nud	[['tead'], ['teadnud'], ['teadnud'], ['teadnud']]	|nud|pl n|sg n	0|d|nud	A|V		32	
,	,	,	[',']			Z	lausemärk	32	
kas	kas	kas	['kas']		0	D	määrsõna	32	
ta	tema	tema	['tema']	sg n	0	P	asesõna	32	
on	olema	ole	[['ole'], ['ole']]	b|vad	0	V	tegusõna	32	
järgmisel	järgmine	järgmine	['järgmine']	sg ad	l	A	omadussõna algvõrre	32	
kevadel	kevad|kevade	kevad|kevade	[['kevad'], ['kevade']]	sg ad	l	S	nimisõna	32	
ärgates	ärkama	ärka	['ärka']	des	tes	V	tegusõna	32	
endiselt	endiselt	endiselt	['endiselt']		0	D	määrsõna	32	
noor	noor	noor	['noor']	sg n	0	A	omadussõna algvõrre	32	
või	või	või	['või']		0	J	sidesõna	32	
jäävadki	jääma	jää	['jää']	vad	vad	V	tegusõna	32	
ta	tema	tema	['tema']	sg n	0	P	asesõna	32	
juuksed	juus	juus	['juus']	pl n	d	S	nimisõna	32	
hallikirjuks	hallikirju	halli_kirju	['halli', 'kirju']	sg tr	ks	A	omadussõna algvõrre	32	
.	.	.	['.']			Z	lausemärk	32	
Tegelikult	tegelikult	tegelikult	['tegelikult']		0	D	määrsõna	32	
ei	ei	ei	['ei']	neg	0	V	tegusõna	32	
olnud	olema|olnud	ol=nud|ole	[['olnud'], ['olnud'], ['olnud'], ['ole']]	|nud|pl n|sg n	0|d|nud	A|V		32	
see	see	see	['see']	sg n	0	P	asesõna	32	
tähtis	tähtis	tähtis	['tähtis']	sg n	0	A	omadussõna algvõrre	32	
.	.	.	['.']			Z	lausemärk	32	
Aeg	aeg	aeg	['aeg']	sg n	0	S	nimisõna	33	
voolas	voolama	voola	['voola']	s	s	V	tegusõna	33	
endises	endine	endine	['endine']	sg in	s	A	omadussõna algvõrre	33	
rütmis	rütm	rütm	['rütm']	sg in	s	S	nimisõna	33	
ja	ja	ja	['ja']		0	J	sidesõna	33	
aastad	aasta	aasta	['aasta']	pl n	d	S	nimisõna	33	
möödusid	mööduma	möödu	['möödu']	sid	sid	V	tegusõna	33	
üksteise	üksteise	üks_teise	['üks', 'teise']	sg g	0	P	asesõna	33	
järel	järel	järel	['järel']		0	K	kaassõna	33	
.	.	.	['.']			Z	lausemärk	33	
Ümberkaudsed	ümberkaudne	ümber_kaudne	['ümber', 'kaudne']	pl n	d	A	omadussõna algvõrre	33	
inimesed	inimene	inimene	['inimene']	pl n	d	S	nimisõna	33	
rääkisid	rääkima	rääki	['rääki']	sid	sid	V	tegusõna	33	
laanest	laas	laas	['laas']	sg el	st	S	nimisõna	33	
aukartlikul	aukartlik	au_kartlik	['au', 'kartlik']	sg ad	l	A	omadussõna algvõrre	33	
häälel	hääl	hääl	['hääl']	sg ad	l	S	nimisõna	33	
.	.	.	['.']			Z	lausemärk	33	
See	see	see	['see']	sg n	0	P	asesõna	33	
oli	olema	ole	['ole']	s	i	V	tegusõna	33	
alati	alati	alati	['alati']		0	D	määrsõna	33	
olnud	olema|olnud	ol=nud|ole	[['olnud'], ['olnud'], ['olnud'], ['ole']]	|nud|pl n|sg n	0|d|nud	A|V		33	
salapärane	salapärane	sala_pärane	['sala', 'pärane']	sg n	0	A	omadussõna algvõrre	33	
paik	paik	paik	['paik']	sg n	0	S	nimisõna	33	
,	,	,	[',']			Z	lausemärk	33	
mille	mis	mis	[['mis'], ['mis']]	pl g|sg g	0	P	asesõna	33	
kohta	kohta	kohta	['kohta']		0	K	kaassõna	33	
oli	olema	ole	['ole']	s	i	V	tegusõna	33	
liikvel	liikvel	liikvel	['liikvel']		0	D	määrsõna	33	
palju	palju	palju	['palju']		0	D	määrsõna	33	
muinasjutte	muinasjutt	muinas_jutt	['muinas', 'jutt']	pl p	e	S	nimisõna	33	
uhkest	uhke	uhke	['uhke']	sg el	st	A	omadussõna algvõrre	33	
haldjalinnast	haldjalinn	haldja_linn	['haldja', 'linn']	sg el	st	S	nimisõna	33	
metsasüdames	metsasüda	metsa_süda	['metsa', 'süda']	sg in	s	S	nimisõna	33	
ning	ning	ning	['ning']		0	J	sidesõna	33	
haldjakodade	haldjakoda	haldja_koda	['haldja', 'koda']	pl g	de	S	nimisõna	33	
kuulsatest	kuulus	kuulus	['kuulus']	pl el	test	A	omadussõna algvõrre	33	
meistritest	meister	meister	['meister']	pl el	test	S	nimisõna	33	
,	,	,	[',']			Z	lausemärk	33	
kes	kes	kes	[['kes'], ['kes']]	pl n|sg n	0	P	asesõna	33	
oma	oma	oma	['oma']	sg g	0	P	asesõna	33	
töödesse	töö	töö	['töö']	pl ill	desse	S	nimisõna	33	
võluvõimu	võluvõim	võlu_võim	['võlu', 'võim']	sg p	0	S	nimisõna	33	
oskasid	oskama	oska	['oska']	sid	sid	V	tegusõna	33	
sõnuda	sõnuma	sõnu	['sõnu']	da	da	V	tegusõna	33	
.	.	.	['.']			Z	lausemärk	33	
Need	see	see	['see']	pl n	d	P	asesõna	33	
olid	olema	ole	['ole']	sid	id	V	tegusõna	33	
vaid	vaid	vaid	['vaid']		0	D	määrsõna	33	
muinasjutud	muinasjutt	muinas_jutt	['muinas', 'jutt']	pl n	d	S	nimisõna	33	
,	,	,	[',']			Z	lausemärk	33	
sest	sest	sest	['sest']		0	J	sidesõna	33	
ükski	üks	üks	['üks']	sg n	0	P	asesõna	33	
inimene	inimene	inimene	['inimene']	sg n	0	S	nimisõna	33	
ei	ei	ei	['ei']	neg	0	V	tegusõna	33	
olnud	olema|olnud	ol=nud|ole	[['olnud'], ['olnud'], ['olnud'], ['ole']]	|nud|pl n|sg n	0|d|nud	A|V		33	
oma	oma	oma	['oma']	sg g	0	P	asesõna	33	
ihusilmaga	ihusilm	ihu_silm	['ihu', 'silm']	sg kom	ga	S	nimisõna	33	
haldjate	haldjas	haldjas	['haldjas']	pl g	te	S	nimisõna	33	
sepistatud	sepistama|sepistatud	sepista|sepista=tud	[['sepista'], ['sepistatud'], ['sepistatud'], ['sepistatud']]	|pl n|sg n|tud	0|d|tud	A|V		33	
võluriistu	võluriist	võlu_riist	['võlu', 'riist']	pl p	u	S	nimisõna	33	
näinud	nägema|näima|näinud	näge|näi|näi=nud	[['näi'], ['näge'], ['näinud'], ['näinud'], ['näinud']]	|nud|pl n|sg n	0|d|nud	A|V		33	
ega	ega	ega	['ega']		0	J	sidesõna	33	
ühtegi	ühte	ühte	['ühte']		0	D	määrsõna	33	
neist	see	see	['see']	pl el	st	P	asesõna	33	
käes	käsi	käsi	['käsi']	sg in	s	S	nimisõna	33	
hoidnud	hoidma|hoidnud	hoid|hoid=nud	[['hoid'], ['hoidnud'], ['hoidnud'], ['hoidnud']]	|nud|pl n|sg n	0|d|nud	A|V		33	
.	.	.	['.']			Z	lausemärk	33	
Võibolla	võibolla	võib_olla	['võib', 'olla']		0	D	määrsõna	33	
ei	ei	ei	['ei']	neg	0	V	tegusõna	33	
olnudki	olema	ole	['ole']	nud	nud	V	tegusõna	33	
neid	see	see	['see']	pl p	d	P	asesõna	33	
olemas	olema	ole	['ole']	mas	mas	V	tegusõna	33	
.	.	.	['.']			Z	lausemärk	33	
Muinasjutudki	Muinasjutt|Muinasjutudki	Muinas_jutt|Muinasjutudki	[['Muinas', 'jutt'], ['Muinasjutudki']]	pl n|sg n	0|d	H	pärisnimi	33	
oleks	olema	ole	['ole']	ks	ks	V	tegusõna	33	
pikapeale	pikapeale	pika_peale	['pika', 'peale']		0	D	määrsõna	33	
unustatud	unustama|unustatud	unusta|unustatud	[['unusta'], ['unustatud'], ['unustatud'], ['unustatud']]	|pl n|sg n|tud	0|d|tud	A|V		33	
,	,	,	[',']			Z	lausemärk	33	
kui	kui	kui	[['kui'], ['kui']]		0	D|J		33	
Malini	Mali	Mali	['Mali']	sg ter	ni	H	pärisnimi	33	
laas	laas	laas	['laas']	sg n	0	S	nimisõna	33	
olnuks	olema	ole	['ole']	nuks	nuks	V	tegusõna	33	
nii	nii	nii	['nii']		0	D	määrsõna	33	
nagu	nagu	nagu	[['nagu'], ['nagu']]		0	D|J		33	
kõik	kõik	kõik	[['kõik'], ['kõik']]	pl n|sg n	0	P	asesõna	33	
teised	teine	teine	[['teine'], ['teine']]	pl n	d	O|P		33	
metsad	mets	mets	['mets']	pl n	d	S	nimisõna	33	
.	.	.	['.']			Z	lausemärk	33	
Need	see	see	['see']	pl n	d	P	asesõna	33	
jutustati	jutustama	jutusta	['jutusta']	ti	ti	V	tegusõna	33	
aga	aga	aga	['aga']		0	J	sidesõna	33	
inimpõlvede	inimpõlv	inim_põlv	['inim', 'põlv']	pl g	de	S	nimisõna	33	
jooksul	jooksul	jooksul	['jooksul']		0	K	kaassõna	33	
ikka	ikka	ikka	['ikka']		0	D	määrsõna	33	
edasi	edasi	edasi	['edasi']		0	D	määrsõna	33	
ning	ning	ning	['ning']		0	J	sidesõna	33	
unustamist	unustamine	unustamine	['unustamine']	sg p	t	S	nimisõna	33	
polnud	olema	ole	['ole']	neg nud	nud	V	tegusõna	33	
muinasjuttudel	muinasjutt	muinas_jutt	['muinas', 'jutt']	pl ad	del	S	nimisõna	33	
karta	kartma	kart	['kart']	da	a	V	tegusõna	33	
—	-	-	['-']			Z	lausemärk	33	
vähemalt	vähemalt	vähemalt	['vähemalt']		0	D	määrsõna	33	
niikaua	niikaua	nii_kaua	['nii', 'kaua']		0	D	määrsõna	33	
mitte	mitte	mitte	['mitte']		0	D	määrsõna	33	
,	,	,	[',']			Z	lausemärk	33	
kuni	kuni	kuni	['kuni']		0	J	sidesõna	33	
igaüks	igaüks	iga_üks	['iga', 'üks']	sg n	0	P	asesõna	33	
,	,	,	[',']			Z	lausemärk	33	
kes	kes	kes	[['kes'], ['kes']]	pl n|sg n	0	P	asesõna	33	
Malini	Mali	Mali	['Mali']	sg ter	ni	H	pärisnimi	33	
laanest	laas	laas	['laas']	sg el	st	S	nimisõna	33	
läbi	läbi	läbi	['läbi']		0	D	määrsõna	33	
rändas	rändama	rända	['rända']	s	s	V	tegusõna	33	
,	,	,	[',']			Z	lausemärk	33	
tundis	tundma	tund	['tund']	s	is	V	tegusõna	33	
,	,	,	[',']			Z	lausemärk	33	
kuidas	kuidas	kuidas	['kuidas']		0	D	määrsõna	33	
mets	mets	mets	['mets']	sg n	0	S	nimisõna	33	
tasakesi	tasakesi	tasakesi	['tasakesi']		0	D	määrsõna	33	
hingas	hingama	hinga	['hinga']	s	s	V	tegusõna	33	
.	.	.	['.']			Z	lausemärk	33	
