word_texts	lemmas	roots	root_tokens	forms	endings	postags	postag_descriptions	par_nr	head
Teoloogiatudengi	teoloogiatudeng	teoloogia_tudeng	['teoloogia', 'tudeng']	sg g	0	S	nimisõna	1	 Teoloogiatudengi katse 
katse	katse	katse	['katse']	sg n	0	S	nimisõna	1	 Teoloogiatudengi katse 
Maniakkide	maniakk	maniakk	['maniakk']	pl g	de	S	nimisõna	2	
Tänav	tänav	tänav	['tänav']	sg n	0	S	nimisõna	2	
Tüüp	Tüüp	Tüüp	[['Tüüp'], ['Tüüp']]	sg n	0	H	pärisnimi	3	
istus	istuma	istu	['istu']	s	s	V	tegusõna	3	
Narva	Narva	Narva	['Narva']	sg g	0	H	pärisnimi	3	
maantee	maantee	maan_tee	['maan', 'tee']	sg g	0	S	nimisõna	3	
ühiselamus	ühiselamu	ühis_elamu	['ühis', 'elamu']	sg in	s	S	nimisõna	3	
ja	ja	ja	['ja']		0	J	sidesõna	3	
õppis	õppima	õppi	['õppi']	s	s	V	tegusõna	3	
eksamiks	eksam	eksam	['eksam']	sg tr	ks	S	nimisõna	3	
.	.	.	['.']			Z	lausemärk	3	
See	see	see	['see']	sg n	0	P	asesõna	3	
oli	olema	ole	['ole']	s	i	V	tegusõna	3	
tal	tema	tema	['tema']	sg ad	l	P	asesõna	3	
teine	teine	teine	[['teine'], ['teine']]	sg n	0	O|P		3	
kord	kord	kord	['kord']	sg n	0	S	nimisõna	3	
,	,	,	[',']			Z	lausemärk	3	
sest	sest	sest	['sest']		0	J	sidesõna	3	
esimesel	esimene	esimene	['esimene']	sg ad	l	O	järgarvsõna	3	
katsel	katse	katse	['katse']	sg ad	l	S	nimisõna	3	
põrus	põruma	põru	['põru']	s	s	V	tegusõna	3	
vennike	vennike	vennike	['vennike']	sg n	0	S	nimisõna	3	
haledalt	haledalt	haledalt	['haledalt']		0	D	määrsõna	3	
läbi	läbi	läbi	['läbi']		0	D	määrsõna	3	
.	.	.	['.']			Z	lausemärk	3	
Morni	morn	morn	['morn']	sg g	0	A	omadussõna algvõrre	3	
näoga	nägu	nägu	['nägu']	sg kom	ga	S	nimisõna	3	
libistas	libistama	libista	['libista']	s	s	V	tegusõna	3	
ta	tema	tema	['tema']	sg n	0	P	asesõna	3	
pilgu	pilk	pilk	['pilk']	sg g	0	S	nimisõna	3	
üle	üle	üle	['üle']		0	K	kaassõna	3	
ridade	rida	rida	['rida']	pl g	de	S	nimisõna	3	
,	,	,	[',']			Z	lausemärk	3	
mis	mis	mis	[['mis'], ['mis']]	pl n|sg n	0	P	asesõna	3	
tarkusest	tarkus	tarkus	['tarkus']	sg el	st	S	nimisõna	3	
pungitudes	pungituma	pungitu	['pungitu']	des	des	V	tegusõna	3	
talle	tema	tema	['tema']	sg all	lle	P	asesõna	3	
arusaamatutena	arusaamatu	aru_saamatu	['aru', 'saamatu']	pl es	tena	A	omadussõna algvõrre	3	
vastu	vastu	vastu	['vastu']		0	K	kaassõna	3	
jõõrasid	jõõra	jõõra	['jõõra']	pl p	sid	S	nimisõna	3	
.	.	.	['.']			Z	lausemärk	3	
""""	""""	""""	"['""']"			Z	lausemärk	4	
Nagu	nagu	nagu	[['nagu'], ['nagu']]		0	D|J		4	
kohtumine	kohtumine	kohtumine	['kohtumine']	sg n	0	S	nimisõna	4	
tulnukate	tulnuk|tulnukas	tulnuk|tulnukas	[['tulnuk'], ['tulnukas']]	pl g	te	S	nimisõna	4	
ja	ja	ja	['ja']		0	J	sidesõna	4	
nende	see	see	['see']	pl g	de	P	asesõna	4	
grammatikaga	grammatika	grammatika	['grammatika']	sg kom	ga	S	nimisõna	4	
,	,	,	[',']			Z	lausemärk	4	
""""	""""	""""	"['""']"			Z	lausemärk	4	
mõtles	mõtlema	mõtle	['mõtle']	s	s	V	tegusõna	4	
tüüp	tüüp	tüüp	['tüüp']	sg n	0	S	nimisõna	4	
.	.	.	['.']			Z	lausemärk	4	
Ta	tema	tema	['tema']	sg n	0	P	asesõna	4	
heitis	heitma	heit	['heit']	s	is	V	tegusõna	4	
ahastava	ahastav	ahastav	['ahastav']	sg g	0	A	omadussõna algvõrre	4	
pilgu	pilk	pilk	['pilk']	sg g	0	S	nimisõna	4	
õhtusele	õhtune	õhtune	['õhtune']	sg all	le	A	omadussõna algvõrre	4	
Narva	Narva	Narva	['Narva']	sg g	0	H	pärisnimi	4	
maanteele	maantee	maan_tee	['maan', 'tee']	sg all	le	S	nimisõna	4	
ja	ja	ja	['ja']		0	J	sidesõna	4	
""""	""""	""""	"['""']"			Z	lausemärk	4	
Konsumi	Konsum|Konsumi	Konsum|Konsumi	[['Konsum'], ['Konsumi']]	sg g	0	H	pärisnimi	4	
""""	""""	""""	"['""']"			Z	lausemärk	4	
kaubamajale	kaubamaja	kauba_maja	['kauba', 'maja']	sg all	le	S	nimisõna	4	
.	.	.	['.']			Z	lausemärk	4	
Vaikselt	vaikselt	vaikselt	['vaikselt']		0	D	määrsõna	4	
rabistas	rabistama	rabista	['rabista']	s	s	V	tegusõna	4	
vihma	vihm	vihm	['vihm']	sg g	0	S	nimisõna	4	
aknaklaasile	aknaklaas	akna_klaas	['akna', 'klaas']	sg all	le	S	nimisõna	4	
.	.	.	['.']			Z	lausemärk	4	
Tüüp	tüüp	tüüp	['tüüp']	sg n	0	S	nimisõna	4	
süütas	süütama	süüta	['süüta']	s	s	V	tegusõna	4	
suitsu	suits	suits	['suits']	adt	0	S	nimisõna	4	
ja	ja	ja	['ja']		0	J	sidesõna	4	
suunas	suund	suund	['suund']	sg in	s	S	nimisõna	4	
jõupingutusega	jõupingutus	jõu_pingutus	['jõu', 'pingutus']	sg kom	ga	S	nimisõna	4	
uuesti	uuesti	uuesti	['uuesti']		0	D	määrsõna	4	
pilgu	pilk	pilk	['pilk']	sg g	0	S	nimisõna	4	
konspektile	konspekt	konspekt	['konspekt']	sg all	le	S	nimisõna	4	
.	.	.	['.']			Z	lausemärk	4	
Ilma	ilma	ilma	['ilma']		0	K	kaassõna	4	
mingi	mingi	mingi	['mingi']	sg g	0	P	asesõna	4	
eelhoiatuseta	eelhoiatus	eel_hoiatus	['eel', 'hoiatus']	sg ab	ta	S	nimisõna	4	
kustus	kustuma	kustu	['kustu']	s	s	V	tegusõna	4	
toas	tuba	tuba	['tuba']	sg in	s	S	nimisõna	4	
äkki	äkki	äkki	['äkki']		0	D	määrsõna	4	
elektrivalgus	elektrivalk	elektri_valk	['elektri', 'valk']	sg in	s	S	nimisõna	4	
.	.	.	['.']			Z	lausemärk	4	
Hetkeks	hetk	hetk	['hetk']	sg tr	ks	S	nimisõna	4	
ühiselamu	ühiselamu	ühis_elamu	['ühis', 'elamu']	sg n	0	S	nimisõna	4	
nagu	nagu	nagu	[['nagu'], ['nagu']]		0	D|J		4	
vakatas	vakatama	vakata	['vakata']	s	s	V	tegusõna	4	
.	.	.	['.']			Z	lausemärk	4	
Noormees	noormees	noor_mees	['noor', 'mees']	sg n	0	S	nimisõna	4	
vaatas	vaatama	vaata	['vaata']	s	s	V	tegusõna	4	
apaatselt	apaatselt	apaatselt	['apaatselt']		0	D	määrsõna	4	
ainsa	ainus	ainus	['ainus']	sg g	0	A	omadussõna algvõrre	4	
silmapilguga	silmapilk	silma_pilk	['silma', 'pilk']	sg kom	ga	S	nimisõna	4	
tumedaks	tume	tume	['tume']	sg tr	ks	A	omadussõna algvõrre	4	
muutunud	muutuma|muutunud	muutu|muutu=nud	[['muutu'], ['muutunud'], ['muutunud'], ['muutunud']]	|nud|pl n|sg n	0|d|nud	A|V		4	
lehekülge	lehekülg	lehe_külg	['lehe', 'külg']	sg p	0	S	nimisõna	4	
oma	oma	oma	['oma']	sg g	0	P	asesõna	4	
ees	ees	ees	['ees']		0	K	kaassõna	4	
.	.	.	['.']			Z	lausemärk	4	
Siis	siis	siis	['siis']		0	D	määrsõna	4	
kostis	kostma	kost	['kost']	s	is	V	tegusõna	4	
uksekõmatus	uksekõmatu	uksekõma=tu	['uksekõmatu']	sg in	s	S	nimisõna	4	
ja	ja	ja	['ja']		0	J	sidesõna	4	
kajavas	kajav	kaja=v	['kajav']	sg in	s	A	omadussõna algvõrre	4	
koridoris	koridor	koridor	['koridor']	sg in	s	S	nimisõna	4	
hakkas	hakkama	hakka	['hakka']	s	s	V	tegusõna	4	
kostma	kostma	kost	['kost']	ma	ma	V	tegusõna	4	
venekeelset	venekeelne	vene_keelne	['vene', 'keelne']	sg p	t	A	omadussõna algvõrre	4	
juttu	jutt	jutt	['jutt']	sg p	0	S	nimisõna	4	
.	.	.	['.']			Z	lausemärk	4	
Keegi	keegi	keegi	['keegi']	sg n	0	P	asesõna	4	
hirnatas	hirnatama	hirnata	['hirnata']	s	s	V	tegusõna	4	
,	,	,	[',']			Z	lausemärk	4	
talle	tema	tema	['tema']	sg all	lle	P	asesõna	4	
möirati	möirgama	möirga	['möirga']	ti	ti	V	tegusõna	4	
Tarzani	Tarzan	Tarzan	['Tarzan']	sg g	0	H	pärisnimi	4	
kombel	komme	komme	['komme']	sg ad	l	S	nimisõna	4	
vastu	vastu	vastu	['vastu']		0	D	määrsõna	4	
.	.	.	['.']			Z	lausemärk	4	
Kuuldus	kuuldus	kuuldus	['kuuldus']	sg n	0	S	nimisõna	4	
tüdrukute	tüdruk	tüdruk	['tüdruk']	pl g	te	S	nimisõna	4	
kiljatusi	kiljatus	kiljatus	['kiljatus']	pl p	i	S	nimisõna	4	
,	,	,	[',']			Z	lausemärk	4	
müdinal	müdin	müdin	['müdin']	sg ad	l	S	nimisõna	4	
traaviti	traavima	traavi	['traavi']	ti	ti	V	tegusõna	4	
mööda	mööda	mööda	['mööda']		0	K	kaassõna	4	
pimedat	pime	pime	['pime']	sg p	t	A	omadussõna algvõrre	4	
koridori	koridor	koridor	['koridor']	sg p	0	S	nimisõna	4	
.	.	.	['.']			Z	lausemärk	4	
""""	""""	""""	"['""']"			Z	lausemärk	5	
Põrgusse	põrgusse	põrgusse	['põrgusse']		0	I	hüüdsõna	5	
,	,	,	[',']			Z	lausemärk	5	
""""	""""	""""	"['""']"			Z	lausemärk	5	
mõtles	mõtlema	mõtle	['mõtle']	s	s	V	tegusõna	5	
tüüp	tüüp	tüüp	['tüüp']	sg n	0	S	nimisõna	5	
ja	ja	ja	['ja']		0	J	sidesõna	5	
lasi	laskma	lask	['lask']	s	i	V	tegusõna	5	
paberi	paber	paber	['paber']	sg g	0	S	nimisõna	5	
käest	käest	käest	['käest']		0	K	kaassõna	5	
.	.	.	['.']			Z	lausemärk	5	
See	see	see	['see']	sg n	0	P	asesõna	5	
võttis	võtma	võt	['võt']	s	is	V	tegusõna	5	
tuule	tuul	tuul	['tuul']	sg g	0	S	nimisõna	5	
alla	alla	alla	['alla']		0	K	kaassõna	5	
ning	ning	ning	['ning']		0	J	sidesõna	5	
libisedes	libisema	libise	['libise']	des	des	V	tegusõna	5	
mööda	mööda	mööda	['mööda']		0	K	kaassõna	5	
lauaplaati	lauaplaat	laua_plaat	['laua', 'plaat']	sg p	0	S	nimisõna	5	
,	,	,	[',']			Z	lausemärk	5	
kadus	kaduma	kadu	['kadu']	s	s	V	tegusõna	5	
põrandahämarusse	põrandahämarus	põranda_hämarus	['põranda', 'hämarus']	adt	se	S	nimisõna	5	
.	.	.	['.']			Z	lausemärk	5	
Toauks	toauks	toa_uks	['toa', 'uks']	sg n	0	S	nimisõna	6	
kääksatas	kääksatama	kääksata	['kääksata']	s	s	V	tegusõna	6	
,	,	,	[',']			Z	lausemärk	6	
kui	kui	kui	[['kui'], ['kui']]		0	D|J		6	
selle	see	see	['see']	sg g	0	P	asesõna	6	
katkisele	katkine	katkine	['katkine']	sg all	le	A	omadussõna algvõrre	6	
lingile	link	link	['link']	sg all	le	S	nimisõna	6	
rõhuti	rõhuma	rõhu	['rõhu']	ti	ti	V	tegusõna	6	
ja	ja	ja	['ja']		0	J	sidesõna	6	
avanes	avanema	avane	['avane']	s	s	V	tegusõna	6	
räntsatades	räntsatama	räntsata	['räntsata']	des	des	V	tegusõna	6	
.	.	.	['.']			Z	lausemärk	6	
Tüüp	tüüp	tüüp	['tüüp']	sg n	0	S	nimisõna	6	
vaatas	vaatama	vaata	['vaata']	s	s	V	tegusõna	6	
üle	üle	üle	['üle']		0	D	määrsõna	6	
õla	õlg	õlg	['õlg']	sg g	0	S	nimisõna	6	
selja	selg	selg	['selg']	sg g	0	S	nimisõna	6	
taha	taha	taha	['taha']		0	K	kaassõna	6	
aga	aga	aga	['aga']		0	J	sidesõna	6	
aknast	aken	aken	['aken']	sg el	st	S	nimisõna	6	
sisselangevad	sisselangev	sisse_langev	['sisse', 'langev']	pl n	d	A	omadussõna algvõrre	6	
laternakiired	laternakiir	laterna_kiir	['laterna', 'kiir']	pl n	d	S	nimisõna	6	
ei	ei	ei	['ei']	neg	0	V	tegusõna	6	
valgustanud	valgustama|valgustanud	valgusta|valgusta=nud	[['valgusta'], ['valgustanud'], ['valgustanud'], ['valgustanud']]	|nud|pl n|sg n	0|d|nud	A|V		6	
tulijat	tulija	tulija	['tulija']	sg p	t	S	nimisõna	6	
küllaldaselt	küllaldaselt	küllaldaselt	['küllaldaselt']		0	D	määrsõna	6	
.	.	.	['.']			Z	lausemärk	6	
""""	""""	""""	"['""']"			Z	lausemärk	7	
No	no	no	['no']		0	I	hüüdsõna	7	
mis	mis	mis	[['mis'], ['mis']]	pl n|sg n	0	P	asesõna	7	
?	?	?	['?']			Z	lausemärk	7	
""""	""""	""""	"['""']"			Z	lausemärk	7	
Tulija	tulija	tulija	['tulija']	sg n	0	S	nimisõna	8	
köhatas	köhatama	köhata	['köhata']	s	s	V	tegusõna	8	
kohmetult	kohmetult	kohmetult	['kohmetult']		0	D	määrsõna	8	
.	.	.	['.']			Z	lausemärk	8	
""""	""""	""""	"['""']"			Z	lausemärk	8	
Tereee	Tereee	Tereee	['Tereee']	sg n	0	H	pärisnimi	8	
...	...	...	['...']			Z	lausemärk	8	
""""	""""	""""	"['""']"			Z	lausemärk	8	
venitas	venitama	venita	['venita']	s	s	V	tegusõna	8	
ta	tema	tema	['tema']	sg n	0	P	asesõna	8	
lustlikkust	lustlikkus	lust=likkus	['lustlikkus']	sg p	t	S	nimisõna	8	
teeseldes	teesklema	teeskle	['teeskle']	des	des	V	tegusõna	8	
.	.	.	['.']			Z	lausemärk	8	
Ukselseisja	ukselseisja	ukse+l_seis=ja	['uksel', 'seisja']	sg g	0	S	nimisõna	8	
selja	selg	selg	['selg']	sg g	0	S	nimisõna	8	
tagant	tagant	tagant	['tagant']		0	K	kaassõna	8	
traavisid	traav	traav	['traav']	pl p	sid	S	nimisõna	8	
möirates	möirgama	möirga	['möirga']	des	tes	V	tegusõna	8	
mööda	mööda	mööda	['mööda']		0	D	määrsõna	8	
paar	paar	paar	['paar']	sg n	0	N	põhiarvsõna	8	
venelast	venelane	venelane	['venelane']	sg p	t	S	nimisõna	8	
.	.	.	['.']			Z	lausemärk	8	
Ühikas	ühikas	ühikas	['ühikas']	sg n	0	S	nimisõna	8	
oli	olema	ole	['ole']	s	i	V	tegusõna	8	
neid	tema	tema	['tema']	pl p	d	P	asesõna	8	
täis	täis	täis	['täis']		0	A	omadussõna algvõrre	8	
.	.	.	['.']			Z	lausemärk	8	
""""	""""	""""	"['""']"			Z	lausemärk	9	
Jaa-jah	jaa-jah	jaa-jah	['jaa', 'jah']		0	I	hüüdsõna	9	
,	,	,	[',']			Z	lausemärk	9	
""""	""""	""""	"['""']"			Z	lausemärk	9	
vastas	vastama	vasta	['vasta']	s	s	V	tegusõna	9	
tüüp	tüüp	tüüp	['tüüp']	sg n	0	S	nimisõna	9	
tulija	tulija	tulija	['tulija']	sg n	0	S	nimisõna	9	
tervitusele	tervitus	tervitus	['tervitus']	sg all	le	S	nimisõna	9	
.	.	.	['.']			Z	lausemärk	9	
Suitsuots	suitsuots	suitsu_ots	['suitsu', 'ots']	sg n	0	S	nimisõna	9	
tema	tema	tema	['tema']	sg g	0	P	asesõna	9	
näos	nägu	nägu	['nägu']	sg in	s	S	nimisõna	9	
hõõgus	hõõguma	hõõgu	['hõõgu']	s	s	V	tegusõna	9	
ükskõikse	ükskõikne	üks_kõikne	['üks', 'kõikne']	sg g	0	A	omadussõna algvõrre	9	
ja	ja	ja	['ja']		0	J	sidesõna	9	
veidi	veidi	veidi	['veidi']		0	D	määrsõna	9	
ebasõbralikuna	ebasõbralik	eba_sõbralik	['eba', 'sõbralik']	sg es	na	A	omadussõna algvõrre	9	
.	.	.	['.']			Z	lausemärk	9	
Tulija	tulija	tulija	['tulija']	sg n	0	S	nimisõna	9	
astus	astuma	astu	['astu']	s	s	V	tegusõna	9	
sisse	sisse	sisse	['sisse']		0	D	määrsõna	9	
ja	ja	ja	['ja']		0	J	sidesõna	9	
köhatas	köhatama	köhata	['köhata']	s	s	V	tegusõna	9	
veel	veel	veel	['veel']		0	D	määrsõna	9	
kord	kord	kord	['kord']		0	D	määrsõna	9	
kohmetult	kohmetult	kohmetult	['kohmetult']		0	D	määrsõna	9	
.	.	.	['.']			Z	lausemärk	9	
""""	""""	""""	"['""']"			Z	lausemärk	10	
Ma	mina	mina	['mina']	sg n	0	P	asesõna	10	
olen	olema	ole	['ole']	n	n	V	tegusõna	10	
su	sina	sina	['sina']	sg g	0	P	asesõna	10	
üleaedne	üleaedne	üle_aedne	['üle', 'aedne']	sg n	0	S	nimisõna	10	
,	,	,	[',']			Z	lausemärk	10	
""""	""""	""""	"['""']"			Z	lausemärk	10	
selgitas	selgitama	selgita	['selgita']	s	s	V	tegusõna	10	
ta	tema	tema	['tema']	sg n	0	P	asesõna	10	
siis	siis	siis	['siis']		0	D	määrsõna	10	
ebalevalt	ebalevalt	ebalevalt	['ebalevalt']		0	D	määrsõna	10	
.	.	.	['.']			Z	lausemärk	10	
""""	""""	""""	"['""']"			Z	lausemärk	11	
Noo-jahh	noo-jahh	noo-jahh	['noo', 'jahh']		0	I	hüüdsõna	11	
,	,	,	[',']			Z	lausemärk	11	
""""	""""	""""	"['""']"			Z	lausemärk	11	
venitas	venitama	venita	['venita']	s	s	V	tegusõna	11	
tüüp	tüüp	tüüp	['tüüp']	sg n	0	S	nimisõna	11	
.	.	.	['.']			Z	lausemärk	11	
Ta	tema	tema	['tema']	sg n	0	P	asesõna	11	
polnud	olema	ole	['ole']	neg nud	nud	V	tegusõna	11	
just	just	just	[['just'], ['just']]		0	D|I		11	
erilist	eriline	eriline	['eriline']	sg p	t	A	omadussõna algvõrre	11	
huvi	huvi	huvi	['huvi']	sg p	0	S	nimisõna	11	
tundnud	tundma|tundnud	tund|tund=nud	[['tund'], ['tundnud'], ['tundnud'], ['tundnud']]	|nud|pl n|sg n	0|d|nud	A|V		11	
naaberelanike	naaberelanik	naaber_elanik	['naaber', 'elanik']	pl g	e	S	nimisõna	11	
vastu	vastu	vastu	['vastu']		0	K	kaassõna	11	
,	,	,	[',']			Z	lausemärk	11	
tal	tema	tema	['tema']	sg ad	l	P	asesõna	11	
oli	olema	ole	['ole']	s	i	V	tegusõna	11	
oma	oma	oma	['oma']	sg g	0	P	asesõna	11	
sõpruskond	sõpruskond	sõpruskond	['sõpruskond']	sg n	0	S	nimisõna	11	
.	.	.	['.']			Z	lausemärk	11	
Tuhk	tuhk	tuhk	['tuhk']	sg n	0	S	nimisõna	11	
suitsuotsalt	suitsuots	suitsu_ots	['suitsu', 'ots']	sg abl	lt	S	nimisõna	11	
kadus	kaduma	kadu	['kadu']	s	s	V	tegusõna	11	
mõlema	mõlema	mõlema	['mõlema']	sg g	0	P	asesõna	11	
toasviibija	toasviibija	toa+s_viibi=ja	['toas', 'viibija']	sg g	0	S	nimisõna	11	
jaoks	jaoks	jaoks	['jaoks']		0	K	kaassõna	11	
hääletult	hääletult	hääletult	['hääletult']		0	D	määrsõna	11	
pimedusse	pimedus	pimedus	['pimedus']	adt	se	S	nimisõna	11	
.	.	.	['.']			Z	lausemärk	11	
""""	""""	""""	"['""']"			Z	lausemärk	12	
Vaata	vaatama	vaata	['vaata']	o	0	V	tegusõna	12	
mul	mina	mina	['mina']	sg ad	l	P	asesõna	12	
oleks	olema	ole	['ole']	ks	ks	V	tegusõna	12	
sulle	sina	sina	['sina']	sg all	lle	P	asesõna	12	
üks	üks	üks	['üks']	sg n	0	P	asesõna	12	
palve	palve	palve	['palve']	sg n	0	S	nimisõna	12	
,	,	,	[',']			Z	lausemärk	12	
""""	""""	""""	"['""']"			Z	lausemärk	12	
Tulija	tulija	tulija	['tulija']	sg n	0	S	nimisõna	12	
poetas	poetama	poeta	['poeta']	s	s	V	tegusõna	12	
end	ise	ise	['ise']	sg p	0	P	asesõna	12	
tüübi	tüüp	tüüp	['tüüp']	sg g	0	S	nimisõna	12	
voodi	voodi	voodi	['voodi']	sg g	0	S	nimisõna	12	
otsale	ots	ots	['ots']	sg all	le	S	nimisõna	12	
.	.	.	['.']			Z	lausemärk	12	
""""	""""	""""	"['""']"			Z	lausemärk	12	
Ma	mina	mina	['mina']	sg n	0	P	asesõna	12	
kuulsin	kuulma	kuul	['kuul']	sin	sin	V	tegusõna	12	
,	,	,	[',']			Z	lausemärk	12	
et	et	et	['et']		0	J	sidesõna	12	
sa	sina	sina	['sina']	sg n	0	P	asesõna	12	
oled	olema	ole	['ole']	d	d	V	tegusõna	12	
mingil	mingi	mingi	['mingi']	sg ad	l	P	asesõna	12	
määral	määr	määr	['määr']	sg ad	l	S	nimisõna	12	
vaimsete	vaimne	vaimne	['vaimne']	pl g	te	A	omadussõna algvõrre	12	
huvidega	huvi	huvi	['huvi']	pl kom	dega	S	nimisõna	12	
...	...	...	['...']			Z	lausemärk	12	
kunst	kunst	kunst	['kunst']	sg n	0	S	nimisõna	12	
ja	ja	ja	['ja']		0	J	sidesõna	12	
muusika	muusika	muusika	['muusika']	sg n	0	S	nimisõna	12	
ja	ja	ja	['ja']		0	J	sidesõna	12	
nii	nii	nii	['nii']		0	D	määrsõna	12	
edasi	edasi	edasi	['edasi']		0	D	määrsõna	12	
...	...	...	['...']			Z	lausemärk	12	
?	?	?	['?']			Z	lausemärk	12	
""""	""""	""""	"['""']"			Z	lausemärk	12	
Koridori	koridor	koridor	['koridor']	sg g	0	S	nimisõna	12	
kaugemast	kaugem	kaugem	['kaugem']	sg el	st	C	omadussõna keskvõrre	12	
otsast	ots	ots	['ots']	sg el	st	S	nimisõna	12	
kostus	kostuma	kostu	['kostu']	s	s	V	tegusõna	12	
jälle	jälle	jälle	['jälle']		0	D	määrsõna	12	
kellegi	keegi	keegi	['keegi']	sg g	gi	P	asesõna	12	
kiljumist	kiljumine	kiljumine	['kiljumine']	sg p	t	S	nimisõna	12	
ja	ja	ja	['ja']		0	J	sidesõna	12	
poisinolkide	poisinolk	poisi_nolk	['poisi', 'nolk']	pl g	de	S	nimisõna	12	
naeru	naer	naer	['naer']	sg p	0	S	nimisõna	12	
.	.	.	['.']			Z	lausemärk	12	
""""	""""	""""	"['""']"			Z	lausemärk	13	
Ja	ja	ja	['ja']		0	J	sidesõna	13	
....	....	....	['....']			Z	lausemärk	13	
?	?	?	['?']			Z	lausemärk	13	
""""	""""	""""	"['""']"			Z	lausemärk	13	
Tüüp	tüüp	tüüp	['tüüp']	sg n	0	S	nimisõna	13	
puhus	puhuma	puhu	['puhu']	s	s	V	tegusõna	13	
suitsu	suits	suits	['suits']	sg g	0	S	nimisõna	13	
Tulija	tulija	tulija	['tulija']	sg g	0	S	nimisõna	13	
poole	poole	poole	['poole']		0	K	kaassõna	13	
,	,	,	[',']			Z	lausemärk	13	
kuid	kuid	kuid	['kuid']		0	J	sidesõna	13	
see	see	see	['see']	sg n	0	P	asesõna	13	
hajus	hajuma	haju	['haju']	s	s	V	tegusõna	13	
enne	enne	enne	['enne']		0	K	kaassõna	13	
sihtmärgini	sihtmärk	siht_märk	['siht', 'märk']	sg ter	ni	S	nimisõna	13	
jõudmist	jõudmine	jõudmine	['jõudmine']	sg p	t	S	nimisõna	13	
.	.	.	['.']			Z	lausemärk	13	
""""	""""	""""	"['""']"			Z	lausemärk	14	
Ma	mina	mina	['mina']	sg n	0	P	asesõna	14	
sooviks	soovima	soovi	['soovi']	ks	ks	V	tegusõna	14	
,	,	,	[',']			Z	lausemärk	14	
et	et	et	['et']		0	J	sidesõna	14	
sa	sina	sina	['sina']	sg n	0	P	asesõna	14	
osaleksid	osalema	osale	['osale']	ksid	ksid	V	tegusõna	14	
ühes	üks	üks	['üks']	sg in	s	P	asesõna	14	
minu	mina	mina	['mina']	sg g	0	P	asesõna	14	
poolt	poolt	poolt	['poolt']		0	K	kaassõna	14	
korraldatavas	korraldatav	korraldatav	['korraldatav']	sg in	s	A	omadussõna algvõrre	14	
katses	katse	katse	['katse']	sg in	s	S	nimisõna	14	
...	...	...	['...']			Z	lausemärk	14	
""""	""""	""""	"['""']"			Z	lausemärk	14	
""""	""""	""""	"['""']"			Z	lausemärk	15	
Küülikuna	küülik	küülik	['küülik']	sg es	na	S	nimisõna	15	
,	,	,	[',']			Z	lausemärk	15	
""""	""""	""""	"['""']"			Z	lausemärk	15	
lisas	lisama	lisa	['lisa']	s	s	V	tegusõna	15	
tüüp	tüüp	tüüp	['tüüp']	sg n	0	S	nimisõna	15	
kajana	kaja	kaja	['kaja']	sg es	na	S	nimisõna	15	
.	.	.	['.']			Z	lausemärk	15	
Tulijal	tulija	tulija	['tulija']	sg ad	l	S	nimisõna	15	
võttis	võtma	võt	['võt']	s	is	V	tegusõna	15	
taipamine	taipamine	taipamine	['taipamine']	sg n	0	S	nimisõna	15	
natuke	natuke	natuke	['natuke']		0	D	määrsõna	15	
aega	aeg	aeg	['aeg']	sg p	0	S	nimisõna	15	
.	.	.	['.']			Z	lausemärk	15	
""""	""""	""""	"['""']"			Z	lausemärk	15	
Jah	jah	jah	['jah']		0	D	määrsõna	15	
,	,	,	[',']			Z	lausemärk	15	
umbes	umbes	umbes	['umbes']		0	D	määrsõna	15	
jah	jah	jah	['jah']		0	D	määrsõna	15	
,	,	,	[',']			Z	lausemärk	15	
""""	""""	""""	"['""']"			Z	lausemärk	15	
noogutas	noogutama	nooguta	['nooguta']	s	s	V	tegusõna	15	
ta	tema	tema	['tema']	sg n	0	P	asesõna	15	
siis	siis	siis	['siis']		0	D	määrsõna	15	
.	.	.	['.']			Z	lausemärk	15	
""""	""""	""""	"['""']"			Z	lausemärk	16	
Mis	mis	mis	[['mis'], ['mis']]	pl n|sg n	0	P	asesõna	16	
katse	katse	katse	['katse']	sg n	0	S	nimisõna	16	
on	olema	ole	[['ole'], ['ole']]	b|vad	0	V	tegusõna	16	
?	?	?	['?']			Z	lausemärk	16	
""""	""""	""""	"['""']"			Z	lausemärk	16	
Suitsuring	suitsuring	suitsu_ring	['suitsu', 'ring']	sg n	0	S	nimisõna	17	
nirises	nirisema	nirise	['nirise']	s	s	V	tegusõna	17	
lae	laad|lagi	laad|lagi	[['laad'], ['lagi']]	sg g	0	S	nimisõna	17	
poole	poole	poole	['poole']		0	K	kaassõna	17	
,	,	,	[',']			Z	lausemärk	17	
möödudes	mööduma	möödu	['möödu']	des	des	V	tegusõna	17	
aknast	aken	aken	['aken']	sg el	st	S	nimisõna	17	
,	,	,	[',']			Z	lausemärk	17	
mille	mis	mis	[['mis'], ['mis']]	pl g|sg g	0	P	asesõna	17	
paarimillimeetrise	paarimillimeetrine	paari_milli_meetrine	['paari', 'milli', 'meetrine']	sg g	0	A	omadussõna algvõrre	17	
pinna	pind	pind	['pind']	sg g	0	S	nimisõna	17	
taga	taga	taga	['taga']		0	K	kaassõna	17	
sirises	sirisema	sirise	['sirise']	s	s	V	tegusõna	17	
vihmapiisku	vihmapiisk	vihma_piisk	['vihma', 'piisk']	pl p	u	S	nimisõna	17	
.	.	.	['.']			Z	lausemärk	17	
""""	""""	""""	"['""']"			Z	lausemärk	18	
Kuulata	kuulama	kuula	['kuula']	da	ta	V	tegusõna	18	
ära	ära	ära	['ära']		0	D	määrsõna	18	
üks	üks	üks	['üks']	sg n	0	P	asesõna	18	
minu	mina	mina	['mina']	sg g	0	P	asesõna	18	
esitatud	esitama|esitatud	esita|esitatud	[['esita'], ['esitatud'], ['esitatud'], ['esitatud']]	|pl n|sg n|tud	0|d|tud	A|V		18	
muusikapala	muusikapala	muusika_pala	['muusika', 'pala']	sg p	0	S	nimisõna	18	
ja	ja	ja	['ja']		0	J	sidesõna	18	
anda	andma	and	['and']	da	a	V	tegusõna	18	
selle	see	see	['see']	sg g	0	P	asesõna	18	
tulemusele	tulemus	tulemus	['tulemus']	sg all	le	S	nimisõna	18	
hinnang	hinnang	hinnang	['hinnang']	sg n	0	S	nimisõna	18	
.	.	.	['.']			Z	lausemärk	18	
""""	""""	""""	"['""']"			Z	lausemärk	18	
Tüüp	tüüp	tüüp	['tüüp']	sg n	0	S	nimisõna	18	
mühatas	mühatama	mühata	['mühata']	s	s	V	tegusõna	18	
.	.	.	['.']			Z	lausemärk	18	
Igast	iga	iga	['iga']	sg el	st	P	asesõna	18	
lolle	loll	loll	['loll']	pl p	e	A	omadussõna algvõrre	18	
ikka	ikka	ikka	['ikka']		0	D	määrsõna	18	
leidub	leiduma	leidu	['leidu']	b	b	V	tegusõna	18	
,	,	,	[',']			Z	lausemärk	18	
mõtles	mõtlema	mõtle	['mõtle']	s	s	V	tegusõna	18	
ta	tema	tema	['tema']	sg n	0	P	asesõna	18	
.	.	.	['.']			Z	lausemärk	18	
""""	""""	""""	"['""']"			Z	lausemärk	18	
Nojah	nojah	no_jah	['no', 'jah']		0	I	hüüdsõna	18	
.	.	.	['.']			Z	lausemärk	18	
Mida	mis	mis	[['mis'], ['mis']]	pl p|sg p	da	P	asesõna	18	
muud	muu	muu	['muu']	sg p	d	P	asesõna	18	
ma	mina	mina	['mina']	sg n	0	P	asesõna	18	
siin	siin	siin	['siin']		0	D	määrsõna	18	
pimeduses	pimedus	pimedus	['pimedus']	sg in	s	S	nimisõna	18	
ikka	ikka	ikka	['ikka']		0	D	määrsõna	18	
tegema	tegema	tege	['tege']	ma	ma	V	tegusõna	18	
peaksin	pidama	pida	['pida']	ksin	ksin	V	tegusõna	18	
.	.	.	['.']			Z	lausemärk	18	
Too	too	too	['too']	sg n	0	P	asesõna	18	
oma	oma	oma	['oma']	sg g	0	P	asesõna	18	
lugu	lugu	lugu	['lugu']	sg p	0	S	nimisõna	18	
lagedale	lagedale	lagedale	['lagedale']		0	D	määrsõna	18	
.	.	.	['.']			Z	lausemärk	18	
""""	""""	""""	"['""']"			Z	lausemärk	18	
Tulija	tulija	tulija	['tulija']	sg n	0	S	nimisõna	18	
tundus	tunduma	tundu	['tundu']	s	s	V	tegusõna	18	
üllatusest	üllatus	üllatus	['üllatus']	sg el	st	S	nimisõna	18	
võpatavat	võpatav	võpata=v	['võpatav']	sg p	t	A	omadussõna algvõrre	18	
.	.	.	['.']			Z	lausemärk	18	
Laskmata	Laskmata	Laskmata	['Laskmata']	sg n	0	H	pärisnimi	18	
ennast	ise	ise	['ise']	sg p	t	P	asesõna	18	
kaks	kaks	kaks	['kaks']	sg n	0	N	põhiarvsõna	18	
korda	kord	kord	['kord']	sg p	0	S	nimisõna	18	
paluda	paluma	palu	['palu']	da	da	V	tegusõna	18	
,	,	,	[',']			Z	lausemärk	18	
kargas	kargama	karga	['karga']	s	s	V	tegusõna	18	
ta	tema	tema	['tema']	sg n	0	P	asesõna	18	
püsti	püsti	püsti	['püsti']		0	D	määrsõna	18	
ja	ja	ja	['ja']		0	J	sidesõna	18	
kadus	kaduma	kadu	['kadu']	s	s	V	tegusõna	18	
ukse	uks	uks	['uks']	sg g	0	S	nimisõna	18	
paukudes	paukuma	pauku	['pauku']	des	des	V	tegusõna	18	
pimedusse	pimedus	pimedus	['pimedus']	adt	se	S	nimisõna	18	
.	.	.	['.']			Z	lausemärk	18	
Koridoris	koridor	koridor	['koridor']	sg in	s	S	nimisõna	18	
lisandus	lisanduma	lisandu	['lisandu']	s	s	V	tegusõna	18	
melusse	melu	melu	['melu']	sg ill	sse	S	nimisõna	18	
veel	veel	veel	['veel']		0	D	määrsõna	18	
lisahääli	lisahääl	lisa_hääl	['lisa', 'hääl']	pl p	i	S	nimisõna	18	
.	.	.	['.']			Z	lausemärk	18	
Kärmelt	kärmelt	kärmelt	['kärmelt']		0	D	määrsõna	19	
kui	kui	kui	[['kui'], ['kui']]		0	D|J		19	
nirk	nirk	nirk	['nirk']	sg n	0	S	nimisõna	19	
libises	libisema	libise	['libise']	s	s	V	tegusõna	19	
Tulija	tulija	tulija	['tulija']	sg g	0	S	nimisõna	19	
taas	taas	taas	['taas']		0	D	määrsõna	19	
tuppa	tuba	tuba	['tuba']	adt	0	S	nimisõna	19	
,	,	,	[',']			Z	lausemärk	19	
asetades	asetama	aseta	['aseta']	des	des	V	tegusõna	19	
oma	oma	oma	['oma']	sg g	0	P	asesõna	19	
muusikainstrumendi	muusikainstrument	muusika_instrument	['muusika', 'instrument']	sg g	0	S	nimisõna	19	
keset	keset	keset	['keset']		0	K	kaassõna	19	
põrandat	põrand	põrand	['põrand']	sg p	t	S	nimisõna	19	
.	.	.	['.']			Z	lausemärk	19	
Pimedas	Pimedas	Pimedas	['Pimedas']	sg n	0	H	pärisnimi	19	
ei	ei	ei	['ei']	neg	0	V	tegusõna	19	
taibanud	taibanud|taipama	taiba=nud|taipa	[['taipa'], ['taibanud'], ['taibanud'], ['taibanud']]	|nud|pl n|sg n	0|d|nud	A|V		19	
tüüp	tüüp	tüüp	['tüüp']	sg n	0	S	nimisõna	19	
hästi	hästi	hästi	['hästi']		0	D	määrsõna	19	
,	,	,	[',']			Z	lausemärk	19	
mis	mis	mis	[['mis'], ['mis']]	pl n|sg n	0	P	asesõna	19	
pilliga	pill	pill	['pill']	sg kom	ga	S	nimisõna	19	
on	olema	ole	[['ole'], ['ole']]	b|vad	0	V	tegusõna	19	
tegu	tegu	tegu	['tegu']	sg n	0	S	nimisõna	19	
.	.	.	['.']			Z	lausemärk	19	
Tulija	tulija	tulija	['tulija']	sg n	0	S	nimisõna	19	
asetas	asetama	aseta	['aseta']	s	s	V	tegusõna	19	
raamaturiiulisse	raamaturiiul	raamatu_riiul	['raamatu', 'riiul']	sg ill	sse	S	nimisõna	19	
mingid	mingi	mingi	['mingi']	pl n	d	P	asesõna	19	
piklikud	piklik	piklik	['piklik']	pl n	d	A	omadussõna algvõrre	19	
esemed	ese	ese	['ese']	pl n	d	S	nimisõna	19	
ja	ja	ja	['ja']		0	J	sidesõna	19	
süütas	süütama	süüta	['süüta']	s	s	V	tegusõna	19	
põlema	põlema	põle	['põle']	ma	ma	V	tegusõna	19	
.	.	.	['.']			Z	lausemärk	19	
Need	see	see	['see']	pl n	d	P	asesõna	19	
olid	olema	ole	['ole']	sid	id	V	tegusõna	19	
küünlad	küünal	küünal	['küünal']	pl n	d	S	nimisõna	19	
.	.	.	['.']			Z	lausemärk	19	
Tüüp	tüüp	tüüp	['tüüp']	sg n	0	S	nimisõna	19	
astus	astuma	astu	['astu']	s	s	V	tegusõna	19	
küünalde	küünal	küünal	['küünal']	pl g	de	S	nimisõna	19	
juurde	juurde	juurde	['juurde']		0	K	kaassõna	19	
.	.	.	['.']			Z	lausemärk	19	
""""	""""	""""	"['""']"			Z	lausemärk	19	
Milleks	milleks	milleks	['milleks']		0	D	määrsõna	19	
neid	see	see	['see']	pl p	d	P	asesõna	19	
veel	veel	veel	['veel']		0	D	määrsõna	19	
vaja	vaja	vaja	['vaja']		0	D	määrsõna	19	
on	olema	ole	[['ole'], ['ole']]	b|vad	0	V	tegusõna	19	
?	?	?	['?']			Z	lausemärk	19	
""""	""""	""""	"['""']"			Z	lausemärk	19	
""""	""""	""""	"['""']"			Z	lausemärk	20	
Ma	mina	mina	['mina']	sg n	0	P	asesõna	20	
tahan	tahtma	taht	['taht']	n	n	V	tegusõna	20	
su	sina	sina	['sina']	sg g	0	P	asesõna	20	
reaktsiooni	reaktsioon	reaktsioon	['reaktsioon']	sg p	0	S	nimisõna	20	
näha	nägema	näge	['näge']	da	a	V	tegusõna	20	
.	.	.	['.']			Z	lausemärk	20	
""""	""""	""""	"['""']"			Z	lausemärk	20	
Tulija	tulija	tulija	['tulija']	sg n	0	S	nimisõna	21	
näppis	näppima	näppi	['näppi']	s	s	V	tegusõna	21	
midagi	miski	miski	['miski']	sg p	dagi	P	asesõna	21	
oma	oma	oma	['oma']	sg g	0	P	asesõna	21	
pilli	pill	pill	['pill']	sg g	0	S	nimisõna	21	
kallal	kallal	kallal	['kallal']		0	K	kaassõna	21	
ja	ja	ja	['ja']		0	J	sidesõna	21	
lükkas	lükkama	lükka	['lükka']	s	s	V	tegusõna	21	
siis	siis	siis	['siis']		0	D	määrsõna	21	
toaukse	toauks	toa_uks	['toa', 'uks']	sg g	0	S	nimisõna	21	
kjinni	kjinni	kjinni	['kjinni']	sg n	0	S	nimisõna	21	
.	.	.	['.']			Z	lausemärk	21	
Samal	sama	sama	['sama']	sg ad	l	P	asesõna	21	
hetkel	hetk	hetk	['hetk']	sg ad	l	S	nimisõna	21	
tundusid	tunduma	tundu	['tundu']	sid	sid	V	tegusõna	21	
katkevat	katkema	katke	['katke']	vat	vat	V	tegusõna	21	
kõik	kõik	kõik	[['kõik'], ['kõik']]	pl n|sg n	0	P	asesõna	21	
väljastpoolt	väljastpoolt	väljast_poolt	['väljast', 'poolt']		0	D	määrsõna	21	
tulevad	tulema	tule	['tule']	vad	vad	V	tegusõna	21	
helid	heli	heli	['heli']	pl n	d	S	nimisõna	21	
.	.	.	['.']			Z	lausemärk	21	
Ruumis	Ruumis	Ruumis	['Ruumis']	sg n	0	H	pärisnimi	21	
tinises	tinisema	tinise	['tinise']	s	s	V	tegusõna	21	
vaid	vaid	vaid	['vaid']		0	D	määrsõna	21	
nõrk	nõrk	nõrk	['nõrk']	sg n	0	A	omadussõna algvõrre	21	
plärin	plärin	plärin	['plärin']	sg n	0	S	nimisõna	21	
,	,	,	[',']			Z	lausemärk	21	
mis	mis	mis	[['mis'], ['mis']]	pl n|sg n	0	P	asesõna	21	
meenutas	meenutama	meenuta	['meenuta']	s	s	V	tegusõna	21	
vaibuva	vaibuv	vaibu=v	['vaibuv']	sg g	0	A	omadussõna algvõrre	21	
basskitarri	basskitarr	bass_kitarr	['bass', 'kitarr']	sg g	0	S	nimisõna	21	
häält	hääl	hääl	['hääl']	sg p	t	S	nimisõna	21	
.	.	.	['.']			Z	lausemärk	21	
""""	""""	""""	"['""']"			Z	lausemärk	22	
Istu	istuma	istu	['istu']	o	0	V	tegusõna	22	
voodile	voodi	voodi	['voodi']	sg all	le	S	nimisõna	22	
,	,	,	[',']			Z	lausemärk	22	
""""	""""	""""	"['""']"			Z	lausemärk	22	
käsutas	käsutama	käsuta	['käsuta']	s	s	V	tegusõna	22	
Tulija	tulija	tulija	['tulija']	sg n	0	S	nimisõna	22	
,	,	,	[',']			Z	lausemärk	22	
seistes	seisma	seis	['seis']	des	tes	V	tegusõna	22	
pilli	pill	pill	['pill']	sg g	0	S	nimisõna	22	
taga	taga	taga	['taga']		0	K	kaassõna	22	
seljaga	selg	selg	['selg']	sg kom	ga	S	nimisõna	22	
küünalde	küünal	küünal	['küünal']	pl g	de	S	nimisõna	22	
poole	poole	poole	['poole']		0	K	kaassõna	22	
.	.	.	['.']			Z	lausemärk	22	
""""	""""	""""	"['""']"			Z	lausemärk	23	
Mis	mis	mis	[['mis'], ['mis']]	pl n|sg n	0	P	asesõna	23	
imelik	imelik	imelik	['imelik']	sg n	0	A	omadussõna algvõrre	23	
pill	pill	pill	['pill']	sg n	0	S	nimisõna	23	
see	see	see	['see']	sg n	0	P	asesõna	23	
sul	sina	sina	['sina']	sg ad	l	P	asesõna	23	
on	olema	ole	[['ole'], ['ole']]	b|vad	0	V	tegusõna	23	
?	?	?	['?']			Z	lausemärk	23	
""""	""""	""""	"['""']"			Z	lausemärk	23	
küsis	küsima	küsi	['küsi']	s	s	V	tegusõna	23	
tüüp	tüüp	tüüp	['tüüp']	sg n	0	S	nimisõna	23	
,	,	,	[',']			Z	lausemärk	23	
silmitsedes	silmitsema	silmitse	['silmitse']	des	des	V	tegusõna	23	
tulija	tulija	tulija	['tulija']	sg n	0	S	nimisõna	23	
ees	ees	ees	['ees']		0	K	kaassõna	23	
olevat	olema	ole	['ole']	vat	vat	V	tegusõna	23	
hämarat	hämar	hämar	['hämar']	sg p	t	A	omadussõna algvõrre	23	
varju	vari	vari	[['vari'], ['vari']]	pl p|sg p	0|u	S	nimisõna	23	
.	.	.	['.']			Z	lausemärk	23	
""""	""""	""""	"['""']"			Z	lausemärk	24	
Sina	sina	sina	['sina']	sg n	0	P	asesõna	24	
kuula	kuulama	kuula	['kuula']	o	0	V	tegusõna	24	
!	!	!	['!']			Z	lausemärk	24	
""""	""""	""""	"['""']"			Z	lausemärk	24	
Kile	kile	kile	['kile']	sg g	0	S	nimisõna	25	
karje	karje	karje	['karje']	sg n	0	S	nimisõna	25	
lõi	looma|lööma	loo|löö	[['loo'], ['löö']]	s	i	V	tegusõna	25	
nagu	nagu	nagu	[['nagu'], ['nagu']]		0	D|J		25	
kirves	kirves	kirves	['kirves']	sg n	0	S	nimisõna	25	
tüübile	tüüp	tüüp	['tüüp']	sg all	le	S	nimisõna	25	
pähe	pea	pea	['pea']	adt	0	S	nimisõna	25	
.	.	.	['.']			Z	lausemärk	25	
Silmapilguga	silmapilk	silma_pilk	['silma', 'pilk']	sg kom	ga	S	nimisõna	25	
segunes	segunema	segune	['segune']	s	s	V	tegusõna	25	
sellesse	see	see	['see']	sg ill	sse	P	asesõna	25	
Tulija	tulija	tulija	['tulija']	sg g	0	S	nimisõna	25	
kriiskav	kriiskav	kriiskav	['kriiskav']	sg n	0	A	omadussõna algvõrre	25	
hääl	hääl	hääl	['hääl']	sg n	0	S	nimisõna	25	
.	.	.	['.']			Z	lausemärk	25	
Mürinal	mürinal	mürinal	['mürinal']		0	D	määrsõna	25	
vajus	vajuma	vaju	['vaju']	s	s	V	tegusõna	25	
pillihääl	pillihääl	pilli_hääl	['pilli', 'hääl']	sg n	0	S	nimisõna	25	
bassidesse	bass	bass	['bass']	pl ill	desse	S	nimisõna	25	
.	.	.	['.']			Z	lausemärk	25	
Tüüp	tüüp	tüüp	['tüüp']	sg n	0	S	nimisõna	25	
haaras	haarama	haara	['haara']	s	s	V	tegusõna	25	
peast	pea	pea	['pea']	sg el	st	S	nimisõna	25	
.	.	.	['.']			Z	lausemärk	25	
Helid	heli	heli	['heli']	pl n	d	S	nimisõna	25	
tundusid	tunduma	tundu	['tundu']	sid	sid	V	tegusõna	25	
raputavat	rappuma|raputama	rappu|raputa	[['rappu'], ['raputa']]	tavat|vat	tavat|vat	V	tegusõna	25	
ta	tema	tema	['tema']	sg g	0	P	asesõna	25	
sisikonna	sisikond	sisikond	['sisikond']	sg g	0	S	nimisõna	25	
segamini	segamini	segamini	['segamini']		0	D	määrsõna	25	
.	.	.	['.']			Z	lausemärk	25	
Rindkere	rindkere	rind_kere	['rind', 'kere']	sg n	0	S	nimisõna	25	
vappus	vappuma	vappu	['vappu']	s	s	V	tegusõna	25	
helilöökidest	helilöök	heli_löök	['heli', 'löök']	pl el	dest	S	nimisõna	25	
,	,	,	[',']			Z	lausemärk	25	
ägades	ägama	äga	['äga']	des	des	V	tegusõna	25	
,	,	,	[',']			Z	lausemärk	25	
mida	mis	mis	[['mis'], ['mis']]	pl p|sg p	da	P	asesõna	25	
metsikus	metsik	metsik	['metsik']	sg in	s	A	omadussõna algvõrre	25	
heliderajus	helideraju	heli+de_raju	['helide', 'raju']	sg in	s	S	nimisõna	25	
kuuldagi	kuulma	kuul	['kuul']	da	da	V	tegusõna	25	
polnud	olema	ole	['ole']	neg nud	nud	V	tegusõna	25	
,	,	,	[',']			Z	lausemärk	25	
vajus	vajuma	vaju	['vaju']	s	s	V	tegusõna	25	
tüüp	tüüp	tüüp	['tüüp']	sg n	0	S	nimisõna	25	
põlvili	põlvili	põlvili	['põlvili']		0	D	määrsõna	25	
kägarasse	kägarasse	kägarasse	['kägarasse']		0	D	määrsõna	25	
.	.	.	['.']			Z	lausemärk	25	
Higi	higi	higi	['higi']	sg n	0	S	nimisõna	25	
pressis	pressima	pressi	['pressi']	s	s	V	tegusõna	25	
end	ise	ise	['ise']	sg p	0	P	asesõna	25	
kehast	keha	keha	['keha']	sg el	st	S	nimisõna	25	
välja	välja	välja	['välja']		0	D	määrsõna	25	
,	,	,	[',']			Z	lausemärk	25	
tundus	tunduma	tundu	['tundu']	s	s	V	tegusõna	25	
nagu	nagu	nagu	[['nagu'], ['nagu']]		0	D|J		25	
kasvaksid	kasvama	kasva	['kasva']	ksid	ksid	V	tegusõna	25	
higiojad	higioja	higi_oja	['higi', 'oja']	pl n	d	S	nimisõna	25	
peenteks	peen	peen	['peen']	pl tr	teks	A	omadussõna algvõrre	25	
jätkedeks	jätke	jätke	['jätke']	pl tr	deks	S	nimisõna	25	
ta	tema	tema	['tema']	sg g	0	P	asesõna	25	
küljes	küljes	küljes	['küljes']		0	K	kaassõna	25	
,	,	,	[',']			Z	lausemärk	25	
kõhus	kõht	kõht	['kõht']	sg in	s	S	nimisõna	25	
keerati	keerama	keera	['keera']	ti	ti	V	tegusõna	25	
nuga	nuga	nuga	['nuga']	sg p	0	S	nimisõna	25	
ja	ja	ja	['ja']		0	J	sidesõna	25	
pead	pea	pea	['pea']	sg p	d	S	nimisõna	25	
tambiti	tampima	tampi	['tampi']	ti	ti	V	tegusõna	25	
raske	raske	raske	['raske']	sg g	0	A	omadussõna algvõrre	25	
vasaraga	vasar	vasar	['vasar']	sg kom	ga	S	nimisõna	25	
.	.	.	['.']			Z	lausemärk	25	
Kisendava	Kisendav|Kisendava	Kisendav|Kisendava	[['Kisendav'], ['Kisendava']]	sg g	0	H	pärisnimi	25	
kakofoonia	kakofoonia	kakofoonia	['kakofoonia']	sg g	0	S	nimisõna	25	
tipul	tipp	tipp	['tipp']	sg ad	l	S	nimisõna	25	
saabus	saabuma	saabu	['saabu']	s	s	V	tegusõna	25	
lõikav	lõikav	lõikav	['lõikav']	sg n	0	A	omadussõna algvõrre	25	
vaikus	vaikus	vaikus	['vaikus']	sg n	0	S	nimisõna	25	
.	.	.	['.']			Z	lausemärk	25	
Pimedus	pimedus	pimedus	['pimedus']	sg n	0	S	nimisõna	25	
tundus	tunduma	tundu	['tundu']	s	s	V	tegusõna	25	
tüübile	tüüp	tüüp	['tüüp']	sg all	le	S	nimisõna	25	
peale	peale	peale	['peale']		0	K	kaassõna	25	
langevat	langema	lange	['lange']	vat	vat	V	tegusõna	25	
.	.	.	['.']			Z	lausemärk	25	
Vaikus	vaikus	vaikus	['vaikus']	sg n	0	S	nimisõna	25	
oli	olema	ole	['ole']	s	i	V	tegusõna	25	
veel	veel	veel	['veel']		0	D	määrsõna	25	
jubedam	jubedam	jubedam	['jubedam']	sg n	0	C	omadussõna keskvõrre	25	
kui	kui	kui	[['kui'], ['kui']]		0	D|J		25	
möllanud	möllama|möllanud	mölla|mölla=nud	[['mölla'], ['möllanud'], ['möllanud'], ['möllanud']]	|nud|pl n|sg n	0|d|nud	A|V		25	
muusika	muusika	muusika	['muusika']	sg n	0	S	nimisõna	25	
.	.	.	['.']			Z	lausemärk	25	
Tulija	tulija	tulija	['tulija']	sg n	0	S	nimisõna	25	
seisis	seisma	seis	['seis']	s	is	V	tegusõna	25	
pimeduses	pimedus	pimedus	['pimedus']	sg in	s	S	nimisõna	25	
vaikselt	vaikselt	vaikselt	['vaikselt']		0	D	määrsõna	25	
ja	ja	ja	['ja']		0	J	sidesõna	25	
liikumatult	liikumatult	liikumatult	['liikumatult']		0	D	määrsõna	25	
,	,	,	[',']			Z	lausemärk	25	
siis	siis	siis	['siis']		0	J	sidesõna	25	
,	,	,	[',']			Z	lausemärk	25	
mõne	mõni	mõni	['mõni']	sg g	0	P	asesõna	25	
hetke	hetk	hetk	['hetk']	sg g	0	S	nimisõna	25	
pärast	pärast	pärast	['pärast']		0	K	kaassõna	25	
kohendas	kohendama	kohenda	['kohenda']	s	s	V	tegusõna	25	
ta	tema	tema	['tema']	sg n	0	P	asesõna	25	
instrumendil	instrument	instrument	['instrument']	sg ad	l	S	nimisõna	25	
näppe	näpp	näpp	['näpp']	pl p	e	S	nimisõna	25	
.	.	.	['.']			Z	lausemärk	25	
Õrnalt	Õrnalt	Õrnalt	['Õrnalt']	sg n	0	H	pärisnimi	25	
hakkas	hakkama	hakka	['hakka']	s	s	V	tegusõna	25	
taas	taas	taas	['taas']		0	D	määrsõna	25	
kostma	kostma	kost	['kost']	ma	ma	V	tegusõna	25	
plärinat	plärin	plärin	['plärin']	sg p	t	S	nimisõna	25	
.	.	.	['.']			Z	lausemärk	25	
Tüüp	tüüp	tüüp	['tüüp']	sg n	0	S	nimisõna	25	
põrandal	põrand	põrand	['põrand']	sg ad	l	S	nimisõna	25	
tõmbus	tõmbuma	tõmbu	['tõmbu']	s	s	V	tegusõna	25	
kössi	kössi	kössi	['kössi']		0	D	määrsõna	25	
.	.	.	['.']			Z	lausemärk	25	
""""	""""	""""	"['""']"			Z	lausemärk	26	
Püsti	püsti	püsti	['püsti']		0	D	määrsõna	26	
!	!	!	['!']			Z	lausemärk	26	
""""	""""	""""	"['""']"			Z	lausemärk	26	
käsutas	käsutama	käsuta	['käsuta']	s	s	V	tegusõna	26	
Tulija	tulija	tulija	['tulija']	sg n	0	S	nimisõna	26	
.	.	.	['.']			Z	lausemärk	26	
Tüüp	tüüp	tüüp	['tüüp']	sg n	0	S	nimisõna	27	
tõstis	tõstma	tõst	['tõst']	s	is	V	tegusõna	27	
kartlikult	kartlikult	kartlikult	['kartlikult']		0	D	määrsõna	27	
pea	pea	pea	['pea']		0	D	määrsõna	27	
.	.	.	['.']			Z	lausemärk	27	
""""	""""	""""	"['""']"			Z	lausemärk	28	
Püsti	püsti	püsti	['püsti']		0	D	määrsõna	28	
!	!	!	['!']			Z	lausemärk	28	
""""	""""	""""	"['""']"			Z	lausemärk	28	
Aralt	aralt	aralt	['aralt']		0	D	määrsõna	29	
ajas	ajama	aja	['aja']	s	s	V	tegusõna	29	
käsutatav	käsutatav	käsuta=tav	['käsutatav']	sg n	0	A	omadussõna algvõrre	29	
end	ise	ise	['ise']	sg p	0	P	asesõna	29	
jalule	jalule	jalule	['jalule']		0	D	määrsõna	29	
.	.	.	['.']			Z	lausemärk	29	
Tulija	tulija	tulija	['tulija']	sg n	0	S	nimisõna	29	
võttis	võtma	võt	['võt']	s	is	V	tegusõna	29	
taskust	tasku	tasku	['tasku']	sg el	st	S	nimisõna	29	
diktofoni	diktofon	diktofon	['diktofon']	sg g	0	S	nimisõna	29	
ja	ja	ja	['ja']		0	J	sidesõna	29	
pannud	panema|pannud	pan=nud|pane	[['pannud'], ['pannud'], ['pannud'], ['pane']]	|nud|pl n|sg n	0|d|nud	A|V		29	
selle	see	see	['see']	sg g	0	P	asesõna	29	
lindistama	lindistama	lindista	['lindista']	ma	ma	V	tegusõna	29	
,	,	,	[',']			Z	lausemärk	29	
asetas	asetama	aseta	['aseta']	s	s	V	tegusõna	29	
aparaadi	aparaat	aparaat	['aparaat']	sg g	0	S	nimisõna	29	
enda	ise	ise	['ise']	sg g	0	P	asesõna	29	
lähedale	lähedale	lähedale	['lähedale']		0	K	kaassõna	29	
riiulile	riiul	riiul	['riiul']	sg all	le	S	nimisõna	29	
.	.	.	['.']			Z	lausemärk	29	
""""	""""	""""	"['""']"			Z	lausemärk	30	
Neljanda	neljas	neljas	['neljas']	sg g	0	O	järgarvsõna	30	
kursuse	kursus	kursus	['kursus']	sg g	0	S	nimisõna	30	
teoloogiatudengi	teoloogiatudeng	teoloogia_tudeng	['teoloogia', 'tudeng']	sg g	0	S	nimisõna	30	
praktiline	praktiline	praktiline	['praktiline']	sg n	0	A	omadussõna algvõrre	30	
töö	töö	töö	['töö']	sg n	0	S	nimisõna	30	
teemal	teema	teema	['teema']	sg ad	l	S	nimisõna	30	
""""	""""	""""	"['""']"			Z	lausemärk	30	
Vaimu	vaim	vaim	['vaim']	sg p	0	S	nimisõna	30	
olemusest	olemus	olemus	['olemus']	sg el	st	S	nimisõna	30	
""""	""""	""""	"['""']"			Z	lausemärk	30	
.	.	.	['.']			Z	lausemärk	30	
Tulija	tulija	tulija	['tulija']	sg n	0	S	nimisõna	30	
vaatas	vaatama	vaata	['vaata']	s	s	V	tegusõna	30	
küünla	küünal	küünal	['küünal']	sg g	0	S	nimisõna	30	
ja	ja	ja	['ja']		0	J	sidesõna	30	
immitseva	immitsev	immitsev	['immitsev']	sg g	0	A	omadussõna algvõrre	30	
tänavalambi	tänavalamp	tänava_lamp	['tänava', 'lamp']	sg g	0	S	nimisõna	30	
kumas	kumama	kuma	['kuma']	s	s	V	tegusõna	30	
vastasseinas	vastassein	vastas_sein	['vastas', 'sein']	sg in	s	S	nimisõna	30	
võbisevat	võbisev	võbisev	['võbisev']	sg p	t	A	omadussõna algvõrre	30	
inimkuju	inimkuju	inim_kuju	['inim', 'kuju']	sg n	0	S	nimisõna	30	
.	.	.	['.']			Z	lausemärk	30	
""""	""""	""""	"['""']"			Z	lausemärk	30	
Esimeses	esimene	esimene	['esimene']	sg in	s	O	järgarvsõna	30	
faasis	faas	faas	['faas']	sg in	s	S	nimisõna	30	
allutasin	allutama	alluta	['alluta']	sin	sin	V	tegusõna	30	
endale	ise	ise	['ise']	sg all	le	P	asesõna	30	
katsealuse	katsealune	katse_alune	['katse', 'alune']	sg g	0	S	nimisõna	30	
vaimu	vaim	vaim	['vaim']	sg p	0	S	nimisõna	30	
.	.	.	['.']			Z	lausemärk	30	
Tänu	tänu	tänu	['tänu']		0	K	kaassõna	30	
juhuslikult	juhuslikult	juhuslikult	['juhuslikult']		0	D	määrsõna	30	
aset	ase	ase	['ase']	sg p	t	S	nimisõna	30	
leidnud	leidma|leidnud	leid|leid=nud	[['leid'], ['leidnud'], ['leidnud'], ['leidnud']]	|nud|pl n|sg n	0|d|nud	A|V		30	
elektrikatkestusele	elektrikatkestus	elektri_katkestus	['elektri', 'katkestus']	sg all	le	S	nimisõna	30	
polnud	olema	ole	['ole']	neg nud	nud	V	tegusõna	30	
võimalik	võimalik	võimalik	['võimalik']	sg n	0	A	omadussõna algvõrre	30	
täpselt	täpselt	täpselt	['täpselt']		0	D	määrsõna	30	
jälgida	jälgima	jälgi	['jälgi']	da	da	V	tegusõna	30	
protsessi	protsess	protsess	['protsess']	sg g	0	S	nimisõna	30	
väliseid	väline	väline	['väline']	pl p	id	A	omadussõna algvõrre	30	
nähte	näht	näht	['näht']	pl p	e	S	nimisõna	30	
.	.	.	['.']			Z	lausemärk	30	
Niipalju	niipalju	nii_palju	['nii', 'palju']		0	D	määrsõna	30	
võib	võima	või	['või']	b	b	V	tegusõna	30	
siiski	siiski	siiski	['siiski']		0	D	määrsõna	30	
öelda	ütlema	ütle	['ütle']	da	da	V	tegusõna	30	
,	,	,	[',']			Z	lausemärk	30	
et	et	et	['et']		0	J	sidesõna	30	
arvatavasti	arvatavasti	arvatavasti	['arvatavasti']		0	D	määrsõna	30	
lõhkus	lõhkuma	lõhku	['lõhku']	s	s	V	tegusõna	30	
zanazöör	zanazöör	zanazöör	['zanazöör']	sg n	0	S	nimisõna	30	
katsealuse	katsealune	katse_alune	['katse', 'alune']	sg g	0	S	nimisõna	30	
biovälja	bioväli	bio_väli	['bio', 'väli']	sg g	0	S	nimisõna	30	
ning	ning	ning	['ning']		0	J	sidesõna	30	
selle	see	see	['see']	sg g	0	P	asesõna	30	
jäänused	jäänus	jäänus	['jäänus']	pl n	d	S	nimisõna	30	
materialiseerusid	materialiseeruma	materialiseeru	['materialiseeru']	sid	sid	V	tegusõna	30	
kehast	keha	keha	['keha']	sg el	st	S	nimisõna	30	
algavate	algav	algav	['algav']	pl g	te	A	omadussõna algvõrre	30	
jätketena	jätke	jätke	['jätke']	pl es	tena	S	nimisõna	30	
.	.	.	['.']			Z	lausemärk	30	
Jätked	jätke	jätke	['jätke']	pl n	d	S	nimisõna	30	
on	olema	ole	[['ole'], ['ole']]	b|vad	0	V	tegusõna	30	
umbes	umbes	umbes	['umbes']		0	D	määrsõna	30	
meeter	meeter	meeter	['meeter']	sg n	0	S	nimisõna	30	
pikad	pikk	pikk	['pikk']	pl n	d	A	omadussõna algvõrre	30	
,	,	,	[',']			Z	lausemärk	30	
1-2	1-2	1-2	['1', '2']	?	0	N	põhiarvsõna	30	
sentimeetrit	sentimeeter	senti_meeter	['senti', 'meeter']	sg p	t	S	nimisõna	30	
läbimõõdus	läbimõõt	läbi_mõõt	['läbi', 'mõõt']	sg in	s	S	nimisõna	30	
ja	ja	ja	['ja']		0	J	sidesõna	30	
arvatavasti	arvatavasti	arvatavasti	['arvatavasti']		0	D	määrsõna	30	
,	,	,	[',']			Z	lausemärk	30	
niipalju	niipalju	nii_palju	['nii', 'palju']		0	D	määrsõna	30	
kui	kui	kui	[['kui'], ['kui']]		0	D|J		30	
praeguses	praegune	praegune	['praegune']	sg in	s	A	omadussõna algvõrre	30	
valguses	valgus	valgus	['valgus']	sg in	s	S	nimisõna	30	
võib	võima	või	['või']	b	b	V	tegusõna	30	
otsustada	otsustama	otsusta	['otsusta']	da	da	V	tegusõna	30	
,	,	,	[',']			Z	lausemärk	30	
pruunikas-	pruunikas	pruunikas	['pruunikas']	sg n	0	A	omadussõna algvõrre	30	
kollakat	kollakas	kollakas	['kollakas']	sg p	t	A	omadussõna algvõrre	30	
värvi	värv	värv	['värv']	sg p	0	S	nimisõna	30	
.	.	.	['.']			Z	lausemärk	30	
Tunduvad	tunduv	tunduv	['tunduv']	pl n	d	A	omadussõna algvõrre	30	
limased	limane	limane	['limane']	pl n	d	A	omadussõna algvõrre	30	
.	.	.	['.']			Z	lausemärk	30	
Paistab	paistma	paist	['paist']	b	b	V	tegusõna	30	
,	,	,	[',']			Z	lausemärk	30	
et	et	et	['et']		0	J	sidesõna	30	
allutamine	allutamine	allutamine	['allutamine']	sg n	0	S	nimisõna	30	
pole	olema	ole	['ole']	neg o	0	V	tegusõna	30	
toimunud	toimuma|toimunud	toimu|toimunud	[['toimu'], ['toimunud'], ['toimunud'], ['toimunud']]	|nud|pl n|sg n	0|d|nud	A|V		30	
täielikult	täielikult	täielikult	['täielikult']		0	D	määrsõna	30	
—	-	-	['-']			Z	lausemärk	30	
mõndasi	mõndasi	mõndasi	['mõndasi']	sg g	0	S	nimisõna	30	
käsklusi	käsklus	käsklus	['käsklus']	pl p	i	S	nimisõna	30	
peab	pidama	pida	['pida']	b	b	V	tegusõna	30	
kordama	kordama	korda	['korda']	ma	ma	V	tegusõna	30	
.	.	.	['.']			Z	lausemärk	30	
Lähen	minema	mine	['mine']	n	n	V	tegusõna	30	
edasi	edasi	edasi	['edasi']		0	D	määrsõna	30	
teise	teine	teine	[['teine'], ['teine']]	adt	0	O|P		30	
faasi	faas	faas	['faas']	adt	0	S	nimisõna	30	
:	:	:	[':']			Z	lausemärk	30	
keha	keha	keha	['keha']	sg g	0	S	nimisõna	30	
eemaldamine	eemaldamine	eemaldamine	['eemaldamine']	sg n	0	S	nimisõna	30	
.	.	.	['.']			Z	lausemärk	30	
""""	""""	""""	"['""']"			Z	lausemärk	30	
""""	""""	""""	"['""']"			Z	lausemärk	31	
Et	et	et	['et']		0	J	sidesõna	31	
katsealuse	katsealune	katse_alune	['katse', 'alune']	sg g	0	S	nimisõna	31	
vaim	vaim	vaim	['vaim']	sg n	0	S	nimisõna	31	
ei	ei	ei	['ei']	neg	0	V	tegusõna	31	
saaks	saama	saa	['saa']	ks	ks	V	tegusõna	31	
enne	enne	enne	['enne']		0	K	kaassõna	31	
visualiseerimisprotsessi	visualiseerimisprotsess	visualiseeri=mis_protsess	['visualiseerimis', 'protsess']	sg p	0	S	nimisõna	31	
hajuda	hajuma	haju	['haju']	da	da	V	tegusõna	31	
,	,	,	[',']			Z	lausemärk	31	
loon	looma	loo	['loo']	n	n	V	tegusõna	31	
zanazööriga	zanazöör	zanaz_öör	['zanaz', 'öör']	sg kom	ga	S	nimisõna	31	
barjääri	barjäär	barjäär	['barjäär']	sg g	0	S	nimisõna	31	
.	.	.	['.']			Z	lausemärk	31	
Selleks	see	see	['see']	sg tr	ks	P	asesõna	31	
,	,	,	[',']			Z	lausemärk	31	
et	et	et	['et']		0	J	sidesõna	31	
vaim	vaim	vaim	['vaim']	sg n	0	S	nimisõna	31	
kehast	keha	keha	['keha']	sg el	st	S	nimisõna	31	
täielikult	täielikult	täielikult	['täielikult']		0	D	määrsõna	31	
eraldada	eraldama	eralda	['eralda']	da	da	V	tegusõna	31	
,	,	,	[',']			Z	lausemärk	31	
on	olema	ole	[['ole'], ['ole']]	b|vad	0	V	tegusõna	31	
tarvilik	tarvilik	tarvilik	['tarvilik']	sg n	0	A	omadussõna algvõrre	31	
kehaõõnsuste	kehaõõnsus	keha_õõnsus	['keha', 'õõnsus']	pl g	te	S	nimisõna	31	
võimalikult	võimalikult	võimalikult	['võimalikult']		0	D	määrsõna	31	
suurem	suurem	suurem	['suurem']	sg n	0	C	omadussõna keskvõrre	31	
avamine	avamine	avamine	['avamine']	sg n	0	S	nimisõna	31	
.	.	.	['.']			Z	lausemärk	31	
Niisuguse	niisugune	nii_sugune	['nii', 'sugune']	sg g	0	P	asesõna	31	
töö	töö	töö	['töö']	sg g	0	S	nimisõna	31	
jaoks	jaoks	jaoks	['jaoks']		0	K	kaassõna	31	
sobivateks	sobiv	sobiv	['sobiv']	pl tr	teks	A	omadussõna algvõrre	31	
instrumentideks	instrument	instrument	['instrument']	pl tr	deks	S	nimisõna	31	
valisin	valima	vali	['vali']	sin	sin	V	tegusõna	31	
elektriketassae	elektriketassaag	elektri_ketas_saag	['elektri', 'ketas', 'saag']	sg g	0	S	nimisõna	31	
kolba	kolp	kolp	['kolp']	sg g	0	S	nimisõna	31	
avamiseks	avamine	avamine	['avamine']	sg tr	ks	S	nimisõna	31	
,	,	,	[',']			Z	lausemärk	31	
kirve	kirves	kirves	['kirves']	sg g	0	S	nimisõna	31	
jäsemete	jäse	jäse	['jäse']	pl g	te	S	nimisõna	31	
ja	ja	ja	['ja']		0	J	sidesõna	31	
rindkere	rindkere	rind_kere	['rind', 'kere']	sg g	0	S	nimisõna	31	
jaoks	jaoks	jaoks	['jaoks']		0	K	kaassõna	31	
,	,	,	[',']			Z	lausemärk	31	
ning	ning	ning	['ning']		0	J	sidesõna	31	
skalpelli	skalpell	skalpell	['skalpell']	sg g	0	S	nimisõna	31	
kudede	kude	kude	['kude']	pl g	de	S	nimisõna	31	
tarbeks	tarve	tarve	['tarve']	sg tr	ks	S	nimisõna	31	
.	.	.	['.']			Z	lausemärk	31	
Katsealuse	katsealune	katse_alune	['katse', 'alune']	sg g	0	S	nimisõna	31	
paralüseerimiseks	paralüseerimine	paralüseeri=mine	['paralüseerimine']	sg tr	ks	S	nimisõna	31	
lõikan	lõikama	lõika	['lõika']	n	n	V	tegusõna	31	
tal	tema	tema	['tema']	sg ad	l	P	asesõna	31	
läbi	läbi	läbi	['läbi']		0	K	kaassõna	31	
seljaaju	seljaaju	selja_aju	['selja', 'aju']	sg g	0	S	nimisõna	31	
.	.	.	['.']			Z	lausemärk	31	
""""	""""	""""	"['""']"			Z	lausemärk	31	
Tulija	tulija	tulija	['tulija']	sg n	0	S	nimisõna	32	
võttis	võtma	võt	['võt']	s	is	V	tegusõna	32	
zanaazööri	zanaazöör	zanaaz_öör	['zanaaz', 'öör']	sg g	0	S	nimisõna	32	
sahtlist	sahtel	sahtel	['sahtel']	sg el	st	S	nimisõna	32	
skalpelli	skalpell	skalpell	['skalpell']	adt	0	S	nimisõna	32	
.	.	.	['.']			Z	lausemärk	32	
""""	""""	""""	"['""']"			Z	lausemärk	33	
Pööra	pöörama	pööra	['pööra']	o	0	V	tegusõna	33	
ümber	ümber	ümber	['ümber']		0	D	määrsõna	33	
!	!	!	['!']			Z	lausemärk	33	
""""	""""	""""	"['""']"			Z	lausemärk	33	
käsutas	käsutama	käsuta	['käsuta']	s	s	V	tegusõna	33	
ta	tema	tema	['tema']	sg n	0	P	asesõna	33	
.	.	.	['.']			Z	lausemärk	33	
Tüüp	tüüp	tüüp	['tüüp']	sg n	0	S	nimisõna	33	
vahtis	vahtima	vahti	['vahti']	s	s	V	tegusõna	33	
teda	tema	tema	['tema']	sg p	da	P	asesõna	33	
ükskõikselt	ükskõikselt	üks_kõikselt	['üks', 'kõikselt']		0	D	määrsõna	33	
ja	ja	ja	['ja']		0	J	sidesõna	33	
pööras	pöörama	pööra	['pööra']	s	s	V	tegusõna	33	
siis	siis	siis	['siis']		0	D	määrsõna	33	
vastu	vastu	vastu	['vastu']		0	K	kaassõna	33	
tahtmist	tahtmine	tahtmine	['tahtmine']	sg p	t	S	nimisõna	33	
ümber	ümber	ümber	['ümber']		0	D	määrsõna	33	
.	.	.	['.']			Z	lausemärk	33	
""""	""""	""""	"['""']"			Z	lausemärk	34	
Lase	laskma	lask	['lask']	o	0	V	tegusõna	34	
pea	pidama	pida	['pida']	o	0	V	tegusõna	34	
ettepoole	ettepoole	ette_poole	['ette', 'poole']		0	D	määrsõna	34	
!	!	!	['!']			Z	lausemärk	34	
""""	""""	""""	"['""']"			Z	lausemärk	34	
Tüübi	tüüp	tüüp	['tüüp']	sg g	0	S	nimisõna	35	
pea	pea	pea	['pea']	sg n	0	S	nimisõna	35	
kummardus	kummarduma	kummardu	['kummardu']	s	s	V	tegusõna	35	
hämarusse	hämarus	hämarus	['hämarus']	adt	se	S	nimisõna	35	
.	.	.	['.']			Z	lausemärk	35	
Tulija	tulija	tulija	['tulija']	sg n	0	S	nimisõna	35	
võttis	võtma	võt	['võt']	s	is	V	tegusõna	35	
skalpelli	skalpell	skalpell	['skalpell']	sg g	0	S	nimisõna	35	
ja	ja	ja	['ja']		0	J	sidesõna	35	
astus	astuma	astu	['astu']	s	s	V	tegusõna	35	
tüübi	tüüp	tüüp	['tüüp']	sg g	0	S	nimisõna	35	
paljastatud	paljastama|paljastatud	paljasta|paljasta=tud	[['paljasta'], ['paljastatud'], ['paljastatud'], ['paljastatud']]	|pl n|sg n|tud	0|d|tud	A|V		35	
kukla	kukal	kukal	['kukal']	sg g	0	S	nimisõna	35	
juurde	juurde	juurde	['juurde']		0	K	kaassõna	35	
.	.	.	['.']			Z	lausemärk	35	
Sõrmedega	sõrm	sõrm	['sõrm']	pl kom	dega	S	nimisõna	35	
kombates	kompama	kompa	['kompa']	des	tes	V	tegusõna	35	
otsis	otsima	otsi	['otsi']	s	s	V	tegusõna	35	
ta	tema	tema	['tema']	sg n	0	P	asesõna	35	
enam-vähem	enam-vähem	enam-vähem	['enam', 'vähem']		0	D	määrsõna	35	
õige	õige	õige	['õige']	sg g	0	A	omadussõna algvõrre	35	
koha	koha|koht	koha|koht	[['koht'], ['koha']]	sg g	0	S	nimisõna	35	
ja	ja	ja	['ja']		0	J	sidesõna	35	
tõmbas	tõmbama	tõmba	['tõmba']	s	s	V	tegusõna	35	
sealt	sealt	sealt	['sealt']		0	D	määrsõna	35	
lülide	lüli	lüli	['lüli']	pl g	de	S	nimisõna	35	
vahele	vahele	vahele	['vahele']		0	K	kaassõna	35	
sügava	sügav	sügav	['sügav']	sg g	0	A	omadussõna algvõrre	35	
haava	haab|haav	haab|haav	[['haab'], ['haav']]	sg g	0	S	nimisõna	35	
.	.	.	['.']			Z	lausemärk	35	
Tüüp	Tüüp	Tüüp	[['Tüüp'], ['Tüüp']]	sg n	0	H	pärisnimi	35	
ei	ei	ei	['ei']	neg	0	V	tegusõna	35	
liigutanudki	liigutama	liiguta	['liiguta']	nud	nud	V	tegusõna	35	
,	,	,	[',']			Z	lausemärk	35	
ehkki	ehkki	ehkki	['ehkki']		0	J	sidesõna	35	
Tulija	tulija	tulija	['tulija']	sg n	0	S	nimisõna	35	
oli	olema	ole	['ole']	s	i	V	tegusõna	35	
valmis	valmis	valmis	['valmis']		0	A	omadussõna algvõrre	35	
teda	tema	tema	['tema']	sg p	da	P	asesõna	35	
lihaste	lihas	lihas	['lihas']	pl g	te	S	nimisõna	35	
lõtvumisel	lõtvumine	lõtvu=mine	['lõtvumine']	sg ad	l	S	nimisõna	35	
kinni	kinni	kinni	['kinni']		0	D	määrsõna	35	
püüdma	püüdma	püüd	['püüd']	ma	ma	V	tegusõna	35	
.	.	.	['.']			Z	lausemärk	35	
Tulija	tulija	tulija	['tulija']	sg n	0	S	nimisõna	35	
uuris	uurima	uuri	['uuri']	s	s	V	tegusõna	35	
oma	oma	oma	['oma']	sg g	0	P	asesõna	35	
lõikekohta	lõikekoht	lõike_koht	['lõike', 'koht']	sg p	0	S	nimisõna	35	
hoolikamalt	hoolikamalt	hoolikamalt	['hoolikamalt']		0	D	määrsõna	35	
ja	ja	ja	['ja']		0	J	sidesõna	35	
valmistus	valmistuma	valmistu	['valmistu']	s	s	V	tegusõna	35	
veel	veel	veel	['veel']		0	D	määrsõna	35	
korra	kord	kord	['kord']	sg g	0	S	nimisõna	35	
lõikama	lõikama	lõika	['lõika']	ma	ma	V	tegusõna	35	
.	.	.	['.']			Z	lausemärk	35	
Vastu	vastu	vastu	['vastu']		0	K	kaassõna	35	
ta	tema	tema	['tema']	sg g	0	P	asesõna	35	
kätt	käsi	käsi	['käsi']	sg p	tt	S	nimisõna	35	
puutus	puutuma	puutu	['puutu']	s	s	V	tegusõna	35	
biojätke	biojätke	bio_jätke	['bio', 'jätke']	sg n	0	S	nimisõna	35	
.	.	.	['.']			Z	lausemärk	35	
Miski	miski	miski	['miski']	sg n	0	P	asesõna	35	
haaras	haarama	haara	['haara']	s	s	V	tegusõna	35	
Tulijat	tulija	tulija	['tulija']	sg p	t	S	nimisõna	35	
puusast	puus	puus	['puus']	sg el	st	S	nimisõna	35	
,	,	,	[',']			Z	lausemärk	35	
too	too	too	['too']	sg n	0	P	asesõna	35	
hüppas	hüppama	hüppa	['hüppa']	s	s	V	tegusõna	35	
tahapoole	tahapoole	taha_poole	['taha', 'poole']		0	D	määrsõna	35	
ja	ja	ja	['ja']		0	J	sidesõna	35	
sähvas	sähvama	sähva	['sähva']	s	s	V	tegusõna	35	
vihaselt	vihaselt	vihaselt	['vihaselt']		0	D	määrsõna	35	
skalpelliga	skalpell	skalpell	['skalpell']	sg kom	ga	S	nimisõna	35	
.	.	.	['.']			Z	lausemärk	35	
Jätke	jätma	jät	['jät']	ge	ke	V	tegusõna	35	
lasi	laskma	lask	['lask']	s	i	V	tegusõna	35	
lahti	lahti	lahti	['lahti']		0	D	määrsõna	35	
ja	ja	ja	['ja']		0	J	sidesõna	35	
kukkus	kukkuma	kukku	['kukku']	s	s	V	tegusõna	35	
pimedusse	pimedus	pimedus	['pimedus']	adt	se	S	nimisõna	35	
.	.	.	['.']			Z	lausemärk	35	
See-eest	see-eest	see-eest	['see', 'eest']		0	D	määrsõna	35	
haaras	haarama	haara	['haara']	s	s	V	tegusõna	35	
järgmine	järgmine	järgmine	['järgmine']	sg n	0	A	omadussõna algvõrre	35	
temast	tema	tema	['tema']	sg el	st	P	asesõna	35	
kinni	kinni	kinni	['kinni']		0	D	määrsõna	35	
ja	ja	ja	['ja']		0	J	sidesõna	35	
järgmine	järgmine	järgmine	['järgmine']	sg n	0	A	omadussõna algvõrre	35	
.	.	.	['.']			Z	lausemärk	35	
Kombitsad	kombits	kombits	['kombits']	pl n	d	S	nimisõna	35	
tundusid	tunduma	tundu	['tundu']	sid	sid	V	tegusõna	35	
venivat	venima	veni	['veni']	vat	vat	V	tegusõna	35	
.	.	.	['.']			Z	lausemärk	35	
Raevukalt	raevukalt	raevukalt	['raevukalt']		0	D	määrsõna	35	
sahmis	sahmima	sahmi	['sahmi']	s	s	V	tegusõna	35	
Tulija	tulija	tulija	['tulija']	sg g	0	S	nimisõna	35	
terasega	teras	teras	['teras']	sg kom	ga	S	nimisõna	35	
.	.	.	['.']			Z	lausemärk	35	
Paari	paar	paar	['paar']	sg g	0	N	põhiarvsõna	35	
hetke	hetk	hetk	['hetk']	sg g	0	S	nimisõna	35	
pärast	pärast	pärast	['pärast']		0	K	kaassõna	35	
oli	olema	ole	['ole']	s	i	V	tegusõna	35	
ta	tema	tema	['tema']	sg n	0	P	asesõna	35	
pea	pea	pea	['pea']		0	D	määrsõna	35	
täielikult	täielikult	täielikult	['täielikult']		0	D	määrsõna	35	
sisse	sisse	sisse	['sisse']		0	D	määrsõna	35	
mässitud	mässima|mässitud	mässi|mässi=tud	[['mässi'], ['mässitud'], ['mässitud'], ['mässitud']]	|pl n|sg n|tud	0|d|tud	A|V		35	
ja	ja	ja	['ja']		0	J	sidesõna	35	
kukkus	kukkuma	kukku	['kukku']	s	s	V	tegusõna	35	
koos	koos	koos	['koos']		0	K	kaassõna	35	
tüübiga	tüüp	tüüp	['tüüp']	sg kom	ga	S	nimisõna	35	
põrandale	põrand	põrand	['põrand']	sg all	le	S	nimisõna	35	
.	.	.	['.']			Z	lausemärk	35	
Tulija	tulija	tulija	['tulija']	sg n	0	S	nimisõna	35	
laskis	laskma	lask	['lask']	s	is	V	tegusõna	35	
skalpelli	skalpell	skalpell	['skalpell']	sg g	0	S	nimisõna	35	
lahti	lahti	lahti	['lahti']		0	D	määrsõna	35	
ja	ja	ja	['ja']		0	J	sidesõna	35	
küünitas	küünitama	küünita	['küünita']	s	s	V	tegusõna	35	
pilli	pill	pill	['pill']	sg g	0	S	nimisõna	35	
poole	poole	poole	['poole']		0	K	kaassõna	35	
.	.	.	['.']			Z	lausemärk	35	
Kiunatusega	kiunatus	kiunatus	['kiunatus']	sg kom	ga	S	nimisõna	35	
mattis	matma	mat	['mat']	s	is	V	tegusõna	35	
helilaviin	helilaviin	heli_laviin	['heli', 'laviin']	sg n	0	S	nimisõna	35	
rabelevad	rabelema	rabele	['rabele']	vad	vad	V	tegusõna	35	
kehad	keha	keha	['keha']	pl n	d	S	nimisõna	35	
enda	ise	ise	['ise']	sg g	0	P	asesõna	35	
alla	alla	alla	['alla']		0	K	kaassõna	35	
.	.	.	['.']			Z	lausemärk	35	
Jätked	jätke	jätke	['jätke']	pl n	d	S	nimisõna	35	
tundusid	tunduma	tundu	['tundu']	sid	sid	V	tegusõna	35	
jäigaks	jäik	jäik	['jäik']	sg tr	ks	A	omadussõna algvõrre	35	
tõmbuvat	tõmbuv	tõmbuv	['tõmbuv']	sg p	t	A	omadussõna algvõrre	35	
ja	ja	ja	['ja']		0	J	sidesõna	35	
seejärel	seejärel	see_järel	['see', 'järel']		0	D	määrsõna	35	
lõtvuvat	lõtvuv	lõtvu=v	['lõtvuv']	sg p	t	A	omadussõna algvõrre	35	
.	.	.	['.']			Z	lausemärk	35	
Tulija	tulija	tulija	['tulija']	sg n	0	S	nimisõna	36	
rebis	rebima	rebi	['rebi']	s	s	V	tegusõna	36	
end	ise	ise	['ise']	sg p	0	P	asesõna	36	
lõdvast	lõtv	lõtv	['lõtv']	sg el	st	A	omadussõna algvõrre	36	
puntrast	pundar	pundar	['pundar']	sg el	st	S	nimisõna	36	
välja	välja	välja	['välja']		0	D	määrsõna	36	
ning	ning	ning	['ning']		0	J	sidesõna	36	
koperdas	koperdama	koperda	['koperda']	s	s	V	tegusõna	36	
pilli	pill	pill	['pill']	sg g	0	S	nimisõna	36	
taha	taha	taha	['taha']		0	K	kaassõna	36	
.	.	.	['.']			Z	lausemärk	36	
Tulija	tulija	tulija	['tulija']	sg n	0	S	nimisõna	36	
võlus	võluma	võlu	['võlu']	s	s	V	tegusõna	36	
instrumendist	instrument	instrument	['instrument']	sg el	st	S	nimisõna	36	
välja	välja	välja	['välja']		0	D	määrsõna	36	
kõige	kõige	kõige	['kõige']		0	D	määrsõna	36	
raskemini	raskemini	raskemini	['raskemini']		0	D	määrsõna	36	
haamerdavad	haamerdama	haamerda	['haamerda']	vad	vad	V	tegusõna	36	
metsikud	metsik	metsik	['metsik']	pl n	d	A	omadussõna algvõrre	36	
viisid	viis	viis	['viis']	pl n	d	S	nimisõna	36	
.	.	.	['.']			Z	lausemärk	36	
Jätked	jätke	jätke	['jätke']	pl n	d	S	nimisõna	36	
visklesid	visklema	viskle	['viskle']	sid	sid	V	tegusõna	36	
vahetevahel	vahetevahel	vahete_vahel	['vahete', 'vahel']		0	D	määrsõna	36	
,	,	,	[',']			Z	lausemärk	36	
venides	venima	veni	['veni']	des	des	V	tegusõna	36	
üha	üha	üha	['üha']		0	D	määrsõna	36	
suuremaks	suurem	suurem	['suurem']	sg tr	ks	C	omadussõna keskvõrre	36	
kuhjaks	kuhi	kuhi	['kuhi']	sg tr	ks	S	nimisõna	36	
.	.	.	['.']			Z	lausemärk	36	
Seevastu	seevastu	see_vastu	['see', 'vastu']		0	D	määrsõna	36	
tüübi	tüüp	tüüp	['tüüp']	sg g	0	S	nimisõna	36	
tundetu	tundetu	tundetu	['tundetu']	sg n	0	A	omadussõna algvõrre	36	
keha	keha	keha	['keha']	sg n	0	S	nimisõna	36	
tõmbus	tõmbuma	tõmbu	['tõmbu']	s	s	V	tegusõna	36	
üha	üha	üha	['üha']		0	D	määrsõna	36	
enam	enam	enam	['enam']		0	D	määrsõna	36	
kokku	kokku	kokku	['kokku']		0	D	määrsõna	36	
.	.	.	['.']			Z	lausemärk	36	
Kiunudes	kiunuma	kiunu	['kiunu']	des	des	V	tegusõna	36	
lõikusid	lõikuma	lõiku	['lõiku']	sid	sid	V	tegusõna	36	
uued	uus	uus	['uus']	pl n	d	A	omadussõna algvõrre	36	
helid	heli	heli	['heli']	pl n	d	S	nimisõna	36	
vonklevasse	vonklev	vonklev	['vonklev']	sg ill	sse	A	omadussõna algvõrre	36	
kuhja	kuhi	kuhi	['kuhi']	sg p	0	S	nimisõna	36	
.	.	.	['.']			Z	lausemärk	36	
Helimöll	helimöll	heli_möll	['heli', 'möll']	sg n	0	S	nimisõna	36	
muutus	muutuma	muutu	['muutu']	s	s	V	tegusõna	36	
üha	üha	üha	['üha']		0	D	määrsõna	36	
pöörasemaks	pöörasem	pöörasem	['pöörasem']	sg tr	ks	C	omadussõna keskvõrre	36	
.	.	.	['.']			Z	lausemärk	36	
Siis	siis	siis	['siis']		0	D	määrsõna	36	
saabus	saabuma	saabu	['saabu']	s	s	V	tegusõna	36	
räigelt	räigelt	räigelt	['räigelt']		0	D	määrsõna	36	
jäik	jäik	jäik	['jäik']	sg n	0	A	omadussõna algvõrre	36	
vaikus	vaikus	vaikus	['vaikus']	sg n	0	S	nimisõna	36	
nagu	nagu	nagu	[['nagu'], ['nagu']]		0	D|J		36	
sein	sein	sein	['sein']	sg n	0	S	nimisõna	36	
.	.	.	['.']			Z	lausemärk	36	
Küünlad	küünal	küünal	['küünal']	pl n	d	S	nimisõna	36	
olid	olema	ole	['ole']	sid	id	V	tegusõna	36	
põlenud	põlema|põlenud	põle|põlenud	[['põle'], ['põlenud'], ['põlenud'], ['põlenud']]	|nud|pl n|sg n	0|d|nud	A|V		36	
üsna	üsna	üsna	['üsna']		0	D	määrsõna	36	
pisikesteks	pisike|pisikene	pisike|pisikene	[['pisike'], ['pisikene']]	pl tr	teks	A	omadussõna algvõrre	36	
ja	ja	ja	['ja']		0	J	sidesõna	36	
heitsid	heitma	heit	['heit']	sid	sid	V	tegusõna	36	
toale	tuba	tuba	['tuba']	sg all	le	S	nimisõna	36	
õrnasid	õrn	õrn	['õrn']	pl p	sid	A	omadussõna algvõrre	36	
hubelevaid	hubelev	hubele=v	['hubelev']	pl p	id	A	omadussõna algvõrre	36	
varje	vari	vari	['vari']	pl p	e	S	nimisõna	36	
.	.	.	['.']			Z	lausemärk	36	
Tüüp	tüüp	tüüp	['tüüp']	sg n	0	S	nimisõna	36	
oli	olema	ole	['ole']	s	i	V	tegusõna	36	
kuskil	kuskil	kuskil	['kuskil']		0	D	määrsõna	36	
jätkukuhja	jätkukuhi	jätku_kuhi	['jätku', 'kuhi']	sg g	0	S	nimisõna	36	
all	all	all	['all']		0	K	kaassõna	36	
.	.	.	['.']			Z	lausemärk	36	
Tulija	tulija	tulija	['tulija']	sg n	0	S	nimisõna	36	
sumpas	sumpama	sumpa	['sumpa']	s	s	V	tegusõna	36	
läbi	läbi	läbi	['läbi']		0	K	kaassõna	36	
nende	tema	tema	['tema']	pl g	de	P	asesõna	36	
sinna	sinna	sinna	['sinna']		0	D	määrsõna	36	
,	,	,	[',']			Z	lausemärk	36	
kus	kus	kus	['kus']		0	D	määrsõna	36	
ta	tema	tema	['tema']	sg n	0	P	asesõna	36	
noormeest	noormees	noor_mees	['noor', 'mees']	sg p	t	S	nimisõna	36	
viimati	viimati	viimati	['viimati']		0	D	määrsõna	36	
näinud	nägema|näima|näinud	näge|näi|näi=nud	[['näi'], ['näge'], ['näinud'], ['näinud'], ['näinud']]	|nud|pl n|sg n	0|d|nud	A|V		36	
oli	olema	ole	['ole']	s	i	V	tegusõna	36	
,	,	,	[',']			Z	lausemärk	36	
ja	ja	ja	['ja']		0	J	sidesõna	36	
peksis	peksma	peks	['peks']	s	is	V	tegusõna	36	
jalaga	jalg	jalg	['jalg']	sg kom	ga	S	nimisõna	36	
kuhja	kuhi	kuhi	['kuhi']	sg p	0	S	nimisõna	36	
laiali	laiali	laiali	['laiali']		0	D	määrsõna	36	
.	.	.	['.']			Z	lausemärk	36	
Viie-kuue	viie-kuub	viie-kuub	['viie', 'kuub']	sg g	0	S	nimisõna	36	
aasta	aasta	aasta	['aasta']	sg g	0	S	nimisõna	36	
vanuse	vanus	vanus	['vanus']	sg g	0	S	nimisõna	36	
õrna	õrn	õrn	['õrn']	sg g	0	A	omadussõna algvõrre	36	
lapsena	laps	laps	['laps']	sg es	na	S	nimisõna	36	
lebas	lebama	leba	['leba']	s	s	V	tegusõna	36	
tüüp	tüüp	tüüp	['tüüp']	sg n	0	S	nimisõna	36	
pikki	pikk	pikk	['pikk']	pl p	i	A	omadussõna algvõrre	36	
ja	ja	ja	['ja']		0	J	sidesõna	36	
sügavaid	sügav	sügav	['sügav']	pl p	id	A	omadussõna algvõrre	36	
varje	vari	vari	['vari']	pl p	e	S	nimisõna	36	
heitvate	heitev	heitev	['heitev']	pl g	te	A	omadussõna algvõrre	36	
jätkekuhjade	jätkekuhi	jätke_kuhi	['jätke', 'kuhi']	pl g	de	S	nimisõna	36	
vahel	vahel	vahel	['vahel']		0	K	kaassõna	36	
nagu	nagu	nagu	[['nagu'], ['nagu']]		0	D|J		36	
sügava	sügav	sügav	['sügav']	sg g	0	A	omadussõna algvõrre	36	
kaevu	kaev	kaev	['kaev']	sg g	0	S	nimisõna	36	
põhjas	põhi	põhi	['põhi']	sg in	s	S	nimisõna	36	
.	.	.	['.']			Z	lausemärk	36	
Tulija	tulija	tulija	['tulija']	sg n	0	S	nimisõna	36	
kahlas	kahlama	kahla	['kahla']	s	s	V	tegusõna	36	
tagasi	tagasi	tagasi	['tagasi']		0	D	määrsõna	36	
,	,	,	[',']			Z	lausemärk	36	
võttis	võtma	võt	['võt']	s	is	V	tegusõna	36	
elektriketassae	elektriketassaag	elektri_ketas_saag	['elektri', 'ketas', 'saag']	sg g	0	S	nimisõna	36	
ja	ja	ja	['ja']		0	J	sidesõna	36	
pistis	pistma	pist	['pist']	s	is	V	tegusõna	36	
selle	see	see	['see']	sg g	0	P	asesõna	36	
seina	sein	sein	['sein']	sg p	0	S	nimisõna	36	
.	.	.	['.']			Z	lausemärk	36	
Kummardudes	kummarduma	kummardu	['kummardu']	des	des	V	tegusõna	36	
lapse	laps	laps	['laps']	sg g	0	S	nimisõna	36	
kohale	kohale	kohale	['kohale']		0	K	kaassõna	36	
,	,	,	[',']			Z	lausemärk	36	
vajutas	vajutama	vajuta	['vajuta']	s	s	V	tegusõna	36	
ta	tema	tema	['tema']	sg g	0	P	asesõna	36	
nuppu	nupp	nupp	['nupp']	sg p	0	S	nimisõna	36	
.	.	.	['.']			Z	lausemärk	36	
""""	""""	""""	"['""']"			Z	lausemärk	37	
Neetud	neetu	nee=tu	['neetu']	pl n	d	S	nimisõna	37	
!	!	!	['!']			Z	lausemärk	37	
""""	""""	""""	"['""']"			Z	lausemärk	37	
sisistas	sisistama	sisista	['sisista']	s	s	V	tegusõna	37	
Tulija	tulija	tulija	['tulija']	sg n	0	S	nimisõna	37	
ärritunult	ärritunult	ärritunult	['ärritunult']		0	D	määrsõna	37	
.	.	.	['.']			Z	lausemärk	37	
Talle	tema	tema	['tema']	sg all	lle	P	asesõna	37	
meenus	meenuma	meenu	['meenu']	s	s	V	tegusõna	37	
,	,	,	[',']			Z	lausemärk	37	
et	et	et	['et']		0	J	sidesõna	37	
elektrit	elekter	elekter	['elekter']	sg p	t	S	nimisõna	37	
ju	ju	ju	['ju']		0	D	määrsõna	37	
polnud	olema	ole	['ole']	neg nud	nud	V	tegusõna	37	
.	.	.	['.']			Z	lausemärk	37	
Vihase	vihane	vihane	['vihane']	sg g	0	A	omadussõna algvõrre	37	
käeliigutusega	käeliigutus	käe_liigutus	['käe', 'liigutus']	sg kom	ga	S	nimisõna	37	
kadus	kaduma	kadu	['kadu']	s	s	V	tegusõna	37	
saag	saag	saag	['saag']	sg n	0	S	nimisõna	37	
pimedusse	pimedus	pimedus	['pimedus']	adt	se	S	nimisõna	37	
.	.	.	['.']			Z	lausemärk	37	
Kolmandat	kolmas	kolmas	['kolmas']	sg p	t	O	järgarvsõna	37	
korda	kord	kord	['kord']	sg p	0	S	nimisõna	37	
zanazöörini	zanazöör	zanaz_öör	['zanaz', 'öör']	sg ter	ni	S	nimisõna	37	
jõudes	jõudma	jõud	['jõud']	des	es	V	tegusõna	37	
,	,	,	[',']			Z	lausemärk	37	
rabas	rabama	raba	['raba']	s	s	V	tegusõna	37	
ta	tema	tema	['tema']	sg n	0	P	asesõna	37	
vihaselt	vihaselt	vihaselt	['vihaselt']		0	D	määrsõna	37	
kirve	kirves	kirves	['kirves']	sg g	0	S	nimisõna	37	
ning	ning	ning	['ning']		0	J	sidesõna	37	
virutas	virutama	viruta	['viruta']	s	s	V	tegusõna	37	
lapseni	laps	laps	['laps']	sg ter	ni	S	nimisõna	37	
jõudes	jõudma	jõud	['jõud']	des	es	V	tegusõna	37	
pea	pea	pea	['pea']		0	D	määrsõna	37	
sihtimata	sihtimata	sihti=mata	['sihtimata']		0	A	omadussõna algvõrre	37	
õblukesele	õbluke	õbluke	['õbluke']	sg all	le	A	omadussõna algvõrre	37	
kehale	keha	keha	['keha']	sg all	le	S	nimisõna	37	
kõhtu	kõht	kõht	['kõht']	sg p	0	S	nimisõna	37	
.	.	.	['.']			Z	lausemärk	37	
Röhatades	röhatama	röhata	['röhata']	des	des	V	tegusõna	37	
kadus	kaduma	kadu	['kadu']	s	s	V	tegusõna	37	
kirvetera	kirvetera	kirve_tera	['kirve', 'tera']	sg g	0	S	nimisõna	37	
kõhukoopasse	kõhukoobas	kõhu_koobas	['kõhu', 'koobas']	sg ill	sse	S	nimisõna	37	
.	.	.	['.']			Z	lausemärk	37	
Tulija	tulija	tulija	['tulija']	sg n	0	S	nimisõna	37	
ise	ise	ise	[['ise'], ['ise']]	pl n|sg n	0	P	asesõna	37	
kaotas	kaotama	kaota	['kaota']	s	s	V	tegusõna	37	
löögihoost	löögihoog	löögi_hoog	['löögi', 'hoog']	sg el	st	S	nimisõna	37	
libedal	libe	libe	['libe']	sg ad	l	A	omadussõna algvõrre	37	
kombitsahunnikul	kombitsahunnik	kombitsa_hunnik	['kombitsa', 'hunnik']	sg ad	l	S	nimisõna	37	
tasakaalu	tasakaal	tasa_kaal	['tasa', 'kaal']	sg g	0	S	nimisõna	37	
ja	ja	ja	['ja']		0	J	sidesõna	37	
kukkus	kukkuma	kukku	['kukku']	s	s	V	tegusõna	37	
,	,	,	[',']			Z	lausemärk	37	
määrides	määrima	määri	['määri']	des	des	V	tegusõna	37	
end	ise	ise	['ise']	sg p	0	P	asesõna	37	
nende	see	see	['see']	pl g	de	P	asesõna	37	
lägaga	läga	läga	['läga']	sg kom	ga	S	nimisõna	37	
veelgi	veelgi	veelgi	['veelgi']		0	D	määrsõna	37	
rohkem	rohkem	rohkem	['rohkem']		0	D	määrsõna	37	
kokku	kokku	kokku	['kokku']		0	D	määrsõna	37	
.	.	.	['.']			Z	lausemärk	37	
Ta	tema	tema	['tema']	sg n	0	P	asesõna	37	
ajas	ajama	aja	['aja']	s	s	V	tegusõna	37	
end	ise	ise	['ise']	sg p	0	P	asesõna	37	
jalule	jalule	jalule	['jalule']		0	D	määrsõna	37	
ja	ja	ja	['ja']		0	J	sidesõna	37	
sikutas	sikutama	sikuta	['sikuta']	s	s	V	tegusõna	37	
kirvest	kirves	kirves	['kirves']	sg p	t	S	nimisõna	37	
lapsekehast	lapsekeha	lapse_keha	['lapse', 'keha']	sg el	st	S	nimisõna	37	
välja	välja	välja	['välja']		0	D	määrsõna	37	
.	.	.	['.']			Z	lausemärk	37	
See	see	see	['see']	sg n	0	P	asesõna	37	
ei	ei	ei	['ei']	neg	0	V	tegusõna	37	
tahtnud	tahtma|tahtnud	taht|taht=nud	[['taht'], ['tahtnud'], ['tahtnud'], ['tahtnud']]	|nud|pl n|sg n	0|d|nud	A|V		37	
õnnestuda	õnnestuma	õnnestu	['õnnestu']	da	da	V	tegusõna	37	
,	,	,	[',']			Z	lausemärk	37	
kuna	kuna	kuna	['kuna']		0	J	sidesõna	37	
kirve	kirves	kirves	['kirves']	sg g	0	S	nimisõna	37	
tagumine	tagumine	tagumine	['tagumine']	sg n	0	A	omadussõna algvõrre	37	
,	,	,	[',']			Z	lausemärk	37	
kirkaga	kirgas|kirka	kirgas|kirka	[['kirgas'], ['kirka']]	sg kom	ga	S	nimisõna	37	
pool	pool	pool	[['pool'], ['pool']]	sg n	0	S	nimisõna	37	
,	,	,	[',']			Z	lausemärk	37	
oli	olema	ole	['ole']	s	i	V	tegusõna	37	
takerdunud	takerduma|takerdunud	takerdu|takerdu=nud	[['takerdu'], ['takerdunud'], ['takerdunud'], ['takerdunud']]	|nud|pl n|sg n	0|d|nud	A|V		37	
kuhugi	kuhugi	kuhugi	['kuhugi']		0	D	määrsõna	37	
soolikatesse	soolikas	soolikas	['soolikas']	pl ill	tesse	S	nimisõna	37	
.	.	.	['.']			Z	lausemärk	37	
Rapsimise	rapsimine	rapsi=mine	['rapsimine']	sg g	0	S	nimisõna	37	
peale	peale	peale	['peale']		0	K	kaassõna	37	
rebenes	rebenema	rebene	['rebene']	s	s	V	tegusõna	37	
jämesool	jämesool	jäme_sool	['jäme', 'sool']	sg n	0	S	nimisõna	37	
mitmest	mitu	mitu	['mitu']	sg el	st	P	asesõna	37	
kohast	koha|koht	koha|koht	[['koht'], ['koha']]	sg el	st	S	nimisõna	37	
ja	ja	ja	['ja']		0	J	sidesõna	37	
tuppa	tuba	tuba	['tuba']	adt	0	S	nimisõna	37	
levis	levima	levi	['levi']	s	s	V	tegusõna	37	
vänget	vänge	vänge	['vänge']	sg p	t	A	omadussõna algvõrre	37	
soolehaisu	soolehais	soole_hais	['soole', 'hais']	sg p	0	S	nimisõna	37	
.	.	.	['.']			Z	lausemärk	37	
Ka	ka	ka	['ka']		0	D	määrsõna	37	
magu	magu	magu	['magu']	sg n	0	S	nimisõna	37	
oli	olema	ole	['ole']	s	i	V	tegusõna	37	
viga	viga	viga	['viga']	sg n	0	S	nimisõna	37	
saanud	saama|saanud	saa|saa=nud	[['saa'], ['saanud'], ['saanud'], ['saanud']]	|nud|pl n|sg n	0|d|nud	A|V		37	
ja	ja	ja	['ja']		0	J	sidesõna	37	
sellest	see	see	['see']	sg el	st	P	asesõna	37	
topeltjälgist	topeltjälk	topelt_jälk	['topelt', 'jälk']	sg el	st	A	omadussõna algvõrre	37	
lehast	lehk	lehk	['lehk']	sg el	st	S	nimisõna	37	
tundis	tundma	tund	['tund']	s	is	V	tegusõna	37	
Tulija	tulija	tulija	['tulija']	sg n	0	S	nimisõna	37	
,	,	,	[',']			Z	lausemärk	37	
et	et	et	['et']		0	J	sidesõna	37	
hakkab	hakkama	hakka	['hakka']	b	b	V	tegusõna	37	
oksele	okse	okse	['okse']	sg all	le	S	nimisõna	37	
.	.	.	['.']			Z	lausemärk	37	
Ta	tema	tema	['tema']	sg n	0	P	asesõna	37	
jättis	jätma	jät	['jät']	s	is	V	tegusõna	37	
kirve	kirves	kirves	['kirves']	sg g	0	S	nimisõna	37	
kus	kus	kus	['kus']		0	D	määrsõna	37	
seda	see	see	['see']	sg p	da	P	asesõna	37	
ja	ja	ja	['ja']		0	J	sidesõna	37	
teist	teine	teine	[['teine'], ['teine']]	sg p	t	O|P		37	
ning	ning	ning	['ning']		0	J	sidesõna	37	
komberdas	komberdama	komberda	['komberda']	s	s	V	tegusõna	37	
eemale	eemale	eemale	['eemale']		0	D	määrsõna	37	
.	.	.	['.']			Z	lausemärk	37	
Haaranud	haarama|haaranud	haara|haara=nud	[['haara'], ['haaranud'], ['haaranud'], ['haaranud']]	|nud|pl n|sg n	0|d|nud	A|V		37	
riiulilt	riiul	riiul	['riiul']	sg abl	lt	S	nimisõna	37	
ühe	ühe	ühe	['ühe']	sg n	0	S	nimisõna	37	
kustumahakkava	kustumahakkav	kustu+ma_hakkav	['kustuma', 'hakkav']	sg g	0	A	omadussõna algvõrre	37	
küünla	küünal	küünal	['küünal']	sg g	0	S	nimisõna	37	
,	,	,	[',']			Z	lausemärk	37	
virutas	virutama	viruta	['viruta']	s	s	V	tegusõna	37	
ta	tema	tema	['tema']	sg n	0	P	asesõna	37	
selle	see	see	['see']	sg g	0	P	asesõna	37	
aknasse	aken	aken	['aken']	sg ill	sse	S	nimisõna	37	
.	.	.	['.']			Z	lausemärk	37	
metallist	metall	metall	['metall']	sg el	st	S	nimisõna	37	
küünlajalg	küünlajalg	küünla_jalg	['küünla', 'jalg']	sg n	0	S	nimisõna	37	
purustas	purustama	purusta	['purusta']	s	s	V	tegusõna	37	
klirinal	klirinal	klirinal	['klirinal']		0	D	määrsõna	37	
klaasi	klaas	klaas	['klaas']	sg p	0	S	nimisõna	37	
.	.	.	['.']			Z	lausemärk	37	
Vihm	vihm	vihm	['vihm']	sg n	0	S	nimisõna	37	
ja	ja	ja	['ja']		0	J	sidesõna	37	
tuul	tuul	tuul	['tuul']	sg n	0	S	nimisõna	37	
haarasid	haarama	haara	['haara']	sid	sid	V	tegusõna	37	
kardinad	kardin	kardin	['kardin']	pl n	d	S	nimisõna	37	
oma	oma	oma	['oma']	sg g	0	P	asesõna	37	
meelevalda	meelevald	meele_vald	['meele', 'vald']	adt	0	S	nimisõna	37	
.	.	.	['.']			Z	lausemärk	37	
Värske	värske	värske	['värske']	sg n	0	A	omadussõna algvõrre	37	
õhk	õhk	õhk	['õhk']	sg n	0	S	nimisõna	37	
tungis	tungima	tungi	['tungi']	s	s	V	tegusõna	37	
puhangutena	puhang	puhang	['puhang']	pl es	tena	S	nimisõna	37	
sisse	sisse	sisse	['sisse']		0	D	määrsõna	37	
ja	ja	ja	['ja']		0	J	sidesõna	37	
viimane	viimane	viimane	['viimane']	sg n	0	A	omadussõna algvõrre	37	
küünal	küünal	küünal	['küünal']	sg n	0	S	nimisõna	37	
kustus	kustuma	kustu	['kustu']	s	s	V	tegusõna	37	
.	.	.	['.']			Z	lausemärk	37	
Vihm	vihm	vihm	['vihm']	sg n	0	S	nimisõna	38	
ja	ja	ja	['ja']		0	J	sidesõna	38	
hägune	hägune	hägune	['hägune']	sg n	0	A	omadussõna algvõrre	38	
tänavavalgustus	tänavavalgustus	tänava_valgustus	['tänava', 'valgustus']	sg n	0	S	nimisõna	38	
.	.	.	['.']			Z	lausemärk	38	
""""	""""	""""	"['""']"			Z	lausemärk	39	
Teine	teine	teine	[['teine'], ['teine']]	sg n	0	O|P		39	
faas	faas	faas	['faas']	sg n	0	S	nimisõna	39	
.	.	.	['.']			Z	lausemärk	39	
Seda	see	see	['see']	sg p	da	P	asesõna	39	
tabas	tabama	taba	['taba']	s	s	V	tegusõna	39	
mõningane	mõningane	mõningane	['mõningane']	sg n	0	P	asesõna	39	
ebaõnnestumine	ebaõnnestumine	eba_õnnestumine	['eba', 'õnnestumine']	sg n	0	S	nimisõna	39	
.	.	.	['.']			Z	lausemärk	39	
Biojätked	Biojätke	Bio_jätke	[['Bio', 'jätke'], ['Bio', 'jätke']]	pl n	d	H	pärisnimi	39	
ei	ei	ei	['ei']	neg	0	V	tegusõna	39	
olnud	olema|olnud	ol=nud|ole	[['olnud'], ['olnud'], ['olnud'], ['ole']]	|nud|pl n|sg n	0|d|nud	A|V		39	
veel	veel	veel	['veel']		0	D	määrsõna	39	
oma	oma	oma	['oma']	sg g	0	P	asesõna	39	
kaitsefunktsiooni	kaitsefunktsioon	kaitse_funktsioon	['kaitse', 'funktsioon']	sg g	0	S	nimisõna	39	
minetanud	minetama|minetanud	mineta|mineta=nud	[['mineta'], ['minetanud'], ['minetanud'], ['minetanud']]	|nud|pl n|sg n	0|d|nud	A|V		39	
ning	ning	ning	['ning']		0	J	sidesõna	39	
nende	see	see	['see']	pl g	de	P	asesõna	39	
deaktiviseerimiseks	deaktiviseerimine	de_aktiviseeri=mine	['de', 'aktiviseerimine']	sg tr	ks	S	nimisõna	39	
pidin	pidama	pida	['pida']	sin	in	V	tegusõna	39	
veelkord	veelkord	veel_kord	['veel', 'kord']		0	D	määrsõna	39	
kasutama	kasutama	kasuta	['kasuta']	ma	ma	V	tegusõna	39	
zanazööri	zanazöör	zanaz_öör	['zanaz', 'öör']	sg p	0	S	nimisõna	39	
.	.	.	['.']			Z	lausemärk	39	
Selle	see	see	['see']	sg g	0	P	asesõna	39	
tulemusena	tulemus	tulemus	['tulemus']	sg es	na	S	nimisõna	39	
pigistasin	pigistama	pigista	['pigista']	sin	sin	V	tegusõna	39	
katsealuse	katsealune	katse_alune	['katse', 'alune']	sg g	0	S	nimisõna	39	
vaimujõust	vaimujõud	vaimu_jõud	['vaimu', 'jõud']	sg el	st	S	nimisõna	39	
kuivaks	kuiv	kuiv	['kuiv']	sg tr	ks	A	omadussõna algvõrre	39	
.	.	.	['.']			Z	lausemärk	39	
Temast	tema	tema	['tema']	sg el	st	P	asesõna	39	
läi	läi	läi	['läi']	sg g	0	S	nimisõna	39	
järgi	järgi	järgi	['järgi']		0	K	kaassõna	39	
umbes	umbes	umbes	['umbes']		0	D	määrsõna	39	
80-sentimeetrine	80sentimeetrine	80_senti_meetrine	['80', 'senti', 'meetrine']	sg n	0	A	omadussõna algvõrre	39	
lapsekeha	lapsekeha	lapse_keha	['lapse', 'keha']	sg n	0	S	nimisõna	39	
.	.	.	['.']			Z	lausemärk	39	
Keha	keha	keha	['keha']	sg n	0	S	nimisõna	39	
on	olema	ole	[['ole'], ['ole']]	b|vad	0	V	tegusõna	39	
osaliselt	osaliselt	osaliselt	['osaliselt']		0	D	määrsõna	39	
kirve	kirves	kirves	['kirves']	sg g	0	S	nimisõna	39	
abil	abil	abil	['abil']		0	K	kaassõna	39	
avatud	avama|avatud	ava|avatud	[['ava'], ['avatud'], ['avatud'], ['avatud']]	|pl n|sg n|tud	0|d|tud	A|V		39	
.	.	.	['.']			Z	lausemärk	39	
Elektrikatkestus	elektrikatkestus	elektri_katkestus	['elektri', 'katkestus']	sg n	0	S	nimisõna	39	
ei	ei	ei	['ei']	neg	0	V	tegusõna	39	
võimalda	võimaldama	võimalda	['võimalda']	o	0	V	tegusõna	39	
selle	see	see	['see']	sg g	0	P	asesõna	39	
täielikku	täielik	täielik	['täielik']	sg p	0	A	omadussõna algvõrre	39	
avamist	avamine	avamine	['avamine']	sg p	t	S	nimisõna	39	
.	.	.	['.']			Z	lausemärk	39	
Alustan	alustama	alusta	['alusta']	n	n	V	tegusõna	39	
kolmandat	kolmas	kolmas	['kolmas']	sg p	t	O	järgarvsõna	39	
faasi	faas	faas	['faas']	sg p	0	S	nimisõna	39	
:	:	:	[':']			Z	lausemärk	39	
vaimu	vaim	vaim	['vaim']	sg g	0	S	nimisõna	39	
visualiseerimine	visualiseerimine	visualiseeri=mine	['visualiseerimine']	sg n	0	S	nimisõna	39	
.	.	.	['.']			Z	lausemärk	39	
""""	""""	""""	"['""']"			Z	lausemärk	39	
Tulija	tulija	tulija	['tulija']	sg n	0	S	nimisõna	40	
heitis	heitma	heit	['heit']	s	is	V	tegusõna	40	
pilgu	pilk	pilk	['pilk']	sg g	0	S	nimisõna	40	
niiskesse	niiske	niiske	['niiske']	sg ill	sse	A	omadussõna algvõrre	40	
ja	ja	ja	['ja']		0	J	sidesõna	40	
pimedasse	pime	pime	['pime']	sg ill	sse	A	omadussõna algvõrre	40	
tuppa	tuba	tuba	['tuba']	adt	0	S	nimisõna	40	
enda	ise	ise	['ise']	sg g	0	P	asesõna	40	
ümber	ümber	ümber	['ümber']		0	K	kaassõna	40	
.	.	.	['.']			Z	lausemärk	40	
Hämarus	hämarus	hämarus	['hämarus']	sg n	0	S	nimisõna	40	
neelas	neelama	neela	['neela']	s	s	V	tegusõna	40	
nii	nii	nii	['nii']		0	D	määrsõna	40	
seinad	sein	sein	['sein']	pl n	d	S	nimisõna	40	
,	,	,	[',']			Z	lausemärk	40	
lae	laad|lagi	laad|lagi	[['laad'], ['lagi']]	sg g	0	S	nimisõna	40	
kui	kui	kui	[['kui'], ['kui']]		0	D|J		40	
põranda	põrand	põrand	['põrand']	sg g	0	S	nimisõna	40	
.	.	.	['.']			Z	lausemärk	40	
Peale	peale	peale	['peale']		0	K	kaassõna	40	
kirvevarre	kirvevars	kirve_vars	['kirve', 'vars']	sg g	0	S	nimisõna	40	
ja	ja	ja	['ja']		0	J	sidesõna	40	
helendava	helendav	helendav	['helendav']	sg g	0	A	omadussõna algvõrre	40	
aknaava	aknaava	akna_ava	['akna', 'ava']	sg g	0	S	nimisõna	40	
ei	ei	ei	['ei']	neg	0	V	tegusõna	40	
suutnud	suutma|suutnud	suut|suut=nud	[['suut'], ['suutnud'], ['suutnud'], ['suutnud']]	|nud|pl n|sg n	0|d|nud	A|V		40	
pilk	pilk	pilk	['pilk']	sg n	0	S	nimisõna	40	
midagi	miski	miski	['miski']	sg p	dagi	P	asesõna	40	
eristada	eristama	erista	['erista']	da	da	V	tegusõna	40	
.	.	.	['.']			Z	lausemärk	40	
Tulija	tulija	tulija	['tulija']	sg n	0	S	nimisõna	40	
puudutas	puudutama	puuduta	['puuduta']	s	s	V	tegusõna	40	
pilli	pill	pill	['pill']	sg g	0	S	nimisõna	40	
ja	ja	ja	['ja']		0	J	sidesõna	40	
tuppa	tuba	tuba	['tuba']	adt	0	S	nimisõna	40	
hakkas	hakkama	hakka	['hakka']	s	s	V	tegusõna	40	
kostma	kostma	kost	['kost']	ma	ma	V	tegusõna	40	
kaugeid	kauge	kauge	['kauge']	pl p	id	A	omadussõna algvõrre	40	
dzhunglitrumme	dzhunglitrumm	dzhungli_trumm	['dzhungli', 'trumm']	pl p	e	S	nimisõna	40	
.	.	.	['.']			Z	lausemärk	40	
Piuksudes	Piuksudes	Piuksudes	['Piuksudes']	sg n	0	H	pärisnimi	40	
sulasid	sulama	sula	['sula']	sid	sid	V	tegusõna	40	
sellesse	see	see	['see']	sg ill	sse	P	asesõna	40	
mõned	mõni	mõni	['mõni']	pl n	d	P	asesõna	40	
kõrgemad	kõrgem	kõrgem	['kõrgem']	pl n	d	C	omadussõna keskvõrre	40	
noodid	noot	noot	['noot']	pl n	d	S	nimisõna	40	
.	.	.	['.']			Z	lausemärk	40	
Hele	hele	hele	['hele']	sg n	0	A	omadussõna algvõrre	40	
tilin	tilin	tilin	['tilin']	sg n	0	S	nimisõna	40	
väristas	väristama	värista	['värista']	s	s	V	tegusõna	40	
pimedust	pimedus	pimedus	['pimedus']	sg p	t	S	nimisõna	40	
.	.	.	['.']			Z	lausemärk	40	
Trummid	trumm	trumm	['trumm']	pl n	d	S	nimisõna	40	
tugevnesid	tugevnema	tugevne	['tugevne']	sid	sid	V	tegusõna	40	
,	,	,	[',']			Z	lausemärk	40	
tilin	tilin	tilin	['tilin']	sg n	0	S	nimisõna	40	
tugevnes	tugevnema	tugevne	['tugevne']	s	s	V	tegusõna	40	
,	,	,	[',']			Z	lausemärk	40	
kalgistus	kalgistuma	kalgistu	['kalgistu']	s	s	V	tegusõna	40	
.	.	.	['.']			Z	lausemärk	40	
Miski	miski	miski	['miski']	sg n	0	P	asesõna	40	
võttis	võtma	võt	['võt']	s	is	V	tegusõna	40	
kuju	kuju	kuju	['kuju']	sg p	0	S	nimisõna	40	
.	.	.	['.']			Z	lausemärk	40	
Tulija	tulija	tulija	['tulija']	sg n	0	S	nimisõna	40	
puuris	puurima	puuri	['puuri']	s	s	V	tegusõna	40	
silmad	silm	silm	['silm']	pl n	d	S	nimisõna	40	
tumedasse	tume	tume	['tume']	sg ill	sse	A	omadussõna algvõrre	40	
,	,	,	[',']			Z	lausemärk	40	
peaaegu	peaaegu	pea_aegu	['pea', 'aegu']		0	D	määrsõna	40	
läbipaistmatusse	läbipaistmatu	läbi_paistmatu	['läbi', 'paistmatu']	sg ill	sse	A	omadussõna algvõrre	40	
pilkuhajutavasse	pilkuhajutav	pilku_hajuta=v	['pilku', 'hajutav']	sg ill	sse	A	omadussõna algvõrre	40	
õhku	õhk	õhk	['õhk']	adt	0	S	nimisõna	40	
.	.	.	['.']			Z	lausemärk	40	
Ta	tema	tema	['tema']	sg n	0	P	asesõna	40	
nägi	nägema	näge	['näge']	s	i	V	tegusõna	40	
vähe	vähe	vähe	['vähe']		0	D	määrsõna	40	
,	,	,	[',']			Z	lausemärk	40	
kuid	kuid	kuid	['kuid']		0	J	sidesõna	40	
piisavalt	piisavalt	piisavalt	['piisavalt']		0	D	määrsõna	40	
.	.	.	['.']			Z	lausemärk	40	
Selgesti	selgesti	selgesti	['selgesti']		0	D	määrsõna	40	
arusaadavalt	arusaadavalt	aru_saadavalt	['aru', 'saadavalt']		0	D	määrsõna	40	
oli	olema	ole	['ole']	s	i	V	tegusõna	40	
vaim	vaim	vaim	['vaim']	sg n	0	S	nimisõna	40	
tehislikku	tehislik	tehislik	['tehislik']	sg p	0	A	omadussõna algvõrre	40	
päritolu	päritolu	pärit_olu	['pärit', 'olu']	sg p	0	S	nimisõna	40	
,	,	,	[',']			Z	lausemärk	40	
küberneetiline	küberneetiline	küberneetiline	['küberneetiline']	sg n	0	A	omadussõna algvõrre	40	
toode	toode	toode	['toode']	sg n	0	S	nimisõna	40	
.	.	.	['.']			Z	lausemärk	40	
""""	""""	""""	"['""']"			Z	lausemärk	41	
Katse	katse	katse	['katse']	sg g	0	S	nimisõna	41	
tulemus	tulemus	tulemus	['tulemus']	sg n	0	S	nimisõna	41	
kinnitab	kinnitama	kinnita	['kinnita']	b	b	V	tegusõna	41	
hüpoteesi	hüpotees	hüpotees	['hüpotees']	sg p	0	S	nimisõna	41	
:	:	:	[':']			Z	lausemärk	41	
LOOJA	looja	looja	['looja']	sg n	0	S	nimisõna	41	
on	olema	ole	[['ole'], ['ole']]	b|vad	0	V	tegusõna	41	
olemas	olema	ole	['ole']	mas	mas	V	tegusõna	41	
.	.	.	['.']			Z	lausemärk	41	
""""	""""	""""	"['""']"			Z	lausemärk	41	
