word_texts	lemmas	roots	root_tokens	forms	endings	postags	postag_descriptions	par_nr	head
Maha	maha	maha	['maha']		0	D	määrsõna	1	 Maha hirmus jõul ! 
hirmus	hirmus	hirmus	['hirmus']		0	D	määrsõna	1	 Maha hirmus jõul ! 
jõul	jõud	jõud	['jõud']	sg ad	l	S	nimisõna	1	 Maha hirmus jõul ! 
!	!	!	['!']			Z	lausemärk	1	 Maha hirmus jõul ! 
Karen	Karen	Karen	['Karen']	sg n	0	H	pärisnimi	2	
Orlau	Orlau	Orlau	['Orlau']	sg n	0	H	pärisnimi	2	
Jõule	jõud	jõud	['jõud']	sg all	le	S	nimisõna	3	
kartsid	kartma	kart	['kart']	sid	sid	V	tegusõna	3	
sadistpäkapikud	sadistpäkapikk	sadist_päka_pikk	['sadist', 'päka', 'pikk']	pl n	d	S	nimisõna	3	
kõige	kõige	kõige	['kõige']		0	D	määrsõna	3	
enam	enam	enam	['enam']		0	D	määrsõna	3	
.	.	.	['.']			Z	lausemärk	3	
Kui	kui	kui	[['kui'], ['kui']]		0	D|J		3	
inimesed	inimene	inimene	['inimene']	pl n	d	S	nimisõna	3	
neid	see	see	['see']	pl p	d	P	asesõna	3	
mõnel	mõni	mõni	['mõni']	sg ad	l	P	asesõna	3	
muul	muu	muu	['muu']	sg ad	l	P	asesõna	3	
ajal	aeg	aeg	['aeg']	sg ad	l	S	nimisõna	3	
märkasid	märkama	märka	['märka']	sid	sid	V	tegusõna	3	
,	,	,	[',']			Z	lausemärk	3	
peeti	pidama	pida	['pida']	ti	ti	V	tegusõna	3	
neid	tema	tema	['tema']	pl p	d	P	asesõna	3	
enamasti	enamasti	enamasti	['enamasti']		0	D	määrsõna	3	
viinakuraditeks	viinakurat	viina_kurat	['viina', 'kurat']	pl tr	teks	S	nimisõna	3	
ja	ja	ja	['ja']		0	J	sidesõna	3	
see	see	see	['see']	sg n	0	P	asesõna	3	
tegi	tegema	tege	['tege']	s	i	V	tegusõna	3	
päkapikkudele	päkapikk	päka_pikk	['päka', 'pikk']	pl all	dele	S	nimisõna	3	
ainult	ainult	ainult	['ainult']		0	D	määrsõna	3	
rõõmu	rõõm	rõõm	['rõõm']	sg p	0	S	nimisõna	3	
.	.	.	['.']			Z	lausemärk	3	
Tõepoolest	tõepoolest	tõe_poolest	['tõe', 'poolest']		0	D	määrsõna	3	
,	,	,	[',']			Z	lausemärk	3	
peletiste	peletis	peletis	['peletis']	pl g	te	S	nimisõna	3	
pulstunud	pulstuma|pulstunud	pulstu|pulstunud	[['pulstu'], ['pulstunud'], ['pulstunud'], ['pulstunud']]	|nud|pl n|sg n	0|d|nud	A|V		3	
habemetest	habe	habe	['habe']	pl el	test	S	nimisõna	3	
,	,	,	[',']			Z	lausemärk	3	
punastest	punane	punane	['punane']	pl el	test	A	omadussõna algvõrre	3	
silmadest	silm	silm	['silm']	pl el	dest	S	nimisõna	3	
,	,	,	[',']			Z	lausemärk	3	
mis	mis	mis	[['mis'], ['mis']]	pl n|sg n	0	P	asesõna	3	
hiilgasid	hiilgama	hiilga	['hiilga']	sid	sid	V	tegusõna	3	
nagu	nagu	nagu	[['nagu'], ['nagu']]		0	D|J		3	
kaks	kaks	kaks	['kaks']	sg n	0	N	põhiarvsõna	3	
tulitigedat	tulitige	tuli_tige	['tuli', 'tige']	sg p	t	A	omadussõna algvõrre	3	
rubiini	rubiin	rubiin	['rubiin']	sg p	0	S	nimisõna	3	
,	,	,	[',']			Z	lausemärk	3	
ja	ja	ja	['ja']		0	J	sidesõna	3	
lillakassinisest	lillakassinine	lillakas_sinine	['lillakas', 'sinine']	sg el	st	A	omadussõna algvõrre	3	
ninast	nina	nina	['nina']	sg el	st	S	nimisõna	3	
,	,	,	[',']			Z	lausemärk	3	
mis	mis	mis	[['mis'], ['mis']]	pl n|sg n	0	P	asesõna	3	
kogu	kogu	kogu	['kogu']		0	A	omadussõna algvõrre	3	
selle	see	see	['see']	sg g	0	P	asesõna	3	
segadiku	segadik	segadik	['segadik']	sg g	0	S	nimisõna	3	
keskel	keskel	keskel	['keskel']		0	K	kaassõna	3	
kõrgus	kõrguma	kõrgu	['kõrgu']	s	s	V	tegusõna	3	
,	,	,	[',']			Z	lausemärk	3	
ei	ei	ei	['ei']	neg	0	V	tegusõna	3	
oleks	olema	ole	['ole']	ks	ks	V	tegusõna	3	
ükski	ükski	ükski	['ükski']		0	D	määrsõna	3	
mõistusega	mõistus	mõistus	['mõistus']	sg kom	ga	S	nimisõna	3	
inimene	inimene	inimene	['inimene']	sg n	0	S	nimisõna	3	
välja	välja	välja	['välja']		0	D	määrsõna	3	
lugenud	lugema|lugenud	luge|luge=nud	[['luge'], ['lugenud'], ['lugenud'], ['lugenud']]	|nud|pl n|sg n	0|d|nud	A|V		3	
mitte	mitte	mitte	['mitte']		0	D	määrsõna	3	
midagi	miski	miski	['miski']	sg p	dagi	P	asesõna	3	
head	hea	hea	['hea']	sg p	d	A	omadussõna algvõrre	3	
.	.	.	['.']			Z	lausemärk	3	
Lapsed	laps	laps	['laps']	pl n	d	S	nimisõna	3	
hakkasid	hakkama	hakka	['hakka']	sid	sid	V	tegusõna	3	
nutma	nutma	nut	['nut']	ma	ma	V	tegusõna	3	
,	,	,	[',']			Z	lausemärk	3	
tädid	tädi	tädi	['tädi']	pl n	d	S	nimisõna	3	
minestasid	minestama	minesta	['minesta']	sid	sid	V	tegusõna	3	
...	...	...	['...']			Z	lausemärk	3	
ja	ja	ja	['ja']		0	J	sidesõna	3	
päkapikud	päkapikk	päka_pikk	['päka', 'pikk']	pl n	d	S	nimisõna	3	
tundsid	tundma	tund	['tund']	sid	sid	V	tegusõna	3	
rõõmu	rõõm	rõõm	['rõõm']	sg p	0	S	nimisõna	3	
.	.	.	['.']			Z	lausemärk	3	
Jõulude	jõulud	jõulud	['jõulud']	pl g	de	S	nimisõna	4	
ajal	ajal	ajal	['ajal']		0	K	kaassõna	4	
oli	olema	ole	['ole']	s	i	V	tegusõna	4	
inimestel	inimene	inimene	['inimene']	pl ad	tel	S	nimisõna	4	
terve	terve	terve	['terve']	sg g	0	A	omadussõna algvõrre	4	
mõistusega	mõistus	mõistus	['mõistus']	sg kom	ga	S	nimisõna	4	
midagi	miski	miski	['miski']	sg p	dagi	P	asesõna	4	
tõsiselt	tõsiselt	tõsiselt	['tõsiselt']		0	D	määrsõna	4	
lahti	lahti	lahti	['lahti']		0	D	määrsõna	4	
.	.	.	['.']			Z	lausemärk	4	
Päkapikke	Päkapikke	Päkapikke	['Päkapikke']	sg g	0	H	pärisnimi	4	
kohates	kohtama	kohta	['kohta']	des	tes	V	tegusõna	4	
ei	ei	ei	['ei']	neg	0	V	tegusõna	4	
põgenetud	põgenema|põgenetud	põgene|põgene=tud	[['põgene'], ['põgenetud'], ['põgenetud'], ['põgenetud']]	|pl n|sg n|tud	0|d|tud	A|V		4	
,	,	,	[',']			Z	lausemärk	4	
vastupidi	vastupidi	vastu_pidi	['vastu', 'pidi']		0	D	määrsõna	4	
...	...	...	['...']			Z	lausemärk	4	
Juhtus	juhtuma	juhtu	['juhtu']	s	s	V	tegusõna	4	
ennekuulmatuid	ennekuulmatu	enne_kuulmatu	['enne', 'kuulmatu']	pl p	id	A	omadussõna algvõrre	4	
asju	asi	asi	['asi']	pl p	u	S	nimisõna	4	
.	.	.	['.']			Z	lausemärk	4	
Kõige	kõige	kõige	['kõige']		0	D	määrsõna	4	
hullemad	hullem	hullem	['hullem']	pl n	d	C	omadussõna keskvõrre	4	
olid	olema	ole	['ole']	sid	id	V	tegusõna	4	
tädid	tädi	tädi	['tädi']	pl n	d	S	nimisõna	4	
,	,	,	[',']			Z	lausemärk	4	
kes	kes	kes	[['kes'], ['kes']]	pl n|sg n	0	P	asesõna	4	
tavaliselt	tavaliselt	tavaliselt	['tavaliselt']		0	D	määrsõna	4	
väikest	väike|väikene	väike|väikene	[['väike'], ['väikene']]	sg p	t	A	omadussõna algvõrre	4	
kurja	kuri	kuri	['kuri']	sg p	0	S	nimisõna	4	
päkatsit	päkats|päkatsi	päkats|päkatsi	[['päkats'], ['päkatsi']]	sg p	t	S	nimisõna	4	
nähes	nägema	näge	['näge']	des	es	V	tegusõna	4	
ruttu	ruttu	ruttu	['ruttu']		0	D	määrsõna	4	
teadvuse	teadvus	teadvus	['teadvus']	sg g	0	S	nimisõna	4	
kaotasid	kaotama	kaota	['kaota']	sid	sid	V	tegusõna	4	
.	.	.	['.']			Z	lausemärk	4	
Jõulude	jõulud	jõulud	['jõulud']	pl g	de	S	nimisõna	4	
lähenedes	lähenema	lähene	['lähene']	des	des	V	tegusõna	4	
muutusid	muutuma	muutu	['muutu']	sid	sid	V	tegusõna	4	
tädid	tädi	tädi	['tädi']	pl n	d	S	nimisõna	4	
lausa	lausa	lausa	['lausa']		0	D	määrsõna	4	
solvavalt	solvavalt	solvavalt	['solvavalt']		0	D	määrsõna	4	
immuunseks	immuunne	immuunne	['immuunne']	sg tr	ks	A	omadussõna algvõrre	4	
.	.	.	['.']			Z	lausemärk	4	
Mörravat	Mörravat	Mörravat	['Mörravat']	sg n	0	H	pärisnimi	4	
päkapikku	päkapikk	päka_pikk	['päka', 'pikk']	sg p	0	S	nimisõna	4	
silmates	silmama	silma	['silma']	des	tes	V	tegusõna	4	
hakkasid	hakkama	hakka	['hakka']	sid	sid	V	tegusõna	4	
nad	tema	tema	['tema']	pl n	d	P	asesõna	4	
heldinult	heldinult	heldinult	['heldinult']		0	D	määrsõna	4	
todisema	todisema	todisema	['todisema']	sg g	0	S	nimisõna	4	
ja	ja	ja	['ja']		0	J	sidesõna	4	
ei	ei	ei	['ei']	neg	0	V	tegusõna	4	
hoolinud	hoolima|hoolinud	hooli|hooli=nud	[['hooli'], ['hoolinud'], ['hoolinud'], ['hoolinud']]	|nud|pl n|sg n	0|d|nud	A|V		4	
sellestki	see	see	['see']	sg el	st	P	asesõna	4	
,	,	,	[',']			Z	lausemärk	4	
kui	kui	kui	[['kui'], ['kui']]		0	D|J		4	
pahur	pahur	pahur	['pahur']	sg n	0	A	omadussõna algvõrre	4	
mehike	mehike	mehike	['mehike']	sg n	0	S	nimisõna	4	
haljast	haljas	haljas	['haljas']	sg el	st	A	omadussõna algvõrre	4	
sõjakirvest	sõjakirves	sõja_kirves	['sõja', 'kirves']	sg el	st	S	nimisõna	4	
vuhistas	vuhistama	vuhista	['vuhista']	s	s	V	tegusõna	4	
.	.	.	['.']			Z	lausemärk	4	
Hullem	hullem	hullem	['hullem']	sg n	0	C	omadussõna keskvõrre	4	
veel	veel	veel	['veel']		0	D	määrsõna	4	
,	,	,	[',']			Z	lausemärk	4	
see	see	see	['see']	sg n	0	P	asesõna	4	
leiti	leidma	leid	['leid']	ti	ti	V	tegusõna	4	
tõeliselt	tõeliselt	tõeliselt	['tõeliselt']		0	D	määrsõna	4	
armas	armas	armas	['armas']	sg n	0	A	omadussõna algvõrre	4	
olevat	olema	ole	['ole']	vat	vat	V	tegusõna	4	
ja	ja	ja	['ja']		0	J	sidesõna	4	
õnn	õnn	õnn	['õnn']	sg n	0	S	nimisõna	4	
,	,	,	[',']			Z	lausemärk	4	
kui	kui	kui	[['kui'], ['kui']]		0	D|J		4	
sadistpäkapikk	sadistpäkapikk	sadist_päka_pikk	['sadist', 'päka', 'pikk']	sg n	0	S	nimisõna	4	
pääses	pääsema	pääse	['pääse']	s	s	V	tegusõna	4	
häbistavast	häbistav	häbistav	['häbistav']	sg el	st	A	omadussõna algvõrre	4	
""""	""""	""""	"['""']"			Z	lausemärk	4	
plutiplutist	plutiplutt	plutip_lutt	['plutip', 'lutt']	sg el	st	S	nimisõna	4	
""""	""""	""""	"['""']"			Z	lausemärk	4	
ja	ja	ja	['ja']		0	J	sidesõna	4	
prullakatest	prullakas	prullakas	['prullakas']	pl el	test	A	omadussõna algvõrre	4	
näppudest	näpp	näpp	['näpp']	pl el	dest	S	nimisõna	4	
oma	oma	oma	['oma']	sg g	0	P	asesõna	4	
habeme	habe	habe	['habe']	sg g	0	S	nimisõna	4	
kallal	kallal	kallal	['kallal']		0	K	kaassõna	4	
.	.	.	['.']			Z	lausemärk	4	
Välk	välk	välk	['välk']	sg n	0	S	nimisõna	4	
ja	ja	ja	['ja']		0	J	sidesõna	4	
pauk	pauk	pauk	['pauk']	sg n	0	S	nimisõna	4	
!	!	!	['!']			Z	lausemärk	4	
Tuli	tulema	tule	['tule']	s	i	V	tegusõna	4	
ette	ette	ette	['ette']		0	D	määrsõna	4	
,	,	,	[',']			Z	lausemärk	4	
et	et	et	['et']		0	J	sidesõna	4	
päkapikk	päkapikk	päka_pikk	['päka', 'pikk']	sg n	0	S	nimisõna	4	
,	,	,	[',']			Z	lausemärk	4	
kes	kes	kes	[['kes'], ['kes']]	pl n|sg n	0	P	asesõna	4	
mõne	mõni	mõni	['mõni']	sg g	0	P	asesõna	4	
eriti	eriti	eriti	['eriti']		0	D	määrsõna	4	
ettevõtliku	ettevõtlik	ette_võtlik	['ette', 'võtlik']	sg g	0	A	omadussõna algvõrre	4	
tädi	tädi	tädi	['tädi']	sg g	0	S	nimisõna	4	
küüsi	küüsi	küüsi	['küüsi']		0	K	kaassõna	4	
sattus	sattuma	sattu	['sattu']	s	s	V	tegusõna	4	
,	,	,	[',']			Z	lausemärk	4	
pidi	pidama	pida	['pida']	s	i	V	tegusõna	4	
igasuguse	igasugune	iga_sugune	['iga', 'sugune']	sg g	0	P	asesõna	4	
väärikuse	väärikus	väärikus	['väärikus']	sg g	0	S	nimisõna	4	
minetanult	minetanu	mineta=nu	['minetanu']	sg abl	lt	S	nimisõna	4	
oma	oma	oma	['oma']	sg g	0	P	asesõna	4	
habeme	habe	habe	['habe']	sg g	0	S	nimisõna	4	
au	au	au	['au']	sg g	0	S	nimisõna	4	
päästmiseks	päästmine	päästmine	['päästmine']	sg tr	ks	S	nimisõna	4	
mööda	mööda	mööda	['mööda']		0	K	kaassõna	4	
maja	maja	maja	['maja']	sg p	0	S	nimisõna	4	
joosta	jooksma	jooks	['jooks']	da	ta	V	tegusõna	4	
leekima	leekima	leeki	['leeki']	ma	ma	V	tegusõna	4	
,	,	,	[',']			Z	lausemärk	4	
endal	ise	ise	['ise']	sg ad	l	P	asesõna	4	
hing	hing	hing	['hing']	sg n	0	S	nimisõna	4	
paelaga	pael	pael	['pael']	sg kom	ga	S	nimisõna	4	
kaelas	kael	kael	['kael']	sg in	s	S	nimisõna	4	
.	.	.	['.']			Z	lausemärk	4	
Lugupidamist	lugupidamine	lugu_pidamine	['lugu', 'pidamine']	sg p	t	S	nimisõna	4	
ei	ei	ei	['ei']	neg	0	V	tegusõna	4	
mingisugust	mingisugune	mingi_sugune	['mingi', 'sugune']	sg p	t	P	asesõna	4	
!	!	!	['!']			Z	lausemärk	4	
Nii	nii	nii	['nii']		0	D	määrsõna	5	
pikaks	pikk	pikk	['pikk']	sg tr	ks	A	omadussõna algvõrre	5	
ajaks	aeg	aeg	['aeg']	sg tr	ks	S	nimisõna	5	
hoopis	hoopis	hoopis	['hoopis']		0	D	määrsõna	5	
maa	maa	maa	['maa']	sg g	0	S	nimisõna	5	
alla	alla	alla	['alla']		0	K	kaassõna	5	
peitu	peit	peit	['peit']	adt	0	S	nimisõna	5	
jääda	jääma	jää	['jää']	da	da	V	tegusõna	5	
ei	ei	ei	['ei']	neg	0	V	tegusõna	5	
olnud	olema|olnud	ol=nud|ole	[['olnud'], ['olnud'], ['olnud'], ['ole']]	|nud|pl n|sg n	0|d|nud	A|V		5	
kuidagi	kuidagi	kuidagi	['kuidagi']		0	D	määrsõna	5	
võimalik	võimalik	võimalik	['võimalik']	sg n	0	A	omadussõna algvõrre	5	
.	.	.	['.']			Z	lausemärk	5	
Pidevalt	pidevalt	pidevalt	['pidevalt']		0	D	määrsõna	5	
toimus	toimuma	toimu	['toimu']	s	s	V	tegusõna	5	
pangarööve	pangarööv	panga_rööv	['panga', 'rööv']	pl p	e	S	nimisõna	5	
,	,	,	[',']			Z	lausemärk	5	
mida	mis	mis	[['mis'], ['mis']]	pl p|sg p	da	P	asesõna	5	
pidi	pidama	pida	['pida']	s	i	V	tegusõna	5	
valvama	valvama	valva	['valva']	ma	ma	V	tegusõna	5	
,	,	,	[',']			Z	lausemärk	5	
et	et	et	['et']		0	J	sidesõna	5	
õigel	õige	õige	['õige']	sg ad	l	A	omadussõna algvõrre	5	
hetkel	hetk	hetk	['hetk']	sg ad	l	S	nimisõna	5	
kullalaadungid	kullalaadung	kulla_laadung	['kulla', 'laadung']	pl n	d	S	nimisõna	5	
oma	oma	oma	['oma']	sg g	0	P	asesõna	5	
hoole	hool	hool	['hool']	sg g	0	S	nimisõna	5	
alla	alla	alla	['alla']		0	K	kaassõna	5	
toimetada	toimetama	toimeta	['toimeta']	da	da	V	tegusõna	5	
ja	ja	ja	['ja']		0	J	sidesõna	5	
ikka	ikka	ikka	['ikka']		0	D	määrsõna	5	
tuli	tulema	tule	['tule']	s	i	V	tegusõna	5	
turule	turg	turg	['turg']	sg all	le	S	nimisõna	5	
väärtuslikumaid	väärtuslikum	väärtuslikum	['väärtuslikum']	pl p	id	C	omadussõna keskvõrre	5	
vääriskive	vääriskivi	vääris_kivi	['vääris', 'kivi']	pl p	e	S	nimisõna	5	
,	,	,	[',']			Z	lausemärk	5	
mille	mis	mis	[['mis'], ['mis']]	pl g|sg g	0	P	asesõna	5	
asemele	asemele	asemele	['asemele']		0	K	kaassõna	5	
osavad	osav	osav	['osav']	pl n	d	A	omadussõna algvõrre	5	
näpud	näpp	näpp	['näpp']	pl n	d	S	nimisõna	5	
võisid	võima	või	['või']	sid	sid	V	tegusõna	5	
võltsingu	võltsing	võltsing	['võltsing']	sg g	0	S	nimisõna	5	
poetada	poetama	poeta	['poeta']	da	da	V	tegusõna	5	
...	...	...	['...']			Z	lausemärk	5	
Kõrgendatud	kõrgendama|kõrgendatud	kõrgenda|kõrgenda=tud	[['kõrgenda'], ['kõrgendatud'], ['kõrgendatud'], ['kõrgendatud']]	|pl n|sg n|tud	0|d|tud	A|V		6	
tähelepanu	tähelepanu	tähele_panu	['tähele', 'panu']	sg n	0	S	nimisõna	6	
takistas	takistama	takista	['takista']	s	s	V	tegusõna	6	
töötegemist	töötegemine	töö_tegemine	['töö', 'tegemine']	sg p	t	S	nimisõna	6	
kõvasti	kõvasti	kõvasti	['kõvasti']		0	D	määrsõna	6	
.	.	.	['.']			Z	lausemärk	6	
Ja	ja	ja	['ja']		0	J	sidesõna	6	
need	see	see	['see']	pl n	d	P	asesõna	6	
pöörases	pöörane	pöörane	['pöörane']	sg in	s	A	omadussõna algvõrre	6	
kommivalus	kommivalu	kommi_valu	['kommi', 'valu']	sg in	s	S	nimisõna	6	
lastekarjad	lastekari	laste_kari	['laste', 'kari']	pl n	d	S	nimisõna	6	
!	!	!	['!']			Z	lausemärk	6	
Viimased	viimane	viimane	['viimane']	pl n	d	A	omadussõna algvõrre	6	
olid	olema	ole	['ole']	sid	id	V	tegusõna	6	
eriti	eriti	eriti	['eriti']		0	D	määrsõna	6	
tüütud	tüütu	tüütu	['tüütu']	pl n	d	A	omadussõna algvõrre	6	
,	,	,	[',']			Z	lausemärk	6	
kui	kui	kui	[['kui'], ['kui']]		0	D|J		6	
päkapikk	päkapikk	päka_pikk	['päka', 'pikk']	sg n	0	S	nimisõna	6	
,	,	,	[',']			Z	lausemärk	6	
taskud	tasku	tasku	['tasku']	pl n	d	S	nimisõna	6	
kullakangidest	kullakang	kulla_kang	['kulla', 'kang']	pl el	dest	S	nimisõna	6	
ligi	ligi	ligi	['ligi']		0	D	määrsõna	6	
maad	maa	maa	['maa']	sg p	d	S	nimisõna	6	
,	,	,	[',']			Z	lausemärk	6	
püüdis	püüdma	püüd	['püüd']	s	is	V	tegusõna	6	
võimalikult	võimalikult	võimalikult	['võimalikult']		0	D	määrsõna	6	
märkamatult	märkamatult	märkamatult	['märkamatult']		0	D	määrsõna	6	
esimese	esimene	esimene	['esimene']	sg g	0	O	järgarvsõna	6	
kloaagitoru	kloaagitoru	kloaagi_toru	['kloaagi', 'toru']	sg g	0	S	nimisõna	6	
poole	poole	poole	['poole']		0	K	kaassõna	6	
vudida	vudima	vudi	['vudi']	da	da	V	tegusõna	6	
.	.	.	['.']			Z	lausemärk	6	
Sadistpäkapikule	sadistpäkapikk	sadist_päka_pikk	['sadist', 'päka', 'pikk']	sg all	le	S	nimisõna	6	
iseloomulike	iseloomulik	ise_loomulik	['ise', 'loomulik']	pl g	e	A	omadussõna algvõrre	6	
kõverate	kõver	kõver	['kõver']	pl g	te	A	omadussõna algvõrre	6	
jalgadega	jalg	jalg	['jalg']	pl kom	dega	S	nimisõna	6	
oli	olema	ole	['ole']	s	i	V	tegusõna	6	
säärane	säärane	säärane	['säärane']	sg n	0	P	asesõna	6	
ettevõtmine	ettevõtmine	ette_võtmine	['ette', 'võtmine']	sg n	0	S	nimisõna	6	
niigi	niigi	niigi	['niigi']		0	D	määrsõna	6	
tülikas	tülikas	tülikas	['tülikas']	sg n	0	A	omadussõna algvõrre	6	
ja	ja	ja	['ja']		0	J	sidesõna	6	
ebakindel	ebakindel	eba_kindel	['eba', 'kindel']	sg n	0	A	omadussõna algvõrre	6	
töö	töö	töö	['töö']	sg n	0	S	nimisõna	6	
,	,	,	[',']			Z	lausemärk	6	
jõnglastekarjad	jõnglastekari	jõnglas+te_kari	['jõnglaste', 'kari']	pl n	d	S	nimisõna	6	
tegid	tegema	tege	['tege']	sid	id	V	tegusõna	6	
selle	see	see	['see']	sg g	0	P	asesõna	6	
aga	aga	aga	['aga']		0	J	sidesõna	6	
sada	sada	sada	['sada']	sg n	0	N	põhiarvsõna	6	
korda	kord	kord	['kord']	sg p	0	S	nimisõna	6	
hullemaks	hullem	hullem	['hullem']	sg tr	ks	C	omadussõna keskvõrre	6	
.	.	.	['.']			Z	lausemärk	6	
Lapsed	laps	laps	['laps']	pl n	d	S	nimisõna	6	
ei	ei	ei	['ei']	neg	0	V	tegusõna	6	
kartnud	kartma|kartnud	kart|kart=nud	[['kart'], ['kartnud'], ['kartnud'], ['kartnud']]	|nud|pl n|sg n	0|d|nud	A|V		6	
ei	ei	ei	['ei']		0	D	määrsõna	6	
lõikeriistu	lõikeriist	lõike_riist	['lõike', 'riist']	pl p	u	S	nimisõna	6	
ega	ega	ega	['ega']		0	J	sidesõna	6	
püssirohtu	püssirohi	püssi_rohi	['püssi', 'rohi']	sg p	0	S	nimisõna	6	
ja	ja	ja	['ja']		0	J	sidesõna	6	
tegid	tegema	tege	['tege']	sid	id	V	tegusõna	6	
uskumatult	uskumatult	uskumatult	['uskumatult']		0	D	määrsõna	6	
kõva	kõva	kõva	['kõva']	sg n	0	A	omadussõna algvõrre	6	
kära	kära	kära	['kära']	sg n	0	S	nimisõna	6	
.	.	.	['.']			Z	lausemärk	6	
Nende	see	see	['see']	pl g	de	P	asesõna	6	
peale	peale	peale	['peale']		0	K	kaassõna	6	
võis	võima	või	['või']	s	s	V	tegusõna	6	
uriseda	urisema	urise	['urise']	da	da	V	tegusõna	6	
ja	ja	ja	['ja']		0	J	sidesõna	6	
mõnd	mõni	mõni	['mõni']	sg p	d	P	asesõna	6	
jultunumat	jultunum	jultu=num	['jultunum']	sg p	t	C	omadussõna keskvõrre	6	
hammustadagi	hammustama	hammusta	['hammusta']	da	da	V	tegusõna	6	
,	,	,	[',']			Z	lausemärk	6	
kuid	kuid	kuid	['kuid']		0	J	sidesõna	6	
mitte	mitte	mitte	['mitte']		0	D	määrsõna	6	
miski	miski	miski	['miski']	sg n	0	P	asesõna	6	
ei	ei	ei	['ei']	neg	0	V	tegusõna	6	
aidanud	aidanud|aitama	aida=nud|aita	[['aita'], ['aidanud'], ['aidanud'], ['aidanud']]	|nud|pl n|sg n	0|d|nud	A|V		6	
.	.	.	['.']			Z	lausemärk	6	
Mõned	mõni	mõni	['mõni']	pl n	d	P	asesõna	6	
eriti	eriti	eriti	['eriti']		0	D	määrsõna	6	
juhmid	juhm	juhm	['juhm']	pl n	d	A	omadussõna algvõrre	6	
põngerjad	põngerjas	põngerjas	['põngerjas']	pl n	d	S	nimisõna	6	
hüppasid	hüppama	hüppa	['hüppa']	sid	sid	V	tegusõna	6	
päkapikule	päkapikk	päka_pikk	['päka', 'pikk']	sg all	le	S	nimisõna	6	
isegi	isegi	isegi	['isegi']		0	D	määrsõna	6	
kanalisatsioonitorru	kanalisatsioonitoru	kanalisatsiooni_toru	['kanalisatsiooni', 'toru']	adt	0	S	nimisõna	6	
järgi	järgi	järgi	['järgi']		0	K	kaassõna	6	
.	.	.	['.']			Z	lausemärk	6	
Õnnetuseks	õnnetus	õnnetus	['õnnetus']	sg tr	ks	S	nimisõna	6	
õngitseti	õngitsema	õngitse	['õngitse']	ti	ti	V	tegusõna	6	
nad	tema	tema	['tema']	pl n	d	P	asesõna	6	
kõik	kõik	kõik	[['kõik'], ['kõik']]	pl n|sg n	0	P	asesõna	6	
jälle	jälle	jälle	['jälle']		0	D	määrsõna	6	
elusalt	elusalt	elusalt	['elusalt']		0	D	määrsõna	6	
ja	ja	ja	['ja']		0	J	sidesõna	6	
tervelt	tervelt	tervelt	['tervelt']		0	D	määrsõna	6	
välja	välja	välja	['välja']		0	D	määrsõna	6	
ning	ning	ning	['ning']		0	J	sidesõna	6	
nende	tema	tema	['tema']	pl g	de	P	asesõna	6	
pimedat	pime	pime	['pime']	sg p	t	A	omadussõna algvõrre	6	
kommi-iha	kommi-iha	kommi-iha	['kommi', 'iha']	sg p	0	S	nimisõna	6	
ei	ei	ei	['ei']	neg	0	V	tegusõna	6	
kustutanud	kustutama|kustutanud	kustuta|kustuta=nud	[['kustuta'], ['kustutanud'], ['kustutanud'], ['kustutanud']]	|nud|pl n|sg n	0|d|nud	A|V		6	
miski	miski	miski	['miski']	sg n	0	P	asesõna	6	
.	.	.	['.']			Z	lausemärk	6	
Asi	asi	asi	['asi']	sg n	0	S	nimisõna	7	
läks	minema	mine	['mine']	s	s	V	tegusõna	7	
üha	üha	üha	['üha']		0	D	määrsõna	7	
hullemaks	hullem	hullem	['hullem']	sg tr	ks	C	omadussõna keskvõrre	7	
,	,	,	[',']			Z	lausemärk	7	
sest	sest	sest	['sest']		0	J	sidesõna	7	
jõuluettevalmistused	jõuluettevalmistus	jõulu_ette_valmistus	['jõulu', 'ette', 'valmistus']	pl n	d	S	nimisõna	7	
venisid	venima	veni	['veni']	sid	sid	V	tegusõna	7	
aasta	aasta	aasta	['aasta']	sg g	0	S	nimisõna	7	
viimaselt	viimane	viimane	['viimane']	sg abl	lt	A	omadussõna algvõrre	7	
kuult	kuu	kuu	['kuu']	sg abl	lt	S	nimisõna	7	
üha	üha	üha	['üha']		0	D	määrsõna	7	
varasemaks	varasem	varasem	['varasem']	sg tr	ks	C	omadussõna keskvõrre	7	
ja	ja	ja	['ja']		0	J	sidesõna	7	
varasemaks	varasem	varasem	['varasem']	sg tr	ks	C	omadussõna keskvõrre	7	
.	.	.	['.']			Z	lausemärk	7	
Jõulud	jõulud	jõulud	['jõulud']	pl n	d	S	nimisõna	7	
laiendasid	laiendama	laienda	['laienda']	sid	sid	V	tegusõna	7	
oma	oma	oma	['oma']	sg g	0	P	asesõna	7	
mõjuala	mõjuala	mõju_ala	['mõju', 'ala']	sg p	0	S	nimisõna	7	
nagu	nagu	nagu	[['nagu'], ['nagu']]		0	D|J		7	
hirmus	hirmus	hirmus	['hirmus']	sg n	0	A	omadussõna algvõrre	7	
epideemia	epideemia	epideemia	['epideemia']	sg g	0	S	nimisõna	7	
ja	ja	ja	['ja']		0	J	sidesõna	7	
päkapikkude	päkapikk	päka_pikk	['päka', 'pikk']	pl g	de	S	nimisõna	7	
kannatus	kannatus	kannatus	['kannatus']	sg n	0	S	nimisõna	7	
oli	olema	ole	['ole']	s	i	V	tegusõna	7	
pingul	pingul	pingul	['pingul']		0	A	omadussõna algvõrre	7	
kui	kui	kui	[['kui'], ['kui']]		0	D|J		7	
pillikeel	pillikeel	pilli_keel	['pilli', 'keel']	sg n	0	S	nimisõna	7	
.	.	.	['.']			Z	lausemärk	7	
Torssis	torssis	torssis	['torssis']		0	D	määrsõna	7	
mehikesed	mehike|mehikene	mehike|mehikene	[['mehike'], ['mehikene']]	pl n	d	S	nimisõna	7	
peitusid	peituma	peitu	['peitu']	sid	sid	V	tegusõna	7	
üha	üha	üha	['üha']		0	D	määrsõna	7	
sügavamale	sügavam	sügavam	['sügavam']	sg all	le	C	omadussõna keskvõrre	7	
katakombidesse	katakomb	kata_komb	['kata', 'komb']	pl ill	desse	S	nimisõna	7	
,	,	,	[',']			Z	lausemärk	7	
kaevasid	kaevama	kaeva	['kaeva']	sid	sid	V	tegusõna	7	
üha	üha	üha	['üha']		0	D	määrsõna	7	
süngemaid	süngem	süngem	['süngem']	pl p	id	C	omadussõna keskvõrre	7	
käike	käik	käik	['käik']	pl p	e	S	nimisõna	7	
,	,	,	[',']			Z	lausemärk	7	
lõid	looma|lööma	loo|löö	[['loo'], ['löö']]	sid	id	V	tegusõna	7	
üha	üha	üha	['üha']		0	D	määrsõna	7	
õelamaid	õelam	õela=m	['õelam']	pl p	id	C	omadussõna keskvõrre	7	
piinariistu	piinariist	piina_riist	['piina', 'riist']	pl p	u	S	nimisõna	7	
,	,	,	[',']			Z	lausemärk	7	
aga	aga	aga	['aga']		0	J	sidesõna	7	
mitte	mitte	mitte	['mitte']		0	D	määrsõna	7	
miski	miski	miski	['miski']	sg n	0	P	asesõna	7	
ei	ei	ei	['ei']	neg	0	V	tegusõna	7	
aidanud	aidanud|aitama	aida=nud|aita	[['aita'], ['aidanud'], ['aidanud'], ['aidanud']]	|nud|pl n|sg n	0|d|nud	A|V		7	
jõuluaegset	jõuluaegne	jõulu_aegne	['jõulu', 'aegne']	sg p	t	A	omadussõna algvõrre	7	
kroonilist	krooniline	krooniline	['krooniline']	sg p	t	A	omadussõna algvõrre	7	
pahurust	pahurus	pahurus	['pahurus']	sg p	t	S	nimisõna	7	
leevendada	leevendama	leevenda	['leevenda']	da	da	V	tegusõna	7	
.	.	.	['.']			Z	lausemärk	7	
Kui	kui	kui	[['kui'], ['kui']]		0	D|J		8	
valvepäkapikk	valvepäkapikk	valve_päka_pikk	['valve', 'päka', 'pikk']	sg n	0	S	nimisõna	8	
juba	juba	juba	['juba']		0	D	määrsõna	8	
septembrikuus	septembrikuu	septembri_kuu	['septembri', 'kuu']	sg in	s	S	nimisõna	8	
kaubamaja	kaubamaja	kauba_maja	['kauba', 'maja']	sg g	0	S	nimisõna	8	
aknal	aken	aken	['aken']	sg ad	l	S	nimisõna	8	
esimest	esimene	esimene	['esimene']	sg p	t	O	järgarvsõna	8	
oksatõmmatud	oksatõmmatud	oksa_tõmma=tud	[['oksa', 'tõmmatud'], ['oksa', 'tõmmatud'], ['oksa', 'tõmmatud']]	|pl n|sg n	0|d	A	omadussõna algvõrre	8	
hõimlasetopist	hõimlasetopp	hõimlase_topp	['hõimlase', 'topp']	sg el	st	S	nimisõna	8	
nägi	nägema	näge	['näge']	s	i	V	tegusõna	8	
(	(	(	['(']			Z	lausemärk	8	
väikeseks	väike|väikene	väike|väikene	[['väike'], ['väikene']]	sg tr	ks	A	omadussõna algvõrre	8	
leevenduseks	leevendus	leevendus	['leevendus']	sg tr	ks	S	nimisõna	8	
oli	olema	ole	['ole']	s	i	V	tegusõna	8	
küll	küll	küll	['küll']		0	D	määrsõna	8	
,	,	,	[',']			Z	lausemärk	8	
et	et	et	['et']		0	J	sidesõna	8	
sealsamas	sealsamas	seal_samas	['seal', 'samas']		0	D	määrsõna	8	
kõrval	kõrval	kõrval	['kõrval']		0	D	määrsõna	8	
kõlkusid	kõlkuma	kõlku	['kõlku']	sid	sid	V	tegusõna	8	
kaelapidi	kaelapidi	kaela_pidi	['kaela', 'pidi']		0	D	määrsõna	8	
nööri	nöör	nöör	['nöör']	sg g	0	S	nimisõna	8	
otsas	otsas	otsas	['otsas']		0	K	kaassõna	8	
ka	ka	ka	['ka']		0	D	määrsõna	8	
paar	paar	paar	['paar']	sg n	0	N	põhiarvsõna	8	
põtra	põder	põder	['põder']	sg p	0	S	nimisõna	8	
ja	ja	ja	['ja']		0	J	sidesõna	8	
üks	üks	üks	['üks']	sg n	0	P	asesõna	8	
roosa	roosa	roosa	['roosa']	sg n	0	A	omadussõna algvõrre	8	
panter	panter	panter	['panter']	sg n	0	S	nimisõna	8	
)	)	)	[')']			Z	lausemärk	8	
,	,	,	[',']			Z	lausemärk	8	
läks	minema	mine	['mine']	s	s	V	tegusõna	8	
kannatuse	kannatus	kannatus	['kannatus']	sg g	0	S	nimisõna	8	
pillikeel	pillikeel	pilli_keel	['pilli', 'keel']	sg n	0	S	nimisõna	8	
kurjakuulutava	kurjakuulutav	kurja_kuulutav	['kurja', 'kuulutav']	sg g	0	A	omadussõna algvõrre	8	
pinina	pinin	pinin	['pinin']	sg g	0	S	nimisõna	8	
saatel	saatel	saatel	['saatel']		0	K	kaassõna	8	
katki	katki	katki	['katki']		0	D	määrsõna	8	
.	.	.	['.']			Z	lausemärk	8	
Inimesed	inimene	inimene	['inimene']	pl n	d	S	nimisõna	8	
olid	olema	ole	['ole']	sid	id	V	tegusõna	8	
kaotanud	kaotama|kaotanud	kaota|kaota=nud	[['kaota'], ['kaotanud'], ['kaotanud'], ['kaotanud']]	|nud|pl n|sg n	0|d|nud	A|V		8	
igasuguse	igasugune	iga_sugune	['iga', 'sugune']	sg g	0	P	asesõna	8	
mõõdutunde	mõõdutunne	mõõdu_tunne	['mõõdu', 'tunne']	sg g	0	S	nimisõna	8	
ja	ja	ja	['ja']		0	J	sidesõna	8	
neid	tema	tema	['tema']	pl p	d	P	asesõna	8	
tuli	tulema	tule	['tule']	s	i	V	tegusõna	8	
õpetada	õpetama	õpeta	['õpeta']	da	da	V	tegusõna	8	
.	.	.	['.']			Z	lausemärk	8	
Sadistpäkapikud	Sadistpäkapikk	Sadist_päka_pikk	[['Sadist', 'päka', 'pikk'], ['Sadist', 'päka', 'pikk']]	pl n	d	H	pärisnimi	9	
kogunesid	kogunema	kogune	['kogune']	sid	sid	V	tegusõna	9	
Alpide	Alpid	Alpid	['Alpid']	pl g	de	H	pärisnimi	9	
all	all	all	['all']		0	K	kaassõna	9	
asuvatesse	asuv	asuv	['asuv']	pl ill	tesse	A	omadussõna algvõrre	9	
nõupidamissaalidesse	nõupidamissaal	nõu_pidamis_saal	['nõu', 'pidamis', 'saal']	pl ill	desse	S	nimisõna	9	
.	.	.	['.']			Z	lausemärk	9	
Koobaste	koobas	koobas	['koobas']	pl g	te	S	nimisõna	9	
graniitseintesse	graniitsein	graniit_sein	['graniit', 'sein']	pl ill	tesse	S	nimisõna	9	
hoole	hool	hool	['hool']	sg g	0	S	nimisõna	9	
ja	ja	ja	['ja']		0	J	sidesõna	9	
armastusega	armastus	armastus	['armastus']	sg kom	ga	S	nimisõna	9	
graveeritud	graveerima|graveeritud	graveeri|graveeri=tud	[['graveeri'], ['graveeritud'], ['graveeritud'], ['graveeritud']]	|pl n|sg n|tud	0|d|tud	A|V		9	
jõuludevastased	jõuludevastane	jõulu+de_vastane	['jõulude', 'vastane']	pl n	d	A	omadussõna algvõrre	9	
loosungid	loosung	loosung	['loosung']	pl n	d	S	nimisõna	9	
:	:	:	[':']			Z	lausemärk	9	
""""	""""	""""	"['""']"			Z	lausemärk	9	
Maha	maha	maha	['maha']		0	D	määrsõna	9	
hirmus	hirmus	hirmus	['hirmus']	sg n	0	A	omadussõna algvõrre	9	
jõul	jõul	jõul	['jõul']		0	K	kaassõna	9	
!	!	!	['!']			Z	lausemärk	9	
""""	""""	""""	"['""']"			Z	lausemärk	9	
,	,	,	[',']			Z	lausemärk	9	
""""	""""	""""	"['""']"			Z	lausemärk	9	
Võitlusse	võitlus	võitlus	['võitlus']	adt	se	S	nimisõna	9	
habemete	habe	habe	['habe']	pl g	te	S	nimisõna	9	
väärikuse	väärikus	väärikus	['väärikus']	sg g	0	S	nimisõna	9	
eest	eest	eest	['eest']		0	K	kaassõna	9	
!	!	!	['!']			Z	lausemärk	9	
""""	""""	""""	"['""']"			Z	lausemärk	9	
ja	ja	ja	['ja']		0	J	sidesõna	9	
""""	""""	""""	"['""']"			Z	lausemärk	9	
Tädid	tädi	tädi	['tädi']	pl n	d	S	nimisõna	9	
seebiks	seep	seep	['seep']	sg tr	ks	S	nimisõna	9	
!	!	!	['!']			Z	lausemärk	9	
""""	""""	""""	"['""']"			Z	lausemärk	9	
väljendasid	väljendama	väljenda	['väljenda']	sid	sid	V	tegusõna	9	
üldiseid	üldine	üldine	['üldine']	pl p	id	A	omadussõna algvõrre	9	
meeleolusid	meeleolu	meele_olu	['meele', 'olu']	pl p	sid	S	nimisõna	9	
.	.	.	['.']			Z	lausemärk	9	
Päkapikud	Päkapik|Päkapikk|Päkapiku|Päkapikud	Päka_pikk|Päkapik|Päkapiku|Päkapikud	[['Päka', 'pikk'], ['Päkapik'], ['Päkapiku'], ['Päkapikud']]	pl n|sg n	0|d	H	pärisnimi	9	
ei	ei	ei	['ei']	neg	0	V	tegusõna	9	
teinud	tegema|teinud	tege|tei=nud	[['tege'], ['teinud'], ['teinud'], ['teinud']]	|nud|pl n|sg n	0|d|nud	A|V		9	
tühje	tühi	tühi	['tühi']	pl p	e	A	omadussõna algvõrre	9	
sõnu	sõna	sõna	['sõna']	pl p	u	S	nimisõna	9	
:	:	:	[':']			Z	lausemärk	9	
tädidest	tädi	tädi	['tädi']	pl el	dest	S	nimisõna	9	
tehtava	tehtav	tehtav	['tehtav']	sg g	0	A	omadussõna algvõrre	9	
seebi	seep	seep	['seep']	sg g	0	S	nimisõna	9	
retsept	retsept	retsept	['retsept']	sg n	0	S	nimisõna	9	
oli	olema	ole	['ole']	s	i	V	tegusõna	9	
ühele	üks	üks	['üks']	sg all	le	P	asesõna	9	
peasaali	peasaal	pea_saal	['pea', 'saal']	adt	0	S	nimisõna	9	
suuremale	suurem	suurem	['suurem']	sg all	le	C	omadussõna keskvõrre	9	
marmorpiilarile	marmorpiilar	marmor_piilar	['marmor', 'piilar']	sg all	le	S	nimisõna	9	
raiutud	raiuma|raiutud	raiu|raiu=tud	[['raiu'], ['raiutud'], ['raiutud'], ['raiutud']]	|pl n|sg n|tud	0|d|tud	A|V		9	
ja	ja	ja	['ja']		0	J	sidesõna	9	
tähthaaval	tähthaaval	täht_haaval	['täht', 'haaval']		0	D	määrsõna	9	
üle	üle	üle	['üle']		0	D	määrsõna	9	
kullatud	kuldama|kullatud	kulda|kulla=tud	[['kulda'], ['kullatud'], ['kullatud'], ['kullatud']]	|pl n|sg n|tud	0|d|tud	A|V		9	
.	.	.	['.']			Z	lausemärk	9	
Tõsi	tõsi	tõsi	['tõsi']	sg n	0	S	nimisõna	9	
küll	küll	küll	['küll']		0	D	määrsõna	9	
,	,	,	[',']			Z	lausemärk	9	
peale	peale	peale	['peale']		0	K	kaassõna	9	
suure	suur	suur	['suur']	sg g	0	A	omadussõna algvõrre	9	
lõkke	lõke	lõke	['lõke']	sg g	0	S	nimisõna	9	
,	,	,	[',']			Z	lausemärk	9	
katla	katel	katel	['katel']	sg g	0	S	nimisõna	9	
,	,	,	[',']			Z	lausemärk	9	
ja	ja	ja	['ja']		0	J	sidesõna	9	
sellesse	see	see	['see']	sg ill	sse	P	asesõna	9	
mahtuva	mahtuv	mahtuv	['mahtuv']	sg g	0	A	omadussõna algvõrre	9	
tädikoguse	tädikogus	tädi_kogus	['tädi', 'kogus']	sg g	0	S	nimisõna	9	
retseptis	retsept	retsept	['retsept']	sg in	s	S	nimisõna	9	
muid	muu	muu	['muu']	pl p	id	P	asesõna	9	
vajalikke	vajalik	vajalik	['vajalik']	pl p	e	A	omadussõna algvõrre	9	
komponente	komponent	komponent	['komponent']	pl p	e	S	nimisõna	9	
polnudki	olema	ole	['ole']	neg nud	nud	V	tegusõna	9	
,	,	,	[',']			Z	lausemärk	9	
aga	aga	aga	['aga']		0	J	sidesõna	9	
sadistpäkapikkud	sadistpäkapikku|sadistpäkapikkud	sadistpäkapikku|sadistpäkapikkud	[['sadistpäkapikku'], ['sadistpäkapikkud']]	pl n|sg n	0|d	S	nimisõna	9	
pole	olema	ole	['ole']	neg o	0	V	tegusõna	9	
kunagi	kunagi	kunagi	['kunagi']		0	D	määrsõna	9	
armastanud	armastama|armastanud	armasta|armasta=nud	[['armasta'], ['armastanud'], ['armastanud'], ['armastanud']]	|nud|pl n|sg n	0|d|nud	A|V		9	
lihtsaid	lihtne	lihtne	['lihtne']	pl p	id	A	omadussõna algvõrre	9	
asju	asi	asi	['asi']	pl p	u	S	nimisõna	9	
keeruliseks	keeruline	keeruline	['keeruline']	sg tr	ks	A	omadussõna algvõrre	9	
ajada	ajama	aja	['aja']	da	da	V	tegusõna	9	
.	.	.	['.']			Z	lausemärk	9	
Kaua	kaua	kaua	['kaua']		0	D	määrsõna	10	
tuha	tuhk	tuhk	['tuhk']	sg g	0	S	nimisõna	10	
all	all	all	['all']		0	K	kaassõna	10	
hõõgunud	hõõguma|hõõgunud	hõõgu|hõõgu=nud	[['hõõgu'], ['hõõgunud'], ['hõõgunud'], ['hõõgunud']]	|nud|pl n|sg n	0|d|nud	A|V		10	
jõuluvaenul	jõuluvaen	jõulu_vaen	['jõulu', 'vaen']	sg ad	l	S	nimisõna	10	
oli	olema	ole	['ole']	s	i	V	tegusõna	10	
teisigi	teine	teine	[['teine'], ['teine']]	pl p	0	O|P		10	
vilju	vili	vili	['vili']	pl p	u	S	nimisõna	10	
.	.	.	['.']			Z	lausemärk	10	
Igal	iga	iga	['iga']	sg ad	l	P	asesõna	10	
päkapikul	päkapikk	päka_pikk	['päka', 'pikk']	sg ad	l	S	nimisõna	10	
oli	olema	ole	['ole']	s	i	V	tegusõna	10	
välja	välja	välja	['välja']		0	D	määrsõna	10	
pakkuda	pakkuma	pakku	['pakku']	da	da	V	tegusõna	10	
mõni	mõni	mõni	['mõni']	sg n	0	P	asesõna	10	
eriti	eriti	eriti	['eriti']		0	D	määrsõna	10	
õel	õde	õde	['õde']	sg ad	l	S	nimisõna	10	
jõulurelv	jõulurelv	jõulu_relv	['jõulu', 'relv']	sg n	0	S	nimisõna	10	
:	:	:	[':']			Z	lausemärk	10	
pommikomm	pommikomm	pommi_komm	['pommi', 'komm']	sg n	0	S	nimisõna	10	
,	,	,	[',']			Z	lausemärk	10	
jõuluvanarauad	jõuluvanaraud	jõulu_vana_raud	['jõulu', 'vana', 'raud']	pl n	d	S	nimisõna	10	
,	,	,	[',']			Z	lausemärk	10	
purgeenpiparkoogid	purgeenpiparkook	purgeen_pipar_kook	['purgeen', 'pipar', 'kook']	pl n	d	S	nimisõna	10	
,	,	,	[',']			Z	lausemärk	10	
spetsiaalselt	spetsiaalselt	spetsiaalselt	['spetsiaalselt']		0	D	määrsõna	10	
aretatud	aretama|aretatud	areta|areta=tud	[['areta'], ['aretatud'], ['aretatud'], ['aretatud']]	|pl n|sg n|tud	0|d|tud	A|V		10	
maltoosaskarabeus	maltoosaskarabeus	maltoosa_skarabeus	['maltoosa', 'skarabeus']	sg n	0	S	nimisõna	10	
,	,	,	[',']			Z	lausemärk	10	
kaak	kaak	kaak	['kaak']	sg n	0	S	nimisõna	10	
,	,	,	[',']			Z	lausemärk	10	
mille	mis	mis	[['mis'], ['mis']]	pl g|sg g	0	P	asesõna	10	
jõuluterroriste	jõuluterrorist	jõulu_terrorist	['jõulu', 'terrorist']	pl p	e	S	nimisõna	10	
täisriputatud	täisriputatud	täis_riputa=tud	[['täis', 'riputatud'], ['täis', 'riputatud'], ['täis', 'riputatud']]	|pl n|sg n	0|d	A	omadussõna algvõrre	10	
rattakujuline	rattakujuline	ratta_kujuline	['ratta', 'kujuline']	sg n	0	A	omadussõna algvõrre	10	
kandemehhanism	kandemehhanism	kande_mehhanism	['kande', 'mehhanism']	sg n	0	S	nimisõna	10	
keereldes	keerlema	keerle	['keerle']	des	des	V	tegusõna	10	
tasast	tasane	tasane	['tasane']	sg p	t	A	omadussõna algvõrre	10	
jõulumuusikat	jõulumuusika	jõulu_muusika	['jõulu', 'muusika']	sg p	t	S	nimisõna	10	
tinistab	tinistama	tinista	['tinista']	b	b	V	tegusõna	10	
...	...	...	['...']			Z	lausemärk	10	
relvastus	relvastus	relvastus	['relvastus']	sg n	0	S	nimisõna	10	
tõotas	tõotama	tõota	['tõota']	s	s	V	tegusõna	10	
kujuneda	kujunema	kujune	['kujune']	da	da	V	tegusõna	10	
fantaasiarikkaks	fantaasiarikas	fantaasia_rikas	['fantaasia', 'rikas']	sg tr	ks	A	omadussõna algvõrre	10	
.	.	.	['.']			Z	lausemärk	10	
Kolmandal	kolmas	kolmas	['kolmas']	sg ad	l	O	järgarvsõna	11	
päeval	päev	päev	['päev']	sg ad	l	S	nimisõna	11	
võttis	võtma	võt	['võt']	s	is	V	tegusõna	11	
Kõige	kõige	kõige	['kõige']		0	D	määrsõna	11	
Peamine	peamine	peamine	['peamine']	sg n	0	A	omadussõna algvõrre	11	
Pealik	pealik	pealik	['pealik']	sg n	0	S	nimisõna	11	
lühidalt	lühidalt	lühidalt	['lühidalt']		0	D	määrsõna	11	
sõna	sõna	sõna	['sõna']	sg p	0	S	nimisõna	11	
.	.	.	['.']			Z	lausemärk	11	
(	(	(	['(']			Z	lausemärk	11	
Kuna	kuna	kuna	['kuna']		0	J	sidesõna	11	
kõik	kõik	kõik	[['kõik'], ['kõik']]	pl n|sg n	0	P	asesõna	11	
sadistpäkapikud	sadistpäkapikk	sadist_päka_pikk	['sadist', 'päka', 'pikk']	pl n	d	S	nimisõna	11	
on	olema	ole	[['ole'], ['ole']]	b|vad	0	V	tegusõna	11	
isiksused	isiksus	isiksus	['isiksus']	pl n	d	S	nimisõna	11	
,	,	,	[',']			Z	lausemärk	11	
on	olema	ole	[['ole'], ['ole']]	b|vad	0	V	tegusõna	11	
igaüks	igaüks	iga_üks	['iga', 'üks']	sg n	0	P	asesõna	11	
neist	tema	tema	['tema']	pl el	st	P	asesõna	11	
vähemalt	vähemalt	vähemalt	['vähemalt']		0	D	määrsõna	11	
Pealik	pealik	pealik	['pealik']	sg n	0	S	nimisõna	11	
,	,	,	[',']			Z	lausemärk	11	
mõned	mõni	mõni	['mõni']	pl n	d	P	asesõna	11	
vanemad	vanem	vanem	['vanem']	pl n	d	C	omadussõna keskvõrre	11	
ja	ja	ja	['ja']		0	J	sidesõna	11	
visamad	visam	visa=m	['visam']	pl n	d	C	omadussõna keskvõrre	11	
on	olema	ole	[['ole'], ['ole']]	b|vad	0	V	tegusõna	11	
Peamised	peamine	peamine	['peamine']	pl n	d	A	omadussõna algvõrre	11	
Pealikud	pealik	pealik	['pealik']	pl n	d	S	nimisõna	11	
.	.	.	['.']			Z	lausemärk	11	
Kõige	kõige	kõige	['kõige']		0	D	määrsõna	11	
Peamiseks	peamine	peamine	['peamine']	sg tr	ks	A	omadussõna algvõrre	11	
Pealikuks	pealik	pealik	['pealik']	sg tr	ks	S	nimisõna	11	
trügivad	trügima	trügi	['trügi']	vad	vad	V	tegusõna	11	
aga	aga	aga	['aga']		0	J	sidesõna	11	
ainult	ainult	ainult	['ainult']		0	D	määrsõna	11	
need	see	see	['see']	pl n	d	P	asesõna	11	
,	,	,	[',']			Z	lausemärk	11	
kes	kes	kes	[['kes'], ['kes']]	pl n|sg n	0	P	asesõna	11	
on	olema	ole	[['ole'], ['ole']]	b|vad	0	V	tegusõna	11	
kõva	kõva	kõva	['kõva']	sg g	0	A	omadussõna algvõrre	11	
tiitli	tiitel	tiitel	['tiitel']	sg g	0	S	nimisõna	11	
nimel	nimel	nimel	['nimel']		0	K	kaassõna	11	
nõus	nõus	nõus	['nõus']		0	D	määrsõna	11	
ka	ka	ka	['ka']		0	D	määrsõna	11	
väga	väga	väga	['väga']		0	D	määrsõna	11	
rahutu	rahutu	rahutu	['rahutu']	sg n	0	A	omadussõna algvõrre	11	
ja	ja	ja	['ja']		0	J	sidesõna	11	
väga	väga	väga	['väga']		0	D	määrsõna	11	
lühikese	lühike	lühike	['lühike']	sg g	0	A	omadussõna algvõrre	11	
eluga	elu	elu	['elu']	sg kom	ga	S	nimisõna	11	
.	.	.	['.']			Z	lausemärk	11	
)	)	)	[')']			Z	lausemärk	11	
""""	""""	""""	"['""']"			Z	lausemärk	12	
Me	mina	mina	['mina']	pl n	0	P	asesõna	12	
oleme	olema	ole	['ole']	me	me	V	tegusõna	12	
võimsad	võimas	võimas	['võimas']	pl n	d	A	omadussõna algvõrre	12	
sõjamehed	sõjamees	sõja_mees	['sõja', 'mees']	pl n	d	S	nimisõna	12	
!	!	!	['!']			Z	lausemärk	12	
""""	""""	""""	"['""']"			Z	lausemärk	12	
teatas	teatama	teata	['teata']	s	s	V	tegusõna	12	
Pealik	pealik	pealik	['pealik']	sg n	0	S	nimisõna	12	
.	.	.	['.']			Z	lausemärk	12	
""""	""""	""""	"['""']"			Z	lausemärk	12	
Need	see	see	['see']	pl n	d	P	asesõna	12	
,	,	,	[',']			Z	lausemärk	12	
kes	kes	kes	[['kes'], ['kes']]	pl n|sg n	0	P	asesõna	12	
meid	mina	mina	['mina']	pl p	d	P	asesõna	12	
käkerdavad	käkerdama	käkerda	['käkerda']	vad	vad	V	tegusõna	12	
,	,	,	[',']			Z	lausemärk	12	
nupsutavad	nupsutava	nupsu_tava	['nupsu', 'tava']	pl n	d	S	nimisõna	12	
ja	ja	ja	['ja']		0	J	sidesõna	12	
puputavad	puputava	pupu_tava	['pupu', 'tava']	pl n	d	S	nimisõna	12	
,	,	,	[',']			Z	lausemärk	12	
peavad	pidama	pida	['pida']	vad	vad	V	tegusõna	12	
saama	saama	saa	['saa']	ma	ma	V	tegusõna	12	
karistatud	karistama|karistatud	karista|karistatud	[['karista'], ['karistatud'], ['karistatud'], ['karistatud']]	|pl n|sg n|tud	0|d|tud	A|V		12	
!	!	!	['!']			Z	lausemärk	12	
Tädid	tädi	tädi	['tädi']	pl n	d	S	nimisõna	12	
peavad	pidama	pida	['pida']	vad	vad	V	tegusõna	12	
õppima	õppima	õppi	['õppi']	ma	ma	V	tegusõna	12	
,	,	,	[',']			Z	lausemärk	12	
et	et	et	['et']		0	J	sidesõna	12	
sadistpäkapiku	sadistpäkapikk	sadist_päka_pikk	['sadist', 'päka', 'pikk']	sg g	0	S	nimisõna	12	
habemest	habe	habe	['habe']	sg el	st	S	nimisõna	12	
pohli	pohl	pohl	['pohl']	pl p	i	S	nimisõna	12	
ei	ei	ei	['ei']	neg	0	V	tegusõna	12	
otsita	otsima	otsi	['otsi']	ta	ta	V	tegusõna	12	
!	!	!	['!']			Z	lausemärk	12	
""""	""""	""""	"['""']"			Z	lausemärk	12	
lõpetas	lõpetama	lõpeta	['lõpeta']	s	s	V	tegusõna	12	
ta	tema	tema	['tema']	sg n	0	P	asesõna	12	
väärikalt	väärikalt	väärikalt	['väärikalt']		0	D	määrsõna	12	
.	.	.	['.']			Z	lausemärk	12	
See	see	see	['see']	sg n	0	P	asesõna	12	
huvitav	huvitav	huvitav	['huvitav']	sg n	0	A	omadussõna algvõrre	12	
kujund	kujund	kujund	['kujund']	sg n	0	S	nimisõna	12	
jäi	jääma	jää	['jää']	s	i	V	tegusõna	12	
kuulajatele	kuulaja	kuulaja	['kuulaja']	pl all	tele	S	nimisõna	12	
küll	küll	küll	['küll']		0	D	määrsõna	12	
arusaamatuks	arusaamatu	aru_saamatu	['aru', 'saamatu']	sg tr	ks	A	omadussõna algvõrre	12	
,	,	,	[',']			Z	lausemärk	12	
kuigi	kuigi	kuigi	[['kuigi'], ['kuigi']]		0	D|J		12	
Pealik	pealik	pealik	['pealik']	sg n	0	S	nimisõna	12	
ütles	ütlema	ütle	['ütle']	s	s	V	tegusõna	12	
seda	see	see	['see']	sg p	da	P	asesõna	12	
sõna	sõna	sõna	['sõna']	sg p	0	S	nimisõna	12	
otseses	otsene	otsene	['otsene']	sg in	s	A	omadussõna algvõrre	12	
mõttes	mõte	mõte	['mõte']	sg in	s	S	nimisõna	12	
ja	ja	ja	['ja']		0	J	sidesõna	12	
ühe	ühe	ühe	['ühe']	sg n	0	S	nimisõna	12	
oma	oma	oma	['oma']	sg g	0	P	asesõna	12	
koledama	koledam	koleda=m	['koledam']	sg g	0	C	omadussõna keskvõrre	12	
kogemuse	kogemus	kogemus	['kogemus']	sg g	0	S	nimisõna	12	
najal	najal	najal	['najal']		0	K	kaassõna	12	
.	.	.	['.']			Z	lausemärk	12	
Pohlad	pohl	pohl	['pohl']	pl n	d	S	nimisõna	12	
või	või	või	['või']		0	J	sidesõna	12	
mitte	mitte	mitte	['mitte']		0	D	määrsõna	12	
,	,	,	[',']			Z	lausemärk	12	
aga	aga	aga	['aga']		0	J	sidesõna	12	
see	see	see	['see']	sg n	0	P	asesõna	12	
habemepilastus	habemepilastus	habeme_pilastus	['habeme', 'pilastus']	sg n	0	S	nimisõna	12	
tuleb	tulema	tule	['tule']	b	b	V	tegusõna	12	
lõpetada	lõpetama	lõpeta	['lõpeta']	da	da	V	tegusõna	12	
!	!	!	['!']			Z	lausemärk	12	
Valjude	Vali|Valju|Valjude	Vali|Valju|Valjude	[['Vali'], ['Valju'], ['Valjude']]	pl g|sg g	0|de	H	pärisnimi	13	
ovatsioonide	ovatsioon	ovatsioon	['ovatsioon']	pl g	de	S	nimisõna	13	
saatel	saatel	saatel	['saatel']		0	K	kaassõna	13	
kuulutas	kuulutama	kuuluta	['kuuluta']	s	s	V	tegusõna	13	
Kõige	kõige	kõige	['kõige']		0	D	määrsõna	13	
Peamine	peamine	peamine	['peamine']	sg n	0	A	omadussõna algvõrre	13	
Pealik	pealik	pealik	['pealik']	sg n	0	S	nimisõna	13	
vastupanuliikumise	vastupanuliikumine	vastu_panu_liikumine	['vastu', 'panu', 'liikumine']	sg g	0	S	nimisõna	13	
ametlikult	ametlikult	ametlikult	['ametlikult']		0	D	määrsõna	13	
avatuks	avatud	avatud	['avatud']	sg tr	ks	A	omadussõna algvõrre	13	
.	.	.	['.']			Z	lausemärk	13	
Peamiseks	peamine	peamine	['peamine']	sg tr	ks	A	omadussõna algvõrre	13	
strateegiaks	strateegia	strateegia	['strateegia']	sg tr	ks	S	nimisõna	13	
sai	saama	saa	['saa']	s	i	V	tegusõna	13	
,	,	,	[',']			Z	lausemärk	13	
eks	eks	eks	['eks']		0	D	määrsõna	13	
ikka	ikka	ikka	['ikka']		0	D	määrsõna	13	
selle	see	see	['see']	sg g	0	P	asesõna	13	
tõttu	tõttu	tõttu	['tõttu']		0	K	kaassõna	13	
,	,	,	[',']			Z	lausemärk	13	
et	et	et	['et']		0	J	sidesõna	13	
iga	iga	iga	['iga']	sg n	0	P	asesõna	13	
sadistpäkapikk	sadistpäkapikk	sadist_päka_pikk	['sadist', 'päka', 'pikk']	sg n	0	S	nimisõna	13	
on	olema	ole	[['ole'], ['ole']]	b|vad	0	V	tegusõna	13	
loovisiksus	loovisiksus	loov_isiksus	['loov', 'isiksus']	sg n	0	S	nimisõna	13	
,	,	,	[',']			Z	lausemärk	13	
igamehe	igamees	iga_mees	['iga', 'mees']	sg g	0	S	nimisõna	13	
iseseisev	iseseisev	ise_seisev	['ise', 'seisev']	sg n	0	A	omadussõna algvõrre	13	
rünnak	rünnak	rünnak	['rünnak']	sg n	0	S	nimisõna	13	
vabas	vaba	vaba	['vaba']	sg in	s	A	omadussõna algvõrre	13	
stiilis	stiil	stiil	['stiil']	sg in	s	S	nimisõna	13	
.	.	.	['.']			Z	lausemärk	13	
Rahvas	rahvas	rahvas	['rahvas']	sg n	0	S	nimisõna	13	
oli	olema	ole	['ole']	s	i	V	tegusõna	13	
otsusega	otsus	otsus	['otsus']	sg kom	ga	S	nimisõna	13	
rahul	rahul	rahul	['rahul']		0	D	määrsõna	13	
,	,	,	[',']			Z	lausemärk	13	
täristas	täristama	tärista	['tärista']	s	s	V	tegusõna	13	
verejanuliselt	verejanuliselt	vere_janulise=lt	['vere', 'januliselt']		0	D	määrsõna	13	
relvi	relv	relv	['relv']	pl p	i	S	nimisõna	13	
ja	ja	ja	['ja']		0	J	sidesõna	13	
jooksis	jooksma	jooks	['jooks']	s	is	V	tegusõna	13	
organiseeritult	organiseeritult	organiseeritult	['organiseeritult']		0	D	määrsõna	13	
laiali	laiali	laiali	['laiali']		0	D	määrsõna	13	
.	.	.	['.']			Z	lausemärk	13	
Sadistpäkapikkude	sadistpäkapikk	sadist_päka_pikk	['sadist', 'päka', 'pikk']	pl g	de	S	nimisõna	14	
rünnak	rünnak	rünnak	['rünnak']	sg n	0	S	nimisõna	14	
oli	olema	ole	['ole']	s	i	V	tegusõna	14	
ootamatu	ootamatu	ootamatu	['ootamatu']	sg n	0	A	omadussõna algvõrre	14	
ja	ja	ja	['ja']		0	J	sidesõna	14	
võimas	võimas	võimas	['võimas']	sg n	0	A	omadussõna algvõrre	14	
.	.	.	['.']			Z	lausemärk	14	
Nad	tema	tema	['tema']	pl n	d	P	asesõna	14	
haarasid	haarama	haara	['haara']	sid	sid	V	tegusõna	14	
enda	ise	ise	['ise']	sg g	0	P	asesõna	14	
kätte	kätte	kätte	['kätte']		0	K	kaassõna	14	
kõik	kõik	kõik	[['kõik'], ['kõik']]	pl n|sg n	0	P	asesõna	14	
rinded	rinne	rinne	['rinne']	pl n	d	S	nimisõna	14	
ning	ning	ning	['ning']		0	J	sidesõna	14	
ei	ei	ei	['ei']	neg	0	V	tegusõna	14	
kohanud	kohama|kohanud|kohtama	koha|koha=nud|kohta	[['kohta'], ['koha'], ['kohanud'], ['kohanud'], ['kohanud']]	|nud|pl n|sg n	0|d|nud	A|V		14	
peaaegu	peaaegu	pea_aegu	['pea', 'aegu']		0	D	määrsõna	14	
mingit	mingi	mingi	['mingi']	sg p	t	P	asesõna	14	
vastupanu	vastupanu	vastu_panu	['vastu', 'panu']	sg p	0	S	nimisõna	14	
.	.	.	['.']			Z	lausemärk	14	
See	see	see	['see']	sg n	0	P	asesõna	14	
oleks	olema	ole	['ole']	ks	ks	V	tegusõna	14	
olnud	olema|olnud	ol=nud|ole	[['olnud'], ['olnud'], ['olnud'], ['ole']]	|nud|pl n|sg n	0|d|nud	A|V		14	
suurepärane	suurepärane	suure_pärane	['suure', 'pärane']	sg n	0	A	omadussõna algvõrre	14	
võit	võit	võit	['võit']	sg n	0	S	nimisõna	14	
.	.	.	['.']			Z	lausemärk	14	
Oleks	olema	ole	['ole']	ks	ks	V	tegusõna	14	
...	...	...	['...']			Z	lausemärk	14	
Kui	kui	kui	[['kui'], ['kui']]		0	D|J		14	
poleks	olema	ole	['ole']	neg ks	ks	V	tegusõna	14	
ühte	üks	üks	['üks']	sg p	0	P	asesõna	14	
saatuslikku	saatuslik	saatuslik	['saatuslik']	sg p	0	A	omadussõna algvõrre	14	
valearvestust	valearvestus	vale_arvestus	['vale', 'arvestus']	sg p	t	S	nimisõna	14	
.	.	.	['.']			Z	lausemärk	14	
Sadistpäkapikud	Sadistpäkapikk	Sadist_päka_pikk	[['Sadist', 'päka', 'pikk'], ['Sadist', 'päka', 'pikk']]	pl n	d	H	pärisnimi	14	
ei	ei	ei	['ei']	neg	0	V	tegusõna	14	
arvestanud	arvestama|arvestanud	arvesta|arvesta=nud	[['arvesta'], ['arvestanud'], ['arvestanud'], ['arvestanud']]	|nud|pl n|sg n	0|d|nud	A|V		14	
ühe	üks	üks	['üks']	sg g	0	P	asesõna	14	
hirmuäratava	hirmuäratav	hirmu_äratav	['hirmu', 'äratav']	sg g	0	A	omadussõna algvõrre	14	
loodusjõuga	loodusjõud	loodus_jõud	['loodus', 'jõud']	sg kom	ga	S	nimisõna	14	
—	-	-	['-']			Z	lausemärk	14	
jõuluhullusega	jõuluhullus	jõulu_hullus	['jõulu', 'hullus']	sg kom	ga	S	nimisõna	14	
.	.	.	['.']			Z	lausemärk	14	
Võimsate	võimas	võimas	['võimas']	pl g	te	A	omadussõna algvõrre	15	
vägede	vägi	vägi	['vägi']	pl g	de	S	nimisõna	15	
haledad	hale	hale	['hale']	pl n	d	A	omadussõna algvõrre	15	
riismed	riismed	riismed	['riismed']	pl n	d	S	nimisõna	15	
kogunesid	kogunema	kogune	['kogune']	sid	sid	V	tegusõna	15	
nõupidamistesaali	nõupidamistesaal	nõu_pidamis+te_saal	['nõu', 'pidamiste', 'saal']	sg p	0	S	nimisõna	15	
.	.	.	['.']			Z	lausemärk	15	
Aeg-ajalt	aeg-ajalt	aeg-ajalt	['aeg', 'ajalt']		0	D	määrsõna	15	
luukas	luukama	luuka	['luuka']	s	s	V	tegusõna	15	
mõni	mõni	mõni	['mõni']	sg n	0	P	asesõna	15	
sant	sant	sant	['sant']	sg n	0	S	nimisõna	15	
lisaks	lisa	lisa	['lisa']	sg tr	ks	S	nimisõna	15	
,	,	,	[',']			Z	lausemärk	15	
käsi	käsi	käsi	['käsi']	sg n	0	S	nimisõna	15	
kaelas	kael	kael	['kael']	sg in	s	S	nimisõna	15	
,	,	,	[',']			Z	lausemärk	15	
kark	kark	kark	['kark']	sg n	0	S	nimisõna	15	
kaenlas	kaenal	kaenal	['kaenal']	sg in	s	S	nimisõna	15	
ja	ja	ja	['ja']		0	J	sidesõna	15	
silmad	silm	silm	['silm']	pl n	d	S	nimisõna	15	
maas	maas	maas	['maas']		0	D	määrsõna	15	
.	.	.	['.']			Z	lausemärk	15	
Jõuluhullus	jõuluhullus	jõulu_hullus	['jõulu', 'hullus']	sg n	0	S	nimisõna	15	
oli	olema	ole	['ole']	s	i	V	tegusõna	15	
suurejoonelistele	suurejooneline	suure_jooneline	['suure', 'jooneline']	pl all	tele	A	omadussõna algvõrre	15	
kättemaksuplaanidele	kättemaksuplaan	kätte_maksu_plaan	['kätte', 'maksu', 'plaan']	pl all	dele	S	nimisõna	15	
kriipsu	kriips	kriips	['kriips']	sg g	0	S	nimisõna	15	
peale	peale	peale	['peale']		0	K	kaassõna	15	
tõmmanud	tõmbama|tõmmanud	tõmba|tõmma=nud	[['tõmba'], ['tõmmanud'], ['tõmmanud'], ['tõmmanud']]	|nud|pl n|sg n	0|d|nud	A|V		15	
.	.	.	['.']			Z	lausemärk	15	
Nukralt	nukralt	nukralt	['nukralt']		0	D	määrsõna	16	
meenutati	meenutama	meenuta	['meenuta']	ti	ti	V	tegusõna	16	
langenud	langema|langenud	lange|langenud	[['lange'], ['langenud'], ['langenud'], ['langenud']]	|nud|pl n|sg n	0|d|nud	A|V		16	
kangelasi	kangelane	kangelane	['kangelane']	pl p	i	S	nimisõna	16	
ja	ja	ja	['ja']		0	J	sidesõna	16	
nende	see	see	['see']	pl g	de	P	asesõna	16	
vägitegusid	vägitegu	vägi_tegu	['vägi', 'tegu']	pl p	sid	S	nimisõna	16	
...	...	...	['...']			Z	lausemärk	16	
Õllevaadis	õllevaat	õlle_vaat	['õlle', 'vaat']	sg in	s	S	nimisõna	17	
kihavaid	kihav	kiha=v	['kihav']	pl p	id	A	omadussõna algvõrre	17	
maltoosaskarabeuseid	maltoosaskarabeus	maltoosa_skarabeus	['maltoosa', 'skarabeus']	pl p	id	S	nimisõna	17	
ei	ei	ei	['ei']	neg	0	V	tegusõna	17	
pannud	panema|pannud	pan=nud|pane	[['pannud'], ['pannud'], ['pannud'], ['pane']]	|nud|pl n|sg n	0|d|nud	A|V		17	
humalased	humalane	humalane	['humalane']	pl n	d	A	omadussõna algvõrre	17	
mehepojad	mehepoeg	mehe_poeg	['mehe', 'poeg']	pl n	d	S	nimisõna	17	
tähelegi	tähele	tähele	['tähele']		0	X	verbi juurde kuuluv sõna	17	
...	...	...	['...']			Z	lausemärk	17	
Hõiskasid	hõiskama	hõiska	['hõiska']	sid	sid	V	tegusõna	17	
aga	aga	aga	['aga']		0	J	sidesõna	17	
laule	laul	laul	['laul']	pl p	e	S	nimisõna	17	
laulda	laulma	laul	['laul']	da	da	V	tegusõna	17	
ja	ja	ja	['ja']		0	J	sidesõna	17	
kummutasid	kummutama	kummuta	['kummuta']	sid	sid	V	tegusõna	17	
kappa	kapp	kapp	['kapp']	adt	0	S	nimisõna	17	
,	,	,	[',']			Z	lausemärk	17	
ise	ise	ise	[['ise'], ['ise']]	pl n|sg n	0	P	asesõna	17	
kiitsid	kiitma	kiit	['kiit']	sid	sid	V	tegusõna	17	
perenaist	perenaine	pere_naine	['pere', 'naine']	sg p	t	S	nimisõna	17	
,	,	,	[',']			Z	lausemärk	17	
kes	kes	kes	[['kes'], ['kes']]	pl n|sg n	0	P	asesõna	17	
õlle	õlu	õlu	['õlu']	sg g	0	S	nimisõna	17	
sisse	sisse	sisse	['sisse']		0	K	kaassõna	17	
mahlaseid	mahlane	mahlane	['mahlane']	pl p	id	A	omadussõna algvõrre	17	
rosinaid	rosin	rosin	['rosin']	pl p	id	S	nimisõna	17	
mõistis	mõistma	mõist	['mõist']	s	is	V	tegusõna	17	
visata	viskama	viska	['viska']	da	ta	V	tegusõna	17	
.	.	.	['.']			Z	lausemärk	17	
Laua	laud	laud	['laud']	sg g	0	S	nimisõna	17	
all	all	all	['all']		0	K	kaassõna	17	
võimetust	võimetu	võimetu	['võimetu']	sg el	st	A	omadussõna algvõrre	17	
vihast	viha|viht	viha|viht	[['viht'], ['viha']]	sg el	st	S	nimisõna	17	
podisev	podisev	podise=v	['podisev']	sg n	0	A	omadussõna algvõrre	17	
sadistpäkapikk	sadistpäkapikk	sadist_päka_pikk	['sadist', 'päka', 'pikk']	sg n	0	S	nimisõna	17	
sidus	siduma	sidu	['sidu']	s	s	V	tegusõna	17	
kättemaksuks	kättemaks	kätte_maks	['kätte', 'maks']	sg tr	ks	S	nimisõna	17	
meeste	mees	mees	['mees']	pl g	te	S	nimisõna	17	
kingapaelad	kingapael	kinga_pael	['kinga', 'pael']	pl n	d	S	nimisõna	17	
kokku	kokku	kokku	['kokku']		0	D	määrsõna	17	
,	,	,	[',']			Z	lausemärk	17	
kuid	kuid	kuid	['kuid']		0	J	sidesõna	17	
need	see	see	['see']	pl n	d	P	asesõna	17	
jumalavallatud	jumalavallatu	jumala_vallatu	['jumala', 'vallatu']	pl n	d	A	omadussõna algvõrre	17	
ei	ei	ei	['ei']	neg	0	V	tegusõna	17	
mõelnudki	mõtlema	mõtle	['mõtle']	nud	nud	V	tegusõna	17	
püsti	püsti	püsti	['püsti']		0	D	määrsõna	17	
karata	kargama	karga	['karga']	da	ta	V	tegusõna	17	
ja	ja	ja	['ja']		0	J	sidesõna	17	
kaklusse	kaklus	kaklus	['kaklus']	adt	se	S	nimisõna	17	
asuda	asuma	asu	['asu']	da	da	V	tegusõna	17	
,	,	,	[',']			Z	lausemärk	17	
vaid	vaid	vaid	['vaid']		0	J	sidesõna	17	
jäid	jääma	jää	['jää']	sid	id	V	tegusõna	17	
sinnasamma	sinnasamma	sinna_samma	['sinna', 'samma']		0	D	määrsõna	17	
norisema	norisema	norise	['norise']	ma	ma	V	tegusõna	17	
.	.	.	['.']			Z	lausemärk	17	
Ärkasid	ärkama	ärka	['ärka']	sid	sid	V	tegusõna	17	
aga	aga	aga	['aga']		0	J	sidesõna	17	
hommikul	hommik	hommik	['hommik']	sg ad	l	S	nimisõna	17	
uuesti	uuesti	uuesti	['uuesti']		0	D	määrsõna	17	
,	,	,	[',']			Z	lausemärk	17	
et	et	et	['et']		0	J	sidesõna	17	
järgmist	järgmine	järgmine	['järgmine']	sg p	t	A	omadussõna algvõrre	17	
kapatäit	kapatäis	kapa_täis	['kapa', 'täis']	sg p	t	S	nimisõna	17	
nõuda	nõudma	nõud	['nõud']	da	a	V	tegusõna	17	
.	.	.	['.']			Z	lausemärk	17	
Ja	ja	ja	['ja']		0	J	sidesõna	17	
nii	nii	nii	['nii']		0	D	määrsõna	17	
päevast	päev	päev	['päev']	sg el	st	S	nimisõna	17	
päeva	päev	päev	['päev']	sg p	0	S	nimisõna	17	
...	...	...	['...']			Z	lausemärk	17	
Kangete	kange	kange	['kange']	pl g	te	A	omadussõna algvõrre	17	
koduõlleaurude	koduõlleaur	kodu_õlle_aur	['kodu', 'õlle', 'aur']	pl g	de	S	nimisõna	17	
kätte	käsi	käsi	['käsi']	adt	tte	S	nimisõna	17	
too	too	too	['too']	sg n	0	P	asesõna	17	
vaene	vaene	vaene	['vaene']	sg n	0	A	omadussõna algvõrre	17	
päkapikk	päkapikk	päka_pikk	['päka', 'pikk']	sg n	0	S	nimisõna	17	
langeski	langema	lange	['lange']	s	s	V	tegusõna	17	
.	.	.	['.']			Z	lausemärk	17	
Purgeenpiparkoogid	purgeenpiparkook	purgeen_pipar_kook	['purgeen', 'pipar', 'kook']	pl n	d	S	nimisõna	18	
läksid	minema	mine	['mine']	sid	sid	V	tegusõna	18	
poes	pood	pood	['pood']	sg in	s	S	nimisõna	18	
nagu	nagu	nagu	[['nagu'], ['nagu']]		0	D|J		18	
soojad	soe	soe	['soe']	pl n	d	A	omadussõna algvõrre	18	
saiad	sai	sai	['sai']	pl n	d	S	nimisõna	18	
.	.	.	['.']			Z	lausemärk	18	
Kui	kui	kui	[['kui'], ['kui']]		0	D|J		18	
relva	relv	relv	['relv']	sg g	0	S	nimisõna	18	
leiutaja	leiutaja	leiutaja	['leiutaja']	sg g	0	S	nimisõna	18	
kõrvu	kõrv	kõrv	['kõrv']	pl p	u	S	nimisõna	18	
jõudis	jõudma	jõud	['jõud']	s	is	V	tegusõna	18	
,	,	,	[',']			Z	lausemärk	18	
et	et	et	['et']		0	J	sidesõna	18	
neid	tema	tema	['tema']	pl p	d	P	asesõna	18	
tarvitatakse	tarvitama	tarvita	['tarvita']	takse	takse	V	tegusõna	18	
liigsöömisest	liigsöömine	liig_söömine	['liig', 'söömine']	sg el	st	S	nimisõna	18	
tekkivate	tekkiv	tekkiv	['tekkiv']	pl g	te	A	omadussõna algvõrre	18	
seedehäirete	seedehäire	seede_häire	['seede', 'häire']	pl g	te	S	nimisõna	18	
leevendamiseks	leevendamine	leevendamine	['leevendamine']	sg tr	ks	S	nimisõna	18	
,	,	,	[',']			Z	lausemärk	18	
ei	ei	ei	['ei']	neg	0	V	tegusõna	18	
olnud	olema|olnud	ol=nud|ole	[['olnud'], ['olnud'], ['olnud'], ['ole']]	|nud|pl n|sg n	0|d|nud	A|V		18	
mehest	mees	mees	['mees']	sg el	st	S	nimisõna	18	
enam	enam	enam	['enam']		0	D	määrsõna	18	
sõdijat	sõdija	sõdija	['sõdija']	sg p	t	S	nimisõna	18	
.	.	.	['.']			Z	lausemärk	18	
Murtud	murdma|murtud	mur=tud|murd	[['murtud'], ['murtud'], ['murtud'], ['murd']]	|pl n|sg n|tud	0|d|tud	A|V		18	
päkapikk	päkapikk	päka_pikk	['päka', 'pikk']	sg n	0	S	nimisõna	18	
läks	minema	mine	['mine']	s	s	V	tegusõna	18	
Piinade	piin	piin	['piin']	pl g	de	S	nimisõna	18	
Aeda	aed	aed	['aed']	adt	0	S	nimisõna	18	
närve	närv	närv	['närv']	pl p	e	S	nimisõna	18	
tohterdama	tohterdama	tohterda	['tohterda']	ma	ma	V	tegusõna	18	
ja	ja	ja	['ja']		0	J	sidesõna	18	
peagi	peagi	peagi	['peagi']		0	D	määrsõna	18	
pakkus	pakkuma	pakku	['pakku']	s	s	V	tegusõna	18	
talle	tema	tema	['tema']	sg all	lle	P	asesõna	18	
seal	seal	seal	['seal']		0	D	määrsõna	18	
seltsi	selts	selts	['selts']	sg g	0	S	nimisõna	18	
ka	ka	ka	['ka']		0	D	määrsõna	18	
päkapikkude	päkapikk	päka_pikk	['päka', 'pikk']	pl g	de	S	nimisõna	18	
lõksumeister	lõksumeister	lõksu_meister	['lõksu', 'meister']	sg n	0	S	nimisõna	18	
.	.	.	['.']			Z	lausemärk	18	
Nimelt	nimelt	nimelt	['nimelt']		0	D	määrsõna	19	
tervitasid	tervitama	tervita	['tervita']	sid	sid	V	tegusõna	19	
pereisad	pereisa	pere_isa	['pere', 'isa']	pl n	d	S	nimisõna	19	
uste	uks	uks	['uks']	pl g	te	S	nimisõna	19	
taha	taha	taha	['taha']		0	K	kaassõna	19	
peidetud	peidetud|peitma	peidetud|peit	[['peit'], ['peidetud'], ['peidetud'], ['peidetud']]	|pl n|sg n|tud	0|d|tud	A|V		19	
jõuluvanaraudu	jõuluvanaraud	jõulu_vana_raud	['jõulu', 'vana', 'raud']	pl p	u	S	nimisõna	19	
madalahäälsete	madalahäälne	madala_häälne	['madala', 'häälne']	pl g	te	A	omadussõna algvõrre	19	
rõõmuhõisetega	rõõmuhõise	rõõmu_hõise	['rõõmu', 'hõise']	pl kom	tega	S	nimisõna	19	
ja	ja	ja	['ja']		0	J	sidesõna	19	
kasutasid	kasutama	kasuta	['kasuta']	sid	sid	V	tegusõna	19	
neid	see	see	['see']	pl p	d	P	asesõna	19	
kuusepuude	kuusepuu	kuuse_puu	['kuuse', 'puu']	pl g	de	S	nimisõna	19	
püstiseadmiseks	püstiseadmine	püsti_seadmine	['püsti', 'seadmine']	sg tr	ks	S	nimisõna	19	
.	.	.	['.']			Z	lausemärk	19	
Raudadel	raud	raud	['raud']	pl ad	del	S	nimisõna	19	
olid	olema	ole	['ole']	sid	id	V	tegusõna	19	
head	hea	hea	['hea']	pl n	d	A	omadussõna algvõrre	19	
teravad	terav	terav	['terav']	pl n	d	A	omadussõna algvõrre	19	
hambad	hammas	hammas	['hammas']	pl n	d	S	nimisõna	19	
ja	ja	ja	['ja']		0	J	sidesõna	19	
ükski	üks	üks	['üks']	sg n	0	P	asesõna	19	
kuusk	kuusk	kuusk	['kuusk']	sg n	0	S	nimisõna	19	
,	,	,	[',']			Z	lausemärk	19	
vabandust	vabandust	vabandust	['vabandust']		0	I	hüüdsõna	19	
,	,	,	[',']			Z	lausemärk	19	
jõuluvana	jõuluvana	jõulu_vana	['jõulu', 'vana']	sg n	0	S	nimisõna	19	
,	,	,	[',']			Z	lausemärk	19	
ei	ei	ei	['ei']	neg	0	V	tegusõna	19	
oleks	olema	ole	['ole']	ks	ks	V	tegusõna	19	
end	ise	ise	['ise']	sg p	0	P	asesõna	19	
suutnud	suutma|suutnud	suut|suut=nud	[['suut'], ['suutnud'], ['suutnud'], ['suutnud']]	|nud|pl n|sg n	0|d|nud	A|V		19	
raudade	raud	raud	['raud']	pl g	de	S	nimisõna	19	
haardest	haare	haare	['haare']	sg el	st	S	nimisõna	19	
vabaks	vaba	vaba	['vaba']	sg tr	ks	A	omadussõna algvõrre	19	
võidelda	võitlema	võitle	['võitle']	da	da	V	tegusõna	19	
.	.	.	['.']			Z	lausemärk	19	
Keerleva	Keerlev|Keerleva	Keerlev|Keerleva	[['Keerlev'], ['Keerleva']]	sg g	0	H	pärisnimi	20	
kaagi	kaak	kaak	['kaak']	sg g	0	S	nimisõna	20	
sättisid	sättima	sätti	['sätti']	sid	sid	V	tegusõna	20	
sadistpäkapikud	sadistpäkapikk	sadist_päka_pikk	['sadist', 'päka', 'pikk']	pl n	d	S	nimisõna	20	
üles	üles	üles	['üles']		0	D	määrsõna	20	
ühe	ühe	ühe	['ühe']	sg n	0	S	nimisõna	20	
rahvarohke	rahvarohke	rahva_rohke	['rahva', 'rohke']	sg n	0	A	omadussõna algvõrre	20	
linna	linn	linn	['linn']	sg g	0	S	nimisõna	20	
raeplatsile	raeplats	rae_plats	['rae', 'plats']	sg all	le	S	nimisõna	20	
,	,	,	[',']			Z	lausemärk	20	
et	et	et	['et']		0	J	sidesõna	20	
selle	see	see	['see']	sg g	0	P	asesõna	20	
rafineeritult	rafineeritu	rafineeritu	['rafineeritu']	sg abl	lt	S	nimisõna	20	
võika	võigas	võigas	['võigas']	sg g	0	A	omadussõna algvõrre	20	
atraktsiooniga	atraktsioon	atraktsioon	['atraktsioon']	sg kom	ga	S	nimisõna	20	
jõulumeeleolu	jõulumeeleolu	jõulu_meele_olu	['jõulu', 'meele', 'olu']	sg g	0	S	nimisõna	20	
laastada	laastada	laastada	['laastada']	sg n	0	S	nimisõna	20	
.	.	.	['.']			Z	lausemärk	20	
Paraku	paraku	paraku	['paraku']		0	D	määrsõna	20	
saatis	saatma	saat	['saat']	s	is	V	tegusõna	20	
neidki	tema	tema	['tema']	pl p	d	P	asesõna	20	
kuulsusetu	kuulsusetu	kuulsusetu	['kuulsusetu']	sg n	0	A	omadussõna algvõrre	20	
läbikukkumine	läbikukkumine	läbi_kukkumine	['läbi', 'kukkumine']	sg n	0	S	nimisõna	20	
.	.	.	['.']			Z	lausemärk	20	
Esimesed	esimene	esimene	['esimene']	pl n	d	O	järgarvsõna	20	
möödujad	mööduja	mööduja	['mööduja']	pl n	d	S	nimisõna	20	
küll	küll	küll	['küll']		0	D	määrsõna	20	
ehmusid	ehmuma	ehmu	['ehmu']	sid	sid	V	tegusõna	20	
tilpnevate	tilpnev	tilpne=v	['tilpnev']	pl g	te	A	omadussõna algvõrre	20	
keeltega	keel	keel	['keel']	pl kom	tega	S	nimisõna	20	
pooduid	poodu	poodu	['poodu']	pl p	id	S	nimisõna	20	
nähes	nägema	näge	['näge']	des	es	V	tegusõna	20	
,	,	,	[',']			Z	lausemärk	20	
kuid	kuid	kuid	['kuid']		0	J	sidesõna	20	
niipea	niipea	nii_pea	['nii', 'pea']		0	D	määrsõna	20	
,	,	,	[',']			Z	lausemärk	20	
kui	kui	kui	[['kui'], ['kui']]		0	D|J		20	
ratta	ratas	ratas	['ratas']	sg g	0	S	nimisõna	20	
all	all	all	['all']		0	K	kaassõna	20	
süttisid	süttima	sütti	['sütti']	sid	sid	V	tegusõna	20	
tulukesed	tuluke	tuluke	['tuluke']	pl n	d	S	nimisõna	20	
ja	ja	ja	['ja']		0	J	sidesõna	20	
kaak	kaak	kaak	['kaak']	sg n	0	S	nimisõna	20	
hakkas	hakkama	hakka	['hakka']	s	s	V	tegusõna	20	
pooduid	poodu	poodu	['poodu']	pl p	id	S	nimisõna	20	
tasakesi	tasakesi	tasakesi	['tasakesi']		0	D	määrsõna	20	
keerutades	keerutama	keeruta	['keeruta']	des	des	V	tegusõna	20	
jõululaulu	jõululaul	jõulu_laul	['jõulu', 'laul']	sg p	0	S	nimisõna	20	
tinistama	tinistama	tinista	['tinista']	ma	ma	V	tegusõna	20	
,	,	,	[',']			Z	lausemärk	20	
rauges	raugema	rauge	['rauge']	s	s	V	tegusõna	20	
paanika	paanika	paanika	['paanika']	sg n	0	S	nimisõna	20	
.	.	.	['.']			Z	lausemärk	20	
Publiku	publik	publik	['publik']	sg g	0	S	nimisõna	20	
silmad	silm	silm	['silm']	pl n	d	S	nimisõna	20	
muutusid	muutuma	muutu	['muutu']	sid	sid	V	tegusõna	20	
uduseks	udune	udune	['udune']	sg tr	ks	A	omadussõna algvõrre	20	
,	,	,	[',']			Z	lausemärk	20	
näod	nägu	nägu	['nägu']	pl n	d	S	nimisõna	20	
vajusid	vajuma	vaju	['vaju']	sid	sid	V	tegusõna	20	
naerule	naer	naer	['naer']	sg all	le	S	nimisõna	20	
ning	ning	ning	['ning']		0	J	sidesõna	20	
rahvas	rahvas	rahvas	['rahvas']	sg n	0	S	nimisõna	20	
hakkas	hakkama	hakka	['hakka']	s	s	V	tegusõna	20	
innukalt	innukalt	innukalt	['innukalt']		0	D	määrsõna	20	
kaasa	kaasa	kaasa	['kaasa']		0	D	määrsõna	20	
laulma	laulma	laul	['laul']	ma	ma	V	tegusõna	20	
.	.	.	['.']			Z	lausemärk	20	
Inimesi	inimene	inimene	['inimene']	pl p	i	S	nimisõna	20	
tuli	tulema	tule	['tule']	s	i	V	tegusõna	20	
üha	üha	üha	['üha']		0	D	määrsõna	20	
juurde	juurde	juurde	['juurde']		0	D	määrsõna	20	
,	,	,	[',']			Z	lausemärk	20	
kõik	kõik	kõik	[['kõik'], ['kõik']]	pl n|sg n	0	P	asesõna	20	
äraseletatud	äraseletatud	ära_seletatud	[['ära', 'seletatud'], ['ära', 'seletatud'], ['ära', 'seletatud']]	|pl n|sg n	0|d	A	omadussõna algvõrre	20	
ilmega	ilme	ilme	['ilme']	sg kom	ga	S	nimisõna	20	
.	.	.	['.']			Z	lausemärk	20	
Hajameelselt	hajameelselt	haja_meelselt	['haja', 'meelselt']		0	D	määrsõna	20	
tallati	tallama	talla	['talla']	ti	ti	V	tegusõna	20	
maha	maha	maha	['maha']		0	D	määrsõna	20	
mõned	mõni	mõni	['mõni']	pl n	d	P	asesõna	20	
kerjused	kerjus	kerjus	['kerjus']	pl n	d	S	nimisõna	20	
,	,	,	[',']			Z	lausemärk	20	
kaks	kaks	kaks	['kaks']	sg n	0	N	põhiarvsõna	20	
vanamutti	vanamutt	vana_mutt	['vana', 'mutt']	sg p	0	S	nimisõna	20	
ja	ja	ja	['ja']		0	J	sidesõna	20	
üks	üks	üks	['üks']	sg n	0	P	asesõna	20	
päkapikk	päkapikk	päka_pikk	['päka', 'pikk']	sg n	0	S	nimisõna	20	
.	.	.	['.']			Z	lausemärk	20	
Kui	kui	kui	[['kui'], ['kui']]		0	D|J		20	
inimesed	inimene	inimene	['inimene']	pl n	d	S	nimisõna	20	
ilmutusele	ilmutus	ilmutus	['ilmutus']	sg all	le	S	nimisõna	20	
järgneval	järgnev	järgnev	['järgnev']	sg ad	l	A	omadussõna algvõrre	20	
päeval	päev	päev	['päev']	sg ad	l	S	nimisõna	20	
veidi	veidi	veidi	['veidi']		0	D	määrsõna	20	
kainenenuna	kainenenu	kainene=nu	['kainenenu']	sg es	na	S	nimisõna	20	
leidsid	leidma	leid	['leid']	sid	sid	V	tegusõna	20	
,	,	,	[',']			Z	lausemärk	20	
et	et	et	['et']		0	J	sidesõna	20	
rüseluses	rüselus	rüselus	['rüselus']	sg in	s	S	nimisõna	20	
oli	olema	ole	['ole']	s	i	V	tegusõna	20	
ka	ka	ka	['ka']		0	D	määrsõna	20	
hukkasaanuid	hukkasaanu	hukka_saa=nu	['hukka', 'saanu']	pl p	id	S	nimisõna	20	
,	,	,	[',']			Z	lausemärk	20	
kuulutati	kuulutama	kuuluta	['kuuluta']	ti	ti	V	tegusõna	20	
need	see	see	['see']	pl n	d	P	asesõna	20	
pikemalt	pikemalt	pikemalt	['pikemalt']		0	D	määrsõna	20	
kaalumata	kaalumata	kaalumata	['kaalumata']		0	A	omadussõna algvõrre	20	
pühakuteks	pühak	pühak	['pühak']	pl tr	teks	S	nimisõna	20	
.	.	.	['.']			Z	lausemärk	20	
Päkapikuga	päkapikk	päka_pikk	['päka', 'pikk']	sg kom	ga	S	nimisõna	20	
oli	olema	ole	['ole']	s	i	V	tegusõna	20	
veidi	veidi	veidi	['veidi']		0	D	määrsõna	20	
raske	raske	raske	['raske']	sg n	0	A	omadussõna algvõrre	20	
,	,	,	[',']			Z	lausemärk	20	
sest	sest	sest	['sest']		0	J	sidesõna	20	
keegi	keegi	keegi	['keegi']	sg n	0	P	asesõna	20	
ei	ei	ei	['ei']	neg	0	V	tegusõna	20	
teadnud	teadma|teadnud	tead|tead=nud	[['tead'], ['teadnud'], ['teadnud'], ['teadnud']]	|nud|pl n|sg n	0|d|nud	A|V		20	
ta	tema	tema	['tema']	sg n	0	P	asesõna	20	
nime	nimi	nimi	['nimi']	sg p	0	S	nimisõna	20	
,	,	,	[',']			Z	lausemärk	20	
kuid	kuid	kuid	['kuid']		0	J	sidesõna	20	
ka	ka	ka	['ka']		0	D	määrsõna	20	
sellest	see	see	['see']	sg el	st	P	asesõna	20	
saadi	saama	saa	['saa']	ti	di	V	tegusõna	20	
üle	üle	üle	['üle']		0	D	määrsõna	20	
ning	ning	ning	['ning']		0	J	sidesõna	20	
nimetati	nimetama	nimeta	['nimeta']	ti	ti	V	tegusõna	20	
ta	tema	tema	['tema']	sg n	0	P	asesõna	20	
Pühaks	püha	püha	['püha']	sg tr	ks	S	nimisõna	20	
Tundmatuks	tundmatu	tundmatu	['tundmatu']	sg tr	ks	A	omadussõna algvõrre	20	
Päkapikuks	päkapikk	päka_pikk	['päka', 'pikk']	sg tr	ks	S	nimisõna	20	
.	.	.	['.']			Z	lausemärk	20	
Maa-alune	maa-alune	maa-alune	['maa', 'alune']	sg n	0	A	omadussõna algvõrre	21	
tehas	tehas	tehas	['tehas']	sg n	0	S	nimisõna	21	
,	,	,	[',']			Z	lausemärk	21	
mis	mis	mis	[['mis'], ['mis']]	pl n|sg n	0	P	asesõna	21	
pommikomme	pommikomme	pommi_komme	['pommi', 'komme']	sg n	0	S	nimisõna	21	
tootis	tootma	toot	['toot']	s	is	V	tegusõna	21	
,	,	,	[',']			Z	lausemärk	21	
töötas	töötama	tööta	['tööta']	s	s	V	tegusõna	21	
täie	täis	täis	['täis']	sg g	0	A	omadussõna algvõrre	21	
hooga	hoog	hoog	['hoog']	sg kom	ga	S	nimisõna	21	
.	.	.	['.']			Z	lausemärk	21	
Jõulupäevaks	jõulupäev	jõulu_päev	['jõulu', 'päev']	sg tr	ks	S	nimisõna	21	
oli	olema	ole	['ole']	s	i	V	tegusõna	21	
neid	see	see	['see']	pl p	d	P	asesõna	21	
salarelvi	salarelv	sala_relv	['sala', 'relv']	pl p	i	S	nimisõna	21	
poetatud	poetama|poetatud	poeta|poeta=tud	[['poeta'], ['poetatud'], ['poetatud'], ['poetatud']]	|pl n|sg n|tud	0|d|tud	A|V		21	
kommikottidesse	kommikott	kommi_kott	['kommi', 'kott']	pl ill	desse	S	nimisõna	21	
pea	pidama	pida	['pida']	o	0	V	tegusõna	21	
igas	iga	iga	['iga']	sg in	s	P	asesõna	21	
koolis	kool	kool	['kool']	sg in	s	S	nimisõna	21	
ja	ja	ja	['ja']		0	J	sidesõna	21	
lasteaias	lasteaed	laste_aed	['laste', 'aed']	sg in	s	S	nimisõna	21	
.	.	.	['.']			Z	lausemärk	21	
Selle	see	see	['see']	sg g	0	P	asesõna	21	
plaaniga	plaan	plaan	['plaan']	sg kom	ga	S	nimisõna	21	
lihtsalt	lihtsalt	lihtsalt	['lihtsalt']		0	D	määrsõna	21	
ei	ei	ei	['ei']	neg	0	V	tegusõna	21	
saanud	saama|saanud	saa|saa=nud	[['saa'], ['saanud'], ['saanud'], ['saanud']]	|nud|pl n|sg n	0|d|nud	A|V		21	
midagi	miski	miski	['miski']	sg p	dagi	P	asesõna	21	
juhtuda	juhtuma	juhtu	['juhtu']	da	da	V	tegusõna	21	
.	.	.	['.']			Z	lausemärk	21	
Juhtus	juhtuma	juhtu	['juhtu']	s	s	V	tegusõna	21	
.	.	.	['.']			Z	lausemärk	21	
Tagantjärgi	tagantjärgi	tagant_järgi	['tagant', 'järgi']		0	D	määrsõna	22	
targad	tark	tark	['tark']	pl n	d	A	omadussõna algvõrre	22	
väitsid	väitma	väit	['väit']	sid	sid	V	tegusõna	22	
,	,	,	[',']			Z	lausemärk	22	
et	et	et	['et']		0	J	sidesõna	22	
algusest	algus	algus	['algus']	sg el	st	S	nimisõna	22	
peale	peale	peale	['peale']		0	K	kaassõna	22	
oleks	olema	ole	['ole']	ks	ks	V	tegusõna	22	
pidanud	pidama|pidanud	pida|pida=nud	[['pida'], ['pidanud'], ['pidanud'], ['pidanud']]	|nud|pl n|sg n	0|d|nud	A|V		22	
arvestama	arvestama	arvesta	['arvesta']	ma	ma	V	tegusõna	22	
jõulude	jõulud	jõulud	['jõulud']	pl g	de	S	nimisõna	22	
eritõvega	eritõbi	eri_tõbi	['eri', 'tõbi']	sg kom	ga	S	nimisõna	22	
—	-	-	['-']			Z	lausemärk	22	
suure	suur	suur	['suur']	sg g	0	A	omadussõna algvõrre	22	
shokolaadinäljaga	shokolaadinälg	shokolaadi_nälg	['shokolaadi', 'nälg']	sg kom	ga	S	nimisõna	22	
,	,	,	[',']			Z	lausemärk	22	
millel	mis	mis	[['mis'], ['mis']]	pl ad|sg ad	l	P	asesõna	22	
oli	olema	ole	['ole']	s	i	V	tegusõna	22	
kohati	kohati	kohati	['kohati']		0	D	määrsõna	22	
lausa	lausa	lausa	['lausa']		0	D	määrsõna	22	
silmanägemist	silmanägemine	silma_nägemine	['silma', 'nägemine']	sg p	t	S	nimisõna	22	
kahjustav	kahjustav	kahjustav	['kahjustav']	sg n	0	A	omadussõna algvõrre	22	
toime	toime	toime	['toime']	sg n	0	S	nimisõna	22	
.	.	.	['.']			Z	lausemärk	22	
Söödi	sööt	sööt	['sööt']	sg g	0	S	nimisõna	22	
ju	ju	ju	['ju']		0	D	määrsõna	22	
muule	muu	muu	['muu']	sg all	le	P	asesõna	22	
lihtsale	lihtne	lihtne	['lihtne']	sg all	le	A	omadussõna algvõrre	22	
kommile	komm	komm	['komm']	sg all	le	S	nimisõna	22	
lisaks	lisa	lisa	['lisa']	sg tr	ks	S	nimisõna	22	
ka	ka	ka	['ka']		0	D	määrsõna	22	
shokolaadist	shokolaadine	shokolaadine	['shokolaadine']	sg p	t	A	omadussõna algvõrre	22	
jõuluvanakujusid	jõuluvanakuju	jõulu_vana_kuju	['jõulu', 'vana', 'kuju']	pl p	sid	S	nimisõna	22	
,	,	,	[',']			Z	lausemärk	22	
rääkimata	rääkima	rääki	['rääki']	mata	mata	V	tegusõna	22	
shokolaadist	shokolaad	shokolaad	['shokolaad']	sg el	st	S	nimisõna	22	
oravatest	orav	orav	['orav']	pl el	test	S	nimisõna	22	
,	,	,	[',']			Z	lausemärk	22	
lumivalgekestest	lumivalgeke	lumi_valge=ke	['lumi', 'valgeke']	pl el	test	A	omadussõna algvõrre	22	
ja	ja	ja	['ja']		0	J	sidesõna	22	
isegi	isegi	isegi	['isegi']		0	D	määrsõna	22	
päkapikkudest	päkapikk	päka_pikk	['päka', 'pikk']	pl el	dest	S	nimisõna	22	
.	.	.	['.']			Z	lausemärk	22	
Asjalood	asjalugu	asja_lugu	['asja', 'lugu']	pl n	d	S	nimisõna	23	
kulgesid	kulgema	kulge	['kulge']	sid	sid	V	tegusõna	23	
järgmiselt	järgmiselt	järgmiselt	['järgmiselt']		0	D	määrsõna	23	
:	:	:	[':']			Z	lausemärk	23	
salarelvaga	salarelv	sala_relv	['sala', 'relv']	sg kom	ga	S	nimisõna	23	
kingipaki	kingipakk	kingi_pakk	['kingi', 'pakk']	sg g	0	S	nimisõna	23	
kättesaaja	kättesaaja	kätte_saa=ja	['kätte', 'saaja']	sg n	0	S	nimisõna	23	
rebis	rebima	rebi	['rebi']	s	s	V	tegusõna	23	
paki	pakk	pakk	['pakk']	sg g	0	S	nimisõna	23	
lahti	lahti	lahti	['lahti']		0	D	määrsõna	23	
ja	ja	ja	['ja']		0	J	sidesõna	23	
ahmis	ahmima	ahmi	['ahmi']	s	s	V	tegusõna	23	
esimese	esimene	esimene	['esimene']	sg g	0	O	järgarvsõna	23	
hingetõmbega	hingetõmme	hinge_tõmme	['hinge', 'tõmme']	sg kom	ga	S	nimisõna	23	
paar	paar	paar	['paar']	sg n	0	N	põhiarvsõna	23	
peotäit	peotäis	peo_täis	['peo', 'täis']	sg p	t	A	omadussõna algvõrre	23	
shokolaadi	shokolaad	shokolaad	['shokolaad']	sg p	0	S	nimisõna	23	
sisse	sisse	sisse	['sisse']		0	D	määrsõna	23	
.	.	.	['.']			Z	lausemärk	23	
Seni	seni	seni	['seni']		0	D	määrsõna	23	
kulges	kulgema	kulge	['kulge']	s	s	V	tegusõna	23	
kõik	kõik	kõik	[['kõik'], ['kõik']]	pl n|sg n	0	P	asesõna	23	
plaanikohaselt	plaanikohaselt	plaani_kohaselt	['plaani', 'kohaselt']		0	D	määrsõna	23	
.	.	.	['.']			Z	lausemärk	23	
Allaneelatud	allaneelatud	alla_neela=tud	[['alla', 'neelatud'], ['alla', 'neelatud'], ['alla', 'neelatud']]	|pl n|sg n	0|d	A	omadussõna algvõrre	23	
pomm	pomm	pomm	['pomm']	sg n	0	S	nimisõna	23	
plahvatas	plahvatama	plahvata	['plahvata']	s	s	V	tegusõna	23	
ja	ja	ja	['ja']		0	J	sidesõna	23	
sööja	sööja	sööja	['sööja']	sg n	0	S	nimisõna	23	
lendas	lendama	lenda	['lenda']	s	s	V	tegusõna	23	
pisikeste	pisike|pisikene	pisike|pisikene	[['pisike'], ['pisikene']]	pl g	te	A	omadussõna algvõrre	23	
tükkidena	tükk	tükk	['tükk']	pl es	dena	S	nimisõna	23	
rahva	rahvas	rahvas	['rahvas']	sg g	0	S	nimisõna	23	
hulka	hulka	hulka	['hulka']		0	K	kaassõna	23	
laiali	laiali	laiali	['laiali']		0	D	määrsõna	23	
,	,	,	[',']			Z	lausemärk	23	
määrides	määrima	määri	['määri']	des	des	V	tegusõna	23	
kõik	kõik	kõik	[['kõik'], ['kõik']]	pl n|sg n	0	P	asesõna	23	
koosolijad	koosolija	koos_olija	['koos', 'olija']	pl n	d	S	nimisõna	23	
vere	veri	veri	['veri']	sg g	0	S	nimisõna	23	
,	,	,	[',']			Z	lausemärk	23	
sisikonna	sisikond	sisikond	['sisikond']	sg g	0	S	nimisõna	23	
ja	ja	ja	['ja']		0	J	sidesõna	23	
muu	muu	muu	['muu']	sg g	0	P	asesõna	23	
paksu	paks	paks	['paks']	sg g	0	A	omadussõna algvõrre	23	
ja	ja	ja	['ja']		0	J	sidesõna	23	
vedelaga	vedel	vedel	['vedel']	sg kom	ga	S	nimisõna	23	
kokku	kokku	kokku	['kokku']		0	D	määrsõna	23	
.	.	.	['.']			Z	lausemärk	23	
Ka	ka	ka	['ka']		0	D	määrsõna	23	
see	see	see	['see']	sg n	0	P	asesõna	23	
oli	olema	ole	['ole']	s	i	V	tegusõna	23	
plaanikohane	plaanikohane	plaani_kohane	['plaani', 'kohane']	sg n	0	A	omadussõna algvõrre	23	
.	.	.	['.']			Z	lausemärk	23	
Kõik	kõik	kõik	[['kõik'], ['kõik']]	pl n|sg n	0	P	asesõna	23	
järgnev	järgnev	järgnev	['järgnev']	sg n	0	A	omadussõna algvõrre	23	
oli	olema	ole	['ole']	s	i	V	tegusõna	23	
täielik	täielik	täielik	['täielik']	sg n	0	A	omadussõna algvõrre	23	
läbikukkumine	läbikukkumine	läbi_kukkumine	['läbi', 'kukkumine']	sg n	0	S	nimisõna	23	
.	.	.	['.']			Z	lausemärk	23	
Kõiki	kõik	kõik	['kõik']	pl p	0	P	asesõna	23	
kohalviibijaid	kohalviibija	kohal_viibija	['kohal', 'viibija']	pl p	id	S	nimisõna	23	
pimestas	pimestama	pimesta	['pimesta']	s	s	V	tegusõna	23	
veendumus	veendumus	veendumus	['veendumus']	sg n	0	S	nimisõna	23	
,	,	,	[',']			Z	lausemärk	23	
tegemist	tegemine	tegemine	['tegemine']	sg p	t	S	nimisõna	23	
on	olema	ole	[['ole'], ['ole']]	b|vad	0	V	tegusõna	23	
kindlasti	kindlasti	kindlasti	['kindlasti']		0	D	määrsõna	23	
mingi	mingi	mingi	['mingi']	sg g	0	P	asesõna	23	
toreda	tore	tore	['tore']	sg g	0	A	omadussõna algvõrre	23	
üllatusega	üllatus	üllatus	['üllatus']	sg kom	ga	S	nimisõna	23	
.	.	.	['.']			Z	lausemärk	23	
Mõni	mõni	mõni	['mõni']	sg n	0	P	asesõna	23	
ettevõtlikum	ettevõtlikum	ette_võtlikum	['ette', 'võtlikum']	sg n	0	C	omadussõna keskvõrre	23	
maitses	maitsema|maitsma	maits|maitse	[['maits'], ['maitse']]	s	s	V	tegusõna	23	
uudishimulikult	uudishimulikult	uudis_himulikult	['uudis', 'himulikult']		0	D	määrsõna	23	
tumedaid	tume	tume	['tume']	pl p	id	A	omadussõna algvõrre	23	
tükikesi	tükike	tükike	['tükike']	pl p	i	S	nimisõna	23	
ja	ja	ja	['ja']		0	J	sidesõna	23	
leidis	leidma	leid	['leid']	s	is	V	tegusõna	23	
,	,	,	[',']			Z	lausemärk	23	
et	et	et	['et']		0	J	sidesõna	23	
neil	tema	tema	['tema']	pl ad	l	P	asesõna	23	
oli	olema	ole	['ole']	s	i	V	tegusõna	23	
kerge	kerge	kerge	['kerge']	sg n	0	A	omadussõna algvõrre	23	
magusamaitse	magusamaitse	magusa_maitse	['magusa', 'maitse']	sg g	0	S	nimisõna	23	
küljes	küljes	küljes	['küljes']		0	K	kaassõna	23	
.	.	.	['.']			Z	lausemärk	23	
""""	""""	""""	"['""']"			Z	lausemärk	24	
Shokolaad	shokolaad	shokolaad	['shokolaad']	sg n	0	S	nimisõna	24	
!	!	!	['!']			Z	lausemärk	24	
""""	""""	""""	"['""']"			Z	lausemärk	24	
röögatas	röögatama	röögata	['röögata']	s	s	V	tegusõna	24	
maitsja	maitsja	maits=ja	['maitsja']	sg n	0	S	nimisõna	24	
ja	ja	ja	['ja']		0	J	sidesõna	24	
siis	siis	siis	['siis']		0	D	määrsõna	24	
pääses	pääsema	pääse	['pääse']	s	s	V	tegusõna	24	
rajuliselt	rajuliselt	raju=liselt	['rajuliselt']		0	D	määrsõna	24	
mõjule	mõju	mõju	['mõju']	sg all	le	S	nimisõna	24	
sadistpäkapikkude	sadistpäkapikk	sadist_päka_pikk	['sadist', 'päka', 'pikk']	pl g	de	S	nimisõna	24	
poolt	poolt	poolt	['poolt']		0	K	kaassõna	24	
unustatud	unustama|unustatud	unusta|unustatud	[['unusta'], ['unustatud'], ['unustatud'], ['unustatud']]	|pl n|sg n|tud	0|d|tud	A|V		24	
kommi-isu	kommi-isu	kommi-isu	['kommi', 'isu']	sg p	0	S	nimisõna	24	
ja	ja	ja	['ja']		0	J	sidesõna	24	
silmanägemist	silmanägemine	silma_nägemine	['silma', 'nägemine']	sg p	t	S	nimisõna	24	
reguleeriv	reguleeriv	reguleeriv	['reguleeriv']	sg n	0	A	omadussõna algvõrre	24	
jõulutõbi	jõulutõbi	jõulu_tõbi	['jõulu', 'tõbi']	sg n	0	S	nimisõna	24	
.	.	.	['.']			Z	lausemärk	24	
Näljane	näljane	näljane	['näljane']	sg n	0	A	omadussõna algvõrre	24	
rahvas	rahvas	rahvas	['rahvas']	sg n	0	S	nimisõna	24	
ei	ei	ei	['ei']	neg	0	V	tegusõna	24	
lõpetanud	lõpetama|lõpetanud	lõpeta|lõpetanud	[['lõpeta'], ['lõpetanud'], ['lõpetanud'], ['lõpetanud']]	|nud|pl n|sg n	0|d|nud	A|V		24	
enne	enne	enne	['enne']		0	D	määrsõna	24	
,	,	,	[',']			Z	lausemärk	24	
kui	kui	kui	[['kui'], ['kui']]		0	D|J		24	
kõik	kõik	kõik	[['kõik'], ['kõik']]	pl n|sg n	0	P	asesõna	24	
shokolaadine	shokolaadine	shokolaadine	['shokolaadine']	sg n	0	A	omadussõna algvõrre	24	
oli	olema	ole	['ole']	s	i	V	tegusõna	24	
kinni	kinni	kinni	['kinni']		0	D	määrsõna	24	
pistetud	pistetud|pistma	pist|piste=tud	[['pist'], ['pistetud'], ['pistetud'], ['pistetud']]	|pl n|sg n|tud	0|d|tud	A|V		24	
.	.	.	['.']			Z	lausemärk	24	
Viimseni	viimseni	viimseni	['viimseni']		0	D	määrsõna	24	
.	.	.	['.']			Z	lausemärk	24	
Ära	ära	ära	['ära']		0	D	määrsõna	24	
söödi	sööma	söö	['söö']	ti	di	V	tegusõna	24	
ka	ka	ka	['ka']		0	D	määrsõna	24	
mõned	mõni	mõni	['mõni']	pl n	d	P	asesõna	24	
väiksemad	väiksem	väiksem	['väiksem']	pl n	d	C	omadussõna keskvõrre	24	
lapsed	laps	laps	['laps']	pl n	d	S	nimisõna	24	
ja	ja	ja	['ja']		0	J	sidesõna	24	
kõik	kõik	kõik	[['kõik'], ['kõik']]	pl n|sg n	0	P	asesõna	24	
varitsevad	varitsev	varitsev	['varitsev']	pl n	d	A	omadussõna algvõrre	24	
päkapikud	päkapikk	päka_pikk	['päka', 'pikk']	pl n	d	S	nimisõna	24	
.	.	.	['.']			Z	lausemärk	24	
Üks	üks	üks	['üks']	sg n	0	P	asesõna	25	
leiduritest	leidur	leidur	['leidur']	pl el	test	S	nimisõna	25	
pääses	pääsema	pääse	['pääse']	s	s	V	tegusõna	25	
ainult	ainult	ainult	['ainult']		0	D	määrsõna	25	
hammustusjälgedega	hammustusjälg	hammustus_jälg	['hammustus', 'jälg']	pl kom	dega	S	nimisõna	25	
,	,	,	[',']			Z	lausemärk	25	
aga	aga	aga	['aga']		0	J	sidesõna	25	
temagi	tema	tema	['tema']	sg n	0	P	asesõna	25	
oli	olema	ole	['ole']	s	i	V	tegusõna	25	
murtud	murdma|murtud	mur=tud|murd	[['murtud'], ['murtud'], ['murtud'], ['murd']]	|pl n|sg n|tud	0|d|tud	A|V		25	
mees	mees	mees	['mees']	sg n	0	S	nimisõna	25	
ja	ja	ja	['ja']		0	J	sidesõna	25	
ei	ei	ei	['ei']	neg	0	V	tegusõna	25	
saanud	saama|saanud	saa|saa=nud	[['saa'], ['saanud'], ['saanud'], ['saanud']]	|nud|pl n|sg n	0|d|nud	A|V		25	
tast	tema	tema	['tema']	sg el	st	P	asesõna	25	
enam	enam	enam	['enam']		0	D	määrsõna	25	
asja	asi	asi	['asi']	sg p	0	S	nimisõna	25	
.	.	.	['.']			Z	lausemärk	25	
Ka	ka	ka	['ka']		0	D	määrsõna	26	
tädidest	tädi	tädi	['tädi']	pl el	dest	S	nimisõna	26	
seebikeetmine	seebikeetmine	seebi_keetmine	['seebi', 'keetmine']	sg n	0	S	nimisõna	26	
ei	ei	ei	['ei']	neg	0	V	tegusõna	26	
lõppenud	lõppema|lõppenud	lõppe|lõppenud	[['lõppe'], ['lõppenud'], ['lõppenud'], ['lõppenud']]	|nud|pl n|sg n	0|d|nud	A|V		26	
õnnelikult	õnnelikult	õnnelikult	['õnnelikult']		0	D	määrsõna	26	
.	.	.	['.']			Z	lausemärk	26	
Püüti	püüdma	püüd	['püüd']	ti	ti	V	tegusõna	26	
küll	küll	küll	['küll']		0	D	määrsõna	26	
kinni	kinni	kinni	['kinni']		0	D	määrsõna	26	
tosin	tosin	tosin	['tosin']	sg n	0	N	põhiarvsõna	26	
tädi	tädi	tädi	['tädi']	sg n	0	S	nimisõna	26	
ja	ja	ja	['ja']		0	J	sidesõna	26	
pisteti	pistma	pist	['pist']	ti	ti	V	tegusõna	26	
nad	tema	tema	['tema']	pl n	d	P	asesõna	26	
patta	pada	pada	['pada']	adt	0	S	nimisõna	26	
,	,	,	[',']			Z	lausemärk	26	
aga	aga	aga	['aga']		0	J	sidesõna	26	
tädid	tädi	tädi	['tädi']	pl n	d	S	nimisõna	26	
muudkui	muudkui	muud_kui	['muud', 'kui']		0	D	määrsõna	26	
kepslesid	kepslema	kepsle	['kepsle']	sid	sid	V	tegusõna	26	
pajas	pada|paja	pada|paja	[['pada'], ['paja']]	sg in	s	S	nimisõna	26	
üles-alla	üles-alla	üles-alla	['üles', 'alla']		0	D	määrsõna	26	
ja	ja	ja	['ja']		0	J	sidesõna	26	
kiljusid	kiljuma	kilju	['kilju']	sid	sid	V	tegusõna	26	
,	,	,	[',']			Z	lausemärk	26	
et	et	et	['et']		0	J	sidesõna	26	
hoogu	hoog	hoog	['hoog']	sg p	0	S	nimisõna	26	
juurde	juurde	juurde	['juurde']		0	K	kaassõna	26	
,	,	,	[',']			Z	lausemärk	26	
hoogu	hoog	hoog	['hoog']	sg p	0	S	nimisõna	26	
juurde	juurde	juurde	['juurde']		0	D	määrsõna	26	
.	.	.	['.']			Z	lausemärk	26	
Kui	kui	kui	[['kui'], ['kui']]		0	D|J		26	
katlakütja	katlakütja	katla_kütja	['katla', 'kütja']	sg g	0	S	nimisõna	26	
päris	päris	päris	['päris']		0	D	määrsõna	26	
ära	ära	ära	['ära']		0	D	määrsõna	26	
väsis	väsima	väsi	['väsi']	s	s	V	tegusõna	26	
,	,	,	[',']			Z	lausemärk	26	
ronisid	ronima	roni	['roni']	sid	sid	V	tegusõna	26	
tädid	tädi	tädi	['tädi']	pl n	d	S	nimisõna	26	
pajast	pada|paja	pada|paja	[['pada'], ['paja']]	sg el	st	S	nimisõna	26	
välja	välja	välja	['välja']		0	D	määrsõna	26	
,	,	,	[',']			Z	lausemärk	26	
patsutasid	patsutama	patsuta	['patsuta']	sid	sid	V	tegusõna	26	
teda	tema	tema	['tema']	sg p	da	P	asesõna	26	
jõuetust	jõuetu	jõuetu	['jõuetu']	sg el	st	A	omadussõna algvõrre	26	
vastupanust	vastupanu	vastu_panu	['vastu', 'panu']	sg el	st	S	nimisõna	26	
hoolimata	hoolimata	hoolimata	['hoolimata']		0	K	kaassõna	26	
põsele	põsk	põsk	['põsk']	sg all	le	S	nimisõna	26	
,	,	,	[',']			Z	lausemärk	26	
näpistasid	näpistama	näpista	['näpista']	sid	sid	V	tegusõna	26	
lõuast	lõug	lõug	['lõug']	sg el	st	S	nimisõna	26	
ning	ning	ning	['ning']		0	J	sidesõna	26	
ütlesid	ütlema	ütle	['ütle']	sid	sid	V	tegusõna	26	
,	,	,	[',']			Z	lausemärk	26	
et	et	et	['et']		0	J	sidesõna	26	
tahavad	tahtma	taht	['taht']	vad	vad	V	tegusõna	26	
varsti	varsti	varsti	['varsti']		0	D	määrsõna	26	
jälle	jälle	jälle	['jälle']		0	D	määrsõna	26	
tulla	tulema	tule	['tule']	da	a	V	tegusõna	26	
,	,	,	[',']			Z	lausemärk	26	
sest	sest	sest	['sest']		0	J	sidesõna	26	
miski	miski	miski	['miski']	sg n	0	P	asesõna	26	
pole	olema	ole	['ole']	neg o	0	V	tegusõna	26	
nende	see	see	['see']	pl g	de	P	asesõna	26	
tselluliidi	tselluliid|tselluliit	tselluliid|tselluliit	[['tselluliid'], ['tselluliit']]	sg g	0	S	nimisõna	26	
peale	peale	peale	['peale']		0	K	kaassõna	26	
veel	veel	veel	['veel']		0	D	määrsõna	26	
nii	nii	nii	['nii']		0	D	määrsõna	26	
hästi	hästi	hästi	['hästi']		0	D	määrsõna	26	
mõjunud	mõjuma|mõjunud	mõju|mõju=nud	[['mõju'], ['mõjunud'], ['mõjunud'], ['mõjunud']]	|nud|pl n|sg n	0|d|nud	A|V		26	
.	.	.	['.']			Z	lausemärk	26	
Vaene	vaene	vaene	['vaene']	sg n	0	A	omadussõna algvõrre	26	
päkapikk	päkapikk	päka_pikk	['päka', 'pikk']	sg n	0	S	nimisõna	26	
kaotas	kaotama	kaota	['kaota']	s	s	V	tegusõna	26	
seda	see	see	['see']	sg p	da	P	asesõna	26	
kuuldes	kuulma	kuul	['kuul']	des	des	V	tegusõna	26	
viimasegi	viimane	viimane	['viimane']	sg g	0	A	omadussõna algvõrre	26	
eluisu	eluisu	elu_isu	['elu', 'isu']	sg g	0	S	nimisõna	26	
.	.	.	['.']			Z	lausemärk	26	
Mehike	mehike	mehike	['mehike']	sg n	0	S	nimisõna	26	
hüppas	hüppama	hüppa	['hüppa']	s	s	V	tegusõna	26	
ise	ise	ise	[['ise'], ['ise']]	pl n|sg n	0	P	asesõna	26	
patta	pada	pada	['pada']	adt	0	S	nimisõna	26	
ja	ja	ja	['ja']		0	J	sidesõna	26	
tõmbas	tõmbama	tõmba	['tõmba']	s	s	V	tegusõna	26	
ka	ka	ka	['ka']		0	D	määrsõna	26	
kaane	kaas	kaas	['kaas']	sg g	0	S	nimisõna	26	
peale	peale	peale	['peale']		0	K	kaassõna	26	
.	.	.	['.']			Z	lausemärk	26	
Haavulakkuvad	haavulakkuv	haav+u_lakku=v	['haavu', 'lakkuv']	pl n	d	A	omadussõna algvõrre	27	
sadistpäkapikud	sadistpäkapikk	sadist_päka_pikk	['sadist', 'päka', 'pikk']	pl n	d	S	nimisõna	27	
leidsid	leidma	leid	['leid']	sid	sid	V	tegusõna	27	
mornilt	mornilt	mornilt	['mornilt']		0	D	määrsõna	27	
,	,	,	[',']			Z	lausemärk	27	
et	et	et	['et']		0	J	sidesõna	27	
enne	enne	enne	['enne']		0	D	määrsõna	27	
,	,	,	[',']			Z	lausemärk	27	
kui	kui	kui	[['kui'], ['kui']]		0	D|J		27	
jõulu	jõulu	jõulu	['jõulu']	sg n	0	S	nimisõna	27	
veelkord	veelkord	veel_kord	['veel', 'kord']		0	D	määrsõna	27	
avalikult	avalikult	avalikult	['avalikult']		0	D	määrsõna	27	
rünnata	ründama	ründa	['ründa']	da	ta	V	tegusõna	27	
,	,	,	[',']			Z	lausemärk	27	
peab	pidama	pida	['pida']	b	b	V	tegusõna	27	
kõvasti	kõvasti	kõvasti	['kõvasti']		0	D	määrsõna	27	
jõudu	jõud	jõud	['jõud']	sg p	0	S	nimisõna	27	
koguma	koguma	kogu	['kogu']	ma	ma	V	tegusõna	27	
.	.	.	['.']			Z	lausemärk	27	
Lüüasaamine	lüüasaamine	lüüa_saamine	['lüüa', 'saamine']	sg n	0	S	nimisõna	27	
kisendas	kisendama	kisenda	['kisenda']	s	s	V	tegusõna	27	
aga	aga	aga	['aga']		0	J	sidesõna	27	
kättemaksu	kättemaks	kätte_maks	['kätte', 'maks']	sg p	0	S	nimisõna	27	
järele	järele	järele	['järele']		0	D	määrsõna	27	
ja	ja	ja	['ja']		0	J	sidesõna	27	
niisama	niisama	nii_sama	['nii', 'sama']		0	D	määrsõna	27	
ei	ei	ei	['ei']	neg	0	V	tegusõna	27	
kavatsenud	kavatsema|kavatsenud	kavatse|kavatse=nud	[['kavatse'], ['kavatsenud'], ['kavatsenud'], ['kavatsenud']]	|nud|pl n|sg n	0|d|nud	A|V		27	
nad	tema	tema	['tema']	pl n	d	P	asesõna	27	
seda	see	see	['see']	sg p	da	P	asesõna	27	
jätta	jätma	jät	['jät']	da	a	V	tegusõna	27	
.	.	.	['.']			Z	lausemärk	27	
Vahetpidamata	vahetpidamata	vahet_pidamata	['vahet', 'pidamata']		0	D	määrsõna	28	
tigedalt	tigedalt	tigedalt	['tigedalt']		0	D	määrsõna	28	
turtsudes	turts	turts	['turts']	pl in	des	S	nimisõna	28	
müttasid	müttama	mütta	['mütta']	sid	sid	V	tegusõna	28	
vigased	vigane	vigane	['vigane']	pl n	d	A	omadussõna algvõrre	28	
leidurid	leidur	leidur	['leidur']	pl n	d	S	nimisõna	28	
aasta	aasta	aasta	['aasta']	sg g	0	S	nimisõna	28	
otsa	otsa	otsa	['otsa']		0	K	kaassõna	28	
päkapikuriigi	päkapikuriik	päka_piku_riik	['päka', 'piku', 'riik']	sg g	0	S	nimisõna	28	
kõige	kõige	kõige	['kõige']		0	D	määrsõna	28	
sügavamates	sügavam	sügavam	['sügavam']	pl in	tes	C	omadussõna keskvõrre	28	
koobastes	koobas	koobas	['koobas']	pl in	tes	S	nimisõna	28	
.	.	.	['.']			Z	lausemärk	28	
Lõpuks	lõpuks	lõpuks	['lõpuks']		0	D	määrsõna	28	
oli	olema	ole	['ole']	s	i	V	tegusõna	28	
leiutis	leiutis	leiutis	['leiutis']	sg n	0	S	nimisõna	28	
valmis	valmis	valmis	['valmis']		0	D	määrsõna	28	
ja	ja	ja	['ja']		0	J	sidesõna	28	
õiglus	õiglus	õiglus	['õiglus']	sg n	0	S	nimisõna	28	
jalule	jalule	jalule	['jalule']		0	D	määrsõna	28	
seatud	seadma|seatud	sead|seatud	[['sead'], ['seatud'], ['seatud'], ['seatud']]	|pl n|sg n|tud	0|d|tud	A|V		28	
.	.	.	['.']			Z	lausemärk	28	
Mõni	mõni	mõni	['mõni']	sg n	0	P	asesõna	28	
väheke	väheke	väheke	['väheke']	sg n	0	S	nimisõna	28	
vahetum	vahetum	vahetum	['vahetum']	sg n	0	C	omadussõna keskvõrre	28	
päkapikk	päkapikk	päka_pikk	['päka', 'pikk']	sg n	0	S	nimisõna	28	
näitas	näitama	näita	['näita']	s	s	V	tegusõna	28	
inimeste	inimene	inimene	['inimene']	pl g	te	S	nimisõna	28	
maailmale	maailm	maa_ilm	['maa', 'ilm']	sg all	le	S	nimisõna	28	
kanalisatsiooniaugust	kanalisatsiooniauk	kanalisatsiooni_auk	['kanalisatsiooni', 'auk']	sg el	st	S	nimisõna	28	
võidurõõmsalt	võidurõõmsalt	võidu_rõõmsalt	['võidu', 'rõõmsalt']		0	D	määrsõna	28	
trääsa	trääs	trääs	['trääs']	sg p	0	S	nimisõna	28	
,	,	,	[',']			Z	lausemärk	28	
et	et	et	['et']		0	J	sidesõna	28	
siis	siis	siis	['siis']		0	D	määrsõna	28	
naeru	naer	naer	['naer']	sg p	0	S	nimisõna	28	
kõkutades	kõkutama	kõkuta	['kõkuta']	des	des	V	tegusõna	28	
ruttu	ruttu	ruttu	['ruttu']		0	D	määrsõna	28	
maa-alustesse	maa-alune	maa-alune	['maa', 'alune']	pl ill	tesse	A	omadussõna algvõrre	28	
käikudesse	käik	käik	['käik']	pl ill	desse	S	nimisõna	28	
kaduda	kaduma	kadu	['kadu']	da	da	V	tegusõna	28	
.	.	.	['.']			Z	lausemärk	28	
Oma	oma	oma	['oma']	sg g	0	P	asesõna	28	
igapäevaste	igapäevane	iga_päevane	['iga', 'päevane']	pl g	te	A	omadussõna algvõrre	28	
asjatoimetuste	asjatoimetus	asja_toimetus	['asja', 'toimetus']	pl g	te	S	nimisõna	28	
kallale	kallale	kallale	['kallale']		0	K	kaassõna	28	
.	.	.	['.']			Z	lausemärk	28	
Päkapikud	päkapikk	päka_pikk	['päka', 'pikk']	pl n	d	S	nimisõna	29	
olid	olema	ole	['ole']	sid	id	V	tegusõna	29	
nimelt	nimelt	nimelt	['nimelt']		0	D	määrsõna	29	
leiutanud	leiutama|leiutanud	leiuta|leiuta=nud	[['leiuta'], ['leiutanud'], ['leiutanud'], ['leiutanud']]	|nud|pl n|sg n	0|d|nud	A|V		29	
erilise	eriline	eriline	['eriline']	sg g	0	A	omadussõna algvõrre	29	
kättemaksupommi	kättemaksupomm	kätte_maksu_pomm	['kätte', 'maksu', 'pomm']	sg g	0	S	nimisõna	29	
.	.	.	['.']			Z	lausemärk	29	
Lõhkelaengud	lõhkelaeng	lõhke_laeng	['lõhke', 'laeng']	pl n	d	S	nimisõna	29	
asusid	asuma	asu	['asu']	sid	sid	V	tegusõna	29	
otse	otse	otse	['otse']		0	D	määrsõna	29	
maakera	maakera	maa_kera	['maa', 'kera']	sg g	0	S	nimisõna	29	
keskel	keskel	keskel	['keskel']		0	K	kaassõna	29	
ja	ja	ja	['ja']		0	J	sidesõna	29	
neid	tema	tema	['tema']	pl p	d	P	asesõna	29	
oli	olema	ole	['ole']	s	i	V	tegusõna	29	
palju	palju	palju	['palju']		0	D	määrsõna	29	
.	.	.	['.']			Z	lausemärk	29	
Nii	nii	nii	['nii']		0	D	määrsõna	29	
palju	palju	palju	['palju']		0	D	määrsõna	29	
,	,	,	[',']			Z	lausemärk	29	
et	et	et	['et']		0	J	sidesõna	29	
kui	kui	kui	[['kui'], ['kui']]		0	D|J		29	
pomm	pomm	pomm	['pomm']	sg n	0	S	nimisõna	29	
plahvataks	plahvatama	plahvata	['plahvata']	ks	ks	V	tegusõna	29	
,	,	,	[',']			Z	lausemärk	29	
lendaks	lendama	lenda	['lenda']	ks	ks	V	tegusõna	29	
maakera	maakera	maa_kera	['maa', 'kera']	sg n	0	S	nimisõna	29	
sajaks	sadama	sada	['sada']	ks	ks	V	tegusõna	29	
tükiks	tükk	tükk	['tükk']	sg tr	ks	S	nimisõna	29	
ja	ja	ja	['ja']		0	J	sidesõna	29	
kukuks	kukkuma	kukku	['kukku']	ks	ks	V	tegusõna	29	
alla	alla	alla	['alla']		0	D	määrsõna	29	
.	.	.	['.']			Z	lausemärk	29	
Süüteseade	süüteseade	süüte_seade	['süüte', 'seade']	sg n	0	S	nimisõna	29	
oli	olema	ole	['ole']	s	i	V	tegusõna	29	
pommi	pomm	pomm	['pomm']	sg g	0	S	nimisõna	29	
kõige	kõige	kõige	['kõige']		0	D	määrsõna	29	
geniaalsem	geniaalsem	geniaalse=m	['geniaalsem']	sg n	0	C	omadussõna keskvõrre	29	
osa	osa	osa	['osa']	sg n	0	S	nimisõna	29	
.	.	.	['.']			Z	lausemärk	29	
Sepistatud	sepistatu	sepista=tu	['sepistatu']	pl n	d	S	nimisõna	29	
oli	olema	ole	['ole']	s	i	V	tegusõna	29	
see	see	see	['see']	sg n	0	P	asesõna	29	
suurtest	suur	suur	['suur']	pl el	test	A	omadussõna algvõrre	29	
ränikivilahmakatest	ränikivilahmakas	räni_kivi_lahmakas	['räni', 'kivi', 'lahmakas']	pl el	test	S	nimisõna	29	
ja	ja	ja	['ja']		0	J	sidesõna	29	
haljast	haljas	haljas	['haljas']	sg el	st	A	omadussõna algvõrre	29	
terasest	teras	teras	['teras']	sg el	st	S	nimisõna	29	
ning	ning	ning	['ning']		0	J	sidesõna	29	
päkapikkude	päkapikk	päka_pikk	['päka', 'pikk']	pl g	de	S	nimisõna	29	
kõige	kõige	kõige	['kõige']		0	D	määrsõna	29	
osavamad	osavam	osavam	['osavam']	pl n	d	C	omadussõna keskvõrre	29	
väljamõtlejad	väljamõtleja	välja_mõtleja	['välja', 'mõtleja']	pl n	d	S	nimisõna	29	
olid	olema	ole	['ole']	sid	id	V	tegusõna	29	
selle	see	see	['see']	sg g	0	P	asesõna	29	
töökorda	töökord	töö_kord	['töö', 'kord']	sg p	0	S	nimisõna	29	
seadmisega	seadmine	seadmine	['seadmine']	sg kom	ga	S	nimisõna	29	
aasta	aasta	aasta	['aasta']	sg g	0	S	nimisõna	29	
otsa	otsa	otsa	['otsa']		0	K	kaassõna	29	
vaeva	vaev	vaev	['vaev']	sg p	0	S	nimisõna	29	
näinud	nägema|näima|näinud	näge|näi|näi=nud	[['näi'], ['näge'], ['näinud'], ['näinud'], ['näinud']]	|nud|pl n|sg n	0|d|nud	A|V		29	
.	.	.	['.']			Z	lausemärk	29	
Parimad	parim	parim	['parim']	pl n	d	U	omadussõna ülivõrre	29	
sepad	sepp	sepp	['sepp']	pl n	d	S	nimisõna	29	
katsid	katma	kat	['kat']	sid	sid	V	tegusõna	29	
selle	see	see	['see']	sg g	0	P	asesõna	29	
kaunite	kaunis	kaunis	['kaunis']	pl g	te	A	omadussõna algvõrre	29	
sepismustritega	sepismuster	sepis_muster	['sepis', 'muster']	pl kom	tega	S	nimisõna	29	
ja	ja	ja	['ja']		0	J	sidesõna	29	
bardid	bard	bard	['bard']	pl n	d	S	nimisõna	29	
lõid	looma|lööma	loo|löö	[['loo'], ['löö']]	sid	id	V	tegusõna	29	
suurepärasest	suurepärane	suure_pärane	['suure', 'pärane']	sg el	st	A	omadussõna algvõrre	29	
seadmest	seade	seade	['seade']	sg el	st	S	nimisõna	29	
lugulaule	lugulaul	lugu_laul	['lugu', 'laul']	pl p	e	S	nimisõna	29	
.	.	.	['.']			Z	lausemärk	29	
Laulud	laul	laul	['laul']	pl n	d	S	nimisõna	30	
räägivad	rääkima	rääki	['rääki']	vad	vad	V	tegusõna	30	
järgmist	järgmine	järgmine	['järgmine']	sg p	t	A	omadussõna algvõrre	30	
:	:	:	[':']			Z	lausemärk	30	
kui	kui	kui	[['kui'], ['kui']]		0	D|J		30	
inimsugu	inimsugu	inim_sugu	['inim', 'sugu']	sg n	0	S	nimisõna	30	
kord	kord	kord	['kord']		0	D	määrsõna	30	
nii	nii	nii	['nii']		0	D	määrsõna	30	
jultunuks	jultunud	jultunud	['jultunud']	sg tr	ks	A	omadussõna algvõrre	30	
läheb	minema	mine	['mine']	b	b	V	tegusõna	30	
,	,	,	[',']			Z	lausemärk	30	
et	et	et	['et']		0	J	sidesõna	30	
jõulupidustused	jõulupidustus	jõulu_pidustus	['jõulu', 'pidustus']	pl n	d	S	nimisõna	30	
juba	juba	juba	['juba']		0	D	määrsõna	30	
suvisel	suvine	suvine	['suvine']	sg ad	l	A	omadussõna algvõrre	30	
pööripäeval	pööripäev	pööri_päev	['pööri', 'päev']	sg ad	l	S	nimisõna	30	
peale	peale	peale	['peale']		0	K	kaassõna	30	
hakkavad	hakkama	hakka	['hakka']	vad	vad	V	tegusõna	30	
,	,	,	[',']			Z	lausemärk	30	
plahvatab	plahvatama	plahvata	['plahvata']	b	b	V	tegusõna	30	
päkapikkude	päkapikk	päka_pikk	['päka', 'pikk']	pl g	de	S	nimisõna	30	
kättemaksupomm	kättemaksupomm	kätte_maksu_pomm	['kätte', 'maksu', 'pomm']	sg n	0	S	nimisõna	30	
ja	ja	ja	['ja']		0	J	sidesõna	30	
maakera	maakera	maa_kera	['maa', 'kera']	sg n	0	S	nimisõna	30	
lendab	lendama	lenda	['lenda']	b	b	V	tegusõna	30	
kõrvulukustava	kõrvulukustav	kõrvu_lukustav	['kõrvu', 'lukustav']	sg g	0	A	omadussõna algvõrre	30	
kärakaga	kärakas	kärakas	['kärakas']	sg kom	ga	S	nimisõna	30	
vastu	vastu	vastu	['vastu']		0	K	kaassõna	30	
taevast	taevas	taevas	['taevas']	sg p	t	S	nimisõna	30	
.	.	.	['.']			Z	lausemärk	30	
Hirmsad	hirmus	hirmus	['hirmus']	pl n	d	A	omadussõna algvõrre	30	
tulise	tuline	tuline	['tuline']	sg g	0	A	omadussõna algvõrre	30	
shokolaadi	shokolaad	shokolaad	['shokolaad']	sg g	0	S	nimisõna	30	
laamad	laam|laama	laam|laama	[['laam'], ['laama']]	pl n	d	S	nimisõna	30	
uputavad	uputama	uputa	['uputa']	vad	vad	V	tegusõna	30	
siis	siis	siis	['siis']		0	D	määrsõna	30	
kõik	kõik	kõik	[['kõik'], ['kõik']]	pl n|sg n	0	P	asesõna	30	
tädid	tädi	tädi	['tädi']	pl n	d	S	nimisõna	30	
ja	ja	ja	['ja']		0	J	sidesõna	30	
kõik	kõik	kõik	[['kõik'], ['kõik']]	pl n|sg n	0	P	asesõna	30	
linnad	linn	linn	['linn']	pl n	d	S	nimisõna	30	
ja	ja	ja	['ja']		0	J	sidesõna	30	
ainsatki	ainus	ainus	['ainus']	sg p	t	A	omadussõna algvõrre	30	
elushinge	elushing	elus_hing	['elus', 'hing']	sg p	0	S	nimisõna	30	
ei	ei	ei	['ei']	neg	0	V	tegusõna	30	
jää	jääma	jää	['jää']	o	0	V	tegusõna	30	
alles	alles	alles	['alles']		0	D	määrsõna	30	
ja	ja	ja	['ja']		0	J	sidesõna	30	
päkapikkude	päkapikk	päka_pikk	['päka', 'pikk']	pl g	de	S	nimisõna	30	
kättemaks	kättemaks	kätte_maks	['kätte', 'maks']	sg n	0	S	nimisõna	30	
on	olema	ole	[['ole'], ['ole']]	b|vad	0	V	tegusõna	30	
kole	kole	kole	['kole']	sg n	0	A	omadussõna algvõrre	30	
.	.	.	['.']			Z	lausemärk	30	
See	see	see	['see']	sg n	0	P	asesõna	30	
,	,	,	[',']			Z	lausemärk	30	
et	et	et	['et']		0	J	sidesõna	30	
nad	tema	tema	['tema']	pl n	d	P	asesõna	30	
ise	ise	ise	[['ise'], ['ise']]	pl n|sg n	0	P	asesõna	30	
ka	ka	ka	['ka']		0	D	määrsõna	30	
kogu	kogu	kogu	['kogu']		0	A	omadussõna algvõrre	30	
täiega	täis	täis	['täis']	sg kom	ga	S	nimisõna	30	
vastu	vastu	vastu	['vastu']		0	K	kaassõna	30	
taevast	taevas	taevas	['taevas']	sg p	t	S	nimisõna	30	
lendavad	lendama	lenda	['lenda']	vad	vad	V	tegusõna	30	
,	,	,	[',']			Z	lausemärk	30	
ei	ei	ei	['ei']	neg	0	V	tegusõna	30	
häirinud	häirima|häirinud	häiri|häiri=nud	[['häiri'], ['häirinud'], ['häirinud'], ['häirinud']]	|nud|pl n|sg n	0|d|nud	A|V		30	
neid	tema	tema	['tema']	pl p	d	P	asesõna	30	
hoopiski	hoopiski	hoopiski	['hoopiski']		0	D	määrsõna	30	
,	,	,	[',']			Z	lausemärk	30	
sest	sest	sest	['sest']		0	J	sidesõna	30	
pidevalt	pidevalt	pidevalt	['pidevalt']		0	D	määrsõna	30	
kestva	kestev	kestev	['kestev']	sg g	0	A	omadussõna algvõrre	30	
jõulu	jõulu	jõulu	['jõulu']	sg g	0	S	nimisõna	30	
tingimustes	tingimus	tingimus	['tingimus']	pl in	tes	S	nimisõna	30	
ei	ei	ei	['ei']	neg	0	V	tegusõna	30	
ole	olema	ole	['ole']	o	0	V	tegusõna	30	
päkapikuelu	päkapikuelu	päka_piku_elu	['päka', 'piku', 'elu']	sg n	0	S	nimisõna	30	
niikuinii	niikuinii	nii_kui_nii	['nii', 'kui', 'nii']		0	D	määrsõna	30	
elamist	elamine	elamine	['elamine']	sg p	t	S	nimisõna	30	
väärt	väärt	väärt	['väärt']		0	D	määrsõna	30	
.	.	.	['.']			Z	lausemärk	30	
Hoolimata	hoolimata	hoolimata	['hoolimata']		0	K	kaassõna	31	
oma	oma	oma	['oma']	sg g	0	P	asesõna	31	
kangest	kange	kange	['kange']	sg el	st	A	omadussõna algvõrre	31	
meelest	meel	meel	['meel']	sg el	st	S	nimisõna	31	
ja	ja	ja	['ja']		0	J	sidesõna	31	
kõvast	kõva	kõva	['kõva']	sg el	st	A	omadussõna algvõrre	31	
kättemaksuhimust	kättemaksuhimu	kätte_maksu_himu	['kätte', 'maksu', 'himu']	sg el	st	S	nimisõna	31	
lootsid	lootma	loot	['loot']	sid	sid	V	tegusõna	31	
päkapikud	päkapikk	päka_pikk	['päka', 'pikk']	pl n	d	S	nimisõna	31	
südames	süda	süda	['süda']	sg in	s	S	nimisõna	31	
,	,	,	[',']			Z	lausemärk	31	
et	et	et	['et']		0	J	sidesõna	31	
suure	suur	suur	['suur']	sg g	0	A	omadussõna algvõrre	31	
pauguni	pauk	pauk	['pauk']	sg ter	ni	S	nimisõna	31	
läheb	minema	mine	['mine']	b	b	V	tegusõna	31	
siiski	siiski	siiski	['siiski']		0	D	määrsõna	31	
veel	veel	veel	['veel']		0	D	määrsõna	31	
natukenegi	natukene	natukene	['natukene']		0	D	määrsõna	31	
aega	aeg	aeg	['aeg']	sg p	0	S	nimisõna	31	
ning	ning	ning	['ning']		0	J	sidesõna	31	
et	et	et	['et']		0	J	sidesõna	31	
nad	tema	tema	['tema']	pl n	d	P	asesõna	31	
saavad	saama	saa	['saa']	vad	vad	V	tegusõna	31	
veel	veel	veel	['veel']		0	D	määrsõna	31	
mõned	mõni	mõni	['mõni']	pl n	d	P	asesõna	31	
aastakesed	aastake	aasta=ke	['aastake']	pl n	d	S	nimisõna	31	
rahumeelselt	rahumeelselt	rahu_meelselt	['rahu', 'meelselt']		0	D	määrsõna	31	
röövida	röövima	röövi	['röövi']	da	da	V	tegusõna	31	
,	,	,	[',']			Z	lausemärk	31	
varastada	varastama	varasta	['varasta']	da	da	V	tegusõna	31	
,	,	,	[',']			Z	lausemärk	31	
piinariistu	piinariist	piina_riist	['piina', 'riist']	pl p	u	S	nimisõna	31	
sepistada	sepistama	sepista	['sepista']	da	da	V	tegusõna	31	
,	,	,	[',']			Z	lausemärk	31	
tädisid	tädi	tädi	['tädi']	pl p	sid	S	nimisõna	31	
hirmutada	hirmutama	hirmuta	['hirmuta']	da	da	V	tegusõna	31	
ja	ja	ja	['ja']		0	J	sidesõna	31	
muid	muu	muu	['muu']	pl p	id	P	asesõna	31	
eluterveid	eluterve	elu_terve	['elu', 'terve']	pl p	id	A	omadussõna algvõrre	31	
sigadusi	sigadus	sigadus	['sigadus']	pl p	i	S	nimisõna	31	
teha	tegema	tege	['tege']	da	a	V	tegusõna	31	
.	.	.	['.']			Z	lausemärk	31	
