word_texts	lemmas	roots	root_tokens	forms	endings	postags	postag_descriptions	par_nr	head
Ilus	ilus	ilus	['ilus']	sg n	0	A	omadussõna algvõrre	1	 Ilus õhtu , härra Dannfuss ... 
õhtu	õhtu	õhtu	['õhtu']	sg n	0	S	nimisõna	1	 Ilus õhtu , härra Dannfuss ... 
,	,	,	[',']			Z	lausemärk	1	 Ilus õhtu , härra Dannfuss ... 
härra	härra	härra	['härra']	sg n	0	S	nimisõna	1	 Ilus õhtu , härra Dannfuss ... 
Dannfuss	Dannfuss	Dannfuss	['Dannfuss']	sg n	0	H	pärisnimi	1	 Ilus õhtu , härra Dannfuss ... 
...	...	...	['...']			Z	lausemärk	1	 Ilus õhtu , härra Dannfuss ... 
Veiko	Veiko	Veiko	['Veiko']	sg n	0	H	pärisnimi	2	
Belials	Belials	Belials	['Belials']	sg n	0	H	pärisnimi	2	
Õhtu	õhtu	õhtu	['õhtu']	sg n	0	S	nimisõna	3	
oli	olema	ole	['ole']	s	i	V	tegusõna	3	
oivaline	oivaline	oivaline	['oivaline']	sg n	0	A	omadussõna algvõrre	3	
.	.	.	['.']			Z	lausemärk	3	
Leitsak	leitsak	leitsak	['leitsak']	sg n	0	S	nimisõna	3	
,	,	,	[',']			Z	lausemärk	3	
mis	mis	mis	[['mis'], ['mis']]	pl n|sg n	0	P	asesõna	3	
päeval	päev	päev	['päev']	sg ad	l	S	nimisõna	3	
võimutses	võimutsema	võimutse	['võimutse']	s	s	V	tegusõna	3	
,	,	,	[',']			Z	lausemärk	3	
pannes	panema	pane	['pane']	des	es	V	tegusõna	3	
õhu	õhk	õhk	['õhk']	sg g	0	S	nimisõna	3	
paakunud	paakuma|paakunud	paaku|paaku=nud	[['paaku'], ['paakunud'], ['paakunud'], ['paakunud']]	|nud|pl n|sg n	0|d|nud	A|V		3	
maa	maa	maa	['maa']	sg g	0	S	nimisõna	3	
kohal	kohal	kohal	['kohal']		0	K	kaassõna	3	
värelema	värelema	värele	['värele']	ma	ma	V	tegusõna	3	
,	,	,	[',']			Z	lausemärk	3	
oli	olema	ole	['ole']	s	i	V	tegusõna	3	
taandunud	taanduma|taandunud	taandu|taandu=nud	[['taandu'], ['taandunud'], ['taandunud'], ['taandunud']]	|nud|pl n|sg n	0|d|nud	A|V		3	
ning	ning	ning	['ning']		0	J	sidesõna	3	
teinud	tegema|teinud	tege|tei=nud	[['tege'], ['teinud'], ['teinud'], ['teinud']]	|nud|pl n|sg n	0|d|nud	A|V		3	
ruumi	ruum	ruum	['ruum']	sg p	0	S	nimisõna	3	
värskendavale	värskendav	värskendav	['värskendav']	sg all	le	A	omadussõna algvõrre	3	
jahedusele	jahedus	jahedus	['jahedus']	sg all	le	S	nimisõna	3	
,	,	,	[',']			Z	lausemärk	3	
mida	mis	mis	[['mis'], ['mis']]	pl p|sg p	da	P	asesõna	3	
kerge	kerge	kerge	['kerge']	sg n	0	A	omadussõna algvõrre	3	
tuuleõhk	tuuleõhk	tuule_õhk	['tuule', 'õhk']	sg n	0	S	nimisõna	3	
mägedest	mägi	mägi	['mägi']	pl el	dest	S	nimisõna	3	
kandis	kandma	kand	['kand']	s	is	V	tegusõna	3	
.	.	.	['.']			Z	lausemärk	3	
Silmi	silm	silm	['silm']	pl p	i	S	nimisõna	3	
sulgedes	sulgema	sulge	['sulge']	des	des	V	tegusõna	3	
ja	ja	ja	['ja']		0	J	sidesõna	3	
niiskeid	niiske	niiske	['niiske']	pl p	id	A	omadussõna algvõrre	3	
puhanguid	puhang	puhang	['puhang']	pl p	id	S	nimisõna	3	
sisse	sisse	sisse	['sisse']		0	D	määrsõna	3	
hingates	hingama	hinga	['hinga']	des	tes	V	tegusõna	3	
võis	võima	või	['või']	s	s	V	tegusõna	3	
tunda	tundma	tund	['tund']	da	a	V	tegusõna	3	
mägiaasadel	mägiaas	mägi_aas	['mägi', 'aas']	pl ad	del	S	nimisõna	3	
kasvava	kasvav	kasvav	['kasvav']	sg g	0	A	omadussõna algvõrre	3	
värske	värske	värske	['värske']	sg g	0	A	omadussõna algvõrre	3	
rohu	rohi	rohi	['rohi']	sg g	0	S	nimisõna	3	
vaevutajutavat	vaevutajutav	vaevu_tajutav	['vaevu', 'tajutav']	sg p	t	A	omadussõna algvõrre	3	
aroomi	aroom	aroom	['aroom']	sg p	0	S	nimisõna	3	
.	.	.	['.']			Z	lausemärk	3	
Päike	päike	päike	['päike']	sg n	0	S	nimisõna	3	
oli	olema	ole	['ole']	s	i	V	tegusõna	3	
juba	juba	juba	['juba']		0	D	määrsõna	3	
loojunud	loojuma|loojunud	looju|looju=nud	[['looju'], ['loojunud'], ['loojunud'], ['loojunud']]	|nud|pl n|sg n	0|d|nud	A|V		3	
,	,	,	[',']			Z	lausemärk	3	
kuid	kuid	kuid	['kuid']		0	J	sidesõna	3	
öö	öö	öö	['öö']	sg g	0	S	nimisõna	3	
must	must	must	['must']	sg n	0	A	omadussõna algvõrre	3	
mantel	mantel	mantel	['mantel']	sg n	0	S	nimisõna	3	
polnud	olema	ole	['ole']	neg nud	nud	V	tegusõna	3	
veel	veel	veel	['veel']		0	D	määrsõna	3	
maailma	maailm	maa_ilm	['maa', 'ilm']	sg g	0	S	nimisõna	3	
kinni	kinni	kinni	['kinni']		0	D	määrsõna	3	
katnud	katma|katnud	kat|kat=nud	[['kat'], ['katnud'], ['katnud'], ['katnud']]	|nud|pl n|sg n	0|d|nud	A|V		3	
.	.	.	['.']			Z	lausemärk	3	
Veel	veel	veel	['veel']		0	D	määrsõna	3	
valitses	valitsema	valitse	['valitse']	s	s	V	tegusõna	3	
see	see	see	['see']	sg n	0	P	asesõna	3	
maaliline	maaliline	maaliline	['maaliline']	sg n	0	A	omadussõna algvõrre	3	
üleminek	üleminek	üle_minek	['üle', 'minek']	sg n	0	S	nimisõna	3	
valguse	valgus	valgus	['valgus']	sg g	0	S	nimisõna	3	
ja	ja	ja	['ja']		0	J	sidesõna	3	
pimeduse	pimedus	pimedus	['pimedus']	sg g	0	S	nimisõna	3	
,	,	,	[',']			Z	lausemärk	3	
päeva	päev	päev	['päev']	sg g	0	S	nimisõna	3	
ja	ja	ja	['ja']		0	J	sidesõna	3	
öö	öö	öö	['öö']	sg g	0	S	nimisõna	3	
vahel	vahel	vahel	['vahel']		0	K	kaassõna	3	
;	;	;	[';']			Z	lausemärk	3	
hetk	hetk	hetk	['hetk']	sg n	0	S	nimisõna	3	
,	,	,	[',']			Z	lausemärk	3	
mil	mil	mil	['mil']		0	D	määrsõna	3	
värvid	värv	värv	['värv']	pl n	d	S	nimisõna	3	
sulanduvad	sulanduma	sulandu	['sulandu']	vad	vad	V	tegusõna	3	
ja	ja	ja	['ja']		0	J	sidesõna	3	
nime	nimi	nimi	['nimi']	sg p	0	S	nimisõna	3	
kaotavad	kaotama	kaota	['kaota']	vad	vad	V	tegusõna	3	
.	.	.	['.']			Z	lausemärk	3	
Taevas	taevas	taevas	['taevas']	sg n	0	S	nimisõna	3	
,	,	,	[',']			Z	lausemärk	3	
mille	mis	mis	[['mis'], ['mis']]	pl g|sg g	0	P	asesõna	3	
puna	puna	puna	['puna']	sg n	0	S	nimisõna	3	
pikkamisi	pikkamisi	pikkamisi	['pikkamisi']		0	D	määrsõna	3	
lillakaks	lillakas	lillakas	['lillakas']	sg tr	ks	A	omadussõna algvõrre	3	
tõmbus	tõmbuma	tõmbu	['tõmbu']	s	s	V	tegusõna	3	
,	,	,	[',']			Z	lausemärk	3	
küütles	küütlema	küütle	['küütle']	s	s	V	tegusõna	3	
erinevates	erinev	erinev	['erinev']	pl in	tes	A	omadussõna algvõrre	3	
toonides	toon	toon	['toon']	pl in	des	S	nimisõna	3	
ja	ja	ja	['ja']		0	J	sidesõna	3	
selles	see	see	['see']	sg in	s	P	asesõna	3	
purpurses	purpurne	purpurne	['purpurne']	sg in	s	A	omadussõna algvõrre	3	
õhetuses	õhetus	õhetus	['õhetus']	sg in	s	S	nimisõna	3	
särasid	särama	sära	['sära']	sid	sid	V	tegusõna	3	
läikivroosad	läikivroosa	läikiv_roosa	['läikiv', 'roosa']	pl n	d	A	omadussõna algvõrre	3	
pilved	pilv	pilv	['pilv']	pl n	d	S	nimisõna	3	
.	.	.	['.']			Z	lausemärk	3	
Läbipaistva	Läbipaistev|Läbipaistva	Läbi_paistev|Läbipaistva	[['Läbi', 'paistev'], ['Läbipaistva']]	sg g	0	H	pärisnimi	4	
loorina	loor	loor	['loor']	sg es	na	S	nimisõna	4	
laskus	laskuma	lasku	['lasku']	s	s	V	tegusõna	4	
majale	maja	maja	['maja']	sg all	le	S	nimisõna	4	
hämarus	hämarus	hämarus	['hämarus']	sg n	0	S	nimisõna	4	
,	,	,	[',']			Z	lausemärk	4	
mähkides	mähkima	mähki	['mähki']	des	des	V	tegusõna	4	
ta	tema	tema	['tema']	sg g	0	P	asesõna	4	
tsikaadide	tsikaad	tsikaad	['tsikaad']	pl g	de	S	nimisõna	4	
sirinasse	sirin	sirin	['sirin']	sg ill	sse	S	nimisõna	4	
.	.	.	['.']			Z	lausemärk	4	
Seinad	sein	sein	['sein']	pl n	d	S	nimisõna	4	
,	,	,	[',']			Z	lausemärk	4	
mis	mis	mis	[['mis'], ['mis']]	pl n|sg n	0	P	asesõna	4	
mäletasid	mäletama	mäleta	['mäleta']	sid	sid	V	tegusõna	4	
veel	veel	veel	['veel']		0	D	määrsõna	4	
päevast	päev	päev	['päev']	sg el	st	S	nimisõna	4	
kuumust	kuumus	kuumus	['kuumus']	sg p	t	S	nimisõna	4	
,	,	,	[',']			Z	lausemärk	4	
võpatasid	võpatama	võpata	['võpata']	sid	sid	V	tegusõna	4	
kergelt	kergelt	kergelt	['kergelt']		0	D	määrsõna	4	
,	,	,	[',']			Z	lausemärk	4	
tunnetades	tunnetama	tunneta	['tunneta']	des	des	V	tegusõna	4	
öö	öö	öö	['öö']	sg g	0	S	nimisõna	4	
rõske	rõske	rõske	['rõske']	sg g	0	A	omadussõna algvõrre	4	
hinguse	hingus	hingus	['hingus']	sg g	0	S	nimisõna	4	
lähenemist	lähenemine	lähenemine	['lähenemine']	sg p	t	S	nimisõna	4	
.	.	.	['.']			Z	lausemärk	4	
""""	""""	""""	"['""']"			Z	lausemärk	5	
Ilus	ilus	ilus	['ilus']	sg n	0	A	omadussõna algvõrre	5	
õhtu	õhtu	õhtu	['õhtu']	sg n	0	S	nimisõna	5	
,	,	,	[',']			Z	lausemärk	5	
härra	härra	härra	['härra']	sg n	0	S	nimisõna	5	
Dannfuss	Dannfuss	Dannfuss	['Dannfuss']	sg n	0	H	pärisnimi	5	
,	,	,	[',']			Z	lausemärk	5	
""""	""""	""""	"['""']"			Z	lausemärk	5	
kõlas	kõlama	kõla	['kõla']	s	s	V	tegusõna	5	
trepilt	trepp	trepp	['trepp']	sg abl	lt	S	nimisõna	5	
.	.	.	['.']			Z	lausemärk	5	
Mees	mees	mees	['mees']	sg n	0	S	nimisõna	6	
,	,	,	[',']			Z	lausemärk	6	
kes	kes	kes	[['kes'], ['kes']]	pl n|sg n	0	P	asesõna	6	
terrassil	terrass	terrass	['terrass']	sg ad	l	S	nimisõna	6	
seisis	seisma	seis	['seis']	s	is	V	tegusõna	6	
,	,	,	[',']			Z	lausemärk	6	
pöördus	pöörduma	pöördu	['pöördu']	s	s	V	tegusõna	6	
.	.	.	['.']			Z	lausemärk	6	
Ta	tema	tema	['tema']	sg n	0	P	asesõna	6	
oli	olema	ole	['ole']	s	i	V	tegusõna	6	
pikk	pikk	pikk	['pikk']	sg n	0	A	omadussõna algvõrre	6	
ja	ja	ja	['ja']		0	J	sidesõna	6	
kõhn	kõhn	kõhn	['kõhn']	sg n	0	A	omadussõna algvõrre	6	
,	,	,	[',']			Z	lausemärk	6	
aristokraatliku	aristokraatlik	aristokraatlik	['aristokraatlik']	sg g	0	A	omadussõna algvõrre	6	
hoiaku	hoiak	hoiak	['hoiak']	sg g	0	S	nimisõna	6	
ja	ja	ja	['ja']		0	J	sidesõna	6	
ikka	ikka	ikka	['ikka']		0	D	määrsõna	6	
veel	veel	veel	['veel']		0	D	määrsõna	6	
sirge	sirge	sirge	['sirge']	sg g	0	A	omadussõna algvõrre	6	
rühiga	rüht	rüht	['rüht']	sg kom	ga	S	nimisõna	6	
,	,	,	[',']			Z	lausemärk	6	
kuigi	kuigi	kuigi	[['kuigi'], ['kuigi']]		0	D|J		6	
ta	tema	tema	['tema']	sg g	0	P	asesõna	6	
meelekohad	meelekoht	meele_koht	['meele', 'koht']	pl n	d	S	nimisõna	6	
olid	olema	ole	['ole']	sid	id	V	tegusõna	6	
juba	juba	juba	['juba']		0	D	määrsõna	6	
ammu	ammu	ammu	['ammu']		0	D	määrsõna	6	
aastatest	aasta	aasta	['aasta']	pl el	test	S	nimisõna	6	
härmas	härmas	härmas	['härmas']		0	A	omadussõna algvõrre	6	
.	.	.	['.']			Z	lausemärk	6	
""""	""""	""""	"['""']"			Z	lausemärk	7	
Aa	aa	aa	['aa']		0	I	hüüdsõna	7	
,	,	,	[',']			Z	lausemärk	7	
see	see	see	['see']	sg n	0	P	asesõna	7	
olete	olema	ole	['ole']	te	te	V	tegusõna	7	
teie	sina	sina	['sina']	pl n	0	P	asesõna	7	
,	,	,	[',']			Z	lausemärk	7	
mister	mister	mister	['mister']	sg n	0	S	nimisõna	7	
Holbrook	Holbrook	Holbrook	['Holbrook']	sg n	0	H	pärisnimi	7	
,	,	,	[',']			Z	lausemärk	7	
""""	""""	""""	"['""']"			Z	lausemärk	7	
sõnas	sõnama	sõna	['sõna']	s	s	V	tegusõna	7	
ta	tema	tema	['tema']	sg n	0	P	asesõna	7	
.	.	.	['.']			Z	lausemärk	7	
""""	""""	""""	"['""']"			Z	lausemärk	7	
Jah	jah	jah	['jah']		0	D	määrsõna	7	
,	,	,	[',']			Z	lausemärk	7	
õhtu	õhtu	õhtu	['õhtu']	sg n	0	S	nimisõna	7	
on	olema	ole	[['ole'], ['ole']]	b|vad	0	V	tegusõna	7	
tõesti	tõesti	tõesti	['tõesti']		0	D	määrsõna	7	
suurepärane	suurepärane	suure_pärane	['suure', 'pärane']	sg n	0	A	omadussõna algvõrre	7	
.	.	.	['.']			Z	lausemärk	7	
Te	sina	sina	['sina']	pl n	0	P	asesõna	7	
vaadake	vaatama	vaata	['vaata']	ge	ke	V	tegusõna	7	
vaid	vaid	vaid	['vaid']		0	D	määrsõna	7	
neid	see	see	['see']	pl p	d	P	asesõna	7	
värve	värv	värv	['värv']	pl p	e	S	nimisõna	7	
!	!	!	['!']			Z	lausemärk	7	
Midagi	miski	miski	['miski']	sg p	dagi	P	asesõna	7	
sellist	selline	selline	['selline']	sg p	t	P	asesõna	7	
ei	ei	ei	['ei']	neg	0	V	tegusõna	7	
näe	nägema	näge	['näge']	o	0	V	tegusõna	7	
te	sina	sina	['sina']	pl n	0	P	asesõna	7	
enam	enam	enam	['enam']		0	D	määrsõna	7	
kunagi	kunagi	kunagi	['kunagi']		0	D	määrsõna	7	
,	,	,	[',']			Z	lausemärk	7	
see	see	see	['see']	sg n	0	P	asesõna	7	
on	olema	ole	[['ole'], ['ole']]	b|vad	0	V	tegusõna	7	
kordumatu	kordumatu	kordumatu	['kordumatu']	sg g	0	A	omadussõna algvõrre	7	
!	!	!	['!']			Z	lausemärk	7	
""""	""""	""""	"['""']"			Z	lausemärk	7	
""""	""""	""""	"['""']"			Z	lausemärk	8	
See	see	see	['see']	sg n	0	P	asesõna	8	
on	olema	ole	[['ole'], ['ole']]	b|vad	0	V	tegusõna	8	
ju	ju	ju	['ju']		0	D	määrsõna	8	
vaid	vaid	vaid	['vaid']		0	D	määrsõna	8	
loojang	loojang	loojang	['loojang']	sg n	0	S	nimisõna	8	
.	.	.	['.']			Z	lausemärk	8	
""""	""""	""""	"['""']"			Z	lausemärk	8	
Mister	mister	mister	['mister']	sg n	0	S	nimisõna	8	
Holbrook	Holbrook	Holbrook	['Holbrook']	sg n	0	H	pärisnimi	8	
päästis	päästma	pääst	['pääst']	s	is	V	tegusõna	8	
oma	oma	oma	['oma']	sg g	0	P	asesõna	8	
vanamoodsa	vanamoodne	vana_moodne	['vana', 'moodne']	sg g	0	A	omadussõna algvõrre	8	
kuue	kuub	kuub	['kuub']	sg g	0	S	nimisõna	8	
hõlmad	hõlm	hõlm	['hõlm']	pl n	d	S	nimisõna	8	
lahti	lahti	lahti	['lahti']		0	D	määrsõna	8	
,	,	,	[',']			Z	lausemärk	8	
paljastades	paljastama	paljasta	['paljasta']	des	des	V	tegusõna	8	
moestläinud	moestläinud	moe+st_läi=nud	[['moest', 'läinud'], ['moest', 'läinud'], ['moest', 'läinud']]	|pl n|sg n	0|d	A	omadussõna algvõrre	8	
laiad	lai	lai	['lai']	pl n	d	A	omadussõna algvõrre	8	
traksid	traks	traks	['traks']	pl n	d	S	nimisõna	8	
,	,	,	[',']			Z	lausemärk	8	
mida	mis	mis	[['mis'], ['mis']]	pl p|sg p	da	P	asesõna	8	
keegi	keegi	keegi	['keegi']	sg n	0	P	asesõna	8	
enam	enam	enam	['enam']		0	D	määrsõna	8	
ammu	ammu	ammu	['ammu']		0	D	määrsõna	8	
ei	ei	ei	['ei']	neg	0	V	tegusõna	8	
kandnud	kandma|kandnud	kand|kand=nud	[['kand'], ['kandnud'], ['kandnud'], ['kandnud']]	|nud|pl n|sg n	0|d|nud	A|V		8	
,	,	,	[',']			Z	lausemärk	8	
ning	ning	ning	['ning']		0	J	sidesõna	8	
istus	istuma	istu	['istu']	s	s	V	tegusõna	8	
ägisedes	ägisema	ägise	['ägise']	des	des	V	tegusõna	8	
trepiastmele	trepiaste	trepi_aste	['trepi', 'aste']	sg all	le	S	nimisõna	8	
.	.	.	['.']			Z	lausemärk	8	
""""	""""	""""	"['""']"			Z	lausemärk	8	
Homme	homme	homme	['homme']		0	D	määrsõna	8	
kordub	korduma	kordu	['kordu']	b	b	V	tegusõna	8	
see	see	see	['see']	sg n	0	P	asesõna	8	
jälle	jälle	jälle	['jälle']		0	D	määrsõna	8	
.	.	.	['.']			Z	lausemärk	8	
Ja	ja	ja	['ja']		0	J	sidesõna	8	
ülehomme	ülehomme	üle_homme	['üle', 'homme']		0	D	määrsõna	8	
...	...	...	['...']			Z	lausemärk	8	
Ja	ja	ja	['ja']		0	J	sidesõna	8	
üleülehomme	üleülehomme	üle_üle_homme	['üle', 'üle', 'homme']		0	D	määrsõna	8	
...	...	...	['...']			Z	lausemärk	8	
""""	""""	""""	"['""']"			Z	lausemärk	8	
Härra	härra	härra	['härra']	sg n	0	S	nimisõna	9	
Dannfuss	Dannfuss	Dannfuss	['Dannfuss']	sg n	0	H	pärisnimi	9	
raputas	raputama	raputa	['raputa']	s	s	V	tegusõna	9	
pead	pea	pea	['pea']	sg p	d	S	nimisõna	9	
.	.	.	['.']			Z	lausemärk	9	
""""	""""	""""	"['""']"			Z	lausemärk	10	
Ainult	ainult	ainult	['ainult']		0	D	määrsõna	10	
loojang	loojang	loojang	['loojang']	sg n	0	S	nimisõna	10	
...	...	...	['...']			Z	lausemärk	10	
Jah	jah	jah	['jah']		0	D	määrsõna	10	
,	,	,	[',']			Z	lausemärk	10	
seda	see	see	['see']	sg p	da	P	asesõna	10	
ta	tema	tema	['tema']	sg n	0	P	asesõna	10	
on	olema	ole	[['ole'], ['ole']]	b|vad	0	V	tegusõna	10	
.	.	.	['.']			Z	lausemärk	10	
Kuid	kuid	kuid	['kuid']		0	J	sidesõna	10	
ta	tema	tema	['tema']	sg n	0	P	asesõna	10	
ei	ei	ei	['ei']	neg	0	V	tegusõna	10	
kordu	korduma	kordu	['kordu']	o	0	V	tegusõna	10	
,	,	,	[',']			Z	lausemärk	10	
ei	ei	ei	['ei']	neg	0	V	tegusõna	10	
!	!	!	['!']			Z	lausemärk	10	
Ta	tema	tema	['tema']	sg n	0	P	asesõna	10	
on	olema	ole	[['ole'], ['ole']]	b|vad	0	V	tegusõna	10	
alati	alati	alati	['alati']		0	D	määrsõna	10	
uus	uus	uus	['uus']	sg n	0	A	omadussõna algvõrre	10	
,	,	,	[',']			Z	lausemärk	10	
alati	alati	alati	['alati']		0	D	määrsõna	10	
erinev	erinev	erinev	['erinev']	sg n	0	A	omadussõna algvõrre	10	
.	.	.	['.']			Z	lausemärk	10	
Ta	tema	tema	['tema']	sg n	0	P	asesõna	10	
muutub	muutuma	muutu	['muutu']	b	b	V	tegusõna	10	
,	,	,	[',']			Z	lausemärk	10	
Holbrook	Holbrook	Holbrook	['Holbrook']	sg n	0	H	pärisnimi	10	
,	,	,	[',']			Z	lausemärk	10	
muutub	muutuma	muutu	['muutu']	b	b	V	tegusõna	10	
!	!	!	['!']			Z	lausemärk	10	
Värvid	värv	värv	['värv']	pl n	d	S	nimisõna	10	
,	,	,	[',']			Z	lausemärk	10	
toonid	toon	toon	['toon']	pl n	d	S	nimisõna	10	
,	,	,	[',']			Z	lausemärk	10	
tunded	tunne	tunne	['tunne']	pl n	d	S	nimisõna	10	
,	,	,	[',']			Z	lausemärk	10	
nüansid	nüanss	nüanss	['nüanss']	pl n	d	S	nimisõna	10	
!	!	!	['!']			Z	lausemärk	10	
Seda	see	see	['see']	sg p	da	P	asesõna	10	
,	,	,	[',']			Z	lausemärk	10	
mis	mis	mis	[['mis'], ['mis']]	pl n|sg n	0	P	asesõna	10	
oli	olema	ole	['ole']	s	i	V	tegusõna	10	
täna	täna	täna	['täna']		0	D	määrsõna	10	
,	,	,	[',']			Z	lausemärk	10	
te	sina	sina	['sina']	pl n	0	P	asesõna	10	
homme	homme	homme	['homme']		0	D	määrsõna	10	
ei	ei	ei	['ei']	neg	0	V	tegusõna	10	
näe	nägema	näge	['näge']	o	0	V	tegusõna	10	
.	.	.	['.']			Z	lausemärk	10	
Seda	see	see	['see']	sg p	da	P	asesõna	10	
,	,	,	[',']			Z	lausemärk	10	
mis	mis	mis	[['mis'], ['mis']]	pl n|sg n	0	P	asesõna	10	
oli	olema	ole	['ole']	s	i	V	tegusõna	10	
täna	täna	täna	['täna']		0	D	määrsõna	10	
,	,	,	[',']			Z	lausemärk	10	
te	sina	sina	['sina']	pl n	0	P	asesõna	10	
homme	homme	homme	['homme']		0	D	määrsõna	10	
ei	ei	ei	['ei']	neg	0	V	tegusõna	10	
tunne	tundma	tund	['tund']	o	0	V	tegusõna	10	
.	.	.	['.']			Z	lausemärk	10	
Seda	see	see	['see']	sg p	da	P	asesõna	10	
,	,	,	[',']			Z	lausemärk	10	
mis	mis	mis	[['mis'], ['mis']]	pl n|sg n	0	P	asesõna	10	
oli	olema	ole	['ole']	s	i	V	tegusõna	10	
täna	täna	täna	['täna']		0	D	määrsõna	10	
,	,	,	[',']			Z	lausemärk	10	
ei	ei	ei	['ei']	neg	0	V	tegusõna	10	
saa	saama	saa	['saa']	o	0	V	tegusõna	10	
enam	enam	enam	['enam']		0	D	määrsõna	10	
tagasi	tagasi	tagasi	['tagasi']		0	D	määrsõna	10	
,	,	,	[',']			Z	lausemärk	10	
see	see	see	['see']	sg n	0	P	asesõna	10	
on	olema	ole	[['ole'], ['ole']]	b|vad	0	V	tegusõna	10	
läinud	läinud|minema	läinud|mine	[['läinud'], ['läinud'], ['läinud'], ['mine']]	|nud|pl n|sg n	0|d|nud	A|V		10	
.	.	.	['.']			Z	lausemärk	10	
Igaveseks	igaveseks	igaveseks	['igaveseks']		0	D	määrsõna	10	
.	.	.	['.']			Z	lausemärk	10	
Imetlege	imetlema	imetle	['imetle']	ge	ge	V	tegusõna	10	
,	,	,	[',']			Z	lausemärk	10	
Holbrook	Holbrook	Holbrook	['Holbrook']	sg n	0	H	pärisnimi	10	
,	,	,	[',']			Z	lausemärk	10	
jätke	jätma	jät	['jät']	ge	ke	V	tegusõna	10	
meelde	meel	meel	['meel']	adt	de	S	nimisõna	10	
.	.	.	['.']			Z	lausemärk	10	
Te	sina	sina	['sina']	pl n	0	P	asesõna	10	
võite	võima	või	['või']	te	te	V	tegusõna	10	
näha	nägema	näge	['näge']	da	a	V	tegusõna	10	
midagi	miski	miski	['miski']	sg p	dagi	P	asesõna	10	
sarnast	sarnane	sarnane	['sarnane']	sg p	t	A	omadussõna algvõrre	10	
,	,	,	[',']			Z	lausemärk	10	
kuid	kuid	kuid	['kuid']		0	J	sidesõna	10	
ei	ei	ei	['ei']	neg	0	V	tegusõna	10	
kunagi	kunagi	kunagi	['kunagi']		0	D	määrsõna	10	
enam	enam	enam	['enam']		0	D	määrsõna	10	
täpselt	täpselt	täpselt	['täpselt']		0	D	määrsõna	10	
seda	see	see	['see']	sg p	da	P	asesõna	10	
,	,	,	[',']			Z	lausemärk	10	
mida	mis	mis	[['mis'], ['mis']]	pl p|sg p	da	P	asesõna	10	
praegu	praegu	praegu	['praegu']		0	D	määrsõna	10	
,	,	,	[',']			Z	lausemärk	10	
selles	see	see	['see']	sg in	s	P	asesõna	10	
ongi	olema	ole	[['ole'], ['ole']]	b|vad	0	V	tegusõna	10	
looduse	loodus	loodus	['loodus']	sg g	0	S	nimisõna	10	
kordumatu	kordumatu	kordumatu	['kordumatu']	sg g	0	A	omadussõna algvõrre	10	
võlu	võlu	võlu	['võlu']	sg p	0	S	nimisõna	10	
.	.	.	['.']			Z	lausemärk	10	
Alati	alati	alati	['alati']		0	D	määrsõna	10	
midagi	miski	miski	['miski']	sg p	dagi	P	asesõna	10	
uut	uus	uus	['uus']	sg p	t	A	omadussõna algvõrre	10	
...	...	...	['...']			Z	lausemärk	10	
""""	""""	""""	"['""']"			Z	lausemärk	10	
""""	""""	""""	"['""']"			Z	lausemärk	11	
Te	sina	sina	['sina']	pl n	0	P	asesõna	11	
oleksite	olema	ole	['ole']	ksite	ksite	V	tegusõna	11	
pidanud	pidama|pidanud	pida|pida=nud	[['pida'], ['pidanud'], ['pidanud'], ['pidanud']]	|nud|pl n|sg n	0|d|nud	A|V		11	
hakkama	hakkama	hakka	['hakka']	ma	ma	V	tegusõna	11	
luuletajaks	luuletaja	luuletaja	['luuletaja']	sg tr	ks	S	nimisõna	11	
,	,	,	[',']			Z	lausemärk	11	
Dannfuss	Dannfuss	Dannfuss	['Dannfuss']	sg n	0	H	pärisnimi	11	
.	.	.	['.']			Z	lausemärk	11	
Või	või	või	['või']		0	J	sidesõna	11	
kunstnikuks	kunstnik	kunstnik	['kunstnik']	sg tr	ks	S	nimisõna	11	
.	.	.	['.']			Z	lausemärk	11	
""""	""""	""""	"['""']"			Z	lausemärk	11	
""""	""""	""""	"['""']"			Z	lausemärk	12	
Ma	mina	mina	['mina']	sg n	0	P	asesõna	12	
olin	olema	ole	['ole']	sin	in	V	tegusõna	12	
.	.	.	['.']			Z	lausemärk	12	
Kunagi	kunagi	kunagi	['kunagi']		0	D	määrsõna	12	
.	.	.	['.']			Z	lausemärk	12	
""""	""""	""""	"['""']"			Z	lausemärk	12	
Härra	härra	härra	['härra']	sg n	0	S	nimisõna	12	
Dannfuss	Dannfuss	Dannfuss	['Dannfuss']	sg n	0	H	pärisnimi	12	
vaikis	vaikima	vaiki	['vaiki']	s	s	V	tegusõna	12	
mõne	mõni	mõni	['mõni']	sg g	0	P	asesõna	12	
hetke	hetk	hetk	['hetk']	sg g	0	S	nimisõna	12	
.	.	.	['.']			Z	lausemärk	12	
""""	""""	""""	"['""']"			Z	lausemärk	12	
See	see	see	['see']	sg n	0	P	asesõna	12	
oli	olema	ole	['ole']	s	i	V	tegusõna	12	
ammu	ammu	ammu	['ammu']		0	D	määrsõna	12	
.	.	.	['.']			Z	lausemärk	12	
""""	""""	""""	"['""']"			Z	lausemärk	12	
""""	""""	""""	"['""']"			Z	lausemärk	13	
Te	sina	sina	['sina']	pl n	0	P	asesõna	13	
pole	olema	ole	['ole']	neg o	0	V	tegusõna	13	
sellest	see	see	['see']	sg el	st	P	asesõna	13	
kunagi	kunagi	kunagi	['kunagi']		0	D	määrsõna	13	
rääkinud	rääkima|rääkinud	rääki|rääki=nud	[['rääki'], ['rääkinud'], ['rääkinud'], ['rääkinud']]	|nud|pl n|sg n	0|d|nud	A|V		13	
.	.	.	['.']			Z	lausemärk	13	
Mis	mis	mis	[['mis'], ['mis']]	pl n|sg n	0	P	asesõna	13	
juhtus	juhtuma	juhtu	['juhtu']	s	s	V	tegusõna	13	
?	?	?	['?']			Z	lausemärk	13	
""""	""""	""""	"['""']"			Z	lausemärk	13	
""""	""""	""""	"['""']"			Z	lausemärk	14	
Ei	ei	ei	['ei']		0	D	määrsõna	14	
midagi	miski	miski	['miski']	sg p	dagi	P	asesõna	14	
.	.	.	['.']			Z	lausemärk	14	
Sel	see	see	['see']	sg ad	l	P	asesõna	14	
polnud	olema	ole	['ole']	neg nud	nud	V	tegusõna	14	
mõtet	mõte	mõte	['mõte']	sg p	t	S	nimisõna	14	
.	.	.	['.']			Z	lausemärk	14	
On	olema	ole	[['ole'], ['ole']]	b|vad	0	V	tegusõna	14	
ainult	ainult	ainult	['ainult']		0	D	määrsõna	14	
üks	üks	üks	['üks']	sg n	0	P	asesõna	14	
kunstnik	kunstnik	kunstnik	['kunstnik']	sg n	0	S	nimisõna	14	
,	,	,	[',']			Z	lausemärk	14	
üks	üks	üks	['üks']	sg n	0	P	asesõna	14	
luuletaja	luuletaja	luuletaja	['luuletaja']	sg n	0	S	nimisõna	14	
,	,	,	[',']			Z	lausemärk	14	
""""	""""	""""	"['""']"			Z	lausemärk	14	
viipas	viipama	viipa	['viipa']	s	s	V	tegusõna	14	
härra	härra	härra	['härra']	sg n	0	S	nimisõna	14	
Dannfuss	Dannfuss	Dannfuss	['Dannfuss']	sg n	0	H	pärisnimi	14	
jalutuskepiga	jalutuskepp	jalutus_kepp	['jalutus', 'kepp']	sg kom	ga	S	nimisõna	14	
,	,	,	[',']			Z	lausemärk	14	
mille	mis	mis	[['mis'], ['mis']]	pl g|sg g	0	P	asesõna	14	
hõbenupp	hõbenupp	hõbe_nupp	['hõbe', 'nupp']	sg n	0	S	nimisõna	14	
loojangu	loojang	loojang	['loojang']	sg g	0	S	nimisõna	14	
puudutusest	puudutus	puudutus	['puudutus']	sg el	st	S	nimisõna	14	
roosakaks	roosakas	roosakas	['roosakas']	sg tr	ks	A	omadussõna algvõrre	14	
värvus	värvus	värvus	['värvus']	sg n	0	S	nimisõna	14	
,	,	,	[',']			Z	lausemärk	14	
""""	""""	""""	"['""']"			Z	lausemärk	14	
loodus	loodus	loodus	['loodus']	sg n	0	S	nimisõna	14	
.	.	.	['.']			Z	lausemärk	14	
Teised	teine	teine	[['teine'], ['teine']]	pl n	d	O|P		14	
on	olema	ole	[['ole'], ['ole']]	b|vad	0	V	tegusõna	14	
vaid	vaid	vaid	['vaid']		0	D	määrsõna	14	
haledad	hale	hale	['hale']	pl n	d	A	omadussõna algvõrre	14	
jäljendajad	jäljendaja	jäljendaja	['jäljendaja']	pl n	d	S	nimisõna	14	
.	.	.	['.']			Z	lausemärk	14	
""""	""""	""""	"['""']"			Z	lausemärk	14	
""""	""""	""""	"['""']"			Z	lausemärk	15	
Teil	sina	sina	['sina']	pl ad	l	P	asesõna	15	
võib	võima	või	['või']	b	b	V	tegusõna	15	
isegi	isegi	isegi	['isegi']		0	D	määrsõna	15	
õigus	õigus	õigus	['õigus']	sg n	0	S	nimisõna	15	
olla	olema	ole	['ole']	da	a	V	tegusõna	15	
,	,	,	[',']			Z	lausemärk	15	
""""	""""	""""	"['""']"			Z	lausemärk	15	
noogutas	noogutama	nooguta	['nooguta']	s	s	V	tegusõna	15	
Holbrook	Holbrook	Holbrook	['Holbrook']	sg n	0	H	pärisnimi	15	
.	.	.	['.']			Z	lausemärk	15	
""""	""""	""""	"['""']"			Z	lausemärk	15	
Ma	mina	mina	['mina']	sg n	0	P	asesõna	15	
pole	olema	ole	['ole']	neg o	0	V	tegusõna	15	
sellele	see	see	['see']	sg all	le	P	asesõna	15	
varem	varem	varem	['varem']		0	D	määrsõna	15	
mõelnud	mõelnud|mõtlema	mõel=nud|mõtle	[['mõelnud'], ['mõelnud'], ['mõelnud'], ['mõtle']]	|nud|pl n|sg n	0|d|nud	A|V		15	
.	.	.	['.']			Z	lausemärk	15	
""""	""""	""""	"['""']"			Z	lausemärk	15	
Nad	tema	tema	['tema']	pl n	d	P	asesõna	16	
vaikisid	vaikima	vaiki	['vaiki']	sid	sid	V	tegusõna	16	
.	.	.	['.']			Z	lausemärk	16	
Neil	tema	tema	['tema']	pl ad	l	P	asesõna	17	
polnud	olema	ole	['ole']	neg nud	nud	V	tegusõna	17	
sõnu	sõna	sõna	['sõna']	pl p	u	S	nimisõna	17	
vaja	vaja	vaja	['vaja']		0	D	määrsõna	17	
.	.	.	['.']			Z	lausemärk	17	
Kaks	kaks	kaks	['kaks']	sg n	0	N	põhiarvsõna	18	
vana	vana	vana	['vana']	sg p	0	A	omadussõna algvõrre	18	
meest	mees	mees	['mees']	sg p	t	S	nimisõna	18	
ja	ja	ja	['ja']		0	J	sidesõna	18	
vana	vana	vana	['vana']	sg n	0	A	omadussõna algvõrre	18	
maja	maja	maja	['maja']	sg n	0	S	nimisõna	18	
kesk	kesk	kesk	['kesk']		0	K	kaassõna	18	
lõputut	lõputu	lõputu	['lõputu']	sg p	t	A	omadussõna algvõrre	18	
vaagavat	vaagava	vaagava	['vaagava']	sg p	t	S	nimisõna	18	
vaikust	vaikus	vaikus	['vaikus']	sg p	t	S	nimisõna	18	
.	.	.	['.']			Z	lausemärk	18	
Nii	nii	nii	['nii']		0	D	määrsõna	18	
oli	olema	ole	['ole']	s	i	V	tegusõna	18	
see	see	see	['see']	sg n	0	P	asesõna	18	
alati	alati	alati	['alati']		0	D	määrsõna	18	
olnud	olema|olnud	ol=nud|ole	[['olnud'], ['olnud'], ['olnud'], ['ole']]	|nud|pl n|sg n	0|d|nud	A|V		18	
.	.	.	['.']			Z	lausemärk	18	
Ajad	aeg	aeg	['aeg']	pl n	d	S	nimisõna	18	
muutusid	muutuma	muutu	['muutu']	sid	sid	V	tegusõna	18	
,	,	,	[',']			Z	lausemärk	18	
maailm	maailm	maa_ilm	['maa', 'ilm']	sg n	0	S	nimisõna	18	
samuti	samuti	samuti	['samuti']		0	D	määrsõna	18	
,	,	,	[',']			Z	lausemärk	18	
kuid	kuid	kuid	['kuid']		0	J	sidesõna	18	
nemad	tema	tema	['tema']	pl n	d	P	asesõna	18	
jäid	jääma	jää	['jää']	sid	id	V	tegusõna	18	
samaks	sama	sama	['sama']	sg tr	ks	P	asesõna	18	
.	.	.	['.']			Z	lausemärk	18	
Ikka	ikka	ikka	['ikka']		0	D	määrsõna	18	
ja	ja	ja	['ja']		0	J	sidesõna	18	
jälle	jälle	jälle	['jälle']		0	D	määrsõna	18	
kohtusid	kohtuma	kohtu	['kohtu']	sid	sid	V	tegusõna	18	
nad	tema	tema	['tema']	pl n	d	P	asesõna	18	
oma	oma	oma	['oma']	sg g	0	P	asesõna	18	
lõpututel	lõputu	lõputu	['lõputu']	pl ad	tel	A	omadussõna algvõrre	18	
rännakutel	rännak	rännak	['rännak']	pl ad	tel	S	nimisõna	18	
mõnes	mõni	mõni	['mõni']	sg in	s	P	asesõna	18	
mahajäetud	mahajäetud	maha_jäetud	[['maha', 'jäetud'], ['maha', 'jäetud'], ['maha', 'jäetud']]	|pl n|sg n	0|d	A	omadussõna algvõrre	18	
majas	maja	maja	['maja']	sg in	s	S	nimisõna	18	
,	,	,	[',']			Z	lausemärk	18	
et	et	et	['et']		0	J	sidesõna	18	
segamatult	segamatult	segamatult	['segamatult']		0	D	määrsõna	18	
vaikuse	vaikus	vaikus	['vaikus']	sg g	0	S	nimisõna	18	
värve	värv	värv	['värv']	pl p	e	S	nimisõna	18	
vaadata	vaatama	vaata	['vaata']	da	ta	V	tegusõna	18	
.	.	.	['.']			Z	lausemärk	18	
Vaid	vaid	vaid	['vaid']		0	D	määrsõna	18	
nemad	tema	tema	['tema']	pl n	d	P	asesõna	18	
kaks	kaks	kaks	['kaks']	sg n	0	N	põhiarvsõna	18	
.	.	.	['.']			Z	lausemärk	18	
Ja	ja	ja	['ja']		0	J	sidesõna	18	
loojangud	loojang	loojang	['loojang']	pl n	d	S	nimisõna	18	
.	.	.	['.']			Z	lausemärk	18	
Neid	see	see	['see']	pl p	d	P	asesõna	18	
polnud	olema	ole	['ole']	neg nud	nud	V	tegusõna	18	
veel	veel	veel	['veel']		0	D	määrsõna	18	
ära	ära	ära	['ära']		0	D	määrsõna	18	
rikutud	rikkuma|rikutud	rikku|rikutud	[['rikku'], ['rikutud'], ['rikutud'], ['rikutud']]	|pl n|sg n|tud	0|d|tud	A|V		18	
.	.	.	['.']			Z	lausemärk	18	
Nad	tema	tema	['tema']	pl n	d	P	asesõna	19	
vaikisid	vaikima	vaiki	['vaiki']	sid	sid	V	tegusõna	19	
.	.	.	['.']			Z	lausemärk	19	
Taevasse	taevas	taevas	['taevas']	sg ill	sse	S	nimisõna	20	
ilmusid	ilmuma	ilmu	['ilmu']	sid	sid	V	tegusõna	20	
kakaovärvi	kakaovärv	kakao_värv	['kakao', 'värv']	sg g	0	S	nimisõna	20	
triibud	triip	triip	['triip']	pl n	d	S	nimisõna	20	
.	.	.	['.']			Z	lausemärk	20	
Maja	maja	maja	['maja']	sg n	0	S	nimisõna	21	
,	,	,	[',']			Z	lausemärk	21	
mis	mis	mis	[['mis'], ['mis']]	pl n|sg n	0	P	asesõna	21	
suure	suur	suur	['suur']	sg g	0	A	omadussõna algvõrre	21	
ja	ja	ja	['ja']		0	J	sidesõna	21	
tummana	tumm	tumm	['tumm']	sg es	na	A	omadussõna algvõrre	21	
nende	see	see	['see']	pl g	de	P	asesõna	21	
selja	selg	selg	['selg']	sg g	0	S	nimisõna	21	
taga	taga	taga	['taga']		0	K	kaassõna	21	
oli	olema	ole	['ole']	s	i	V	tegusõna	21	
seisnud	seisma|seisnud	seis|seis=nud	[['seis'], ['seisnud'], ['seisnud'], ['seisnud']]	|nud|pl n|sg n	0|d|nud	A|V		21	
,	,	,	[',']			Z	lausemärk	21	
liigatas	liigatama	liigata	['liigata']	s	s	V	tegusõna	21	
.	.	.	['.']			Z	lausemärk	21	
Tema	tema	tema	['tema']	sg g	0	P	asesõna	21	
sisemusest	sisemus	sisemus	['sisemus']	sg el	st	S	nimisõna	21	
kostsid	kostma	kost	['kost']	sid	sid	V	tegusõna	21	
sammud	samm	samm	['samm']	pl n	d	S	nimisõna	21	
.	.	.	['.']			Z	lausemärk	21	
Need	see	see	['see']	pl n	d	P	asesõna	21	
olid	olema	ole	['ole']	sid	id	V	tegusõna	21	
rasked	raske	raske	['raske']	pl n	d	A	omadussõna algvõrre	21	
,	,	,	[',']			Z	lausemärk	21	
asised	asine	asine	['asine']	pl n	d	A	omadussõna algvõrre	21	
jalaasted	jalaaste	jala_aste	['jala', 'aste']	pl n	d	S	nimisõna	21	
,	,	,	[',']			Z	lausemärk	21	
mida	mis	mis	[['mis'], ['mis']]	pl p|sg p	da	P	asesõna	21	
saatis	saatma	saat	['saat']	s	is	V	tegusõna	21	
vana	vana	vana	['vana']	sg g	0	A	omadussõna algvõrre	21	
trepi	trepp	trepp	['trepp']	sg g	0	S	nimisõna	21	
kägin	kägin	kägin	['kägin']	sg n	0	S	nimisõna	21	
,	,	,	[',']			Z	lausemärk	21	
kaeblik	kaeblik	kaeblik	['kaeblik']	sg n	0	A	omadussõna algvõrre	21	
nagu	nagu	nagu	[['nagu'], ['nagu']]		0	D|J		21	
häälestamata	häälestamata	häälesta=mata	['häälestamata']		0	A	omadussõna algvõrre	21	
viiul	viiul	viiul	['viiul']	sg n	0	S	nimisõna	21	
.	.	.	['.']			Z	lausemärk	21	
Tsikaadid	tsikaad	tsikaad	['tsikaad']	pl n	d	S	nimisõna	21	
vakatasid	vakatama	vakata	['vakata']	sid	sid	V	tegusõna	21	
.	.	.	['.']			Z	lausemärk	21	
Härra	härra	härra	['härra']	sg n	0	S	nimisõna	22	
Dannfuss	Dannfuss	Dannfuss	['Dannfuss']	sg n	0	H	pärisnimi	22	
,	,	,	[',']			Z	lausemärk	22	
kes	kes	kes	[['kes'], ['kes']]	pl n|sg n	0	P	asesõna	22	
oli	olema	ole	['ole']	s	i	V	tegusõna	22	
rinnatisele	rinnatis	rinnatis	['rinnatis']	sg all	le	S	nimisõna	22	
toetunud	toetuma|toetunud	toetu|toetu=nud	[['toetu'], ['toetunud'], ['toetunud'], ['toetunud']]	|nud|pl n|sg n	0|d|nud	A|V		22	
,	,	,	[',']			Z	lausemärk	22	
pöördus	pöörduma	pöördu	['pöördu']	s	s	V	tegusõna	22	
võpatades	võpatama	võpata	['võpata']	des	des	V	tegusõna	22	
ümber	ümber	ümber	['ümber']		0	D	määrsõna	22	
.	.	.	['.']			Z	lausemärk	22	
""""	""""	""""	"['""']"			Z	lausemärk	23	
Kas	kas	kas	['kas']		0	D	määrsõna	23	
kuulsite	kuulma	kuul	['kuul']	site	site	V	tegusõna	23	
?	?	?	['?']			Z	lausemärk	23	
""""	""""	""""	"['""']"			Z	lausemärk	23	
päris	pärima	päri	['päri']	s	s	V	tegusõna	23	
ta	tema	tema	['tema']	sg n	0	P	asesõna	23	
Holbrookilt	Holbrook|Holbrooki	Holbrook|Holbrooki	[['Holbrook'], ['Holbrooki']]	sg abl	lt	H	pärisnimi	23	
,	,	,	[',']			Z	lausemärk	23	
kes	kes	kes	[['kes'], ['kes']]	pl n|sg n	0	P	asesõna	23	
oli	olema	ole	['ole']	s	i	V	tegusõna	23	
püsti	püsti	püsti	['püsti']		0	D	määrsõna	23	
tõusnud	tõusma|tõusnud	tõus|tõus=nud	[['tõus'], ['tõusnud'], ['tõusnud'], ['tõusnud']]	|nud|pl n|sg n	0|d|nud	A|V		23	
ja	ja	ja	['ja']		0	J	sidesõna	23	
hämmeldunult	hämmeldunult	hämmeldunult	['hämmeldunult']		0	D	määrsõna	23	
maja	maja	maja	['maja']	sg n	0	S	nimisõna	23	
silmitses	silmitsema	silmitse	['silmitse']	s	s	V	tegusõna	23	
.	.	.	['.']			Z	lausemärk	23	
""""	""""	""""	"['""']"			Z	lausemärk	24	
Keegi	keegi	keegi	['keegi']	sg n	0	P	asesõna	24	
kõnnib	kõndima	kõndi	['kõndi']	b	b	V	tegusõna	24	
,	,	,	[',']			Z	lausemärk	24	
""""	""""	""""	"['""']"			Z	lausemärk	24	
sosistas	sosistama	sosista	['sosista']	s	s	V	tegusõna	24	
Holbrook	Holbrook	Holbrook	['Holbrook']	sg n	0	H	pärisnimi	24	
.	.	.	['.']			Z	lausemärk	24	
""""	""""	""""	"['""']"			Z	lausemärk	24	
Kuid	kuid	kuid	['kuid']		0	J	sidesõna	24	
seal	seal	seal	['seal']		0	D	määrsõna	24	
pole	olema	ole	['ole']	neg o	0	V	tegusõna	24	
ju	ju	ju	['ju']		0	D	määrsõna	24	
kedagi	keegi	keegi	['keegi']	sg p	dagi	P	asesõna	24	
!	!	!	['!']			Z	lausemärk	24	
""""	""""	""""	"['""']"			Z	lausemärk	24	
Mehed	mees	mees	['mees']	pl n	d	S	nimisõna	25	
vaatasid	vaatama	vaata	['vaata']	sid	sid	V	tegusõna	25	
üksteisele	üksteise	üks_teise	['üks', 'teise']	sg all	le	P	asesõna	25	
otsa	otsa	otsa	['otsa']		0	D	määrsõna	25	
.	.	.	['.']			Z	lausemärk	25	
""""	""""	""""	"['""']"			Z	lausemärk	26	
Kummitus	kummitus	kummitus	['kummitus']	sg n	0	S	nimisõna	26	
...	...	...	['...']			Z	lausemärk	26	
""""	""""	""""	"['""']"			Z	lausemärk	26	
pomises	pomisema	pomise	['pomise']	s	s	V	tegusõna	26	
härra	härra	härra	['härra']	sg n	0	S	nimisõna	26	
Dannfuss	Dannfuss	Dannfuss	['Dannfuss']	sg n	0	H	pärisnimi	26	
lõpuks	lõpuks	lõpuks	['lõpuks']		0	D	määrsõna	26	
,	,	,	[',']			Z	lausemärk	26	
mõeldes	mõtlema	mõtle	['mõtle']	des	des	V	tegusõna	26	
jälestusega	jälestus	jälestus	['jälestus']	sg kom	ga	S	nimisõna	26	
neile	see	see	['see']	pl all	le	P	asesõna	26	
tumedatele	tume	tume	['tume']	pl all	tele	A	omadussõna algvõrre	26	
tihketele	tihke	tihke	['tihke']	pl all	tele	A	omadussõna algvõrre	26	
kogudele	kogu	kogu	['kogu']	pl all	dele	S	nimisõna	26	
,	,	,	[',']			Z	lausemärk	26	
kes	kes	kes	[['kes'], ['kes']]	pl n|sg n	0	P	asesõna	26	
õhku	õhk	õhk	['õhk']	sg p	0	S	nimisõna	26	
pööristena	pööris	pööris	['pööris']	pl es	tena	S	nimisõna	26	
liikuma	liikuma	liiku	['liiku']	ma	ma	V	tegusõna	26	
lüües	lööma	löö	['löö']	des	es	V	tegusõna	26	
lärmakalt	lärmakalt	lärmakalt	['lärmakalt']		0	D	määrsõna	26	
ringi	ringi	ringi	['ringi']		0	D	määrsõna	26	
armastasid	armastama	armasta	['armasta']	sid	sid	V	tegusõna	26	
kolistada	kolistama	kolista	['kolista']	da	da	V	tegusõna	26	
.	.	.	['.']			Z	lausemärk	26	
Kas	kas	kas	['kas']		0	D	määrsõna	27	
tõesti	tõesti	tõesti	['tõesti']		0	D	määrsõna	27	
ka	ka	ka	['ka']		0	D	määrsõna	27	
siin	siin	siin	['siin']		0	D	määrsõna	27	
?	?	?	['?']			Z	lausemärk	27	
Kui	kui	kui	[['kui'], ['kui']]		0	D|J		27	
nii	nii	nii	['nii']		0	D	määrsõna	27	
,	,	,	[',']			Z	lausemärk	27	
siis	siis	siis	['siis']		0	J	sidesõna	27	
hüvasti	hüvasti	hüvasti	['hüvasti']		0	I	hüüdsõna	27	
,	,	,	[',']			Z	lausemärk	27	
rahu	rahu	rahu	['rahu']	sg n	0	S	nimisõna	27	
ja	ja	ja	['ja']		0	J	sidesõna	27	
vaikus	vaikus	vaikus	['vaikus']	sg n	0	S	nimisõna	27	
;	;	;	[';']			Z	lausemärk	27	
hüvasti	hüvasti	hüvasti	['hüvasti']		0	I	hüüdsõna	27	
,	,	,	[',']			Z	lausemärk	27	
kaunid	kaunis	kaunis	['kaunis']	pl n	d	A	omadussõna algvõrre	27	
päikeseloojangud	päikeseloojang	päikese_loojang	['päikese', 'loojang']	pl n	d	S	nimisõna	27	
ja	ja	ja	['ja']		0	J	sidesõna	27	
värvide	värv	värv	['värv']	pl g	de	S	nimisõna	27	
mäng	mäng	mäng	['mäng']	sg n	0	S	nimisõna	27	
õhtutaevas	õhtutaevas	õhtu_taevas	['õhtu', 'taevas']	sg in	s	S	nimisõna	27	
.	.	.	['.']			Z	lausemärk	27	
Nemad	tema	tema	['tema']	pl n	d	P	asesõna	27	
seda	see	see	['see']	sg p	da	P	asesõna	27	
ei	ei	ei	['ei']	neg	0	V	tegusõna	27	
mõistnud	mõistma|mõistnud	mõist|mõist=nud	[['mõist'], ['mõistnud'], ['mõistnud'], ['mõistnud']]	|nud|pl n|sg n	0|d|nud	A|V		27	
;	;	;	[';']			Z	lausemärk	27	
nad	tema	tema	['tema']	pl n	d	P	asesõna	27	
ei	ei	ei	['ei']	neg	0	V	tegusõna	27	
suutnud	suutma|suutnud	suut|suut=nud	[['suut'], ['suutnud'], ['suutnud'], ['suutnud']]	|nud|pl n|sg n	0|d|nud	A|V		27	
näha	nägema	näge	['näge']	da	a	V	tegusõna	27	
täiuslikku	täiuslik	täiuslik	['täiuslik']	sg p	0	A	omadussõna algvõrre	27	
ilu	ilu	ilu	['ilu']	sg p	0	S	nimisõna	27	
,	,	,	[',']			Z	lausemärk	27	
ega	ega	ega	['ega']		0	J	sidesõna	27	
hoolinudki	hoolima	hooli	['hooli']	nud	nud	V	tegusõna	27	
sellest	see	see	['see']	sg el	st	P	asesõna	27	
.	.	.	['.']			Z	lausemärk	27	
Nad	tema	tema	['tema']	pl n	d	P	asesõna	27	
olid	olema	ole	['ole']	sid	id	V	tegusõna	27	
robustsed	robustne	robustne	['robustne']	pl n	d	A	omadussõna algvõrre	27	
,	,	,	[',']			Z	lausemärk	27	
isegi	isegi	isegi	['isegi']		0	D	määrsõna	27	
jõhkrad	jõhker	jõhker	['jõhker']	pl n	d	A	omadussõna algvõrre	27	
ja	ja	ja	['ja']		0	J	sidesõna	27	
neid	tema	tema	['tema']	pl p	d	P	asesõna	27	
huvitas	huvitama	huvita	['huvita']	s	s	V	tegusõna	27	
ainult	ainult	ainult	['ainult']		0	D	määrsõna	27	
nende	tema	tema	['tema']	pl g	de	P	asesõna	27	
enda	ise	ise	['ise']	sg g	0	P	asesõna	27	
isik	isik	isik	['isik']	sg n	0	S	nimisõna	27	
,	,	,	[',']			Z	lausemärk	27	
kõik	kõik	kõik	[['kõik'], ['kõik']]	pl n|sg n	0	P	asesõna	27	
muu	muu	muu	['muu']	sg n	0	P	asesõna	27	
suutsid	suutma	suut	['suut']	sid	sid	V	tegusõna	27	
nad	tema	tema	['tema']	pl n	d	P	asesõna	27	
ära	ära	ära	['ära']		0	D	määrsõna	27	
rikkuda	rikkuma	rikku	['rikku']	da	da	V	tegusõna	27	
.	.	.	['.']			Z	lausemärk	27	
Neid	see	see	['see']	pl p	d	P	asesõna	27	
ilmus	ilmuma	ilmu	['ilmu']	s	s	V	tegusõna	27	
aina	aina	aina	['aina']		0	D	määrsõna	27	
rohkem	rohkem	rohkem	['rohkem']		0	D	määrsõna	27	
sellesse	see	see	['see']	sg ill	sse	P	asesõna	27	
vaiksesse	vaikne	vaikne	['vaikne']	sg ill	sse	A	omadussõna algvõrre	27	
maailma	maailm	maa_ilm	['maa', 'ilm']	adt	0	S	nimisõna	27	
,	,	,	[',']			Z	lausemärk	27	
mis	mis	mis	[['mis'], ['mis']]	pl n|sg n	0	P	asesõna	27	
üha	üha	üha	['üha']		0	D	määrsõna	27	
enam	enam	enam	['enam']		0	D	määrsõna	27	
nende	tema	tema	['tema']	pl g	de	P	asesõna	27	
nägu	nägu	nägu	['nägu']	sg n	0	S	nimisõna	27	
muutus	muutuma	muutu	['muutu']	s	s	V	tegusõna	27	
.	.	.	['.']			Z	lausemärk	27	
""""	""""	""""	"['""']"			Z	lausemärk	28	
Nad	tema	tema	['tema']	pl n	d	P	asesõna	28	
tõrjuvad	tõrjuma	tõrju	['tõrju']	vad	vad	V	tegusõna	28	
meid	mina	mina	['mina']	pl p	d	P	asesõna	28	
välja	välja	välja	['välja']		0	D	määrsõna	28	
...	...	...	['...']			Z	lausemärk	28	
""""	""""	""""	"['""']"			Z	lausemärk	28	
pomises	pomisema	pomise	['pomise']	s	s	V	tegusõna	28	
härra	härra	härra	['härra']	sg n	0	S	nimisõna	28	
Dannfuss	Dannfuss	Dannfuss	['Dannfuss']	sg n	0	H	pärisnimi	28	
.	.	.	['.']			Z	lausemärk	28	
Holbrook	Holbrook	Holbrook	['Holbrook']	sg n	0	H	pärisnimi	29	
tõstis	tõstma	tõst	['tõst']	s	is	V	tegusõna	29	
pea	pea	pea	['pea']		0	D	määrsõna	29	
.	.	.	['.']			Z	lausemärk	29	
Ta	tema	tema	['tema']	sg g	0	P	asesõna	29	
silmad	silm	silm	['silm']	pl n	d	S	nimisõna	29	
olid	olema	ole	['ole']	sid	id	V	tegusõna	29	
kusagil	kusagil	kusagil	['kusagil']		0	D	määrsõna	29	
ära	ära	ära	['ära']		0	D	määrsõna	29	
;	;	;	[';']			Z	lausemärk	29	
võibolla	võibolla	võib_olla	['võib', 'olla']		0	D	määrsõna	29	
otsis	otsima	otsi	['otsi']	s	s	V	tegusõna	29	
ta	tema	tema	['tema']	sg n	0	P	asesõna	29	
juba	juba	juba	['juba']		0	D	määrsõna	29	
järgmist	järgmine	järgmine	['järgmine']	sg p	t	A	omadussõna algvõrre	29	
peatuspaika	peatuspaik	peatus_paik	['peatus', 'paik']	sg p	0	S	nimisõna	29	
,	,	,	[',']			Z	lausemärk	29	
võibolla	võibolla	võib_olla	['võib', 'olla']		0	D	määrsõna	29	
...	...	...	['...']			Z	lausemärk	29	
""""	""""	""""	"['""']"			Z	lausemärk	30	
Mis	mis	mis	[['mis'], ['mis']]	pl n|sg n	0	P	asesõna	30	
te	sina	sina	['sina']	pl n	0	P	asesõna	30	
ütlesite	ütlema	ütle	['ütle']	site	site	V	tegusõna	30	
?	?	?	['?']			Z	lausemärk	30	
""""	""""	""""	"['""']"			Z	lausemärk	30	
""""	""""	""""	"['""']"			Z	lausemärk	31	
Ei	ei	ei	['ei']		0	D	määrsõna	31	
midagi	miski	miski	['miski']	sg p	dagi	P	asesõna	31	
,	,	,	[',']			Z	lausemärk	31	
""""	""""	""""	"['""']"			Z	lausemärk	31	
lõi	looma|lööma	loo|löö	[['loo'], ['löö']]	s	i	V	tegusõna	31	
härra	härra	härra	['härra']	sg n	0	S	nimisõna	31	
Dannfuss	Dannfuss	Dannfuss	['Dannfuss']	sg n	0	H	pärisnimi	31	
käega	käsi	käsi	['käsi']	sg kom	ga	S	nimisõna	31	
.	.	.	['.']			Z	lausemärk	31	
""""	""""	""""	"['""']"			Z	lausemärk	31	
Kurb	kurb	kurb	['kurb']	sg n	0	A	omadussõna algvõrre	31	
on	olema	ole	[['ole'], ['ole']]	b|vad	0	V	tegusõna	31	
vaadata	vaatama	vaata	['vaata']	da	ta	V	tegusõna	31	
,	,	,	[',']			Z	lausemärk	31	
kuidas	kuidas	kuidas	['kuidas']		0	D	määrsõna	31	
kõik	kõik	kõik	[['kõik'], ['kõik']]	pl n|sg n	0	P	asesõna	31	
hääbub	hääbuma	hääbu	['hääbu']	b	b	V	tegusõna	31	
.	.	.	['.']			Z	lausemärk	31	
Üksildasi	Üksildasi	Üksildasi	['Üksildasi']	sg n	0	H	pärisnimi	31	
,	,	,	[',']			Z	lausemärk	31	
puutumata	puutuma	puutu	['puutu']	mata	mata	V	tegusõna	31	
nurgakesi	nurgake	nurgake	['nurgake']	pl p	i	S	nimisõna	31	
jääb	jääma	jää	['jää']	b	b	V	tegusõna	31	
aina	aina	aina	['aina']		0	D	määrsõna	31	
vähemaks	vähem	vähem	['vähem']	sg tr	ks	C	omadussõna keskvõrre	31	
.	.	.	['.']			Z	lausemärk	31	
Võtame	võtma	võt	['võt']	me	me	V	tegusõna	31	
või	või	või	['või']		0	J	sidesõna	31	
selle	see	see	['see']	sg g	0	P	asesõna	31	
majagi	maja	maja	['maja']	sg n	0	S	nimisõna	31	
.	.	.	['.']			Z	lausemärk	31	
Kui	kui	kui	[['kui'], ['kui']]		0	D|J		31	
kaua	kaua	kaua	['kaua']		0	D	määrsõna	31	
me	mina	mina	['mina']	pl n	0	P	asesõna	31	
pidime	pidama	pida	['pida']	sime	ime	V	tegusõna	31	
otsima	otsima	otsi	['otsi']	ma	ma	V	tegusõna	31	
,	,	,	[',']			Z	lausemärk	31	
enne	enne	enne	['enne']		0	D	määrsõna	31	
kui	kui	kui	[['kui'], ['kui']]		0	D|J		31	
ta	tema	tema	['tema']	sg n	0	P	asesõna	31	
leidsime	leidma	leid	['leid']	sime	sime	V	tegusõna	31	
.	.	.	['.']			Z	lausemärk	31	
Aastaid	aasta	aasta	['aasta']	pl p	id	S	nimisõna	31	
tühjalt	tühjalt	tühjalt	['tühjalt']		0	D	määrsõna	31	
seisnud	seisma|seisnud	seis|seis=nud	[['seis'], ['seisnud'], ['seisnud'], ['seisnud']]	|nud|pl n|sg n	0|d|nud	A|V		31	
,	,	,	[',']			Z	lausemärk	31	
eemal	eemal	eemal	['eemal']		0	D	määrsõna	31	
kõigist	kõik	kõik	['kõik']	pl el	st	P	asesõna	31	
ja	ja	ja	['ja']		0	J	sidesõna	31	
kõigest	kõigest	kõigest	['kõigest']		0	D	määrsõna	31	
...	...	...	['...']			Z	lausemärk	31	
Me	mina	mina	['mina']	pl n	0	P	asesõna	31	
lootsime	lootma|lootsima	loot|lootsi	[['loot'], ['lootsi']]	me|sime	me|sime	V	tegusõna	31	
,	,	,	[',']			Z	lausemärk	31	
et	et	et	['et']		0	J	sidesõna	31	
nii	nii	nii	['nii']		0	D	määrsõna	31	
jääbki	jääma	jää	['jää']	b	b	V	tegusõna	31	
,	,	,	[',']			Z	lausemärk	31	
kuid	kuid	kuid	['kuid']		0	J	sidesõna	31	
nüüd	nüüd	nüüd	['nüüd']		0	D	määrsõna	31	
kummitab	kummitama	kummita	['kummita']	b	b	V	tegusõna	31	
ka	ka	ka	['ka']		0	D	määrsõna	31	
siin	siin	siin	['siin']		0	D	määrsõna	31	
...	...	...	['...']			Z	lausemärk	31	
""""	""""	""""	"['""']"			Z	lausemärk	31	
Mehed	mees	mees	['mees']	pl n	d	S	nimisõna	32	
kuulasid	kuulama	kuula	['kuula']	sid	sid	V	tegusõna	32	
majast	maja	maja	['maja']	sg el	st	S	nimisõna	32	
kostvaid	kostev	kostev	['kostev']	pl p	id	A	omadussõna algvõrre	32	
hääli	hääl	hääl	['hääl']	pl p	i	S	nimisõna	32	
.	.	.	['.']			Z	lausemärk	32	
Holbrook	Holbrook	Holbrook	['Holbrook']	sg n	0	H	pärisnimi	33	
ohkas	ohkama	ohka	['ohka']	s	s	V	tegusõna	33	
.	.	.	['.']			Z	lausemärk	33	
""""	""""	""""	"['""']"			Z	lausemärk	34	
Kahju	kahju	kahju	['kahju']	sg n	0	S	nimisõna	34	
,	,	,	[',']			Z	lausemärk	34	
et	et	et	['et']		0	J	sidesõna	34	
see	see	see	['see']	sg n	0	P	asesõna	34	
nii	nii	nii	['nii']		0	D	määrsõna	34	
läks	minema	mine	['mine']	s	s	V	tegusõna	34	
,	,	,	[',']			Z	lausemärk	34	
""""	""""	""""	"['""']"			Z	lausemärk	34	
sõnas	sõnama	sõna	['sõna']	s	s	V	tegusõna	34	
ta	tema	tema	['tema']	sg n	0	P	asesõna	34	
lõpuks	lõpuks	lõpuks	['lõpuks']		0	D	määrsõna	34	
.	.	.	['.']			Z	lausemärk	34	
""""	""""	""""	"['""']"			Z	lausemärk	34	
Mul	mina	mina	['mina']	sg ad	l	P	asesõna	34	
on	olema	ole	[['ole'], ['ole']]	b|vad	0	V	tegusõna	34	
aeg	aeg	aeg	['aeg']	sg n	0	S	nimisõna	34	
.	.	.	['.']			Z	lausemärk	34	
""""	""""	""""	"['""']"			Z	lausemärk	34	
""""	""""	""""	"['""']"			Z	lausemärk	35	
Lähete	minema	mine	['mine']	te	te	V	tegusõna	35	
ära	ära	ära	['ära']		0	D	määrsõna	35	
?	?	?	['?']			Z	lausemärk	35	
""""	""""	""""	"['""']"			Z	lausemärk	35	
""""	""""	""""	"['""']"			Z	lausemärk	36	
Jah	jah	jah	['jah']		0	D	määrsõna	36	
.	.	.	['.']			Z	lausemärk	36	
Ilus	ilus	ilus	['ilus']	sg n	0	A	omadussõna algvõrre	36	
õhtu	õhtu	õhtu	['õhtu']	sg n	0	S	nimisõna	36	
oli	olema	ole	['ole']	s	i	V	tegusõna	36	
,	,	,	[',']			Z	lausemärk	36	
härra	härra	härra	['härra']	sg n	0	S	nimisõna	36	
Dannfuss	Dannfuss	Dannfuss	['Dannfuss']	sg n	0	H	pärisnimi	36	
.	.	.	['.']			Z	lausemärk	36	
Nägemiseni	nägemiseni	nägemiseni	['nägemiseni']		0	I	hüüdsõna	36	
.	.	.	['.']			Z	lausemärk	36	
""""	""""	""""	"['""']"			Z	lausemärk	36	
""""	""""	""""	"['""']"			Z	lausemärk	37	
Nägemiseni	nägemiseni	nägemiseni	['nägemiseni']		0	I	hüüdsõna	37	
.	.	.	['.']			Z	lausemärk	37	
""""	""""	""""	"['""']"			Z	lausemärk	37	
Härra	härra	härra	['härra']	sg n	0	S	nimisõna	38	
Dannfuss	Dannfuss	Dannfuss	['Dannfuss']	sg n	0	H	pärisnimi	38	
jälgis	jälgima	jälgi	['jälgi']	s	s	V	tegusõna	38	
,	,	,	[',']			Z	lausemärk	38	
kuidas	kuidas	kuidas	['kuidas']		0	D	määrsõna	38	
mister	mister	mister	['mister']	sg n	0	S	nimisõna	38	
Holbrook	Holbrook	Holbrook	['Holbrook']	sg n	0	H	pärisnimi	38	
värelema	värelema	värele	['värele']	ma	ma	V	tegusõna	38	
lõi	looma|lööma	loo|löö	[['loo'], ['löö']]	s	i	V	tegusõna	38	
ja	ja	ja	['ja']		0	J	sidesõna	38	
hommikuse	hommikune	hommikune	['hommikune']	sg g	0	A	omadussõna algvõrre	38	
uduna	udu	udu	['udu']	sg es	na	S	nimisõna	38	
hajus	hajuma	haju	['haju']	s	s	V	tegusõna	38	
;	;	;	[';']			Z	lausemärk	38	
heitis	heitma	heit	['heit']	s	is	V	tegusõna	38	
siis	siis	siis	['siis']		0	D	määrsõna	38	
viimase	viimane	viimane	['viimane']	sg g	0	A	omadussõna algvõrre	38	
pilgu	pilk	pilk	['pilk']	sg g	0	S	nimisõna	38	
loojangutaevale	loojangutaevas	loojangu_taevas	['loojangu', 'taevas']	sg all	le	S	nimisõna	38	
ja	ja	ja	['ja']		0	J	sidesõna	38	
imbus	imbuma	imbu	['imbu']	s	s	V	tegusõna	38	
hääletult	hääletult	hääletult	['hääletult']		0	D	määrsõna	38	
läbi	läbi	läbi	['läbi']		0	K	kaassõna	38	
lähima	lähim	lähim	['lähim']	sg g	0	U	omadussõna ülivõrre	38	
seina	sein	sein	['sein']	sg g	0	S	nimisõna	38	
.	.	.	['.']			Z	lausemärk	38	
