word_texts	lemmas	roots	root_tokens	forms	endings	postags	postag_descriptions	par_nr	head
Mälestus	mälestus	mälestus	['mälestus']	sg n	0	S	nimisõna	1	 Mälestus 
Veiko	Veiko	Veiko	['Veiko']	sg n	0	H	pärisnimi	2	
Belials	Belials	Belials	['Belials']	sg n	0	H	pärisnimi	2	
Kolonisatsiooni	kolonisatsioon	kolonisatsioon	['kolonisatsioon']	sg g	0	S	nimisõna	3	
teises	teine	teine	[['teine'], ['teine']]	sg in	s	O|P		3	
etapis	etapp	etapp	['etapp']	sg in	s	S	nimisõna	3	
jõudis	jõudma	jõud	['jõud']	s	is	V	tegusõna	3	
inimkond	inimkond	inimkond	['inimkond']	sg n	0	S	nimisõna	3	
Locustale	Locustale	Locustale	['Locustale']	sg n	0	H	pärisnimi	3	
.	.	.	['.']			Z	lausemärk	3	
See	see	see	['see']	sg n	0	P	asesõna	3	
oli	olema	ole	['ole']	s	i	V	tegusõna	3	
kuiva	kuiv	kuiv	['kuiv']	sg g	0	A	omadussõna algvõrre	3	
kliimaga	kliima	kliima	['kliima']	sg kom	ga	S	nimisõna	3	
Maa-tüüpi	maa-tüüp	maa-tüüp	['maa', 'tüüp']	adt	0	S	nimisõna	3	
planeet	planeet	planeet	['planeet']	sg n	0	S	nimisõna	3	
,	,	,	[',']			Z	lausemärk	3	
mida	mis	mis	[['mis'], ['mis']]	pl p|sg p	da	P	asesõna	3	
asustas	asustama	asusta	['asusta']	s	s	V	tegusõna	3	
karjakasvatajate	karjakasvataja	karja_kasvataja	['karja', 'kasvataja']	pl g	te	S	nimisõna	3	
ja	ja	ja	['ja']		0	J	sidesõna	3	
maaharijate	maaharija	maa_harija	['maa', 'harija']	pl g	te	S	nimisõna	3	
rass	rass	rass	['rass']	sg n	0	S	nimisõna	3	
.	.	.	['.']			Z	lausemärk	3	
Pärast	pärast	pärast	['pärast']		0	K	kaassõna	3	
Locusta	Locusta	Locusta	['Locusta']	sg g	0	H	pärisnimi	3	
hõivamist	hõivamine	hõivamine	['hõivamine']	sg p	t	S	nimisõna	3	
jäi	jääma	jää	['jää']	s	i	V	tegusõna	3	
inimkond	inimkond	inimkond	['inimkond']	sg n	0	S	nimisõna	3	
paikseks	paikne	paikne	['paikne']	sg tr	ks	A	omadussõna algvõrre	3	
.	.	.	['.']			Z	lausemärk	3	
Pole	olema	ole	['ole']	neg o	0	V	tegusõna	3	
ühtegi	ühte	ühte	['ühte']		0	D	määrsõna	3	
rahuldavat	rahuldav	rahuldav	['rahuldav']	sg p	t	A	omadussõna algvõrre	3	
selgitust	selgitus	selgitus	['selgitus']	sg p	t	S	nimisõna	3	
juhtunule	juhtunu	juhtunu	['juhtunu']	sg all	le	S	nimisõna	3	
,	,	,	[',']			Z	lausemärk	3	
kuid	kuid	kuid	['kuid']		0	J	sidesõna	3	
fakt	fakt	fakt	['fakt']	sg n	0	S	nimisõna	3	
on	olema	ole	[['ole'], ['ole']]	b|vad	0	V	tegusõna	3	
see	see	see	['see']	sg n	0	P	asesõna	3	
,	,	,	[',']			Z	lausemärk	3	
et	et	et	['et']		0	J	sidesõna	3	
kolonisatsioon	kolonisatsioon	kolonisatsioon	['kolonisatsioon']	sg n	0	S	nimisõna	3	
lõppes	lõppema	lõppe	['lõppe']	s	s	V	tegusõna	3	
ootamatult	ootamatult	ootamatult	['ootamatult']		0	D	määrsõna	3	
ja	ja	ja	['ja']		0	J	sidesõna	3	
inimkond	inimkond	inimkond	['inimkond']	sg n	0	S	nimisõna	3	
loobus	loobuma	loobu	['loobu']	s	s	V	tegusõna	3	
kosmose	kosmos	kosmos	['kosmos']	sg g	0	S	nimisõna	3	
edasisest	edasine	edasine	['edasine']	sg el	st	A	omadussõna algvõrre	3	
alistamisest	alistamine	alista=mine	['alistamine']	sg el	st	S	nimisõna	3	
.	.	.	['.']			Z	lausemärk	3	
Mis	mis	mis	[['mis'], ['mis']]	pl n|sg n	0	P	asesõna	4	
täpselt	täpselt	täpselt	['täpselt']		0	D	määrsõna	4	
Locustal	Locustal	Locustal	['Locustal']	sg n	0	H	pärisnimi	4	
juhtus	juhtuma	juhtu	['juhtu']	s	s	V	tegusõna	4	
,	,	,	[',']			Z	lausemärk	4	
jääb	jääma	jää	['jää']	b	b	V	tegusõna	4	
arvatavasti	arvatavasti	arvatavasti	['arvatavasti']		0	D	määrsõna	4	
igavesti	igavesti	igavesti	['igavesti']		0	D	määrsõna	4	
saladuseks	saladus	saladus	['saladus']	sg tr	ks	S	nimisõna	4	
,	,	,	[',']			Z	lausemärk	4	
nagu	nagu	nagu	[['nagu'], ['nagu']]		0	D|J		4	
ka	ka	ka	['ka']		0	D	määrsõna	4	
see	see	see	['see']	sg n	0	P	asesõna	4	
,	,	,	[',']			Z	lausemärk	4	
mis	mis	mis	[['mis'], ['mis']]	pl n|sg n	0	P	asesõna	4	
sai	saama	saa	['saa']	s	i	V	tegusõna	4	
rassist	rass	rass	['rass']	sg el	st	S	nimisõna	4	
,	,	,	[',']			Z	lausemärk	4	
keda	kes	kes	[['kes'], ['kes']]	pl p|sg p	da	P	asesõna	4	
inimkond	inimkond	inimkond	['inimkond']	sg n	0	S	nimisõna	4	
Locustal	Locustal	Locustal	['Locustal']	sg n	0	H	pärisnimi	4	
kohtas	kohtama	kohta	['kohta']	s	s	V	tegusõna	4	
.	.	.	['.']			Z	lausemärk	4	
Me	mina	mina	['mina']	pl n	0	P	asesõna	4	
ei	ei	ei	['ei']	neg	0	V	tegusõna	4	
tea	teadma	tead	['tead']	o	0	V	tegusõna	4	
,	,	,	[',']			Z	lausemärk	4	
millised	milline	milline	['milline']	pl n	d	P	asesõna	4	
nad	tema	tema	['tema']	pl n	d	P	asesõna	4	
olid	olema	ole	['ole']	sid	id	V	tegusõna	4	
ja	ja	ja	['ja']		0	J	sidesõna	4	
kuhu	kuhu	kuhu	['kuhu']		0	D	määrsõna	4	
kadusid	kaduma	kadu	['kadu']	sid	sid	V	tegusõna	4	
.	.	.	['.']			Z	lausemärk	4	
Nad	tema	tema	['tema']	pl n	d	P	asesõna	5	
lihtsalt	lihtsalt	lihtsalt	['lihtsalt']		0	D	määrsõna	5	
kadusid	kaduma	kadu	['kadu']	sid	sid	V	tegusõna	5	
ja	ja	ja	['ja']		0	J	sidesõna	5	
neist	tema	tema	['tema']	pl el	st	P	asesõna	5	
ei	ei	ei	['ei']	neg	0	V	tegusõna	5	
jäänud	jääma|jäänud	jää|jäänud	[['jää'], ['jäänud'], ['jäänud'], ['jäänud']]	|nud|pl n|sg n	0|d|nud	A|V		5	
vähimatki	vähim	vähim	['vähim']	sg p	t	U	omadussõna ülivõrre	5	
märki	märk	märk	['märk']	sg p	0	S	nimisõna	5	
.	.	.	['.']			Z	lausemärk	5	
Isegi	isegi	isegi	['isegi']		0	D	määrsõna	5	
mitte	mitte	mitte	['mitte']		0	D	määrsõna	5	
mälestust	mälestus	mälestus	['mälestus']	sg p	t	S	nimisõna	5	
...	...	...	['...']			Z	lausemärk	5	
Suur	suur	suur	['suur']	sg n	0	A	omadussõna algvõrre	6	
Terpilaagi	Terpilaag	Terpi_laag	['Terpi', 'laag']	sg g	0	H	pärisnimi	6	
Entsüklopeedia	entsüklopeedia	entsüklopeedia	['entsüklopeedia']	sg n	0	S	nimisõna	6	
Kuum	kuum	kuum	['kuum']	sg n	0	A	omadussõna algvõrre	7	
õhk	õhk	õhk	['õhk']	sg n	0	S	nimisõna	7	
väreles	värelema	värele	['värele']	s	s	V	tegusõna	7	
kõrbe	kõrb|kõrve	kõrb|kõrve	[['kõrb'], ['kõrve']]	sg g	0	S	nimisõna	7	
kohal	kohal	kohal	['kohal']		0	K	kaassõna	7	
,	,	,	[',']			Z	lausemärk	7	
tuul	tuul	tuul	['tuul']	sg n	0	S	nimisõna	7	
kandis	kandma	kand	['kand']	s	is	V	tegusõna	7	
laiali	laiali	laiali	['laiali']		0	D	määrsõna	7	
punakat	punakas	punakas	['punakas']	sg p	t	A	omadussõna algvõrre	7	
tolmu	tolm	tolm	['tolm']	sg p	0	S	nimisõna	7	
,	,	,	[',']			Z	lausemärk	7	
mis	mis	mis	[['mis'], ['mis']]	pl n|sg n	0	P	asesõna	7	
oli	olema	ole	['ole']	s	i	V	tegusõna	7	
kunagi	kunagi	kunagi	['kunagi']		0	D	määrsõna	7	
moodustanud	moodustama|moodustanud	moodusta|moodusta=nud	[['moodusta'], ['moodustanud'], ['moodustanud'], ['moodustanud']]	|nud|pl n|sg n	0|d|nud	A|V		7	
silmapiiril	silmapiir	silma_piir	['silma', 'piir']	sg ad	l	S	nimisõna	7	
murenevad	murenema	murene	['murene']	vad	vad	V	tegusõna	7	
mäed	mägi	mägi	['mägi']	pl n	d	S	nimisõna	7	
,	,	,	[',']			Z	lausemärk	7	
ning	ning	ning	['ning']		0	J	sidesõna	7	
veeretas	veeretama	veereta	['veereta']	s	s	V	tegusõna	7	
traatkõva	traatkõva	traat_kõva	['traat', 'kõva']	sg g	0	A	omadussõna algvõrre	7	
põuarohu	põuarohi	põua_rohi	['põua', 'rohi']	sg g	0	S	nimisõna	7	
seemnepusaraid	seemnepusarai	seemnepusarai	['seemnepusarai']	pl n	d	S	nimisõna	7	
.	.	.	['.']			Z	lausemärk	7	
See	see	see	['see']	sg n	0	P	asesõna	7	
madal	madal	madal	['madal']	sg n	0	A	omadussõna algvõrre	7	
hõbedane	hõbedane	hõbedane	['hõbedane']	sg n	0	A	omadussõna algvõrre	7	
rohi	rohi	rohi	['rohi']	sg n	0	S	nimisõna	7	
oli	olema	ole	['ole']	s	i	V	tegusõna	7	
ainus	ainus	ainus	['ainus']	sg n	0	A	omadussõna algvõrre	7	
,	,	,	[',']			Z	lausemärk	7	
mis	mis	mis	[['mis'], ['mis']]	pl n|sg n	0	P	asesõna	7	
suutis	suutma	suut	['suut']	s	is	V	tegusõna	7	
siinsel	siinne	siinne	['siinne']	sg ad	l	A	omadussõna algvõrre	7	
lagedal	lage	lage	['lage']	sg ad	l	A	omadussõna algvõrre	7	
ja	ja	ja	['ja']		0	J	sidesõna	7	
üksildasel	üksildane	üksildane	['üksildane']	sg ad	l	A	omadussõna algvõrre	7	
kiltmaal	kiltmaa	kilt_maa	['kilt', 'maa']	sg ad	l	S	nimisõna	7	
vastu	vastu	vastu	['vastu']		0	D	määrsõna	7	
pidada	pidama	pida	['pida']	da	da	V	tegusõna	7	
,	,	,	[',']			Z	lausemärk	7	
miski	miski	miski	['miski']	sg n	0	P	asesõna	7	
muu	muu	muu	['muu']	sg n	0	P	asesõna	7	
siin	siin	siin	['siin']		0	D	määrsõna	7	
ei	ei	ei	['ei']	neg	0	V	tegusõna	7	
kasvanud	kasvama|kasvanud	kasva|kasva=nud	[['kasva'], ['kasvanud'], ['kasvanud'], ['kasvanud']]	|nud|pl n|sg n	0|d|nud	A|V		7	
.	.	.	['.']			Z	lausemärk	7	
Ajanud	ajama|ajanud	aja|aja=nud	[['aja'], ['ajanud'], ['ajanud'], ['ajanud']]	|nud|pl n|sg n	0|d|nud	A|V		7	
juured	juur	juur	['juur']	pl n	d	S	nimisõna	7	
paakunud	paakuma|paakunud	paaku|paaku=nud	[['paaku'], ['paakunud'], ['paakunud'], ['paakunud']]	|nud|pl n|sg n	0|d|nud	A|V		7	
maa	maa	maa	['maa']	sg g	0	S	nimisõna	7	
pragudesse	pragu	pragu	['pragu']	pl ill	desse	S	nimisõna	7	
,	,	,	[',']			Z	lausemärk	7	
turritas	turritama	turrita	['turrita']	s	s	V	tegusõna	7	
see	see	see	['see']	sg n	0	P	asesõna	7	
surmapõlgavalt	surmapõlgavalt	surma_põlgava=lt	['surma', 'põlgavalt']		0	D	määrsõna	7	
ka	ka	ka	['ka']		0	D	määrsõna	7	
kõige	kõige	kõige	['kõige']		0	D	määrsõna	7	
kuivemates	kuivem	kuivem	['kuivem']	pl in	tes	C	omadussõna keskvõrre	7	
kohtades	koht	koht	['koht']	pl in	des	S	nimisõna	7	
,	,	,	[',']			Z	lausemärk	7	
otsekui	otsekui	otse_kui	[['otse', 'kui'], ['otse', 'kui']]		0	D|J		7	
irvitades	irvitama	irvita	['irvita']	des	des	V	tegusõna	7	
lõputu	lõputu	lõputu	['lõputu']	sg g	0	A	omadussõna algvõrre	7	
põua	põud	põud	['põud']	sg g	0	S	nimisõna	7	
üle	üle	üle	['üle']		0	K	kaassõna	7	
.	.	.	['.']			Z	lausemärk	7	
Päike	päike	päike	['päike']	sg n	0	S	nimisõna	8	
oli	olema	ole	['ole']	s	i	V	tegusõna	8	
madalate	madal	madal	['madal']	pl g	te	A	omadussõna algvõrre	8	
harjade	hari	hari	['hari']	pl g	de	S	nimisõna	8	
taha	taha	taha	['taha']		0	K	kaassõna	8	
vajunud	vajuma|vajunud	vaju|vaju=nud	[['vaju'], ['vajunud'], ['vajunud'], ['vajunud']]	|nud|pl n|sg n	0|d|nud	A|V		8	
ning	ning	ning	['ning']		0	J	sidesõna	8	
tuul	tuul	tuul	['tuul']	sg n	0	S	nimisõna	8	
tõi	tooma	too	['too']	s	i	V	tegusõna	8	
tolmust	tolm	tolm	['tolm']	sg el	st	S	nimisõna	8	
hoolimata	hoolimata	hoolimata	['hoolimata']		0	K	kaassõna	8	
päevasesse	päevane	päevane	['päevane']	sg ill	sse	A	omadussõna algvõrre	8	
leitsakusse	leitsak	leitsak	['leitsak']	sg ill	sse	S	nimisõna	8	
pisut	pisut	pisut	['pisut']		0	D	määrsõna	8	
värskendust	värskendus	värskendus	['värskendus']	sg p	t	S	nimisõna	8	
.	.	.	['.']			Z	lausemärk	8	
Varjud	vari	vari	['vari']	pl n	d	S	nimisõna	8	
tihenesid	tihenema	tihene	['tihene']	sid	sid	V	tegusõna	8	
.	.	.	['.']			Z	lausemärk	8	
Öö	öö	öö	['öö']	sg n	0	S	nimisõna	8	
tõotas	tõotama	tõota	['tõota']	s	s	V	tegusõna	8	
tuua	tooma	too	['too']	da	a	V	tegusõna	8	
veidigi	veidi	veidi	['veidi']		0	D	määrsõna	8	
leevendust	leevendus	leevendus	['leevendus']	sg p	t	S	nimisõna	8	
neile	tema	tema	['tema']	pl all	le	P	asesõna	8	
,	,	,	[',']			Z	lausemärk	8	
kes	kes	kes	[['kes'], ['kes']]	pl n|sg n	0	P	asesõna	8	
siinses	siinne	siinne	['siinne']	sg in	s	A	omadussõna algvõrre	8	
jumalast	jumal	jumal	['jumal']	sg el	st	S	nimisõna	8	
hüljatud	hülgama|hüljatud	hülga|hüljatud	[['hülga'], ['hüljatud'], ['hüljatud'], ['hüljatud']]	|pl n|sg n|tud	0|d|tud	A|V		8	
maanurgas	maanurk	maa_nurk	['maa', 'nurk']	sg in	s	S	nimisõna	8	
oma	oma	oma	['oma']	sg g	0	P	asesõna	8	
elupäevi	elupäev	elu_päev	['elu', 'päev']	pl p	i	S	nimisõna	8	
õhtusse	õhtu	õhtu	['õhtu']	sg ill	sse	S	nimisõna	8	
veeretasid	veeretama	veereta	['veereta']	sid	sid	V	tegusõna	8	
.	.	.	['.']			Z	lausemärk	8	
Jah	jah	jah	['jah']		0	D	määrsõna	9	
,	,	,	[',']			Z	lausemärk	9	
siin	siin	siin	['siin']		0	D	määrsõna	9	
—	-	-	['-']			Z	lausemärk	9	
keset	keset	keset	['keset']		0	K	kaassõna	9	
seda	see	see	['see']	sg p	da	P	asesõna	9	
trööstitut	trööstitu	trööstitu	['trööstitu']	sg p	t	A	omadussõna algvõrre	9	
kõnnumaad	kõnnumaa	kõnnu_maa	['kõnnu', 'maa']	sg p	d	S	nimisõna	9	
—	-	-	['-']			Z	lausemärk	9	
kössitas	kössitama	kössita	['kössita']	s	s	V	tegusõna	9	
asula	asula	asula	['asula']	sg n	0	S	nimisõna	9	
,	,	,	[',']			Z	lausemärk	9	
mõjudes	mõju	mõju	['mõju']	pl in	des	S	nimisõna	9	
eemalt	eemalt	eemalt	['eemalt']		0	D	määrsõna	9	
vaadates	vaatama	vaata	['vaata']	des	tes	V	tegusõna	9	
äraeksinud	äraeksinud	ära_eksinud	[['ära', 'eksinud'], ['ära', 'eksinud'], ['ära', 'eksinud']]	|pl n|sg n	0|d	A	omadussõna algvõrre	9	
loomana	loom	loom	['loom']	sg es	na	S	nimisõna	9	
,	,	,	[',']			Z	lausemärk	9	
kes	kes	kes	[['kes'], ['kes']]	pl n|sg n	0	P	asesõna	9	
on	olema	ole	[['ole'], ['ole']]	b|vad	0	V	tegusõna	9	
tulnud	tulema|tulnud	tul=nud|tule	[['tulnud'], ['tulnud'], ['tulnud'], ['tule']]	|nud|pl n|sg n	0|d|nud	A|V		9	
kõrbesse	kõrb|kõrve	kõrb|kõrve	[['kõrb'], ['kõrve']]	sg ill	sse	S	nimisõna	9	
surema	surema	sure	['sure']	ma	ma	V	tegusõna	9	
.	.	.	['.']			Z	lausemärk	9	
Õieti	õieti	õieti	['õieti']		0	D	määrsõna	10	
polnud	olema	ole	['ole']	neg nud	nud	V	tegusõna	10	
siin	siin	siin	['siin']		0	D	määrsõna	10	
midagi	miski	miski	['miski']	sg p	dagi	P	asesõna	10	
,	,	,	[',']			Z	lausemärk	10	
mida	mis	mis	[['mis'], ['mis']]	pl p|sg p	da	P	asesõna	10	
asulaks	asula	asula	['asula']	sg tr	ks	S	nimisõna	10	
nimetada	nimetama	nimeta	['nimeta']	da	da	V	tegusõna	10	
—	-	-	['-']			Z	lausemärk	10	
vaid	vaid	vaid	['vaid']		0	D	määrsõna	10	
üks	üks	üks	['üks']	sg n	0	N	põhiarvsõna	10	
tänava	tänav	tänav	['tänav']	sg g	0	S	nimisõna	10	
mõõtu	mõõt	mõõt	['mõõt']	sg p	0	S	nimisõna	10	
vahekäik	vahekäik	vahe_käik	['vahe', 'käik']	sg n	0	S	nimisõna	10	
majade	maja	maja	['maja']	pl g	de	S	nimisõna	10	
vahel	vahel	vahel	['vahel']		0	K	kaassõna	10	
ja	ja	ja	['ja']		0	J	sidesõna	10	
veidi	veidi	veidi	['veidi']		0	D	määrsõna	10	
kaugemal	kaugemal	kaugemal	['kaugemal']		0	D	määrsõna	10	
rodu	rodu	rodu	['rodu']	sg n	0	S	nimisõna	10	
hajali	hajali	hajali	['hajali']		0	D	määrsõna	10	
osmikuid	osmik	osmik	['osmik']	pl p	id	S	nimisõna	10	
,	,	,	[',']			Z	lausemärk	10	
millest	mis	mis	[['mis'], ['mis']]	pl el|sg el	st	P	asesõna	10	
osa	osa	osa	['osa']	sg n	0	S	nimisõna	10	
oli	olema	ole	['ole']	s	i	V	tegusõna	10	
juba	juba	juba	['juba']		0	D	määrsõna	10	
sisse	sisse	sisse	['sisse']		0	D	määrsõna	10	
langenud	langema|langenud	lange|langenud	[['lange'], ['langenud'], ['langenud'], ['langenud']]	|nud|pl n|sg n	0|d|nud	A|V		10	
.	.	.	['.']			Z	lausemärk	10	
Murdunud	murduma|murdunud	murdu|murdu=nud	[['murdu'], ['murdunud'], ['murdunud'], ['murdunud']]	|nud|pl n|sg n	0|d|nud	A|V		10	
labadega	laba	laba	['laba']	pl kom	dega	S	nimisõna	10	
tuuleratas	tuuleratas	tuule_ratas	['tuule', 'ratas']	sg n	0	S	nimisõna	10	
kriiksus	kriiksuma	kriiksu	['kriiksu']	s	s	V	tegusõna	10	
roostetanud	roostetama|roostetanud	roosteta|roostetanud	[['roosteta'], ['roostetanud'], ['roostetanud'], ['roostetanud']]	|nud|pl n|sg n	0|d|nud	A|V		10	
masti	mast	mast	['mast']	sg p	0	S	nimisõna	10	
otsas	otsas	otsas	['otsas']		0	D	määrsõna	10	
,	,	,	[',']			Z	lausemärk	10	
suurendades	suurendama	suurenda	['suurenda']	des	des	V	tegusõna	10	
veelgi	veelgi	veelgi	['veelgi']		0	D	määrsõna	10	
muljet	mulje	mulje	['mulje']	sg p	t	S	nimisõna	10	
surevast	surev	surev	['surev']	sg el	st	A	omadussõna algvõrre	10	
või	või	või	['või']		0	J	sidesõna	10	
juba	juba	juba	['juba']		0	D	määrsõna	10	
surnud	surema|surnud	sure|surnud	[['surnud'], ['surnud'], ['surnud'], ['sure']]	|nud|pl n|sg n	0|d|nud	A|V		10	
loomast	looma	loo	['loo']	mast	mast	V	tegusõna	10	
.	.	.	['.']			Z	lausemärk	10	
Kuid	kuid	kuid	['kuid']		0	J	sidesõna	10	
asula	asula	asula	['asula']	sg n	0	S	nimisõna	10	
elas	elama	ela	['ela']	s	s	V	tegusõna	10	
.	.	.	['.']			Z	lausemärk	10	
See	see	see	['see']	sg n	0	P	asesõna	11	
oli	olema	ole	['ole']	s	i	V	tegusõna	11	
tõesti	tõesti	tõesti	['tõesti']		0	D	määrsõna	11	
olnud	olema|olnud	ol=nud|ole	[['olnud'], ['olnud'], ['olnud'], ['ole']]	|nud|pl n|sg n	0|d|nud	A|V		11	
suremas	surema	sure	['sure']	mas	mas	V	tegusõna	11	
,	,	,	[',']			Z	lausemärk	11	
kuid	kuid	kuid	['kuid']		0	J	sidesõna	11	
siis	siis	siis	['siis']		0	D	määrsõna	11	
leiti	leidma	leid	['leid']	ti	ti	V	tegusõna	11	
uued	uus	uus	['uus']	pl n	d	A	omadussõna algvõrre	11	
karjad	kari	kari	['kari']	pl n	d	S	nimisõna	11	
.	.	.	['.']			Z	lausemärk	11	
Suured	suur	suur	['suur']	pl n	d	A	omadussõna algvõrre	11	
.	.	.	['.']			Z	lausemärk	11	
Metsikud	metsik	metsik	['metsik']	pl n	d	S	nimisõna	11	
.	.	.	['.']			Z	lausemärk	11	
Keegi	keegi	keegi	['keegi']	sg n	0	P	asesõna	11	
ei	ei	ei	['ei']	neg	0	V	tegusõna	11	
teadnud	teadma|teadnud	tead|tead=nud	[['tead'], ['teadnud'], ['teadnud'], ['teadnud']]	|nud|pl n|sg n	0|d|nud	A|V		11	
,	,	,	[',']			Z	lausemärk	11	
kust	kust	kust	['kust']		0	D	määrsõna	11	
need	see	see	['see']	pl n	d	P	asesõna	11	
pärit	pärit	pärit	['pärit']		0	X	verbi juurde kuuluv sõna	11	
olid	olema	ole	['ole']	sid	id	V	tegusõna	11	
.	.	.	['.']			Z	lausemärk	11	
Keegi	keegi	keegi	['keegi']	sg n	0	P	asesõna	11	
ei	ei	ei	['ei']	neg	0	V	tegusõna	11	
mäletanud	mäletama|mäletanud	mäleta|mäleta=nud	[['mäleta'], ['mäletanud'], ['mäletanud'], ['mäletanud']]	|nud|pl n|sg n	0|d|nud	A|V		11	
,	,	,	[',']			Z	lausemärk	11	
kust	kust	kust	['kust']		0	D	määrsõna	11	
need	see	see	['see']	pl n	d	P	asesõna	11	
olid	olema	ole	['ole']	sid	id	V	tegusõna	11	
tulnud	tulema|tulnud	tul=nud|tule	[['tulnud'], ['tulnud'], ['tulnud'], ['tule']]	|nud|pl n|sg n	0|d|nud	A|V		11	
või	või	või	['või']		0	J	sidesõna	11	
kuidas	kuidas	kuidas	['kuidas']		0	D	määrsõna	11	
siia	siia	siia	['siia']		0	D	määrsõna	11	
sattunud	sattuma|sattunud	sattu|sattu=nud	[['sattu'], ['sattunud'], ['sattunud'], ['sattunud']]	|nud|pl n|sg n	0|d|nud	A|V		11	
.	.	.	['.']			Z	lausemärk	11	
Ja	ja	ja	['ja']		0	J	sidesõna	11	
ka	ka	ka	['ka']		0	D	määrsõna	11	
linn	linn	linn	['linn']	sg n	0	S	nimisõna	11	
oli	olema	ole	['ole']	s	i	V	tegusõna	11	
vaid	vaid	vaid	['vaid']		0	D	määrsõna	11	
paari	paar	paar	['paar']	sg g	0	N	põhiarvsõna	11	
päevatee	päevatee	päeva_tee	['päeva', 'tee']	sg g	0	S	nimisõna	11	
kaugusel	kaugusel	kaugusel	['kaugusel']		0	K	kaassõna	11	
.	.	.	['.']			Z	lausemärk	11	
Ja	ja	ja	['ja']		0	J	sidesõna	11	
asula	asula	asula	['asula']	sg n	0	S	nimisõna	11	
ei	ei	ei	['ei']	neg	0	V	tegusõna	11	
surnud	surema|surnud	sure|surnud	[['surnud'], ['surnud'], ['surnud'], ['sure']]	|nud|pl n|sg n	0|d|nud	A|V		11	
.	.	.	['.']			Z	lausemärk	11	
See	see	see	['see']	sg n	0	P	asesõna	11	
kosus	kosuma	kosu	['kosu']	s	s	V	tegusõna	11	
.	.	.	['.']			Z	lausemärk	11	
Osmikuid	osmik	osmik	['osmik']	pl p	id	S	nimisõna	11	
hakati	hakkama	hakka	['hakka']	ti	ti	V	tegusõna	11	
uuesti	uuesti	uuesti	['uuesti']		0	D	määrsõna	11	
üles	üles	üles	['üles']		0	D	määrsõna	11	
ehitama	ehitama|ehtima	ehita|ehti	[['ehti'], ['ehita']]	ma|tama	ma|tama	V	tegusõna	11	
,	,	,	[',']			Z	lausemärk	11	
rajati	rajama	raja	['raja']	ti	ti	V	tegusõna	11	
uued	uus	uus	['uus']	pl n	d	A	omadussõna algvõrre	11	
karjaaiad	karjaaed	karja_aed	['karja', 'aed']	pl n	d	S	nimisõna	11	
,	,	,	[',']			Z	lausemärk	11	
pikendati	pikendama	pikenda	['pikenda']	ti	ti	V	tegusõna	11	
koguni	koguni	koguni	['koguni']		0	D	määrsõna	11	
asula	asula	asula	['asula']	sg g	0	S	nimisõna	11	
""""	""""	""""	"['""']"			Z	lausemärk	11	
peatänavat	peatänav	pea_tänav	['pea', 'tänav']	sg p	t	S	nimisõna	11	
""""	""""	""""	"['""']"			Z	lausemärk	11	
.	.	.	['.']			Z	lausemärk	11	
Ja	ja	ja	['ja']		0	J	sidesõna	12	
kõrts	kõrts	kõrts	['kõrts']	sg n	0	S	nimisõna	12	
,	,	,	[',']			Z	lausemärk	12	
mis	mis	mis	[['mis'], ['mis']]	pl n|sg n	0	P	asesõna	12	
kunagi	kunagi	kunagi	['kunagi']		0	D	määrsõna	12	
polnud	olema	ole	['ole']	neg nud	nud	V	tegusõna	12	
hääbumist	hääbumine	hääbumine	['hääbumine']	sg p	t	S	nimisõna	12	
täiel	täis	täis	['täis']	sg ad	l	A	omadussõna algvõrre	12	
määral	määr	määr	['määr']	sg ad	l	S	nimisõna	12	
tahtnud	tahtma|tahtnud	taht|taht=nud	[['taht'], ['tahtnud'], ['tahtnud'], ['tahtnud']]	|nud|pl n|sg n	0|d|nud	A|V		12	
tunnistada	tunnistama	tunnista	['tunnista']	da	da	V	tegusõna	12	
,	,	,	[',']			Z	lausemärk	12	
oli	olema	ole	['ole']	s	i	V	tegusõna	12	
esimene	esimene	esimene	['esimene']	sg n	0	O	järgarvsõna	12	
,	,	,	[',']			Z	lausemärk	12	
mis	mis	mis	[['mis'], ['mis']]	pl n|sg n	0	P	asesõna	12	
nüüd	nüüd	nüüd	['nüüd']		0	D	määrsõna	12	
uuele	uus	uus	['uus']	sg all	le	A	omadussõna algvõrre	12	
elule	elu	elu	['elu']	sg all	le	S	nimisõna	12	
ärkas	ärkama	ärka	['ärka']	s	s	V	tegusõna	12	
.	.	.	['.']			Z	lausemärk	12	
Selle	see	see	['see']	sg g	0	P	asesõna	12	
melu	melu	melu	['melu']	sg n	0	S	nimisõna	12	
kostis	kostma	kost	['kost']	s	is	V	tegusõna	12	
kaugele	kaugele	kaugele	['kaugele']		0	D	määrsõna	12	
.	.	.	['.']			Z	lausemärk	12	
Muusika	muusika	muusika	['muusika']	sg n	0	S	nimisõna	12	
rõkkas	rõkkama	rõkka	['rõkka']	s	s	V	tegusõna	12	
,	,	,	[',']			Z	lausemärk	12	
kõlas	kõlama	kõla	['kõla']	s	s	V	tegusõna	12	
joobnute	joobnu	joobnu	['joobnu']	pl g	te	S	nimisõna	12	
naeru	naer	naer	['naer']	sg p	0	S	nimisõna	12	
,	,	,	[',']			Z	lausemärk	12	
klaasid	klaas	klaas	['klaas']	pl n	d	S	nimisõna	12	
ja	ja	ja	['ja']		0	J	sidesõna	12	
pudelid	pudel	pudel	['pudel']	pl n	d	S	nimisõna	12	
kõlisesid	kõlisema	kõlise	['kõlise']	sid	sid	V	tegusõna	12	
.	.	.	['.']			Z	lausemärk	12	
Polnud	olema	ole	['ole']	neg nud	nud	V	tegusõna	12	
kahtlust	kahtlus	kahtlus	['kahtlus']	sg p	t	S	nimisõna	12	
—	-	-	['-']			Z	lausemärk	12	
asula	asula	asula	['asula']	sg n	0	S	nimisõna	12	
ei	ei	ei	['ei']	neg	0	V	tegusõna	12	
kavatsenudki	kavatsema	kavatse	['kavatse']	nud	nud	V	tegusõna	12	
niipea	niipea	nii_pea	['nii', 'pea']		0	D	määrsõna	12	
kusagile	kusagile	kusagile	['kusagile']		0	D	määrsõna	12	
kaduda	kaduma	kadu	['kadu']	da	da	V	tegusõna	12	
.	.	.	['.']			Z	lausemärk	12	
See	see	see	['see']	sg n	0	P	asesõna	12	
oli	olema	ole	['ole']	s	i	V	tegusõna	12	
näinud	nägema|näima|näinud	näge|näi|näi=nud	[['näi'], ['näge'], ['näinud'], ['näinud'], ['näinud']]	|nud|pl n|sg n	0|d|nud	A|V		12	
paremaid	parem	parem	['parem']	pl p	id	C	omadussõna keskvõrre	12	
ja	ja	ja	['ja']		0	J	sidesõna	12	
halvemaid	halvem	halvem	['halvem']	pl p	id	C	omadussõna keskvõrre	12	
aegu	aeg	aeg	['aeg']	pl p	u	S	nimisõna	12	
ning	ning	ning	['ning']		0	J	sidesõna	12	
üle	üle	üle	['üle']		0	D	määrsõna	12	
elanud	elama|elanud	ela|ela=nud	[['ela'], ['elanud'], ['elanud'], ['elanud']]	|nud|pl n|sg n	0|d|nud	A|V		12	
mitmesuguseid	mitmesugune	mitme_sugune	['mitme', 'sugune']	pl p	id	P	asesõna	12	
asukaid	asukas	asukas	['asukas']	pl p	id	S	nimisõna	12	
.	.	.	['.']			Z	lausemärk	12	
Nüüd	nüüd	nüüd	['nüüd']		0	D	määrsõna	12	
oli	olema	ole	['ole']	s	i	V	tegusõna	12	
ta	tema	tema	['tema']	sg n	0	P	asesõna	12	
taas	taas	taas	['taas']		0	D	määrsõna	12	
valmis	valmis	valmis	['valmis']		0	D	määrsõna	12	
uusi	uus	uus	['uus']	pl p	i	A	omadussõna algvõrre	12	
elanikke	elanik	elanik	['elanik']	pl p	e	S	nimisõna	12	
vastu	vastu	vastu	['vastu']		0	D	määrsõna	12	
võtma	võtma	võt	['võt']	ma	ma	V	tegusõna	12	
.	.	.	['.']			Z	lausemärk	12	
Johnnie	Johnnie	Johnnie	['Johnnie']	sg n	0	H	pärisnimi	13	
seisatas	seisatama	seisata	['seisata']	s	s	V	tegusõna	13	
ja	ja	ja	['ja']		0	J	sidesõna	13	
lasi	laskma	lask	['lask']	s	i	V	tegusõna	13	
pilgul	pilk	pilk	['pilk']	sg ad	l	S	nimisõna	13	
üle	üle	üle	['üle']		0	D	määrsõna	13	
kaugusest	kaugus	kaugus	['kaugus']	sg el	st	S	nimisõna	13	
paistvate	paistev	paistev	['paistev']	pl g	te	A	omadussõna algvõrre	13	
mägede	mägi	mägi	['mägi']	pl g	de	S	nimisõna	13	
libiseda	libisema	libise	['libise']	da	da	V	tegusõna	13	
.	.	.	['.']			Z	lausemärk	13	
Olid	olema	ole	['ole']	sid	id	V	tegusõna	13	
ajad	aeg	aeg	['aeg']	pl n	d	S	nimisõna	13	
,	,	,	[',']			Z	lausemärk	13	
kui	kui	kui	[['kui'], ['kui']]		0	D|J		13	
nood	too	too	['too']	pl n	d	P	asesõna	13	
olid	olema	ole	['ole']	sid	id	V	tegusõna	13	
kõrgemad	kõrgem	kõrgem	['kõrgem']	pl n	d	C	omadussõna keskvõrre	13	
,	,	,	[',']			Z	lausemärk	13	
järsemad	järsem	järsem	['järsem']	pl n	d	C	omadussõna keskvõrre	13	
,	,	,	[',']			Z	lausemärk	13	
teravamad	teravam	teravam	['teravam']	pl n	d	C	omadussõna keskvõrre	13	
...	...	...	['...']			Z	lausemärk	13	
Johnniet	Johnniet	Johnniet	['Johnniet']	sg n	0	H	pärisnimi	14	
haaras	haarama	haara	['haara']	s	s	V	tegusõna	14	
alati	alati	alati	['alati']		0	D	määrsõna	14	
seletamatu	seletamatu	seletamatu	['seletamatu']	sg n	0	A	omadussõna algvõrre	14	
kurbus	kurbus	kurbus	['kurbus']	sg n	0	S	nimisõna	14	
,	,	,	[',']			Z	lausemärk	14	
kui	kui	kui	[['kui'], ['kui']]		0	D|J		14	
ta	tema	tema	['tema']	sg n	0	P	asesõna	14	
mõtles	mõtlema	mõtle	['mõtle']	s	s	V	tegusõna	14	
neile	tema	tema	['tema']	pl all	le	P	asesõna	14	
ammu	ammu	ammu	['ammu']		0	D	määrsõna	14	
ununenud	ununema|ununenud	unune|unune=nud	[['unune'], ['ununenud'], ['ununenud'], ['ununenud']]	|nud|pl n|sg n	0|d|nud	A|V		14	
aegadele	aeg	aeg	['aeg']	pl all	dele	S	nimisõna	14	
.	.	.	['.']			Z	lausemärk	14	
Aegadele	aeg	aeg	['aeg']	pl all	dele	S	nimisõna	14	
,	,	,	[',']			Z	lausemärk	14	
kui	kui	kui	[['kui'], ['kui']]		0	D|J		14	
planeet	planeet	planeet	['planeet']	sg n	0	S	nimisõna	14	
oli	olema	ole	['ole']	s	i	V	tegusõna	14	
olnud	olema|olnud	ol=nud|ole	[['olnud'], ['olnud'], ['olnud'], ['ole']]	|nud|pl n|sg n	0|d|nud	A|V		14	
noorem	noorem	noorem	['noorem']	sg n	0	C	omadussõna keskvõrre	14	
,	,	,	[',']			Z	lausemärk	14	
""""	""""	""""	"['""']"			Z	lausemärk	14	
suurem	suurem	suurem	['suurem']	sg n	0	C	omadussõna keskvõrre	14	
""""	""""	""""	"['""']"			Z	lausemärk	14	
,	,	,	[',']			Z	lausemärk	14	
seletamatum	seletamatum	seleta=matum	['seletamatum']	sg n	0	C	omadussõna keskvõrre	14	
ja	ja	ja	['ja']		0	J	sidesõna	14	
ohtlikum	ohtlikum	ohtlikum	['ohtlikum']	sg n	0	C	omadussõna keskvõrre	14	
.	.	.	['.']			Z	lausemärk	14	
Aegadele	aeg	aeg	['aeg']	pl all	dele	S	nimisõna	14	
,	,	,	[',']			Z	lausemärk	14	
mida	mis	mis	[['mis'], ['mis']]	pl p|sg p	da	P	asesõna	14	
tähistati	tähistama	tähista	['tähista']	ti	ti	V	tegusõna	14	
mõistega	mõiste	mõiste	['mõiste']	sg kom	ga	S	nimisõna	14	
""""	""""	""""	"['""']"			Z	lausemärk	14	
kolonisatsioon	kolonisatsioon	kolonisatsioon	['kolonisatsioon']	sg n	0	S	nimisõna	14	
""""	""""	""""	"['""']"			Z	lausemärk	14	
.	.	.	['.']			Z	lausemärk	14	
Nüüd	nüüd	nüüd	['nüüd']		0	D	määrsõna	14	
oli	olema	ole	['ole']	s	i	V	tegusõna	14	
see	see	see	['see']	sg n	0	P	asesõna	14	
vaid	vaid	vaid	['vaid']		0	D	määrsõna	14	
sõna	sõna	sõna	['sõna']	sg n	0	S	nimisõna	14	
,	,	,	[',']			Z	lausemärk	14	
kombinatsioon	kombinatsioon	kombinatsioon	['kombinatsioon']	sg n	0	S	nimisõna	14	
häälikuid	häälik	häälik	['häälik']	pl p	id	S	nimisõna	14	
,	,	,	[',']			Z	lausemärk	14	
mida	mis	mis	[['mis'], ['mis']]	pl p|sg p	da	P	asesõna	14	
enam	enam	enam	['enam']		0	D	määrsõna	14	
ei	ei	ei	['ei']	neg	0	V	tegusõna	14	
kasutatud	kasutama|kasutatud	kasuta|kasutatud	[['kasuta'], ['kasutatud'], ['kasutatud'], ['kasutatud']]	|pl n|sg n|tud	0|d|tud	A|V		14	
ja	ja	ja	['ja']		0	J	sidesõna	14	
mille	mis	mis	[['mis'], ['mis']]	pl g|sg g	0	P	asesõna	14	
tähendustki	tähendus	tähendus	['tähendus']	sg p	t	S	nimisõna	14	
enam	enam	enam	['enam']		0	D	määrsõna	14	
täpselt	täpselt	täpselt	['täpselt']		0	D	määrsõna	14	
ei	ei	ei	['ei']	neg	0	V	tegusõna	14	
teatud	teadma|teatud	tead|teatud	[['tead'], ['teatud'], ['teatud'], ['teatud']]	|pl n|sg n|tud	0|d|tud	A|V		14	
.	.	.	['.']			Z	lausemärk	14	
Kunagi	kunagi	kunagi	['kunagi']		0	D	määrsõna	14	
oli	olema	ole	['ole']	s	i	V	tegusõna	14	
see	see	see	['see']	sg n	0	P	asesõna	14	
aga	aga	aga	['aga']		0	J	sidesõna	14	
reaalsus	reaalsus	reaalsus	['reaalsus']	sg n	0	S	nimisõna	14	
,	,	,	[',']			Z	lausemärk	14	
aeg	aeg	aeg	['aeg']	sg n	0	S	nimisõna	14	
täis	täis	täis	['täis']		0	A	omadussõna algvõrre	14	
uhkust	uhkus	uhkus	['uhkus']	sg p	t	S	nimisõna	14	
,	,	,	[',']			Z	lausemärk	14	
iseseisvust	iseseisvus	ise_seisvus	['ise', 'seisvus']	sg p	t	S	nimisõna	14	
ja	ja	ja	['ja']		0	J	sidesõna	14	
uusi	uus	uus	['uus']	pl p	i	A	omadussõna algvõrre	14	
väljakutseid	väljakutse	välja_kutse	['välja', 'kutse']	pl p	id	S	nimisõna	14	
..	..	..	['..']			Z	lausemärk	14	
Metsik	metsik	metsik	['metsik']	sg n	0	A	omadussõna algvõrre	14	
aeg	aeg	aeg	['aeg']	sg n	0	S	nimisõna	14	
;	;	;	[';']			Z	lausemärk	14	
karmide	karm	karm	['karm']	pl g	de	A	omadussõna algvõrre	14	
meeste	mees	mees	['mees']	pl g	te	S	nimisõna	14	
karm	karm	karm	['karm']	sg n	0	A	omadussõna algvõrre	14	
aeg	aeg	aeg	['aeg']	sg n	0	S	nimisõna	14	
...	...	...	['...']			Z	lausemärk	14	
Nüüd	nüüd	nüüd	['nüüd']		0	D	määrsõna	15	
oli	olema	ole	['ole']	s	i	V	tegusõna	15	
kõik	kõik	kõik	[['kõik'], ['kõik']]	pl n|sg n	0	P	asesõna	15	
teisiti	teisiti	teisiti	['teisiti']		0	D	määrsõna	15	
.	.	.	['.']			Z	lausemärk	15	
Alla	alla	alla	['alla']		0	D	määrsõna	15	
käinud	käima|käinud	käi|käi=nud	[['käi'], ['käinud'], ['käinud'], ['käinud']]	|nud|pl n|sg n	0|d|nud	A|V		15	
.	.	.	['.']			Z	lausemärk	15	
Mandunud	mandunu	mandunu	['mandunu']	pl n	d	S	nimisõna	15	
.	.	.	['.']			Z	lausemärk	15	
Midagi	miski	miski	['miski']	sg p	dagi	P	asesõna	15	
oli	olema	ole	['ole']	s	i	V	tegusõna	15	
juhtunud	juhtuma|juhtunud	juhtu|juhtunud	[['juhtu'], ['juhtunud'], ['juhtunud'], ['juhtunud']]	|nud|pl n|sg n	0|d|nud	A|V		15	
.	.	.	['.']			Z	lausemärk	15	
Midagi	miski	miski	['miski']	sg p	dagi	P	asesõna	15	
,	,	,	[',']			Z	lausemärk	15	
mis	mis	mis	[['mis'], ['mis']]	pl n|sg n	0	P	asesõna	15	
oli	olema	ole	['ole']	s	i	V	tegusõna	15	
ajaloo	ajalugu	aja_lugu	['aja', 'lugu']	sg g	0	S	nimisõna	15	
hämarustes	hämarus	hämarus	['hämarus']	pl in	tes	S	nimisõna	15	
kaduma	kaduma	kadu	['kadu']	ma	ma	V	tegusõna	15	
läinud	läinud|minema	läinud|mine	[['läinud'], ['läinud'], ['läinud'], ['mine']]	|nud|pl n|sg n	0|d|nud	A|V		15	
.	.	.	['.']			Z	lausemärk	15	
Mingi	mingi	mingi	['mingi']	sg n	0	P	asesõna	15	
muutus	muutuma	muutu	['muutu']	s	s	V	tegusõna	15	
,	,	,	[',']			Z	lausemärk	15	
hiiliv	hiiliv	hiiliv	['hiiliv']	sg n	0	A	omadussõna algvõrre	15	
ja	ja	ja	['ja']		0	J	sidesõna	15	
salalik	salalik	salalik	['salalik']	sg n	0	A	omadussõna algvõrre	15	
nagu	nagu	nagu	[['nagu'], ['nagu']]		0	D|J		15	
vari	vari	vari	['vari']	sg n	0	S	nimisõna	15	
,	,	,	[',']			Z	lausemärk	15	
mis	mis	mis	[['mis'], ['mis']]	pl n|sg n	0	P	asesõna	15	
muutis	muutma	muut	['muut']	s	is	V	tegusõna	15	
kõik	kõik	kõik	[['kõik'], ['kõik']]	pl n|sg n	0	P	asesõna	15	
ähmaseks	ähmane	ähmane	['ähmane']	sg tr	ks	A	omadussõna algvõrre	15	
ja	ja	ja	['ja']		0	J	sidesõna	15	
ebaselgeks	ebaselge	eba_selge	['eba', 'selge']	sg tr	ks	A	omadussõna algvõrre	15	
,	,	,	[',']			Z	lausemärk	15	
moonutas	moonutama	moonuta	['moonuta']	s	s	V	tegusõna	15	
,	,	,	[',']			Z	lausemärk	15	
kustutas	kustutama	kustuta	['kustuta']	s	s	V	tegusõna	15	
,	,	,	[',']			Z	lausemärk	15	
tegi	tegema	tege	['tege']	s	i	V	tegusõna	15	
midagi	miski	miski	['miski']	sg p	dagi	P	asesõna	15	
isegi	isegi	isegi	['isegi']		0	D	määrsõna	15	
asjade	asi	asi	['asi']	pl g	de	S	nimisõna	15	
olemusega	olemus	olemus	['olemus']	sg kom	ga	S	nimisõna	15	
...	...	...	['...']			Z	lausemärk	15	
Ta	tema	tema	['tema']	sg n	0	P	asesõna	16	
ei	ei	ei	['ei']	neg	0	V	tegusõna	16	
teadnud	teadma|teadnud	tead|tead=nud	[['tead'], ['teadnud'], ['teadnud'], ['teadnud']]	|nud|pl n|sg n	0|d|nud	A|V		16	
,	,	,	[',']			Z	lausemärk	16	
mis	mis	mis	[['mis'], ['mis']]	pl n|sg n	0	P	asesõna	16	
see	see	see	['see']	sg n	0	P	asesõna	16	
oli	olema	ole	['ole']	s	i	V	tegusõna	16	
.	.	.	['.']			Z	lausemärk	16	
Liiga	liiga	liiga	['liiga']		0	D	määrsõna	16	
palju	palju	palju	['palju']		0	D	määrsõna	16	
minevikku	minevik	minevik	['minevik']	sg p	0	S	nimisõna	16	
oli	olema	ole	['ole']	s	i	V	tegusõna	16	
jäädavalt	jäädavalt	jäädavalt	['jäädavalt']		0	D	määrsõna	16	
hävinud	hävima|hävinud	hävi|hävi=nud	[['hävi'], ['hävinud'], ['hävinud'], ['hävinud']]	|nud|pl n|sg n	0|d|nud	A|V		16	
.	.	.	['.']			Z	lausemärk	16	
Tahtlikult	tahtlikult	tahtlikult	['tahtlikult']		0	D	määrsõna	16	
;	;	;	[';']			Z	lausemärk	16	
tahtmatult	tahtmatult	tahtmatult	['tahtmatult']		0	D	määrsõna	16	
—	-	-	['-']			Z	lausemärk	16	
kes	kes	kes	[['kes'], ['kes']]	pl n|sg n	0	P	asesõna	16	
seda	see	see	['see']	sg p	da	P	asesõna	16	
enam	enam	enam	['enam']		0	D	määrsõna	16	
teab	teadma	tead	['tead']	b	b	V	tegusõna	16	
.	.	.	['.']			Z	lausemärk	16	
Vahet	vahe	vahe	['vahe']	sg p	t	S	nimisõna	16	
polnud	olema	ole	['ole']	neg nud	nud	V	tegusõna	16	
.	.	.	['.']			Z	lausemärk	16	
Nad	tema	tema	['tema']	pl n	d	P	asesõna	16	
olid	olema	ole	['ole']	sid	id	V	tegusõna	16	
unustanud	unustama|unustanud	unusta|unusta=nud	[['unusta'], ['unustanud'], ['unustanud'], ['unustanud']]	|nud|pl n|sg n	0|d|nud	A|V		16	
—	-	-	['-']			Z	lausemärk	16	
see	see	see	['see']	sg n	0	P	asesõna	16	
oli	olema	ole	['ole']	s	i	V	tegusõna	16	
peamine	peamine	peamine	['peamine']	sg n	0	A	omadussõna algvõrre	16	
.	.	.	['.']			Z	lausemärk	16	
Nende	tema	tema	['tema']	pl g	de	P	asesõna	16	
mälestustes	mälestus	mälestus	['mälestus']	pl in	tes	S	nimisõna	16	
oli	olema	ole	['ole']	s	i	V	tegusõna	16	
lünk	lünk	lünk	['lünk']	sg n	0	S	nimisõna	16	
,	,	,	[',']			Z	lausemärk	16	
tervete	terve	terve	['terve']	pl g	te	A	omadussõna algvõrre	16	
ajastute	ajastu	ajastu	['ajastu']	pl g	te	S	nimisõna	16	
pikkune	pikkune	pikkune	['pikkune']	sg n	0	A	omadussõna algvõrre	16	
hämarusse	hämarus	hämarus	['hämarus']	adt	se	S	nimisõna	16	
mattunud	mattuma|mattunud	mattu|mattu=nud	[['mattu'], ['mattunud'], ['mattunud'], ['mattunud']]	|nud|pl n|sg n	0|d|nud	A|V		16	
ala	ala	ala	['ala']	sg n	0	S	nimisõna	16	
.	.	.	['.']			Z	lausemärk	16	
Aeg	aeg	aeg	['aeg']	sg n	0	S	nimisõna	16	
,	,	,	[',']			Z	lausemärk	16	
mida	mis	mis	[['mis'], ['mis']]	pl p|sg p	da	P	asesõna	16	
ei	ei	ei	['ei']	neg	0	V	tegusõna	16	
tahetud	tahetud|tahtma	tahetud|taht	[['taht'], ['tahetud'], ['tahetud'], ['tahetud']]	|pl n|sg n|tud	0|d|tud	A|V		16	
või	või	või	['või']		0	J	sidesõna	16	
ei	ei	ei	['ei']	neg	0	V	tegusõna	16	
suudetud	suudetud|suutma	suude=tud|suut	[['suut'], ['suudetud'], ['suudetud'], ['suudetud']]	|pl n|sg n|tud	0|d|tud	A|V		16	
mäletada	mäletama	mäleta	['mäleta']	da	da	V	tegusõna	16	
—	-	-	['-']			Z	lausemärk	16	
kolonisatsioon	kolonisatsioon	kolonisatsioon	['kolonisatsioon']	sg n	0	S	nimisõna	16	
.	.	.	['.']			Z	lausemärk	16	
Huvitav	huvitav	huvitav	['huvitav']	sg n	0	A	omadussõna algvõrre	16	
,	,	,	[',']			Z	lausemärk	16	
et	et	et	['et']		0	J	sidesõna	16	
sõna	sõna	sõna	['sõna']	sg n	0	S	nimisõna	16	
ise	ise	ise	[['ise'], ['ise']]	pl n|sg n	0	P	asesõna	16	
oli	olema	ole	['ole']	s	i	V	tegusõna	16	
säilinud	säilima|säilinud	säili|säilinud	[['säili'], ['säilinud'], ['säilinud'], ['säilinud']]	|nud|pl n|sg n	0|d|nud	A|V		16	
.	.	.	['.']			Z	lausemärk	16	
Ilmselt	ilmselt	ilmselt	['ilmselt']		0	D	määrsõna	16	
oli	olema	ole	['ole']	s	i	V	tegusõna	16	
see	see	see	['see']	sg n	0	P	asesõna	16	
nii	nii	nii	['nii']		0	D	määrsõna	16	
tähtis	tähtis	tähtis	['tähtis']	sg n	0	A	omadussõna algvõrre	16	
,	,	,	[',']			Z	lausemärk	16	
et	et	et	['et']		0	J	sidesõna	16	
hakkas	hakkama	hakka	['hakka']	s	s	V	tegusõna	16	
iseseisvat	iseseisev	ise_seisev	['ise', 'seisev']	sg p	t	A	omadussõna algvõrre	16	
elu	elu	elu	['elu']	sg p	0	S	nimisõna	16	
elama	elama	ela	['ela']	ma	ma	V	tegusõna	16	
,	,	,	[',']			Z	lausemärk	16	
keeldudes	keelduma	keeldu	['keeldu']	des	des	V	tegusõna	16	
unustuse	unustus	unustus	['unustus']	sg g	0	S	nimisõna	16	
hõlma	hõlm	hõlm	['hõlm']	sg g	0	S	nimisõna	16	
vajumast	vajuma	vaju	['vaju']	mast	mast	V	tegusõna	16	
.	.	.	['.']			Z	lausemärk	16	
See	see	see	['see']	sg n	0	P	asesõna	16	
oli	olema	ole	['ole']	s	i	V	tegusõna	16	
kaotanud	kaotama|kaotanud	kaota|kaota=nud	[['kaota'], ['kaotanud'], ['kaotanud'], ['kaotanud']]	|nud|pl n|sg n	0|d|nud	A|V		16	
oma	oma	oma	['oma']	sg g	0	P	asesõna	16	
esialgse	esialgne	esi_algne	['esi', 'algne']	sg g	0	A	omadussõna algvõrre	16	
näo	nägu	nägu	['nägu']	sg g	0	S	nimisõna	16	
ja	ja	ja	['ja']		0	J	sidesõna	16	
sisu	sisu	sisu	['sisu']	sg n	0	S	nimisõna	16	
,	,	,	[',']			Z	lausemärk	16	
kuid	kuid	kuid	['kuid']		0	J	sidesõna	16	
vältinud	vältima|vältinud	välti|välti=nud	[['välti'], ['vältinud'], ['vältinud'], ['vältinud']]	|nud|pl n|sg n	0|d|nud	A|V		16	
aegade	aeg	aeg	['aeg']	pl g	de	S	nimisõna	16	
tolmuks	tolm	tolm	['tolm']	sg tr	ks	S	nimisõna	16	
muutumist	muutumine	muutumine	['muutumine']	sg p	t	S	nimisõna	16	
.	.	.	['.']			Z	lausemärk	16	
See	see	see	['see']	sg n	0	P	asesõna	16	
üritas	üritama	ürita	['ürita']	s	s	V	tegusõna	16	
neile	tema	tema	['tema']	pl all	le	P	asesõna	16	
meenutada	meenutama	meenuta	['meenuta']	da	da	V	tegusõna	16	
midagi	miski	miski	['miski']	sg p	dagi	P	asesõna	16	
,	,	,	[',']			Z	lausemärk	16	
mis	mis	mis	[['mis'], ['mis']]	pl n|sg n	0	P	asesõna	16	
oli	olema	ole	['ole']	s	i	V	tegusõna	16	
oluline	oluline	oluline	['oluline']	sg n	0	A	omadussõna algvõrre	16	
;	;	;	[';']			Z	lausemärk	16	
midagi	miski	miski	['miski']	sg p	dagi	P	asesõna	16	
,	,	,	[',']			Z	lausemärk	16	
mida	mis	mis	[['mis'], ['mis']]	pl p|sg p	da	P	asesõna	16	
oleks	olema	ole	['ole']	ks	ks	V	tegusõna	16	
tulnud	tulema|tulnud	tul=nud|tule	[['tulnud'], ['tulnud'], ['tulnud'], ['tule']]	|nud|pl n|sg n	0|d|nud	A|V		16	
mäletada	mäletama	mäleta	['mäleta']	da	da	V	tegusõna	16	
.	.	.	['.']			Z	lausemärk	16	
Johnnie	Johnnie	Johnnie	['Johnnie']	sg n	0	H	pärisnimi	17	
jälgis	jälgima	jälgi	['jälgi']	s	s	V	tegusõna	17	
,	,	,	[',']			Z	lausemärk	17	
kuidas	kuidas	kuidas	['kuidas']		0	D	määrsõna	17	
ta	tema	tema	['tema']	sg n	0	P	asesõna	17	
sammudest	samm	samm	['samm']	pl el	dest	S	nimisõna	17	
üles	üles	üles	['üles']		0	D	määrsõna	17	
keerutatud	keerutama|keerutatud	keeruta|keeruta=tud	[['keeruta'], ['keerutatud'], ['keerutatud'], ['keerutatud']]	|pl n|sg n|tud	0|d|tud	A|V		17	
tolm	tolm	tolm	['tolm']	sg n	0	S	nimisõna	17	
laisalt	laisalt	laisalt	['laisalt']		0	D	määrsõna	17	
maha	maha	maha	['maha']		0	D	määrsõna	17	
tagasi	tagasi	tagasi	['tagasi']		0	D	määrsõna	17	
langes	langema	lange	['lange']	s	s	V	tegusõna	17	
.	.	.	['.']			Z	lausemärk	17	
Tolm	tolm	tolm	['tolm']	sg n	0	S	nimisõna	17	
.	.	.	['.']			Z	lausemärk	17	
Kõikjal	kõikjal	kõikjal	['kõikjal']		0	D	määrsõna	17	
tolm	tolm	tolm	['tolm']	sg n	0	S	nimisõna	17	
.	.	.	['.']			Z	lausemärk	17	
Isegi	isegi	isegi	['isegi']		0	D	määrsõna	17	
nende	see	see	['see']	pl g	de	P	asesõna	17	
mälestusi	mälestus	mälestus	['mälestus']	pl p	i	S	nimisõna	17	
kattis	katma	kat	['kat']	s	is	V	tegusõna	17	
tolm	tolm	tolm	['tolm']	sg n	0	S	nimisõna	17	
,	,	,	[',']			Z	lausemärk	17	
mis	mis	mis	[['mis'], ['mis']]	pl n|sg n	0	P	asesõna	17	
ei	ei	ei	['ei']	neg	0	V	tegusõna	17	
lasknud	laskma|lasknud	lask|lask=nud	[['lask'], ['lasknud'], ['lasknud'], ['lasknud']]	|nud|pl n|sg n	0|d|nud	A|V		17	
näha	nägema	näge	['näge']	da	a	V	tegusõna	17	
,	,	,	[',']			Z	lausemärk	17	
mis	mis	mis	[['mis'], ['mis']]	pl n|sg n	0	P	asesõna	17	
selle	see	see	['see']	sg g	0	P	asesõna	17	
all	all	all	['all']		0	K	kaassõna	17	
peitub	peituma	peitu	['peitu']	b	b	V	tegusõna	17	
.	.	.	['.']			Z	lausemärk	17	
See	see	see	['see']	sg n	0	P	asesõna	17	
häiris	häirima	häiri	['häiri']	s	s	V	tegusõna	17	
teda	tema	tema	['tema']	sg p	da	P	asesõna	17	
.	.	.	['.']			Z	lausemärk	17	
Ta	tema	tema	['tema']	sg n	0	P	asesõna	17	
kahtlustas	kahtlustama	kahtlusta	['kahtlusta']	s	s	V	tegusõna	17	
,	,	,	[',']			Z	lausemärk	17	
et	et	et	['et']		0	J	sidesõna	17	
oli	olema	ole	['ole']	s	i	V	tegusõna	17	
tegelikult	tegelikult	tegelikult	['tegelikult']		0	D	määrsõna	17	
ainus	ainus	ainus	['ainus']	sg n	0	A	omadussõna algvõrre	17	
,	,	,	[',']			Z	lausemärk	17	
kes	kes	kes	[['kes'], ['kes']]	pl n|sg n	0	P	asesõna	17	
selliste	selline	selline	['selline']	pl g	te	P	asesõna	17	
asjadega	asi	asi	['asi']	pl kom	dega	S	nimisõna	17	
oma	oma	oma	['oma']	sg g	0	P	asesõna	17	
pead	pea	pea	['pea']	sg p	d	S	nimisõna	17	
vaevas	vaevama	vaeva	['vaeva']	s	s	V	tegusõna	17	
,	,	,	[',']			Z	lausemärk	17	
kuid	kuid	kuid	['kuid']		0	J	sidesõna	17	
ei	ei	ei	['ei']	neg	0	V	tegusõna	17	
saanud	saama|saanud	saa|saa=nud	[['saa'], ['saanud'], ['saanud'], ['saanud']]	|nud|pl n|sg n	0|d|nud	A|V		17	
sinna	sinna	sinna	['sinna']		0	D	määrsõna	17	
midagi	miski	miski	['miski']	sg p	dagi	P	asesõna	17	
parata	parata	parata	['parata']		0	X	verbi juurde kuuluv sõna	17	
.	.	.	['.']			Z	lausemärk	17	
Ta	tema	tema	['tema']	sg n	0	P	asesõna	17	
oli	olema	ole	['ole']	s	i	V	tegusõna	17	
alati	alati	alati	['alati']		0	D	määrsõna	17	
pisut	pisut	pisut	['pisut']		0	D	määrsõna	17	
teistsugune	teistsugune	teist_sugune	['teist', 'sugune']	sg n	0	P	asesõna	17	
olnud	olema|olnud	ol=nud|ole	[['olnud'], ['olnud'], ['olnud'], ['ole']]	|nud|pl n|sg n	0|d|nud	A|V		17	
.	.	.	['.']			Z	lausemärk	17	
Või	või	või	['või']		0	J	sidesõna	18	
...	...	...	['...']			Z	lausemärk	18	
oli	olema	ole	['ole']	s	i	V	tegusõna	18	
hoopis	hoopis	hoopis	['hoopis']		0	D	määrsõna	18	
tema	tema	tema	['tema']	sg g	0	P	asesõna	18	
endine	endine	endine	['endine']	sg n	0	A	omadussõna algvõrre	18	
ja	ja	ja	['ja']		0	J	sidesõna	18	
kõik	kõik	kõik	[['kõik'], ['kõik']]	pl n|sg n	0	P	asesõna	18	
teised	teine	teine	[['teine'], ['teine']]	pl n	d	O|P		18	
teistsugused	teistsugune	teist_sugune	['teist', 'sugune']	pl n	d	P	asesõna	18	
?	?	?	['?']			Z	lausemärk	18	
Ta	tema	tema	['tema']	sg n	0	P	asesõna	18	
ei	ei	ei	['ei']	neg	0	V	tegusõna	18	
teadnud	teadma|teadnud	tead|tead=nud	[['tead'], ['teadnud'], ['teadnud'], ['teadnud']]	|nud|pl n|sg n	0|d|nud	A|V		18	
.	.	.	['.']			Z	lausemärk	18	
Kõik	kõik	kõik	[['kõik'], ['kõik']]	pl n|sg n	0	P	asesõna	18	
oli	olema	ole	['ole']	s	i	V	tegusõna	18	
muutunud	muutuma|muutunud	muutu|muutu=nud	[['muutu'], ['muutunud'], ['muutunud'], ['muutunud']]	|nud|pl n|sg n	0|d|nud	A|V		18	
;	;	;	[';']			Z	lausemärk	18	
ka	ka	ka	['ka']		0	D	määrsõna	18	
nad	tema	tema	['tema']	pl n	d	P	asesõna	18	
ise	ise	ise	[['ise'], ['ise']]	pl n|sg n	0	P	asesõna	18	
.	.	.	['.']			Z	lausemärk	18	
Nad	tema	tema	['tema']	pl n	d	P	asesõna	18	
polnud	olema	ole	['ole']	neg nud	nud	V	tegusõna	18	
enam	enam	enam	['enam']		0	D	määrsõna	18	
need	see	see	['see']	pl n	d	P	asesõna	18	
,	,	,	[',']			Z	lausemärk	18	
kes	kes	kes	[['kes'], ['kes']]	pl n|sg n	0	P	asesõna	18	
olid	olema	ole	['ole']	sid	id	V	tegusõna	18	
olnud	olema|olnud	ol=nud|ole	[['olnud'], ['olnud'], ['olnud'], ['ole']]	|nud|pl n|sg n	0|d|nud	A|V		18	
.	.	.	['.']			Z	lausemärk	18	
Või	või	või	['või']		0	J	sidesõna	18	
kelleks	kes	kes	[['kes'], ['kes']]	pl tr|sg tr	ks	P	asesõna	18	
olid	olema	ole	['ole']	sid	id	V	tegusõna	18	
end	ise	ise	['ise']	sg p	0	P	asesõna	18	
pidanud	pidama|pidanud	pida|pida=nud	[['pida'], ['pidanud'], ['pidanud'], ['pidanud']]	|nud|pl n|sg n	0|d|nud	A|V		18	
.	.	.	['.']			Z	lausemärk	18	
Johnnie	Johnnie	Johnnie	['Johnnie']	sg n	0	H	pärisnimi	18	
ei	ei	ei	['ei']	neg	0	V	tegusõna	18	
mõistnud	mõistma|mõistnud	mõist|mõist=nud	[['mõist'], ['mõistnud'], ['mõistnud'], ['mõistnud']]	|nud|pl n|sg n	0|d|nud	A|V		18	
isegi	isegi	isegi	['isegi']		0	D	määrsõna	18	
täpselt	täpselt	täpselt	['täpselt']		0	D	määrsõna	18	
,	,	,	[',']			Z	lausemärk	18	
mida	mis	mis	[['mis'], ['mis']]	pl p|sg p	da	P	asesõna	18	
ta	tema	tema	['tema']	sg n	0	P	asesõna	18	
sellega	see	see	['see']	sg kom	ga	P	asesõna	18	
silmas	silm	silm	['silm']	sg in	s	S	nimisõna	18	
pidas	pidama	pida	['pida']	s	s	V	tegusõna	18	
,	,	,	[',']			Z	lausemärk	18	
kuid	kuid	kuid	['kuid']		0	J	sidesõna	18	
tal	tema	tema	['tema']	sg ad	l	P	asesõna	18	
oli	olema	ole	['ole']	s	i	V	tegusõna	18	
tunne	tunne	tunne	['tunne']	sg n	0	S	nimisõna	18	
,	,	,	[',']			Z	lausemärk	18	
et	et	et	['et']		0	J	sidesõna	18	
kunagi	kunagi	kunagi	['kunagi']		0	D	määrsõna	18	
oli	olema	ole	['ole']	s	i	V	tegusõna	18	
kõik	kõik	kõik	[['kõik'], ['kõik']]	pl n|sg n	0	P	asesõna	18	
teisiti	teisiti	teisiti	['teisiti']		0	D	määrsõna	18	
,	,	,	[',']			Z	lausemärk	18	
isegi	isegi	isegi	['isegi']		0	D	määrsõna	18	
nimetus	nimetus	nimetus	['nimetus']	sg n	0	S	nimisõna	18	
,	,	,	[',']			Z	lausemärk	18	
millega	mis	mis	[['mis'], ['mis']]	pl kom|sg kom	ga	P	asesõna	18	
nad	tema	tema	['tema']	pl n	d	P	asesõna	18	
end	ise	ise	['ise']	sg p	0	P	asesõna	18	
nimetasid	nimetama	nimeta	['nimeta']	sid	sid	V	tegusõna	18	
.	.	.	['.']			Z	lausemärk	18	
Siis	siis	siis	['siis']		0	D	määrsõna	18	
,	,	,	[',']			Z	lausemärk	18	
enne	enne	enne	['enne']		0	K	kaassõna	18	
kolonisatsiooni	kolonisatsioon	kolonisatsioon	['kolonisatsioon']	sg p	0	S	nimisõna	18	
,	,	,	[',']			Z	lausemärk	18	
enne	enne	enne	['enne']		0	K	kaassõna	18	
linnu	linn	linn	['linn']	pl p	u	S	nimisõna	18	
,	,	,	[',']			Z	lausemärk	18	
enne	enne	enne	['enne']		0	K	kaassõna	18	
karjasid	kari	kari	['kari']	pl p	sid	S	nimisõna	18	
...	...	...	['...']			Z	lausemärk	18	
Millegipärast	millegipärast	millegi_pärast	['millegi', 'pärast']		0	D	määrsõna	18	
oli	olema	ole	['ole']	s	i	V	tegusõna	18	
ta	tema	tema	['tema']	sg n	0	P	asesõna	18	
kindel	kindel	kindel	['kindel']	sg n	0	A	omadussõna algvõrre	18	
,	,	,	[',']			Z	lausemärk	18	
et	et	et	['et']		0	J	sidesõna	18	
ka	ka	ka	['ka']		0	D	määrsõna	18	
karjad	kari	kari	['kari']	pl n	d	S	nimisõna	18	
olid	olema	ole	['ole']	sid	id	V	tegusõna	18	
selle	see	see	['see']	sg g	0	P	asesõna	18	
kõigega	kõik	kõik	['kõik']	sg kom	ga	P	asesõna	18	
kuidagi	kuidagi	kuidagi	['kuidagi']		0	D	määrsõna	18	
seotud	seotud|siduma	seotud|sidu	[['seotud'], ['seotud'], ['seotud'], ['sidu']]	|pl n|sg n|tud	0|d|tud	A|V		18	
,	,	,	[',']			Z	lausemärk	18	
kuid	kuid	kuid	['kuid']		0	J	sidesõna	18	
küsida	küsima	küsi	['küsi']	da	da	V	tegusõna	18	
polnud	olema	ole	['ole']	neg nud	nud	V	tegusõna	18	
enam	enam	enam	['enam']		0	D	määrsõna	18	
kelleltki	keegi	keegi	['keegi']	sg abl	ltki	P	asesõna	18	
—	-	-	['-']			Z	lausemärk	18	
kõik	kõik	kõik	[['kõik'], ['kõik']]	pl n|sg n	0	P	asesõna	18	
vastused	vastus	vastus	['vastus']	pl n	d	S	nimisõna	18	
olid	olema	ole	['ole']	sid	id	V	tegusõna	18	
jäänud	jääma|jäänud	jää|jäänud	[['jää'], ['jäänud'], ['jäänud'], ['jäänud']]	|nud|pl n|sg n	0|d|nud	A|V		18	
tolmu	tolm	tolm	['tolm']	sg g	0	S	nimisõna	18	
alla	alla	alla	['alla']		0	K	kaassõna	18	
maetud	maetud|matma	maetud|mat	[['maetud'], ['maetud'], ['maetud'], ['mat']]	|pl n|sg n|tud	0|d|tud	A|V		18	
perioodi	periood	periood	['periood']	sg p	0	S	nimisõna	18	
,	,	,	[',']			Z	lausemärk	18	
mille	mis	mis	[['mis'], ['mis']]	pl g|sg g	0	P	asesõna	18	
nimi	nimi	nimi	['nimi']	sg n	0	S	nimisõna	18	
oli	olema	ole	['ole']	s	i	V	tegusõna	18	
kolonisatsioon	kolonisatsioon	kolonisatsioon	['kolonisatsioon']	sg n	0	S	nimisõna	18	
.	.	.	['.']			Z	lausemärk	18	
Just	just	just	[['just'], ['just']]		0	D|I		19	
sellest	see	see	['see']	sg el	st	P	asesõna	19	
oli	olema	ole	['ole']	s	i	V	tegusõna	19	
mandumine	mandumine	mandumine	['mandumine']	sg n	0	S	nimisõna	19	
alguse	algus	algus	['algus']	sg g	0	S	nimisõna	19	
saanud	saama|saanud	saa|saa=nud	[['saa'], ['saanud'], ['saanud'], ['saanud']]	|nud|pl n|sg n	0|d|nud	A|V		19	
,	,	,	[',']			Z	lausemärk	19	
vähemalt	vähemalt	vähemalt	['vähemalt']		0	D	määrsõna	19	
Johnniele	Johnniele	Johnniele	['Johnniele']	sg n	0	H	pärisnimi	19	
tundus	tunduma	tundu	['tundu']	s	s	V	tegusõna	19	
nii	nii	nii	['nii']		0	D	määrsõna	19	
.	.	.	['.']			Z	lausemärk	19	
Igal	iga	iga	['iga']	sg ad	l	P	asesõna	19	
juhul	juht	juht	['juht']	sg ad	l	S	nimisõna	19	
muutus	muutuma	muutu	['muutu']	s	s	V	tegusõna	19	
ta	tema	tema	['tema']	sg n	0	P	asesõna	19	
alati	alati	alati	['alati']		0	D	määrsõna	19	
kurvaks	kurb	kurb	['kurb']	sg tr	ks	A	omadussõna algvõrre	19	
,	,	,	[',']			Z	lausemärk	19	
kui	kui	kui	[['kui'], ['kui']]		0	D|J		19	
sellele	see	see	['see']	sg all	le	P	asesõna	19	
mõtles	mõtlema	mõtle	['mõtle']	s	s	V	tegusõna	19	
.	.	.	['.']			Z	lausemärk	19	
Johnnie	Johnnie	Johnnie	['Johnnie']	sg n	0	H	pärisnimi	20	
ohkas	ohkama	ohka	['ohka']	s	s	V	tegusõna	20	
ja	ja	ja	['ja']		0	J	sidesõna	20	
astus	astuma	astu	['astu']	s	s	V	tegusõna	20	
edasi	edasi	edasi	['edasi']		0	D	määrsõna	20	
,	,	,	[',']			Z	lausemärk	20	
kuni	kuni	kuni	['kuni']		0	J	sidesõna	20	
jõudis	jõudma	jõud	['jõud']	s	is	V	tegusõna	20	
Paddy	Paddy	Paddy	['Paddy']	sg g	0	H	pärisnimi	20	
kõrtsi	kõrts	kõrts	['kõrts']	sg g	0	S	nimisõna	20	
juurde	juurde	juurde	['juurde']		0	K	kaassõna	20	
.	.	.	['.']			Z	lausemärk	20	
Ukse	uks	uks	['uks']	sg g	0	S	nimisõna	20	
ees	ees	ees	['ees']		0	K	kaassõna	20	
seisjad	seisja	seisja	['seisja']	pl n	d	S	nimisõna	20	
liitusid	liituma	liitu	['liitu']	sid	sid	V	tegusõna	20	
temaga	tema	tema	['tema']	sg kom	ga	P	asesõna	20	
,	,	,	[',']			Z	lausemärk	20	
kui	kui	kui	[['kui'], ['kui']]		0	D|J		20	
ta	tema	tema	['tema']	sg n	0	P	asesõna	20	
sisse	sisse	sisse	['sisse']		0	D	määrsõna	20	
astus	astuma	astu	['astu']	s	s	V	tegusõna	20	
.	.	.	['.']			Z	lausemärk	20	
Ainult	ainult	ainult	['ainult']		0	D	määrsõna	20	
üks	üks	üks	['üks']	sg n	0	P	asesõna	20	
vana	vana	vana	['vana']	sg n	0	A	omadussõna algvõrre	20	
ja	ja	ja	['ja']		0	J	sidesõna	20	
krimpsus	krimpsus	krimpsus	['krimpsus']		0	A	omadussõna algvõrre	20	
taat	taat	taat	['taat']	sg n	0	S	nimisõna	20	
ei	ei	ei	['ei']	neg	0	V	tegusõna	20	
liikunud	liikuma|liikunud	liiku|liiku=nud	[['liiku'], ['liikunud'], ['liikunud'], ['liikunud']]	|nud|pl n|sg n	0|d|nud	A|V		20	
paigast	paik	paik	['paik']	sg el	st	S	nimisõna	20	
.	.	.	['.']			Z	lausemärk	20	
""""	""""	""""	"['""']"			Z	lausemärk	21	
Hei	hei	hei	['hei']		0	I	hüüdsõna	21	
,	,	,	[',']			Z	lausemärk	21	
vana	vana	vana	['vana']	sg n	0	A	omadussõna algvõrre	21	
,	,	,	[',']			Z	lausemärk	21	
kas	kas	kas	['kas']		0	D	määrsõna	21	
sa	sina	sina	['sina']	sg n	0	P	asesõna	21	
keelt	keel	keel	['keel']	sg p	t	S	nimisõna	21	
kasta	kastma	kast	['kast']	o	0	V	tegusõna	21	
ei	ei	ei	['ei']	neg	0	V	tegusõna	21	
taha	tahtma	taht	['taht']	o	0	V	tegusõna	21	
?	?	?	['?']			Z	lausemärk	21	
""""	""""	""""	"['""']"			Z	lausemärk	21	
hõikas	hõikama	hõika	['hõika']	s	s	V	tegusõna	21	
Johnnie	Johnnie	Johnnie	['Johnnie']	sg n	0	H	pärisnimi	21	
talle	tema	tema	['tema']	sg all	lle	P	asesõna	21	
.	.	.	['.']			Z	lausemärk	21	
""""	""""	""""	"['""']"			Z	lausemärk	22	
Minu	mina	mina	['mina']	sg g	0	P	asesõna	22	
joomapäevad	joomapäev	jooma_päev	['jooma', 'päev']	pl n	d	S	nimisõna	22	
on	olema	ole	[['ole'], ['ole']]	b|vad	0	V	tegusõna	22	
möödas	möödas	möödas	['möödas']		0	D	määrsõna	22	
,	,	,	[',']			Z	lausemärk	22	
""""	""""	""""	"['""']"			Z	lausemärk	22	
krigistas	krigistama	krigista	['krigista']	s	s	V	tegusõna	22	
too	too	too	['too']	sg n	0	P	asesõna	22	
,	,	,	[',']			Z	lausemärk	22	
vaadates	vaatama	vaata	['vaata']	des	tes	V	tegusõna	22	
oma	oma	oma	['oma']	sg g	0	P	asesõna	22	
rahulike	rahulik	rahulik	['rahulik']	pl g	e	A	omadussõna algvõrre	22	
selgete	selge	selge	['selge']	pl g	te	A	omadussõna algvõrre	22	
silmadega	silm	silm	['silm']	pl kom	dega	S	nimisõna	22	
Johnniele	Johnniele	Johnniele	['Johnniele']	sg g	0	H	pärisnimi	22	
otsa	otsa	otsa	['otsa']		0	K	kaassõna	22	
.	.	.	['.']			Z	lausemärk	22	
""""	""""	""""	"['""']"			Z	lausemärk	22	
Kui	kui	kui	[['kui'], ['kui']]		0	D|J		22	
inimene	inimene	inimene	['inimene']	sg n	0	S	nimisõna	22	
on	olema	ole	[['ole'], ['ole']]	b|vad	0	V	tegusõna	22	
nii	nii	nii	['nii']		0	D	määrsõna	22	
vana	vana	vana	['vana']	sg n	0	A	omadussõna algvõrre	22	
,	,	,	[',']			Z	lausemärk	22	
kui	kui	kui	[['kui'], ['kui']]		0	D|J		22	
mina	mina	mina	['mina']	sg n	0	S	nimisõna	22	
,	,	,	[',']			Z	lausemärk	22	
peab	pidama	pida	['pida']	b	b	V	tegusõna	22	
ta	tema	tema	['tema']	sg n	0	P	asesõna	22	
hoidma	hoidma	hoid	['hoid']	ma	ma	V	tegusõna	22	
end	ise	ise	['ise']	sg p	0	P	asesõna	22	
viina	viin	viin	['viin']	sg g	0	S	nimisõna	22	
eest	eest	eest	['eest']		0	K	kaassõna	22	
.	.	.	['.']			Z	lausemärk	22	
""""	""""	""""	"['""']"			Z	lausemärk	22	
Johnnie	Johnnie	Johnnie	['Johnnie']	sg n	0	H	pärisnimi	23	
naeris	naerma	naer	['naer']	s	is	V	tegusõna	23	
nukralt	nukralt	nukralt	['nukralt']		0	D	määrsõna	23	
.	.	.	['.']			Z	lausemärk	23	
""""	""""	""""	"['""']"			Z	lausemärk	24	
Just	just	just	[['just'], ['just']]		0	D|I		24	
vanadele	vana	vana	['vana']	pl all	dele	A	omadussõna algvõrre	24	
ongi	olema	ole	[['ole'], ['ole']]	b|vad	0	V	tegusõna	24	
viina	viin	viin	['viin']	sg p	0	S	nimisõna	24	
vaja	vaja	vaja	['vaja']		0	D	määrsõna	24	
,	,	,	[',']			Z	lausemärk	24	
see	see	see	['see']	sg n	0	P	asesõna	24	
teeb	tegema	tege	['tege']	b	b	V	tegusõna	24	
nad	tema	tema	['tema']	pl n	d	P	asesõna	24	
nooreks	noor	noor	['noor']	sg tr	ks	A	omadussõna algvõrre	24	
!	!	!	['!']			Z	lausemärk	24	
""""	""""	""""	"['""']"			Z	lausemärk	24	
Ta	tema	tema	['tema']	sg n	0	P	asesõna	25	
astus	astuma	astu	['astu']	s	s	V	tegusõna	25	
kõrtsi	kõrts	kõrts	['kõrts']	adt	0	S	nimisõna	25	
.	.	.	['.']			Z	lausemärk	25	
Põrandaid	põrand	põrand	['põrand']	pl p	id	S	nimisõna	26	
katva	kattev	kattev	['kattev']	sg g	0	A	omadussõna algvõrre	26	
niiske	niiske	niiske	['niiske']	sg g	0	A	omadussõna algvõrre	26	
saepuru	saepuru	sae_puru	['sae', 'puru']	sg g	0	S	nimisõna	26	
lõhn	lõhn	lõhn	['lõhn']	sg n	0	S	nimisõna	26	
ning	ning	ning	['ning']		0	J	sidesõna	26	
viina	viin	viin	['viin']	sg g	0	S	nimisõna	26	
ja	ja	ja	['ja']		0	J	sidesõna	26	
õlle	õlu	õlu	['õlu']	sg g	0	S	nimisõna	26	
tuttav	tuttav	tuttav	['tuttav']	sg n	0	A	omadussõna algvõrre	26	
aroom	aroom	aroom	['aroom']	sg n	0	S	nimisõna	26	
mõjusid	mõjuma	mõju	['mõju']	sid	sid	V	tegusõna	26	
ergutavalt	ergutavalt	erguta=valt	['ergutavalt']		0	D	määrsõna	26	
.	.	.	['.']			Z	lausemärk	26	
Muusika	muusika	muusika	['muusika']	sg n	0	S	nimisõna	26	
mängis	mängima	mängi	['mängi']	s	s	V	tegusõna	26	
.	.	.	['.']			Z	lausemärk	26	
Ta	tema	tema	['tema']	sg n	0	P	asesõna	27	
astus	astuma	astu	['astu']	s	s	V	tegusõna	27	
leti	lett	lett	['lett']	sg g	0	S	nimisõna	27	
juurde	juurde	juurde	['juurde']		0	K	kaassõna	27	
ja	ja	ja	['ja']		0	J	sidesõna	27	
hõikas	hõikama	hõika	['hõika']	s	s	V	tegusõna	27	
:	:	:	[':']			Z	lausemärk	27	
""""	""""	""""	"['""']"			Z	lausemärk	28	
Hei	hei	hei	['hei']		0	I	hüüdsõna	28	
,	,	,	[',']			Z	lausemärk	28	
Paddy	Paddy	Paddy	['Paddy']	sg n	0	H	pärisnimi	28	
,	,	,	[',']			Z	lausemärk	28	
anna	andma	and	['and']	o	0	V	tegusõna	28	
üks	üks	üks	['üks']	sg n	0	P	asesõna	28	
pits	pits	pits	['pits']	sg n	0	S	nimisõna	28	
!	!	!	['!']			Z	lausemärk	28	
""""	""""	""""	"['""']"			Z	lausemärk	28	
""""	""""	""""	"['""']"			Z	lausemärk	29	
Kuidas	kuidas	kuidas	['kuidas']		0	D	määrsõna	29	
edeneb	edenema	edene	['edene']	b	b	V	tegusõna	29	
?	?	?	['?']			Z	lausemärk	29	
""""	""""	""""	"['""']"			Z	lausemärk	29	
päris	päris	päris	['päris']		0	A	omadussõna algvõrre	29	
kõrtsmik	kõrtsmik	kõrtsmik	['kõrtsmik']	sg n	0	S	nimisõna	29	
higi	higi	higi	['higi']	sg p	0	S	nimisõna	29	
pühkides	pühkima	pühki	['pühki']	des	des	V	tegusõna	29	
ja	ja	ja	['ja']		0	J	sidesõna	29	
lükkas	lükkama	lükka	['lükka']	s	s	V	tegusõna	29	
märjukese	märjuke|märjukene	märjuke|märjukene	[['märjuke'], ['märjukene']]	sg g	0	S	nimisõna	29	
üle	üle	üle	['üle']		0	K	kaassõna	29	
leti	lett	lett	['lett']	sg g	0	S	nimisõna	29	
lähemale	lähemale	lähemale	['lähemale']		0	D	määrsõna	29	
.	.	.	['.']			Z	lausemärk	29	
""""	""""	""""	"['""']"			Z	lausemärk	30	
Jim	Jim	Jim	['Jim']	sg n	0	H	pärisnimi	30	
ja	ja	ja	['ja']		0	J	sidesõna	30	
Jack	Jack	Jack	['Jack']	sg n	0	H	pärisnimi	30	
läksid	minema	mine	['mine']	sid	sid	V	tegusõna	30	
loomi	loom	loom	['loom']	pl p	i	S	nimisõna	30	
ajama	ajama	aja	['aja']	ma	ma	V	tegusõna	30	
,	,	,	[',']			Z	lausemärk	30	
""""	""""	""""	"['""']"			Z	lausemärk	30	
kehitas	kehitama	kehita	['kehita']	s	s	V	tegusõna	30	
Johnnie	Johnnie	Johnnie	['Johnnie']	sg n	0	H	pärisnimi	30	
õlgu	õlg	õlg	['õlg']	pl p	u	S	nimisõna	30	
.	.	.	['.']			Z	lausemärk	30	
""""	""""	""""	"['""']"			Z	lausemärk	30	
Jäin	jääma	jää	['jää']	sin	in	V	tegusõna	30	
linnast	linn	linn	['linn']	sg el	st	S	nimisõna	30	
tulekuga	tulek	tulek	['tulek']	sg kom	ga	S	nimisõna	30	
hilja	hilja	hilja	['hilja']		0	D	määrsõna	30	
peale	peale	peale	['peale']		0	D	määrsõna	30	
,	,	,	[',']			Z	lausemärk	30	
muidu	muidu	muidu	['muidu']		0	D	määrsõna	30	
oleksin	olema	ole	['ole']	ksin	ksin	V	tegusõna	30	
isegi	isegi	isegi	['isegi']		0	D	määrsõna	30	
kaasa	kaasa	kaasa	['kaasa']		0	D	määrsõna	30	
läinud	läinud|minema	läinud|mine	[['läinud'], ['läinud'], ['läinud'], ['mine']]	|nud|pl n|sg n	0|d|nud	A|V		30	
.	.	.	['.']			Z	lausemärk	30	
Räägitakse	rääkima	rääki	['rääki']	takse	takse	V	tegusõna	30	
,	,	,	[',']			Z	lausemärk	30	
et	et	et	['et']		0	J	sidesõna	30	
olevat	olema	ole	['ole']	vat	vat	V	tegusõna	30	
suur	suur	suur	['suur']	sg n	0	A	omadussõna algvõrre	30	
kari	kari	kari	['kari']	sg n	0	S	nimisõna	30	
.	.	.	['.']			Z	lausemärk	30	
""""	""""	""""	"['""']"			Z	lausemärk	30	
""""	""""	""""	"['""']"			Z	lausemärk	31	
Metsik	metsik	metsik	['metsik']	sg n	0	A	omadussõna algvõrre	31	
?	?	?	['?']			Z	lausemärk	31	
""""	""""	""""	"['""']"			Z	lausemärk	31	
""""	""""	""""	"['""']"			Z	lausemärk	32	
Arvata	arvama	arva	['arva']	da	ta	V	tegusõna	32	
võib	võima	või	['või']	b	b	V	tegusõna	32	
,	,	,	[',']			Z	lausemärk	32	
""""	""""	""""	"['""']"			Z	lausemärk	32	
noogutas	noogutama	nooguta	['nooguta']	s	s	V	tegusõna	32	
Johnnie	Johnnie	Johnnie	['Johnnie']	sg n	0	H	pärisnimi	32	
.	.	.	['.']			Z	lausemärk	32	
""""	""""	""""	"['""']"			Z	lausemärk	32	
Teised	teine	teine	[['teine'], ['teine']]	pl n	d	O|P		32	
kõrbesse	kõrb|kõrve	kõrb|kõrve	[['kõrb'], ['kõrve']]	sg ill	sse	S	nimisõna	32	
ei	ei	ei	['ei']	neg	0	V	tegusõna	32	
kipu	kippuma	kippu	['kippu']	o	0	V	tegusõna	32	
.	.	.	['.']			Z	lausemärk	32	
""""	""""	""""	"['""']"			Z	lausemärk	32	
""""	""""	""""	"['""']"			Z	lausemärk	33	
Siis	siis	siis	['siis']		0	D	määrsõna	33	
on	olema	ole	[['ole'], ['ole']]	b|vad	0	V	tegusõna	33	
kena	kena	kena	['kena']	sg g	0	A	omadussõna algvõrre	33	
noosi	noos	noos	['noos']	sg g	0	S	nimisõna	33	
oodata	ootama	oota	['oota']	da	ta	V	tegusõna	33	
...	...	...	['...']			Z	lausemärk	33	
""""	""""	""""	"['""']"			Z	lausemärk	33	
""""	""""	""""	"['""']"			Z	lausemärk	34	
Ole	olema	ole	['ole']	o	0	V	tegusõna	34	
mureta	mure	mure	['mure']	sg ab	ta	S	nimisõna	34	
,	,	,	[',']			Z	lausemärk	34	
ega	ega	ega	['ega']		0	J	sidesõna	34	
sinagi	sina	sina	['sina']	sg n	0	P	asesõna	34	
ilma	ilma	ilma	['ilma']		0	D	määrsõna	34	
jää	jääma	jää	['jää']	o	0	V	tegusõna	34	
,	,	,	[',']			Z	lausemärk	34	
""""	""""	""""	"['""']"			Z	lausemärk	34	
irvitas	irvitama	irvita	['irvita']	s	s	V	tegusõna	34	
Johnnie	Johnnie	Johnnie	['Johnnie']	sg n	0	H	pärisnimi	34	
.	.	.	['.']			Z	lausemärk	34	
""""	""""	""""	"['""']"			Z	lausemärk	34	
Kuni	kuni	kuni	['kuni']		0	J	sidesõna	34	
sul	sina	sina	['sina']	sg ad	l	P	asesõna	34	
seda	see	see	['see']	sg p	da	P	asesõna	34	
mürki	mürk	mürk	['mürk']	sg p	0	S	nimisõna	34	
jätkub	jätkuma	jätku	['jätku']	b	b	V	tegusõna	34	
,	,	,	[',']			Z	lausemärk	34	
voolab	voolama	voola	['voola']	b	b	V	tegusõna	34	
niikuinii	niikuinii	nii_kui_nii	['nii', 'kui', 'nii']		0	D	määrsõna	34	
pool	pool	pool	['pool']	sg n	0	N	põhiarvsõna	34	
rahast	raha	raha	['raha']	sg el	st	S	nimisõna	34	
sinu	sina	sina	['sina']	sg g	0	P	asesõna	34	
kukrusse	kukkur	kukkur	['kukkur']	sg ill	sse	S	nimisõna	34	
.	.	.	['.']			Z	lausemärk	34	
""""	""""	""""	"['""']"			Z	lausemärk	34	
""""	""""	""""	"['""']"			Z	lausemärk	35	
Tõsi	tõsi	tõsi	['tõsi']	sg n	0	S	nimisõna	35	
ta	tema	tema	['tema']	sg n	0	P	asesõna	35	
on	olema	ole	[['ole'], ['ole']]	b|vad	0	V	tegusõna	35	
,	,	,	[',']			Z	lausemärk	35	
""""	""""	""""	"['""']"			Z	lausemärk	35	
naeratas	naeratama	naerata	['naerata']	s	s	V	tegusõna	35	
ka	ka	ka	['ka']		0	D	määrsõna	35	
kõrtsmik	kõrtsmik	kõrtsmik	['kõrtsmik']	sg n	0	S	nimisõna	35	
ning	ning	ning	['ning']		0	J	sidesõna	35	
ta	tema	tema	['tema']	sg g	0	P	asesõna	35	
lai	lai	lai	['lai']	sg n	0	A	omadussõna algvõrre	35	
nägu	nägu	nägu	['nägu']	sg n	0	S	nimisõna	35	
läks	minema	mine	['mine']	s	s	V	tegusõna	35	
veelgi	veelgi	veelgi	['veelgi']		0	D	määrsõna	35	
laiemaks	laiem	laiem	['laiem']	sg tr	ks	C	omadussõna keskvõrre	35	
.	.	.	['.']			Z	lausemärk	35	
Kusagil	kusagil	kusagil	['kusagil']		0	D	määrsõna	36	
kriuksus	kriuksuma	kriuksu	['kriuksu']	s	s	V	tegusõna	36	
uks	uks	uks	['uks']	sg n	0	S	nimisõna	36	
.	.	.	['.']			Z	lausemärk	36	
Verandal	veranda	veranda	['veranda']	sg ad	l	S	nimisõna	36	
kostsid	kostma	kost	['kost']	sid	sid	V	tegusõna	36	
sammud	samm	samm	['samm']	pl n	d	S	nimisõna	36	
.	.	.	['.']			Z	lausemärk	36	
""""	""""	""""	"['""']"			Z	lausemärk	37	
Tee	tee	tee	['tee']	sg n	0	S	nimisõna	37	
oli	olema	ole	['ole']	s	i	V	tegusõna	37	
vist	vist	vist	['vist']		0	D	määrsõna	37	
väga	väga	väga	['väga']		0	D	määrsõna	37	
tolmune	tolmune	tolmune	['tolmune']	sg n	0	A	omadussõna algvõrre	37	
,	,	,	[',']			Z	lausemärk	37	
noormees	noormees	noor_mees	['noor', 'mees']	sg n	0	S	nimisõna	37	
?	?	?	['?']			Z	lausemärk	37	
""""	""""	""""	"['""']"			Z	lausemärk	37	
ütles	ütlema	ütle	['ütle']	s	s	V	tegusõna	37	
madal	madal	madal	['madal']	sg n	0	A	omadussõna algvõrre	37	
krigisev	krigisev	krigise=v	['krigisev']	sg n	0	A	omadussõna algvõrre	37	
hääl	hääl	hääl	['hääl']	sg n	0	S	nimisõna	37	
.	.	.	['.']			Z	lausemärk	37	
""""	""""	""""	"['""']"			Z	lausemärk	38	
Jah	jah	jah	['jah']		0	D	määrsõna	38	
,	,	,	[',']			Z	lausemärk	38	
""""	""""	""""	"['""']"			Z	lausemärk	38	
vastas	vastama	vasta	['vasta']	s	s	V	tegusõna	38	
keegi	keegi	keegi	['keegi']	sg n	0	P	asesõna	38	
.	.	.	['.']			Z	lausemärk	38	
""""	""""	""""	"['""']"			Z	lausemärk	38	
Tolmu	tolm	tolm	['tolm']	adt	0	S	nimisõna	38	
oli	olema	ole	['ole']	s	i	V	tegusõna	38	
tõesti	tõesti	tõesti	['tõesti']		0	D	määrsõna	38	
rohkem	rohkem	rohkem	['rohkem']		0	D	määrsõna	38	
kui	kui	kui	[['kui'], ['kui']]		0	D|J		38	
vaja	vaja	vaja	['vaja']		0	D	määrsõna	38	
.	.	.	['.']			Z	lausemärk	38	
Kas	kas	kas	['kas']		0	D	määrsõna	38	
te	sina	sina	['sina']	pl n	0	P	asesõna	38	
ei	ei	ei	['ei']	neg	0	V	tegusõna	38	
astuks	astuma	astu	['astu']	ks	ks	V	tegusõna	38	
sisse	sisse	sisse	['sisse']		0	D	määrsõna	38	
ja	ja	ja	['ja']		0	J	sidesõna	38	
jooks	jooma	joo	['joo']	ks	ks	V	tegusõna	38	
midagi	miski	miski	['miski']	sg p	dagi	P	asesõna	38	
?	?	?	['?']			Z	lausemärk	38	
Vihkan	vihkama	vihka	['vihka']	n	n	V	tegusõna	38	
üksinda	üksinda	üksinda	['üksinda']		0	D	määrsõna	38	
joomist	joomine	joomine	['joomine']	sg p	t	S	nimisõna	38	
.	.	.	['.']			Z	lausemärk	38	
""""	""""	""""	"['""']"			Z	lausemärk	38	
""""	""""	""""	"['""']"			Z	lausemärk	39	
Tänan	tänama	täna	['täna']	n	n	V	tegusõna	39	
,	,	,	[',']			Z	lausemärk	39	
""""	""""	""""	"['""']"			Z	lausemärk	39	
vastas	vastama	vasta	['vasta']	s	s	V	tegusõna	39	
teine	teine	teine	[['teine'], ['teine']]	sg n	0	O|P		39	
.	.	.	['.']			Z	lausemärk	39	
""""	""""	""""	"['""']"			Z	lausemärk	39	
Olen	olema	ole	['ole']	n	n	V	tegusõna	39	
selleks	see	see	['see']	sg tr	ks	P	asesõna	39	
liiga	liiga	liiga	['liiga']		0	D	määrsõna	39	
vana	vana	vana	['vana']	sg n	0	A	omadussõna algvõrre	39	
.	.	.	['.']			Z	lausemärk	39	
Saalis	saal	saal	['saal']	sg in	s	S	nimisõna	39	
on	olema	ole	[['ole'], ['ole']]	b|vad	0	V	tegusõna	39	
küllalt	küllalt	küllalt	['küllalt']		0	D	määrsõna	39	
teisigi	teine	teine	[['teine'], ['teine']]	pl p	0	O|P		39	
mehi	mees	mees	['mees']	pl p	0	S	nimisõna	39	
.	.	.	['.']			Z	lausemärk	39	
""""	""""	""""	"['""']"			Z	lausemärk	39	
Kõnelejaks	kõneleja	kõneleja	['kõneleja']	sg tr	ks	S	nimisõna	39	
pidi	pidama	pida	['pida']	s	i	V	tegusõna	39	
olema	olema	ole	['ole']	ma	ma	V	tegusõna	39	
krimpsus	krimpsus	krimpsus	['krimpsus']		0	A	omadussõna algvõrre	39	
vanamees	vanamees	vana_mees	['vana', 'mees']	sg n	0	S	nimisõna	39	
,	,	,	[',']			Z	lausemärk	39	
kes	kes	kes	[['kes'], ['kes']]	pl n|sg n	0	P	asesõna	39	
ka	ka	ka	['ka']		0	D	määrsõna	39	
ennist	ennist	ennist	['ennist']		0	D	määrsõna	39	
oli	olema	ole	['ole']	s	i	V	tegusõna	39	
keeldunud	keelduma|keeldunud	keeldu|keeldu=nud	[['keeldu'], ['keeldunud'], ['keeldunud'], ['keeldunud']]	|nud|pl n|sg n	0|d|nud	A|V		39	
kõrtsituppa	kõrtsituba	kõrtsi_tuba	['kõrtsi', 'tuba']	adt	0	S	nimisõna	39	
astumast	astuma	astu	['astu']	mast	mast	V	tegusõna	39	
.	.	.	['.']			Z	lausemärk	39	
Lähenesid	lähenema	lähene	['lähene']	sid	sid	V	tegusõna	40	
rasked	raske	raske	['raske']	pl n	d	A	omadussõna algvõrre	40	
sammud	samm	samm	['samm']	pl n	d	S	nimisõna	40	
,	,	,	[',']			Z	lausemärk	40	
uks	uks	uks	['uks']	sg n	0	S	nimisõna	40	
avanes	avanema	avane	['avane']	s	s	V	tegusõna	40	
ja	ja	ja	['ja']		0	J	sidesõna	40	
lävel	lävi	lävi	['lävi']	sg ad	l	S	nimisõna	40	
seisis	seisma	seis	['seis']	s	is	V	tegusõna	40	
Jack	Jack	Jack	['Jack']	sg n	0	H	pärisnimi	40	
.	.	.	['.']			Z	lausemärk	40	
Ta	tema	tema	['tema']	sg n	0	P	asesõna	41	
lasi	laskma	lask	['lask']	s	i	V	tegusõna	41	
pilgul	pilk	pilk	['pilk']	sg ad	l	S	nimisõna	41	
ringi	ringi	ringi	['ringi']		0	D	määrsõna	41	
käia	käima	käi	['käi']	da	a	V	tegusõna	41	
ja	ja	ja	['ja']		0	J	sidesõna	41	
märkas	märkama	märka	['märka']	s	s	V	tegusõna	41	
Johnniet	Johnniet	Johnniet	['Johnniet']	sg n	0	H	pärisnimi	41	
.	.	.	['.']			Z	lausemärk	41	
Noogutanud	noogutama|noogutanud	nooguta|nooguta=nud	[['nooguta'], ['noogutanud'], ['noogutanud'], ['noogutanud']]	|nud|pl n|sg n	0|d|nud	A|V		41	
vaevumärgatavalt	vaevumärgatavalt	vaevu_märgatavalt	['vaevu', 'märgatavalt']		0	D	määrsõna	41	
,	,	,	[',']			Z	lausemärk	41	
astus	astuma	astu	['astu']	s	s	V	tegusõna	41	
ta	tema	tema	['tema']	sg n	0	P	asesõna	41	
väsinud	väsima|väsinud	väsi|väsinud	[['väsi'], ['väsinud'], ['väsinud'], ['väsinud']]	|nud|pl n|sg n	0|d|nud	A|V		41	
kõnnakul	kõnnak	kõnnak	['kõnnak']	sg ad	l	S	nimisõna	41	
üle	üle	üle	['üle']		0	D	määrsõna	41	
saali	saal	saal	['saal']	sg p	0	S	nimisõna	41	
ja	ja	ja	['ja']		0	J	sidesõna	41	
räntsatas	räntsatama	räntsata	['räntsata']	s	s	V	tegusõna	41	
Johnnie	Johnnie	Johnnie	['Johnnie']	sg g	0	H	pärisnimi	41	
kõrvale	kõrvale	kõrvale	['kõrvale']		0	K	kaassõna	41	
leti	lett	lett	['lett']	sg g	0	S	nimisõna	41	
äärde	äärde	äärde	['äärde']		0	K	kaassõna	41	
istuma	istuma	istu	['istu']	ma	ma	V	tegusõna	41	
.	.	.	['.']			Z	lausemärk	41	
""""	""""	""""	"['""']"			Z	lausemärk	42	
Klaas	Klaas	Klaas	[['Klaas'], ['Klaas']]	sg n	0	H	pärisnimi	42	
õlut	õlu	õlu	['õlu']	sg p	t	S	nimisõna	42	
,	,	,	[',']			Z	lausemärk	42	
Paddy	Paddy	Paddy	['Paddy']	sg n	0	H	pärisnimi	42	
,	,	,	[',']			Z	lausemärk	42	
""""	""""	""""	"['""']"			Z	lausemärk	42	
sõnas	sõnama	sõna	['sõna']	s	s	V	tegusõna	42	
ta	tema	tema	['tema']	sg n	0	P	asesõna	42	
kähinal	kähinal	kähinal	['kähinal']		0	D	määrsõna	42	
.	.	.	['.']			Z	lausemärk	42	
""""	""""	""""	"['""']"			Z	lausemärk	42	
Mu	mina	mina	['mina']	sg g	0	P	asesõna	42	
kurk	kurk	kurk	['kurk']	sg n	0	S	nimisõna	42	
on	olema	ole	[['ole'], ['ole']]	b|vad	0	V	tegusõna	42	
tolmu	tolm	tolm	['tolm']	sg p	0	S	nimisõna	42	
täis	täis	täis	['täis']		0	A	omadussõna algvõrre	42	
.	.	.	['.']			Z	lausemärk	42	
""""	""""	""""	"['""']"			Z	lausemärk	42	
Paddy	Paddy	Paddy	['Paddy']	sg n	0	H	pärisnimi	43	
kallas	kallama	kalla	['kalla']	s	s	V	tegusõna	43	
talle	tema	tema	['tema']	sg all	lle	P	asesõna	43	
kannu	kann	kann	['kann']	sg p	0	S	nimisõna	43	
vahutavat	vahutav	vahutav	['vahutav']	sg p	t	A	omadussõna algvõrre	43	
õlut	õlu	õlu	['õlu']	sg p	t	S	nimisõna	43	
,	,	,	[',']			Z	lausemärk	43	
millest	mis	mis	[['mis'], ['mis']]	pl el|sg el	st	P	asesõna	43	
Jack	Jack	Jack	['Jack']	sg n	0	H	pärisnimi	43	
poole	pool	pool	['pool']	sg g	0	N	põhiarvsõna	43	
ainsa	ainus	ainus	['ainus']	sg g	0	A	omadussõna algvõrre	43	
sõõmuga	sõõm	sõõm	['sõõm']	sg kom	ga	S	nimisõna	43	
tühjaks	tühi	tühi	['tühi']	sg tr	ks	A	omadussõna algvõrre	43	
jõi	jooma	joo	['joo']	s	i	V	tegusõna	43	
.	.	.	['.']			Z	lausemärk	43	
""""	""""	""""	"['""']"			Z	lausemärk	44	
Oled	olema	ole	['ole']	d	d	V	tegusõna	44	
siis	siis	siis	['siis']		0	D	määrsõna	44	
tagasi	tagasi	tagasi	['tagasi']		0	D	määrsõna	44	
,	,	,	[',']			Z	lausemärk	44	
""""	""""	""""	"['""']"			Z	lausemärk	44	
konstateeris	konstateerima	konstateeri	['konstateeri']	s	s	V	tegusõna	44	
ta	tema	tema	['tema']	sg n	0	P	asesõna	44	
lõpuks	lõpuks	lõpuks	['lõpuks']		0	D	määrsõna	44	
Johnnie	Johnnie	Johnnie	['Johnnie']	sg g	0	H	pärisnimi	44	
poole	poole	poole	['poole']		0	K	kaassõna	44	
vaadates	vaatama	vaata	['vaata']	des	tes	V	tegusõna	44	
.	.	.	['.']			Z	lausemärk	44	
""""	""""	""""	"['""']"			Z	lausemärk	45	
Nagu	nagu	nagu	[['nagu'], ['nagu']]		0	D|J		45	
näed	nägema	näge	['näge']	d	d	V	tegusõna	45	
,	,	,	[',']			Z	lausemärk	45	
""""	""""	""""	"['""']"			Z	lausemärk	45	
naeratas	naeratama	naerata	['naerata']	s	s	V	tegusõna	45	
Johnnie	Johnnie	Johnnie	['Johnnie']	sg n	0	H	pärisnimi	45	
.	.	.	['.']			Z	lausemärk	45	
""""	""""	""""	"['""']"			Z	lausemärk	45	
Muide	muide	muide	['muide']		0	D	määrsõna	45	
,	,	,	[',']			Z	lausemärk	45	
mul	mina	mina	['mina']	sg ad	l	P	asesõna	45	
on	olema	ole	[['ole'], ['ole']]	b|vad	0	V	tegusõna	45	
ka	ka	ka	['ka']		0	D	määrsõna	45	
järgmise	järgmine	järgmine	['järgmine']	sg g	0	A	omadussõna algvõrre	45	
partii	partii	partii	['partii']	sg g	0	S	nimisõna	45	
jaoks	jaoks	jaoks	['jaoks']		0	K	kaassõna	45	
ostja	ostja	ostja	['ostja']	sg n	0	S	nimisõna	45	
välja	välja	välja	['välja']		0	D	määrsõna	45	
vaadatud	vaadatud|vaatama	vaadatud|vaata	[['vaata'], ['vaadatud'], ['vaadatud'], ['vaadatud']]	|pl n|sg n|tud	0|d|tud	A|V		45	
.	.	.	['.']			Z	lausemärk	45	
Kuidas	kuidas	kuidas	['kuidas']		0	D	määrsõna	45	
teil	sina	sina	['sina']	pl ad	l	P	asesõna	45	
läks	minema	mine	['mine']	s	s	V	tegusõna	45	
?	?	?	['?']			Z	lausemärk	45	
Kas	kas	kas	['kas']		0	D	määrsõna	45	
jaht	jaht	jaht	['jaht']	sg n	0	S	nimisõna	45	
oli	olema	ole	['ole']	s	i	V	tegusõna	45	
tulemuslik	tulemuslik	tulemuslik	['tulemuslik']	sg n	0	A	omadussõna algvõrre	45	
?	?	?	['?']			Z	lausemärk	45	
""""	""""	""""	"['""']"			Z	lausemärk	45	
""""	""""	""""	"['""']"			Z	lausemärk	46	
Tulemuslik	Tulemuslik	Tulemuslik	['Tulemuslik']	sg n	0	H	pärisnimi	46	
?	?	?	['?']			Z	lausemärk	46	
""""	""""	""""	"['""']"			Z	lausemärk	46	
kordas	kordama	korda	['korda']	s	s	V	tegusõna	46	
Jack	Jack	Jack	['Jack']	sg n	0	H	pärisnimi	46	
aeglaselt	aeglaselt	aeglaselt	['aeglaselt']		0	D	määrsõna	46	
.	.	.	['.']			Z	lausemärk	46	
""""	""""	""""	"['""']"			Z	lausemärk	46	
Jah	jah	jah	['jah']		0	D	määrsõna	46	
,	,	,	[',']			Z	lausemärk	46	
niipalju	niipalju	nii_palju	['nii', 'palju']		0	D	määrsõna	46	
kui	kui	kui	[['kui'], ['kui']]		0	D|J		46	
see	see	see	['see']	sg n	0	P	asesõna	46	
puudutab	puudutama	puuduta	['puuduta']	b	b	V	tegusõna	46	
püütud	püüdma|püütud	püü=tud|püüd	[['püütud'], ['püütud'], ['püütud'], ['püüd']]	|pl n|sg n|tud	0|d|tud	A|V		46	
loomade	loom	loom	['loom']	pl g	de	S	nimisõna	46	
arvu	arv	arv	['arv']	sg p	0	S	nimisõna	46	
.	.	.	['.']			Z	lausemärk	46	
""""	""""	""""	"['""']"			Z	lausemärk	46	
""""	""""	""""	"['""']"			Z	lausemärk	47	
Ma	mina	mina	['mina']	sg n	0	P	asesõna	47	
ei	ei	ei	['ei']	neg	0	V	tegusõna	47	
mõtle	mõtlema	mõtle	['mõtle']	o	0	V	tegusõna	47	
arvu	arv	arv	['arv']	sg p	0	S	nimisõna	47	
.	.	.	['.']			Z	lausemärk	47	
Kas	kas	kas	['kas']		0	D	määrsõna	47	
paljud	palju	palju	['palju']	pl n	d	P	asesõna	47	
said	saama	saa	['saa']	sid	id	V	tegusõna	47	
püüdmise	püüdmine	püüdmine	['püüdmine']	sg g	0	S	nimisõna	47	
käigus	käigus	käigus	['käigus']		0	K	kaassõna	47	
vigastada	vigastama	vigasta	['vigasta']	da	da	V	tegusõna	47	
?	?	?	['?']			Z	lausemärk	47	
""""	""""	""""	"['""']"			Z	lausemärk	47	
""""	""""	""""	"['""']"			Z	lausemärk	48	
See	see	see	['see']	sg n	0	P	asesõna	48	
oli	olema	ole	['ole']	s	i	V	tegusõna	48	
veriseim	veriseim	verise=im	['veriseim']	sg n	0	U	omadussõna ülivõrre	48	
sigadus	sigadus	sigadus	['sigadus']	sg n	0	S	nimisõna	48	
,	,	,	[',']			Z	lausemärk	48	
mida	mis	mis	[['mis'], ['mis']]	pl p|sg p	da	P	asesõna	48	
ma	mina	mina	['mina']	sg n	0	P	asesõna	48	
olen	olema	ole	['ole']	n	n	V	tegusõna	48	
eales	eales	eales	['eales']		0	D	määrsõna	48	
näinud	nägema|näima|näinud	näge|näi|näi=nud	[['näi'], ['näge'], ['näinud'], ['näinud'], ['näinud']]	|nud|pl n|sg n	0|d|nud	A|V		48	
!	!	!	['!']			Z	lausemärk	48	
""""	""""	""""	"['""']"			Z	lausemärk	48	
vastas	vastama	vasta	['vasta']	s	s	V	tegusõna	48	
Jack	Jack	Jack	['Jack']	sg n	0	H	pärisnimi	48	
tigedalt	tigedalt	tigedalt	['tigedalt']		0	D	määrsõna	48	
.	.	.	['.']			Z	lausemärk	48	
""""	""""	""""	"['""']"			Z	lausemärk	48	
Ma	mina	mina	['mina']	sg n	0	P	asesõna	48	
ei	ei	ei	['ei']	neg	0	V	tegusõna	48	
taha	tahtma	taht	['taht']	o	0	V	tegusõna	48	
meenutadagi	meenutama	meenuta	['meenuta']	da	da	V	tegusõna	48	
,	,	,	[',']			Z	lausemärk	48	
kui	kui	kui	[['kui'], ['kui']]		0	D|J		48	
palju	palju	palju	['palju']		0	D	määrsõna	48	
loomi	loom	loom	['loom']	pl p	i	S	nimisõna	48	
ma	mina	mina	['mina']	sg n	0	P	asesõna	48	
maha	maha	maha	['maha']		0	D	määrsõna	48	
lasin	laskma	lask	['lask']	sin	in	V	tegusõna	48	
,	,	,	[',']			Z	lausemärk	48	
ja	ja	ja	['ja']		0	J	sidesõna	48	
kuidas	kuidas	kuidas	['kuidas']		0	D	määrsõna	48	
nad	tema	tema	['tema']	pl n	d	P	asesõna	48	
välja	välja	välja	['välja']		0	D	määrsõna	48	
nägid	nägema	näge	['näge']	sid	id	V	tegusõna	48	
.	.	.	['.']			Z	lausemärk	48	
Ma	mina	mina	['mina']	sg n	0	P	asesõna	48	
ei	ei	ei	['ei']	neg	0	V	tegusõna	48	
tea	teadma	tead	['tead']	o	0	V	tegusõna	48	
,	,	,	[',']			Z	lausemärk	48	
kui	kui	kui	[['kui'], ['kui']]		0	D|J		48	
paljud	palju	palju	['palju']	pl n	d	P	asesõna	48	
end	ise	ise	['ise']	sg p	0	P	asesõna	48	
läbi	läbi	läbi	['läbi']		0	K	kaassõna	48	
okastraadi	okastraat	okas_traat	['okas', 'traat']	sg g	0	S	nimisõna	48	
murdsid	murdma	murd	['murd']	sid	sid	V	tegusõna	48	
,	,	,	[',']			Z	lausemärk	48	
et	et	et	['et']		0	J	sidesõna	48	
siis	siis	siis	['siis']		0	D	määrsõna	48	
hiljem	hiljem	hiljem	['hiljem']		0	D	määrsõna	48	
kusagil	kusagil	kusagil	['kusagil']		0	D	määrsõna	48	
kõrbes	kõrb|kõrve	kõrb|kõrve	[['kõrb'], ['kõrve']]	sg in	s	S	nimisõna	48	
kõngeda	kõngema	kõnge	['kõnge']	da	da	V	tegusõna	48	
.	.	.	['.']			Z	lausemärk	48	
""""	""""	""""	"['""']"			Z	lausemärk	48	
""""	""""	""""	"['""']"			Z	lausemärk	49	
Seda	see	see	['see']	sg p	da	P	asesõna	49	
ma	mina	mina	['mina']	sg n	0	P	asesõna	49	
kartsin	kartma	kart	['kart']	sin	sin	V	tegusõna	49	
,	,	,	[',']			Z	lausemärk	49	
""""	""""	""""	"['""']"			Z	lausemärk	49	
ohkas	ohkama	ohka	['ohka']	s	s	V	tegusõna	49	
Johnnie	Johnnie	Johnnie	['Johnnie']	sg n	0	H	pärisnimi	49	
löödult	löödult	löödult	['löödult']		0	D	määrsõna	49	
.	.	.	['.']			Z	lausemärk	49	
""""	""""	""""	"['""']"			Z	lausemärk	49	
Ma	mina	mina	['mina']	sg n	0	P	asesõna	49	
ütlesin	ütlema	ütle	['ütle']	sin	sin	V	tegusõna	49	
kohe	kohe	kohe	['kohe']		0	D	määrsõna	49	
,	,	,	[',']			Z	lausemärk	49	
et	et	et	['et']		0	J	sidesõna	49	
see	see	see	['see']	sg n	0	P	asesõna	49	
uus	uus	uus	['uus']	sg n	0	A	omadussõna algvõrre	49	
püügimoodus	püügimoodus	püügi_moodus	['püügi', 'moodus']	sg n	0	S	nimisõna	49	
okastraadiga	okastraat	okas_traat	['okas', 'traat']	sg kom	ga	S	nimisõna	49	
pole	olema	ole	['ole']	neg o	0	V	tegusõna	49	
õige	õige	õige	['õige']	sg n	0	A	omadussõna algvõrre	49	
asi	asi	asi	['asi']	sg n	0	S	nimisõna	49	
...	...	...	['...']			Z	lausemärk	49	
Kuidas	kuidas	kuidas	['kuidas']		0	D	määrsõna	49	
Jim	Jim	Jim	['Jim']	sg n	0	H	pärisnimi	49	
sellesse	see	see	['see']	sg ill	sse	P	asesõna	49	
suhtub	suhtuma	suhtu	['suhtu']	b	b	V	tegusõna	49	
?	?	?	['?']			Z	lausemärk	49	
""""	""""	""""	"['""']"			Z	lausemärk	49	
""""	""""	""""	"['""']"			Z	lausemärk	50	
Jim	Jim	Jim	['Jim']	sg n	0	H	pärisnimi	50	
?	?	?	['?']			Z	lausemärk	50	
""""	""""	""""	"['""']"			Z	lausemärk	50	
Jack	Jack	Jack	['Jack']	sg n	0	H	pärisnimi	50	
tõstis	tõstma	tõst	['tõst']	s	is	V	tegusõna	50	
pilgu	pilk	pilk	['pilk']	sg g	0	S	nimisõna	50	
.	.	.	['.']			Z	lausemärk	50	
Ta	tema	tema	['tema']	sg g	0	P	asesõna	50	
silmad	silm	silm	['silm']	pl n	d	S	nimisõna	50	
olid	olema	ole	['ole']	sid	id	V	tegusõna	50	
valu	valu	valu	['valu']	sg p	0	S	nimisõna	50	
täis	täis	täis	['täis']		0	D	määrsõna	50	
.	.	.	['.']			Z	lausemärk	50	
""""	""""	""""	"['""']"			Z	lausemärk	50	
Jim	Jim	Jim	['Jim']	sg n	0	H	pärisnimi	50	
on	olema	ole	[['ole'], ['ole']]	b|vad	0	V	tegusõna	50	
surnud	surema|surnud	sure|surnud	[['surnud'], ['surnud'], ['surnud'], ['sure']]	|nud|pl n|sg n	0|d|nud	A|V		50	
,	,	,	[',']			Z	lausemärk	50	
Johnnie	Johnnie	Johnnie	['Johnnie']	sg n	0	H	pärisnimi	50	
.	.	.	['.']			Z	lausemärk	50	
Nad	tema	tema	['tema']	pl n	d	P	asesõna	50	
tallasid	tallama	talla	['talla']	sid	sid	V	tegusõna	50	
ta	tema	tema	['tema']	sg n	0	P	asesõna	50	
surnuks	surnu	surnu	['surnu']	sg tr	ks	S	nimisõna	50	
,	,	,	[',']			Z	lausemärk	50	
need	see	see	['see']	pl n	d	P	asesõna	50	
neetud	needma|neetud	nee=tud|need	[['neetud'], ['neetud'], ['neetud'], ['need']]	|pl n|sg n|tud	0|d|tud	A|V		50	
karvutud	karvuma|karvutu|karvutud	karvu|karvu=tud|karvutu	[['karvu'], ['karvutud'], ['karvutud'], ['karvutud'], ['karvutu']]	|pl n|sg n|tud	0|d|tud	A|V		50	
elajad	elajas	elajas	['elajas']	pl n	d	S	nimisõna	50	
!	!	!	['!']			Z	lausemärk	50	
Nad	tema	tema	['tema']	pl n	d	P	asesõna	50	
läksid	minema	mine	['mine']	sid	sid	V	tegusõna	50	
metsikuks	metsik	metsik	['metsik']	sg tr	ks	A	omadussõna algvõrre	50	
,	,	,	[',']			Z	lausemärk	50	
need	see	see	['see']	pl n	d	P	asesõna	50	
kahejalgsed	kahejalgne	kahe_jalgne	['kahe', 'jalgne']	pl n	d	A	omadussõna algvõrre	50	
tõprad	tõbras	tõbras	['tõbras']	pl n	d	S	nimisõna	50	
,	,	,	[',']			Z	lausemärk	50	
ja	ja	ja	['ja']		0	J	sidesõna	50	
siis	siis	siis	['siis']		0	D	määrsõna	50	
see	see	see	['see']	sg n	0	P	asesõna	50	
juhtuski	juhtuma	juhtu	['juhtu']	s	s	V	tegusõna	50	
...	...	...	['...']			Z	lausemärk	50	
Ta	tema	tema	['tema']	sg n	0	P	asesõna	50	
on	olema	ole	[['ole'], ['ole']]	b|vad	0	V	tegusõna	50	
surnud	surema|surnud	sure|surnud	[['surnud'], ['surnud'], ['surnud'], ['sure']]	|nud|pl n|sg n	0|d|nud	A|V		50	
,	,	,	[',']			Z	lausemärk	50	
Johnnie	Johnnie	Johnnie	['Johnnie']	sg n	0	H	pärisnimi	50	
...	...	...	['...']			Z	lausemärk	50	
""""	""""	""""	"['""']"			Z	lausemärk	50	
Surnud	surema|surnud	sure|surnud	[['surnud'], ['surnud'], ['surnud'], ['sure']]	|nud|pl n|sg n	0|d|nud	A|V		51	
?	?	?	['?']			Z	lausemärk	51	
Johnnie	Johnnie	Johnnie	['Johnnie']	sg n	0	H	pärisnimi	51	
ei	ei	ei	['ei']	neg	0	V	tegusõna	51	
suutnud	suutma|suutnud	suut|suut=nud	[['suut'], ['suutnud'], ['suutnud'], ['suutnud']]	|nud|pl n|sg n	0|d|nud	A|V		51	
seda	see	see	['see']	sg p	da	P	asesõna	51	
uskuda	uskuma	usku	['usku']	da	da	V	tegusõna	51	
.	.	.	['.']			Z	lausemärk	51	
Nad	tema	tema	['tema']	pl n	d	P	asesõna	51	
olid	olema	ole	['ole']	sid	id	V	tegusõna	51	
sünnist	sünd	sünd	['sünd']	sg el	st	S	nimisõna	51	
peale	peale	peale	['peale']		0	K	kaassõna	51	
koos	koos	koos	['koos']		0	D	määrsõna	51	
olnud	olema|olnud	ol=nud|ole	[['olnud'], ['olnud'], ['olnud'], ['ole']]	|nud|pl n|sg n	0|d|nud	A|V		51	
,	,	,	[',']			Z	lausemärk	51	
tema	tema	tema	['tema']	sg g	0	P	asesõna	51	
,	,	,	[',']			Z	lausemärk	51	
Jack	Jack	Jack	['Jack']	sg n	0	H	pärisnimi	51	
ja	ja	ja	['ja']		0	J	sidesõna	51	
Jim	Jim	Jim	['Jim']	sg n	0	H	pärisnimi	51	
.	.	.	['.']			Z	lausemärk	51	
Nad	tema	tema	['tema']	pl n	d	P	asesõna	51	
olid	olema	ole	['ole']	sid	id	V	tegusõna	51	
sõbrad	sõber	sõber	['sõber']	pl n	d	S	nimisõna	51	
,	,	,	[',']			Z	lausemärk	51	
keda	kes	kes	[['kes'], ['kes']]	pl p|sg p	da	P	asesõna	51	
mitte	mitte	mitte	['mitte']		0	D	määrsõna	51	
miski	miski	miski	['miski']	sg n	0	P	asesõna	51	
ei	ei	ei	['ei']	neg	0	V	tegusõna	51	
saanud	saama|saanud	saa|saa=nud	[['saa'], ['saanud'], ['saanud'], ['saanud']]	|nud|pl n|sg n	0|d|nud	A|V		51	
lahutada	lahutama	lahuta	['lahuta']	da	da	V	tegusõna	51	
.	.	.	['.']			Z	lausemärk	51	
Ja	ja	ja	['ja']		0	J	sidesõna	51	
nüüd	nüüd	nüüd	['nüüd']		0	D	määrsõna	51	
korraga	korraga	korraga	['korraga']		0	D	määrsõna	51	
ei	ei	ei	['ei']	neg	0	V	tegusõna	51	
ole	olema	ole	['ole']	o	0	V	tegusõna	51	
Jimi	Jim	Jim	['Jim']	adt	0	H	pärisnimi	51	
enam	enam	enam	['enam']		0	D	määrsõna	51	
.	.	.	['.']			Z	lausemärk	51	
Kuidas	kuidas	kuidas	['kuidas']		0	D	määrsõna	51	
siis	siis	siis	['siis']		0	D	määrsõna	51	
nii	nii	nii	['nii']		0	D	määrsõna	51	
?	?	?	['?']			Z	lausemärk	51	
Ta	tema	tema	['tema']	sg n	0	P	asesõna	52	
tundis	tundma	tund	['tund']	s	is	V	tegusõna	52	
,	,	,	[',']			Z	lausemärk	52	
et	et	et	['et']		0	J	sidesõna	52	
peab	pidama	pida	['pida']	b	b	V	tegusõna	52	
välja	välja	välja	['välja']		0	D	määrsõna	52	
saama	saama	saa	['saa']	ma	ma	V	tegusõna	52	
,	,	,	[',']			Z	lausemärk	52	
värske	värske	värske	['värske']	sg g	0	A	omadussõna algvõrre	52	
õhu	õhk	õhk	['õhk']	sg g	0	S	nimisõna	52	
kätte	kätte	kätte	['kätte']		0	K	kaassõna	52	
.	.	.	['.']			Z	lausemärk	52	
""""	""""	""""	"['""']"			Z	lausemärk	53	
Pane	panema	pane	['pane']	o	0	V	tegusõna	53	
see	see	see	['see']	sg n	0	P	asesõna	53	
minu	mina	mina	['mina']	sg g	0	P	asesõna	53	
arvele	arvele	arvele	['arvele']		0	K	kaassõna	53	
,	,	,	[',']			Z	lausemärk	53	
""""	""""	""""	"['""']"			Z	lausemärk	53	
sõnas	sõnama	sõna	['sõna']	s	s	V	tegusõna	53	
ta	tema	tema	['tema']	sg n	0	P	asesõna	53	
Paddyle	Paddyle	Paddyle	['Paddyle']	sg g	0	H	pärisnimi	53	
ja	ja	ja	['ja']		0	J	sidesõna	53	
tõusis	tõusma	tõus	['tõus']	s	is	V	tegusõna	53	
.	.	.	['.']			Z	lausemärk	53	
""""	""""	""""	"['""']"			Z	lausemärk	53	
Ja	ja	ja	['ja']		0	J	sidesõna	53	
ole	olema	ole	['ole']	o	0	V	tegusõna	53	
hea	hea	hea	['hea']	sg n	0	A	omadussõna algvõrre	53	
,	,	,	[',']			Z	lausemärk	53	
telli	tellima	telli	['telli']	o	0	V	tegusõna	53	
pärg	pärg	pärg	['pärg']	sg n	0	S	nimisõna	53	
.	.	.	['.']			Z	lausemärk	53	
""""	""""	""""	"['""']"			Z	lausemärk	53	
""""	""""	""""	"['""']"			Z	lausemärk	54	
Saab	saama	saa	['saa']	b	b	V	tegusõna	54	
tehtud	tegema|tehtud	tege|tehtud	[['tehtud'], ['tehtud'], ['tehtud'], ['tege']]	|pl n|sg n|tud	0|d|tud	A|V		54	
,	,	,	[',']			Z	lausemärk	54	
""""	""""	""""	"['""']"			Z	lausemärk	54	
kinnitas	kinnitama	kinnita	['kinnita']	s	s	V	tegusõna	54	
kõrtsmik	kõrtsmik	kõrtsmik	['kõrtsmik']	sg n	0	S	nimisõna	54	
,	,	,	[',']			Z	lausemärk	54	
""""	""""	""""	"['""']"			Z	lausemärk	54	
ära	ära	ära	['ära']	neg o	0	V	tegusõna	54	
muretse	muretsema	muretse	['muretse']	o	0	V	tegusõna	54	
.	.	.	['.']			Z	lausemärk	54	
Mis	mis	mis	[['mis'], ['mis']]	pl n|sg n	0	P	asesõna	54	
ma	mina	mina	['mina']	sg n	0	P	asesõna	54	
lindile	lint	lint	['lint']	sg all	le	S	nimisõna	54	
lasen	laskma	lask	['lask']	n	n	V	tegusõna	54	
kirjutada	kirjutama	kirjuta	['kirjuta']	da	da	V	tegusõna	54	
?	?	?	['?']			Z	lausemärk	54	
""""	""""	""""	"['""']"			Z	lausemärk	54	
""""	""""	""""	"['""']"			Z	lausemärk	55	
""""	""""	""""	"['""']"			Z	lausemärk	55	
Igavene	igavene	igavene	['igavene']	sg n	0	A	omadussõna algvõrre	55	
mälestus	mälestus	mälestus	['mälestus']	sg n	0	S	nimisõna	55	
Jim	Jim	Jim	['Jim']	sg n	0	H	pärisnimi	55	
Beam	Beam	Beam	['Beam']	sg n	0	H	pärisnimi	55	
'	’	’	['’']			Z	lausemärk	55	
ile	ile	ile	['ile']	sg n	0	S	nimisõna	55	
.	.	.	['.']			Z	lausemärk	55	
Jack	Jack	Jack	['Jack']	sg n	0	H	pärisnimi	55	
Daniels	Daniels	Daniels	['Daniels']	sg n	0	H	pärisnimi	55	
ja	ja	ja	['ja']		0	J	sidesõna	55	
Johnnie	Johnnie	Johnnie	['Johnnie']	sg n	0	H	pärisnimi	55	
Walker	Walker	Walker	['Walker']	sg n	0	H	pärisnimi	55	
.	.	.	['.']			Z	lausemärk	55	
""""	""""	""""	"['""']"			Z	lausemärk	55	
""""	""""	""""	"['""']"			Z	lausemärk	55	
Silmad	silm	silm	['silm']	pl n	d	S	nimisõna	56	
kipitasid	kipitama	kipita	['kipita']	sid	sid	V	tegusõna	56	
.	.	.	['.']			Z	lausemärk	56	
Kitiinist	kitiin	kitiin	['kitiin']	sg el	st	S	nimisõna	57	
liigeste	liiges	liiges	['liiges']	pl g	te	S	nimisõna	57	
naksudes	naks	naks	['naks']	pl in	des	S	nimisõna	57	
ja	ja	ja	['ja']		0	J	sidesõna	57	
valust	valu	valu	['valu']	sg el	st	S	nimisõna	57	
suiseid	suised	suised	['suised']	pl p	id	S	nimisõna	57	
kiristades	kiristama	kirista	['kirista']	des	des	V	tegusõna	57	
astus	astuma	astu	['astu']	s	s	V	tegusõna	57	
Johnnie	Johnnie	Johnnie	['Johnnie']	sg n	0	H	pärisnimi	57	
kõrtsist	kõrts	kõrts	['kõrts']	sg el	st	S	nimisõna	57	
välja	välja	välja	['välja']		0	D	määrsõna	57	
kargesse	karge	karge	['karge']	sg ill	sse	A	omadussõna algvõrre	57	
ööõhku	ööõhk	öö_õhk	['öö', 'õhk']	adt	0	S	nimisõna	57	
.	.	.	['.']			Z	lausemärk	57	
Tähed	Tähe|Tähed|Täht	Tähe|Tähed|Täht	[['Täht'], ['Tähe'], ['Tähed']]	pl n|sg n	0|d	H	pärisnimi	57	
sirasid	sirama	sira	['sira']	sid	sid	V	tegusõna	57	
.	.	.	['.']			Z	lausemärk	57	
Johnnie	Johnnie	Johnnie	['Johnnie']	sg n	0	H	pärisnimi	58	
tõmbas	tõmbama	tõmba	['tõmba']	s	s	V	tegusõna	58	
tundlad	tundel	tundel	['tundel']	pl n	d	S	nimisõna	58	
,	,	,	[',']			Z	lausemärk	58	
mille	mis	mis	[['mis'], ['mis']]	pl g|sg g	0	P	asesõna	58	
otsas	otsas	otsas	['otsas']		0	K	kaassõna	58	
silmad	silm	silm	['silm']	pl n	d	S	nimisõna	58	
olid	olema	ole	['ole']	sid	id	V	tegusõna	58	
,	,	,	[',']			Z	lausemärk	58	
sisse	sisse	sisse	['sisse']		0	D	määrsõna	58	
.	.	.	['.']			Z	lausemärk	58	
Kipitus	kipitus	kipitus	['kipitus']	sg n	0	S	nimisõna	58	
vähenes	vähenema	vähene	['vähene']	s	s	V	tegusõna	58	
veidi	veidi	veidi	['veidi']		0	D	määrsõna	58	
.	.	.	['.']			Z	lausemärk	58	
""""	""""	""""	"['""']"			Z	lausemärk	59	
Igavene	igavene	igavene	['igavene']	sg n	0	A	omadussõna algvõrre	59	
mälestus	mälestus	mälestus	['mälestus']	sg n	0	S	nimisõna	59	
,	,	,	[',']			Z	lausemärk	59	
""""	""""	""""	"['""']"			Z	lausemärk	59	
sosistas	sosistama	sosista	['sosista']	s	s	V	tegusõna	59	
ta	tema	tema	['tema']	sg n	0	P	asesõna	59	
.	.	.	['.']			Z	lausemärk	59	
""""	""""	""""	"['""']"			Z	lausemärk	59	
Igavene	igavene	igavene	['igavene']	sg n	0	A	omadussõna algvõrre	59	
...	...	...	['...']			Z	lausemärk	59	
""""	""""	""""	"['""']"			Z	lausemärk	59	
