par_nr	head	sentence	lemmas
1	 Enesemääramisõigus 	 Enesemääramisõigus 	enesemääramisõigus
2		 Indrek Hargla 	Indrek Hargla
3		 Taksojuhi soovimatus minu kohvreid auto pagasiruumist maha tõsta tulenes ilmselgelt asjaolust , et ma maksin täpselt näidu järele , ei ühtegi penni rohkem ja märkisin , et kaardi järgi oleks järgmine mahasõit meie teed kilomeetri võrra lühendanud . 	taksojuht soovimatu mina kohver auto pagasiruum maha tõstma tulenema ilmselgelt asjaolu , et mina maksma täpselt näit järele , ei üks penn rohkem ja märkima , et kaart järgi olema järgmine mahasõit mina tee kilomeeter võrra lühendama|lühendanud .
3		 Samuti juhtisin tema tähelepanu sellele , et kiirteel oleks ta pidanud paluma mul kinnitada turvavöö . 	samuti juhtima tema tähelepanu see , et kiirtee olema tema pidama|pidanud paluma mina kinnitama turvavöö .
3		 Ma lisasin , et informeerin sellest tema firmat , kuid tema irvitusest võis järeldada , et ta ei võta mu ähvardust tõsiselt . 	mina lisama , et informeerima see tema firma , kuid tema irvitus võima järeldama , et tema ei võtma mina ähvardus tõsiselt .
3		 Võib- olla oli meie sihtkoha teatav omapära selles süüdlane , võib-olla aga ei suhtunud firma juhtkond sellistesse kaebustesse ka täie tõsidusega . 	võima olema olema mina sihtkoht teatav omapära see süüdlane , võib-olla aga ei suhtuma|suhtunud firma juhtkond selline kaebus ka täis tõsidus .
3		 Minu kohvrid polnud loomulikult kuigi rasked , olin neid pakkides arvestanud eeskirjadega , täpselt üle kaalunud , kaasa võtnud ainult lubatud esemed . 	mina kohver olema loomulikult kuigi raske , olema tema pakk arvestama|arvestanud eeskiri , täpselt üle kaaluma|kaalunud , kaasa võtma|võtnud ainult lubama|lubatu|lubatud ese .
3		 Olin ka arvestanud , et mõnda aega pean ma neid ise kandma , sellepärast kaalusid mõlemad täpselt üksteist kilo ( minu vasaku käe õlaliiges on noorusaja traumast veidi valus ) . 	olema ka arvestama|arvestanud , et mõni aeg pidama mina tema ise kandma , sellepärast kaal mõlema täpselt üksteist kilo ( mina vasak käsi õlaliiges olema noorusaeg trauma veidi valus ) .
3		 Üle kaaludes olin pidanud ühest kohvrist välja tõstma kaks raamatut , sest muidu oleks kilo liiast olnud . 	üle kaaluma olema pidama|pidanud üks kohver välja tõstma kaks raamat , sest muidu olema kilo liiane olema|olnud .
4		 Hoonetekompleksi väljastpoolt ma pikalt ei uurinud , see tundus täpselt selline kui fotol , läksin pääslasse ja helistasin kella . 	hoonetekompleks väljastpoolt mina pikalt ei uurima|uurinud , see tunduma täpselt selline kui foto , minema pääsla ja helistama kell .
4		 Mind kontrolliti turvakaameratega ja paluti öelda oma nimi . 	mina kontrollima turvakaamera ja paluma ütlema oma nimi .
4		 Siis väravad avanesid ning keegi teenistuja võttis mind vastu . 	siis värav avanema ning keegi teenistuja võtma mina vastu .
5		" "" Te olete täpne , "" ütles ta ega vaevunud ootama , mil ma oma pabereid esitlen , vaid juhatas kohe edasi . "	""" sina olema täpne , "" ütlema tema ega vaevuma|vaevunud ootama , mis mina oma paber esitlema , vaid juhatama kohe edasi ."
5		" Mööda koridori ja siis vasakule ruumi , mille uksel seisis silt "" Vastuvõtuosakond "" . "	"mööda koridor ja siis vasakule ruum , mis uks seisma silt "" Vastuvõtuosakond "" ."
5		 Koridor oli puhas ja hoolitsetud , hommikul olid seda ka vastavalt eeskirjadele õhutatud . 	koridor olema puhas ja hoolitsema|hoolitsetud , hommik olema see ka vastavalt eeskiri õhutama|õhutatud .
6		 Siis võeti minu kohvrid ära , öeldi , et läbivaatusele ja pärast saan ma asjad tagasi . 	siis võtma mina kohver ära , ütlema , et läbivaatus ja pärast saama mina asi tagasi .
6		 Ma täpsustasin igaks juhuks üle , et kohvreid eneseid ma suure tõenäosusega enam ei vaja , ning palusin saata ainult asjad . 	mina täpsustama iga juht üle , et kohver enes mina suur tõenäosus enam ei vajama , ning paluma saatma ainult asi .
6		 Minu meelest oleksid nad pidanud sellele viisakamalt vastama , mitte nähvama , et teavad ise paremini . 	mina meelest olema tema pidama|pidanud see viisakamalt vastama , mitte nähvama , et teadma ise paremini .
6		 Pabereid ei küsinud ikka veel keegi . 	Paberei ei küsima|küsinud ikka veel keegi .
6		 Siis jäeti mind ootama , ent mitte kauaks . 	siis jätma mina ootama , ent mitte kauaks .
6		 Direktor vabanes üheksa ja poole minuti pärast . 	direktor vabanema üheksa ja pool minut pärast .
7		 Ma läksin tema kabinetti . 	mina minema tema kabinet .
7		 Leidsin end avarast ja rangelt sisustatud ruumist . 	leidma ise avar ja rangelt sisustama|sisustatud ruum .
7		 Valged seinad , must napp mööbel , laual arvuti ja terminalid . 	valge sein , must napp mööbel , laud arvuti ja terminal .
7		 Direktor oli ilmselt ülekaalus , ütleksin , et ligi viiskümmend kilo , hallis ülikonnas , valge särgi ja musta-siniseruudulise lipsuga . 	direktor olema ilmselt ülekaal , ütlema , et ligi viiskümmend kilo , hall ülikond , valge särk ja musta-siniseruuduline lips .
7		 Ta labakäed olid karvadesse kasvanud , samuti oleks pidanud ta vähemalt nädal tagasi juukseid lõikama ja ninakarvade eemaldamisele rohkem tähelepanu pöörama . 	tema labakäsi olema karv kasvama|kasvanud , samuti olema pidama|pidanud tema vähemalt nädal tagasi juus lõikama ja ninakarv eemaldamine rohkem tähelepanu pöörama .
7		 Ruumis oli konditsioneer , kuigi sellest hoolimata mees higistas . 	ruum olema konditsioneer , kuigi see hoolimata mees higistama .
7		 Ma ootasin , kuni ta palub mul istuda , aga ta ainult silmitses mind pikalt — kuidagi väga imeliku pilguga . 	mina ootama , kuni tema paluma mina istuma , aga tema ainult silmitsema mina pikalt - kuidagi väga imelik pilk .
7		 Ma köhatasin ja vaatasin tooli tema laua ees , selle peale köhatas tema ja ütles lõpuks : 	mina köhatama ja vaatama tool tema laud ees , see peale köhatama tema ja ütlema lõpuks :
8		" "" Jah , muidugi , palun võtke istet . "" "	""" jah , muidugi , paluma võtma iste . """
9		 Enne kui istusin , asetasin tema ette mapi dokumentidega , passi ja sotsiaalkaardi , kuigi nad oleksid pidanud juba pääslas neid kontrollima ja ära võtma . 	enne kui istuma , asetama tema ette mapp dokument , pass ja sotsiaalkaart , kuigi tema olema pidama|pidanud juba pääsla tema kontrollima ja ära võtma .
10		" "" Me vist oleme telefonitsi rääkinud ? "" küsis ta aeglaselt ja kissitas silmi . "	""" mina vist olema telefonitsi rääkima|rääkinud ? "" küsima tema aeglaselt ja kissitama silm ."
11		" "" Tõepoolest . "	""" tõepoolest ."
11		 Ma ise helistasin teile ja reserveerisin koha . 	mina ise helistama sina ja reserveerima koha|koht .
11		 See oli kaheksa päeva tagasi , just siis , kui ma Siseministeeriumist viimase templi sain . 	see olema kaheksa päev tagasi , just siis , kui mina siseministeerium viimane tempel saama .
11		" Hakkasin kohe asju ajama , kartes , et kohad võivad täis olla . "" "	"hakkama kohe asi ajama , kartma , et koha|koht võima täis olema . """
12		" "" Noh , seni pole nad veel kunagi täis saanud , "" ohkas direktor . "	""" noh , seni olema tema veel kunagi täis saama|saanud , "" ohkama direktor ."
12		" "" Inimesi , tõsi küll , tuleb rohkem , neid kes soovivad teostada enesemääramisõigust , aga vajaduse korral võime mõned lisakohad leida . "	""" inimene , tõsi küll , tulema rohkem , see kes soovima teostama enesemääramisõigus , aga vajadus korral võima mõni lisakoht leidma ."
12		 Olemegi leidnud . 	olema leidma|leidnud .
12		" Seni . "" "	"seni . """
13		" "" Teie asutusele aluspaneva seadusega sätestati , artiklis viis , lõige kaks , et tuleb tagada kõik sama seaduse artiklis kolm ette nähtud õigused , vabadused ja ... "" "	""" sina asutus aluspanev seadus sätestama , artikkel viis , lõige kaks , et tulema tagama kõik sama seadus artikkel kolm ette nägema|nähtud|nähtuma õigus , vabadus ja ... """
14		" "" Need kõik on tagatud , "" noogutas direktor kiiresti . "	""" see kõik olema tagama|tagatud , "" noogutama direktor kiiresti ."
14		" "" Ka ekstrakohtadel . "	""" ka ekstrakoht ."
14		 Me lihtsalt ilmutame paindlikkust . 	mina lihtsalt ilmutama paindlikkus .
14		 Seaduse piires , loomulikult . 	seadus piires , loomulikult .
14		" Kui lubate , siis teie paberid . "" "	"kui lubama , siis sina paber . """
15		" "" Palun . "" "	""" paluma . """
15		 Nihutasin mapi talle lähemale . 	nihutama mapp tema lähemale .
15		 Esimene voldik sisaldas läbivaatuste tulemusi psühhiaatriaasutustest . 	esimene voldik sisaldama läbivaatus tulemus psühhiaatriaasutus .
15		 Kui ta neid lehitses , selgitasin talle lühidalt , millised uuringud ma läbisin ning et süüdivus on täiesti korrektselt tuvastatud . 	kui tema tema lehitsema , selgitama tema lühidalt , milline uuring mina läbima ning et süüdivus olema täiesti korrektselt tuvastama|tuvastatud .
16		" "" Muidu poleks teid Siseministeeriumis ju üleüldse jutulegi võetud , "" ühmas direktor . "	""" muidu olema sina siseministeerium ju üleüldse jutt võetud|võtma , "" ühmama direktor ."
17		" "" Ja psühhiaatriekspertiisi on tõhustatud , "" lisasin mina , "" mulle räägiti , et mõned haiged inimesed on üritanud seda läbida . "" "	""" ja psühhiaatriekspertiis olema tõhustama|tõhustatud , "" lisama mina , "" mina rääkima , et mõni haige inimene olema üritama|üritanud see läbima . """
18		" "" Hämmastav , kas pole ? "" ütles direktor ja tõstis paberitelt pilgu ja sellega mind teraselt puurides . "	""" Hämmastav , kas olema ? "" ütlema direktor ja tõstma paber pilk ja see mina teraselt puur ."
19		" "" Vabandust ? "" "	""" vabandust ? """
20		" "" Hämmastav , et ka haiged tahavad siia sisse murda . "" "	""" hämmastav , et ka haige tahtma siia sisse murdma . """
21		" "" Oh , jah , muidugi . "" "	""" oh , jah , muidugi . """
22		 Siis uuris ta minu teist kaantevahet , mis sisaldas avaldust politseile ; politseitõendit kriminaalasja algatamise võimatuse kohta kuriteokoosseisu puudumise tõttu ; ärakirja arhiivist , et juhtum pole neil kunagi menetluses olnud ja politseiülemkomissari luba menetluse algatamise lubamisest . 	siis uurima tema mina teine kaantevahe , mis sisaldama avaldus politsei ; politseitõend kriminaalasi algatamine võimatus kohta kuriteokoosseis puudumine tõttu ; ärakiri arhiiv , et juhtum olema tema kunagi menetlus olema|olnud ja politseiülemkomissar luba menetlus algatamine lubamine .
23		" "" Politsei punnis kõige rohkem vastu , "" märkis direktor . "	""" politsei punnis kõige rohkem vastu , "" märkima direktor ."
23		" "" Siis , kui alles alustasime . "	""" siis , kui alles alustama ."
23		" See käis neile vist au pihta . "" "	"see käima tema vist au pihta . """
24		" "" Minuga olid nad küll väga lahked . "" "	""" mina olema tema küll väga lahke . """
25		 Jälle jõllitasid mind direktori silmad — mulle tundus , et kuidagi liiga isiklikult ja paljutähendavalt . 	jälle jõllitama mina direktor silm - mina tunduma , et kuidagi liiga isiklikult ja paljutähendavalt .
25		 Lõpuks oli ta ju ainult ametnik , kelle volitused on seadusega paika pandud ja isiklikku suhtumist ei tohiks tal olla . 	lõpuks olema tema ju ainult ametnik , kes volitus olema seadus paik pandud|panema ja isiklik suhtumine ei tohtima tema olema .
26		" Kolmas kaust kandis pealkirja "" Personaalia . "" "	"kolmas kaust kandma pealkiri "" personaalia . """
26		 Siin oli minu enda vabas vormis antud kirjeldus karistuse taotlemisest ja millistest tegudest see tingitud oli ; notariaalselt kinnitatud testament ; elulookirjeldus ; ühiskondlike organisatsioonide ( neid on nõutud viis ja minul olid : nii Uue Lunastaja Kiriku kui katoliku kiriku moraalsed hinnangud , Seksuaalse Ärakasutamise Vastu Võitlemise Rahvusvahelise Komitee märgukiri ; Inimõiguste Instituudi uurimus ja Ametiühingu kollektiivse hukkamõistu ärakiri ) materjalid ; täidetud ankeet ja meditsiinitõend tervisliku seisundi kohta ; lõpuks ka Siseministri otsus riigikantsleri kaasallkirjaga . 	siin olema mina ise vaba vorm andma|antud kirjeldus karistus taotlemine ja milline tegu see tingima|tingitud olema ; notariaalselt kinnitama|kinnitatud testament ; elulookirjeldus ; ühiskondlik organisatsioon ( see olema nõudma|nõutu|nõutud viis ja mina olema : nii uus lunastaja kirik kui katoliku kirik moraalne hinnang , Seksuaalne|Seksuaalse ärakasutamine vastu võitlemine rahvusvaheline komitee märgukiri ; Inimõigus instituut uurimus ja ametiühing kollektiivne hukkamõist ärakiri ) materjal ; täidetud|täitma ankeet ja meditsiinitõend tervislik seisund kohta ; lõpuks ka siseminister otsus riigikantsler kaasallkiri .
27		 Minu enda vabavormilist kirjeldust uuris direktor kõige rohkem , mulle tundus , et ta muutus sealjuures näost kaameks ja pilgutas kiiresti silmi , otsekui oleks talle pisarad silma tükkinud . 	mina ise vabavormiline kirjeldus uurima direktor kõige rohkem , mina tunduma , et tema muutuma sealjuures nägu kaame ja pilgutama kiiresti silm , otsekui olema tema pisar silm tükkima|tükkinud .
28		" "" Ja politsei ? "" küsis ta siis . "	""" ja politsei ? "" küsima tema siis ."
28		" "" Ja politsei tõesti ütles , et koosseis puudub ? "	""" ja politsei tõesti ütlema , et koosseis puuduma ?"
28		" Kuriteo ? "" "	"Kuriteo ? """
29		" "" Teie küsimus on irrelevantne , kuna politsei vastav tõend on siin olemas . "	""" sina küsimus olema irrelevantne , kuna politsei vastav tõend olema siin olema ."
29		 Aga jah — nii nad väitsid , ning arvestades süüdistatavatele tagatud protsessuaalseid õigusi , oleks uurimisorganitel raske tuvastada kakskümmend aastat tagasi toimepandud kuritegu . 	aga jah - nii tema väitma , ning arvestama süüdistatav tagama|tagatud protsessuaalne õigus , olema uurimisorgan raske tuvastama kakskümmend aasta tagasi toimepandud kuritegu .
29		" Seda enam , et väidetav ohver ... "" "	"see enam , et väidetav ohver ... """
30		" "" Jah , ma oskan lugeda ! "" nähvas direktor toonil , mis tema ametikohaga kindlasti kokku ei käinud . "	""" jah , mina oskama lugema ! "" nähvama direktor toon , mis tema ametikoht kindlasti kokku ei käima|käinud ."
30		 Ma ei hakanud tema tundepurset kommenteerima , ehkki põhjust oleks olnud enam kui küll . 	mina ei hakanud|hakkama tema tundepurse kommenteerima , ehkki põhjus olema olema|olnud enam kui küll .
30		" Umbes neli minutit lehitses ta "" Personaalia "" kausta . "	"umbes neli minut lehitsema tema "" personaalia "" kaust ."
30		 Siis ta ütles : 	siis tema ütlema :
31		" "" Vähemalt võite nüüd kindel olla , et olete õiges kohas . "" "	""" vähemalt võima nüüd kindel olema , et olema õige koha|koht . """
32		" "" Vastasel korral ... "" "	""" vastane kord ... """
33		" "" Jah , ma tean , vastasel korral te lihtsalt poleks siin . "" "	""" jah , mina teadma , vastane kord sina lihtsalt olema siin . """
34		" "" Ma paneksin ette , et filosofeerimisega võiksid tegeleda inimesed , kellele selle eest makstakse , "" sõnasin mina viisakalt . "	""" mina panema ette , et filosofeerimine võima tegelema inimene , kes see eest maksma , "" sõnama mina viisakalt ."
35		" "" Nad on sellega juba tegelenud küll ja küll . "	""" tema olema see juba tegelema|tegelenud küll ja küll ."
35		 Aastasadu . 	aastasada .
35		 Aga olgu — asugem asja juurde . 	aga olema - asuma asi juurde .
35		 Kolm aastat ? 	kolm aasta ?
35		 Tundub see teie arust piisav ? 	tunduma see sina arust piisav ?
35		 Taotluses olete märkinud , et võimaluse korral kolm ja pool , kuid siseminister on tõmmanud ringi ümber kolme , viidates kriminaalseadustikule . 	taotlus olema märkima|märkinud , et võimalus korral kolm ja pool , kuid siseminister olema tõmbama|tõmmanud ringi ümber kolm , viitama kriminaalseadustik .
35		" Aga hea käitumise korral võin ma pärast esimest aastat teha taotluse karistuse pikendamise kohta . "" "	"aga hea käitumine korral võima mina pärast esimene aasta tegema taotlus karistus pikendamine kohta . """
36		" "" Ma oleksin teile väga tänulik . "" "	""" mina olema sina väga tänulik . """
37		" "" Pole tänu väärt — töö on selline . "	""" olema tänu väärt - töö olema selline ."
37		 Parlamendikomisjoni inspekteerimist pole te soovinud . 	parlamendikomisjon inspekteerimine olema sina soovima|soovinud .
37		" Ja siinkohal võin ma küsida , et kas see otsus on lõplik ? "" "	"ja siinkohal võima mina küsima , et kas see otsus olema lõplik ? """
38		" "" Jah , on küll . "	""" jah , olema küll ."
38		" Ma loobuksin sellest . "" "	"mina loobuma see . """
39		" "" Hästi . "	""" hästi ."
39		 Suurepärane ! 	suurepärane !
39		" Religioossed vajadused ? "" "	"religioosne vajadus ? """
40		" "" Võimaluse korral kord kvartalis Uue Lunastaja Kiriku trükiseid postiga . "	""" võimalus korral kord kvartal uus lunastaja kirik trükis post ."
40		" Kulud ma maksan kinni . "" "	"kulg|kulu mina maksma kinni . """
41		" "" See võimalus teil on . "	""" see võimalus sina olema ."
41		 Seksuaalne orientatsioon ? 	seksuaalne orientatsioon ?
41		" Te muidugi saate aru , et ma pean seda küsima , mitte et sel moraalsel pinnal mingi tähtsus oleks . "" "	"sina muidugi saama aru , et mina pidama see küsima , mitte et see moraalne pind mingi tähtsus olema . """
42		" "" Muidugi . "	""" muidugi ."
42		 Ma arvan , et sellepärast ei tasu muretseda . 	mina arvama , et sellepärast ei tasuma muretsema .
42		" Võib lugeda , et antud tingimuses orientatsioon puudub . "" "	"võima lugema , et andma|antud tingimus orientatsioon puuduma . """
43		" "" Loomulikult , otse loomulikult . "	""" loomulikult , otse loomulikult ."
43		" Ega ma muretse ka . "" "	"ega mina muretsema ka . """
44		 Mõttes pidin ma direktori käest vabandust paluma , ta oli tõepoolest professionaal ning meie edasine koostöö tõotas kujuneda asjalikumaks , kui võis esialgsete emotsionaalsuste tõttu eeldada . 	mõte pidama mina direktor käest vabandus paluma , tema olema tõepoolest professionaal ning mina edasine koostöö tõotama kujunema asjalikum , kui võima esialgne emotsionaalsus tõttu eeldama .
44		 Me leppisime kokku režiimis ( kõige rangem ) ja päevakorras ( äratus , söögiajad , öörahu ) , täpsustasime toitumusharjumused ( mul on allergia hapendatud piimatoodete vastu ) ning siis ta küsis , kas mul on veel mingeid soove . 	mina leppima kokku režiim ( kõige rangem ) ja päevakord ( äratus , söögiaeg , öörahu ) , täpsustama toitumusharjumus ( mina olema allergia hapendama|hapendatud piimatoode vastu ) ning siis tema küsima , kas mina olema veel mingi soov .
44		 Viitasin seadusele , et mul on võimalus teha viimane telefonikõne , enne kui käivitub range režiim ja ühendus muu maailmaga on lubatud vaid kord kuus . 	viitama seadus , et mina olema võimalus tegema viimane telefonikõne , enne kui käivituma range režiim ja ühendus muu maailm olema lubama|lubatu|lubatud vaid kord kuus .
45		" "" Võite otse siitsamast helistada , "" lubas ta lahkelt . "	""" võima otse siitsamast helistama , "" lubama tema lahkelt ."
45		" "" Kas soovite privaatsust ? "" "	""" kas soovima privaatsus ? """
46		" "" Ei , mul pole midagi varjata . "" "	""" ei , mina olema miski varjama . """
47		 Ma helistasin taksofirmasse , esitades oma pretensioonid ja palusin juhi karistamisest avalikes massiteabevahendites teada anda . 	mina helistama taksofirma , esitama oma pretensioon ja paluma juht karistamine avalik massiteabevahend teadma andma .
47		 Erilist vastutulelikkust minu soovidele ei ilmutatud . 	eriline vastutulelikkus mina soov ei ilmutama|ilmutatud .
47		 Direktor kutsus kohale kaks valvurit , kes palusid viisakalt mul endale järgneda . 	direktor kutsuma kohale kaks valvur , kes paluma viisakalt mina ise järgnema .
47		" Direktor mainis valvuritele , et härra läheb "" eriti rangesse . "" "	"direktor mainima valvur , et härra minema "" eriti range . """
47		 Rahuldusega tabasin valvurite pilkudest kerge ehmatusväreluse . 	rahuldus tabama valvur pilk kerge ehmatusvärelus .
47		 Siis pöördus ülekaaluline direktor minu poole : 	siis pöörduma ülekaaluline direktor mina poole :
48		" "" Nii et täpselt ühe minuti pärast algab teie karistusaeg . "	""" nii et täpselt üks minut pärast algama sina karistusaeg ."
48		 Mul jääb üle vaid soovida teile tere tulemast . 	mina jääma üle vaid soovima sina tere tulema .
48		" Kui teil peaks olema veel mingeid soove või soovite minuga kohtuda ... "" "	"kui sina pidama olema veel mingi soov võima soovima mina kohtuma ... """
49		" "" Oh , loodan , et selleks pole lähiajal mingit tarvidust . "" "	""" oh , lootma , et see olema lähiaeg mingi tarvidus . """
50		" "" Väga hea , tahtsingi lisada , et selleks pole ka ühtegi võimalust . "" "	""" väga hea , tahtma lisama , et see olema ka üks võimalus . """
51		 Siis juhatati mind läbi administratiivbloki koridoride , mis korralikust tsiviilasutusest palju ei erinenud . 	siis juhatama mina läbi administratiivblokk koridor , mis korralik tsiviilasutus palju ei erinema|erinenud .
51		 Küsisin , et kas minu asjad on juba kambris ning et mul oleks soov mõningaid hügieeniprotseduure läbi viia . 	küsima , et kas mina asi olema juba kamber ning et mina olema soov mõningas hügieeniprotseduur läbi viima .
51		 Mulle ei vastatud , mis tundus kummaline , ja ma viitasin Enesekaristusseaduse kuuendale artiklile ja nõudsin selle täitmist . 	mina ei vastama|vastatud , mis tunduma kummaline , ja mina viitama enesekaristusseadus kuues artikkel ja nõudma see täitmine .
51		 Üks valvur teatas seepeale , et oma kambris saan ma kogu kuuenda artikli ja enamgi veel , kui peaks vaja olema . 	üks valvur teatama seepeale , et oma kamber saama mina kogu kuues artikkel ja enam veel , kui pidama vaja olema .
51		 Ma tänasin teda , öeldes , et peale kuuendas artiklis ettenähtud õiguste ja vabaduste pole mul midagi enamat tarvis . 	mina tänama tema , ütlema , et peale kuues artikkel ettenähtud õigus ja vabadus olema mina miski enam tarvis .
52		 Vanglablokk algas koridori lõpust elektroonikal töötava ja turvakaameratega varustatud raudväravast , mis oli tähistatud vastavate kirjetega , ning selle ees kästi mul käed seljale asetada . 	vanglablokk algama koridor lõpp elektroonika töötav ja turvakaamera varustama|varustatud raudvärav , mis olema tähistama|tähistatud vastav kirje , ning see ees käskima mina käsi selg asetama .
52		 Rõõmuga tegingi nii . 	rõõm tegema nii .
52		 Värav ei kriuksatanud raudsel häälel ( nagu olin lootnud ) , vaid sulgus sujuvalt ja pehmelt . 	Värav ei kriuksatama|kriuksatanud raudne hääl ( nagu olema lootma|lootnud ) , vaid sulguma sujuvalt ja pehmelt .
52		 Põgeneda — märkisin endale — pole siit võimalik ning räägitakse , et tõeline nauding karistusest saabubki alles siis , kui karistatav tunneb oma süü lunastatud olevat ja soovib vabadusse ning see talle keelatud on . 	põgenema - märkima ise - olema siit võimalik ning rääkima , et tõeline nauding karistus saabuma alles siis , kui karistatav tundma oma süü lunastama|lunastatud olema ja soovima vabadus ning see tema keelama|keelatud olema .
52		" Mind juhatati läbi kambrite rea , vabakäigutsooni me ei sisenenud , läbisime veel ühe värava , mis kuulutas "" Eriti range "" režiimiga määratud ala algust , ja siis seisime hämaras , ma ütleksin isegi , et väga hämaras koridoris , milles oli neli ust . "	"mina juhatama läbi kamber rida , vabakäigutsoon mina ei sisenema|sisenenud , läbima veel üks värav , mis kuulutama "" eriti range "" režiim määrama|määratu|määratud ala algus , ja siis seisma hämar , mina ütlema isegi , et väga hämar koridor , mis olema neli uks ."
52		 Uksed olid väga madalad , ma pidin kummarduma , et enda omast sisse mahtuda , aga enne jõudsin tähele panna , et see uks kriiksus küll ebameeldivalt . 	uks olema väga madal , mina pidama kummarduma , et ise oma sisse mahtuma , aga enne jõudma tähele panema , et see uks kriiksuma küll ebameeldivalt .
52		 Valvurid minuga rohkem ei suhelnud , lükkasid — selleks ehk ülemääragi jõudu kasutades — mind madala ukse vahelt sisse ja enne , kui protesteerida jõudsin , avastasin end pimedusest . 	valvur mina rohkem ei suhelnud|suhtlema , lükkama - see ehk ülemäära jõud kasutama - mina madal uks vahelt sisse ja enne , kui protesteerima jõudma , avastama ise pimedus .
53		 Jäin sinna seitsmeks päevaks . *** 	jääma sinna seitse päev . ***
54		 Kaheksanda päeva hommikul — olen kindel , et ajataju ma siiski ei kaotanud , kuigi pilkases pimeduses ja ainult äratuseks lindilt mahamängitud helide kakofooniat välja arvestades võis see vähem metoodilistel inimestel raskendatud olla — lohistati mind kambrist välja . 	Kaheksanda päev hommik - olema kindel , et ajataju mina siiski ei kaotama|kaotanud , kuigi pilkane pimedus ja ainult äratus lint mahamängitud heli kakofoonia välja arvestama võima see vähem metoodiline inimene raskendama|raskendatud olema - lohistama mina kamber välja .
54		 Valvurid kandsid helesiniseid sanitaarkombinesoone ja hingamisteede kaitsevahendeid , asudes tõenäoliselt kambrit puhastama , sest kõigist kuuendas artiklis sätestatud rikkumistest oli hügieenisõlme puudumine minu hinnangul kõige rängem . 	valvur kandma helesinine sanitaarkombinesoon ja hingamistee kaitsevahend , asuma tõenäoliselt kamber puhastama , sest kõik kuues artikkel sätestama|sätestatud rikkumine olema hügieenisõlm puudumine mina hinnang kõige rängem .
54		 Nad ei vaevunud ka mu silmi valguse eest kaitsma . 	tema ei vaevuma|vaevunud ka mina silm valgus eest kaitsma .
54		 Nii hämar nagu koridor ka polnud , oli sealne valgus mu silmadele siiski väga valus . 	nii hämar nagu koridor ka olema , olema sealne valgus mina silm siiski väga valus .
54		 Ma olin mõttes ette valmistanud kaebekirja ja nõudsin kohe direktorit , sest kahtlemata sündisid eriti range režiimi tsoonis toimetatavad koledused ja ebainimlikkused tema teadmata . 	mina olema mõte ette valmistama|valmistanud kaebekiri ja nõudma kohe direktor , sest kahtlemata sündima eriti range režiim tsoon toimetatav koledus ja ebainimlikkus tema teadma .
54		 Mind lohistati õige jõhkralt mööda põrandat , pööramata tähelepanu minu kaebustele . 	mina lohistama õige jõhkralt mööda põrand , pöörama tähelepanu mina kaebus .
54		 Ehkki kõnelda oli raske , suutsin siiski nõuda inimväärikuse tagamist : dietoloogide poolt ettevalmistatud ja siseministri määrusega kehtestatud menüüd veekraani ja kuivikute asemel ; vastavalt standarditele ruutmeetreid ja valgustust ; hügieenisõlme loomulikult ; jalutamisvõimalust ja isiklike lubatud esemete kasutamist . 	ehkki kõnelema olema raske , suutma siiski nõudma inimväärikus tagamine : dietoloog poolt ettevalmistatud ja siseminister määrus kehtestama|kehtestatud menüü veekraan ja kuivik asemel ; vastavalt standard ruutmeeter ja valgustus ; hügieenisõlm loomulikult ; jalutamisvõimalus ja isiklik lubama|lubatu|lubatud ese kasutamine .
54		 Nõudsin arstlikku läbivaatust ja viivitamatult võimaluse osutamist parlamendikomisjoni poole pöörduda . 	nõudma arstlik läbivaatus ja viivitamatult võimalus osutamine parlamendikomisjon poole pöörduma .
54		 Protesteerisin kõige otsustavamalt , et mulle osaks saanud kohtlemine on inimõigusi eirav ja inimväärikust alandav , on otseselt moraalselt ja füüsiliselt kannatusi ja valu tekitav . 	protesteerima kõige otsustavamalt , et mina osa saama|saanud kohtlemine olema inimõigus eirav ja inimväärikus alandav , olema otseselt moraalselt ja füüsiliselt kannatus ja valu tekitav .
55		 Aga sellele ei pööratud tähelepanu . 	aga see ei pöörama|pööratud tähelepanu .
55		 Mind veeti pesuruumi , kästi lahti riietuda ning uhati vaheldumisi kuuma ja külma veega üle , seejärel anti uued riided ja viidi kambrisse tagasi . 	mina vedama pesuruum , käskima lahti riietuma ning uhama|uhkama vaheldumisi kuum ja külm vesi üle , seejärel andma uus riie ja viima kamber tagasi .
55		 Kambrit ei olnud vahepeal puhastatud , see haises endiselt minu väljaheidete järele . 	Kambrit ei olema|olnud vahepeal puhastama|puhastatud , see haisema endiselt mina väljaheide järele .
55		 Järgmise neljateistkümne päeva jooksul õppisin uusi riideid vähem määrima . *** 	järgmine neliteist päev jooksul õppima uus riie vähem määrima . ***
56		 Ma kahtlustan , et mind siiski mingite kaameratega jälgiti , sest umbes sel ajal , kui ma hakkasin sellise piinamisega mingil määral kohanema — tõsi , olin väga nõrkenud toiduratsiooni nappuse ja üksluisuse tõttu — viidi mind üle teise kambrisse . 	mina kahtlustama , et mina siiski mingi kaamera jälgima , sest umbes see aeg , kui mina hakkama selline piinamine mingi määr kohanema - tõsi , olema väga nõrkema|nõrkenud toiduratsioon nappus ja üksluisus tõttu - viima mina üle teine kamber .
56		 Uute oludega harjumine oli keerulisem . 	uus olu harjumine olema keerulisem .
56		 Esiteks põles kitsukeses kambris — kuusteist ruutmeetrit hindasin selle suuruseks — pidevalt tuli ning süüa toodi kaks korda ( ma arvan , et ) päevas . 	esiteks põlema kitsuke kamber - kuusteist ruutmeeter hindama see suurus - pidevalt tulema ning sööma tooma kaks kord ( mina arvama , et ) päev .
56		 Mingit võimalust aega kindlaks teha ei olnud . 	mingi võimalus aeg kindel tegema ei olema|olnud .
56		 Samuti oli seal algeline parask . 	samuti olema seal algeline parask .
56		 Kui esimeses kambris sai ainult pimeduses roomata , mistõttu minus oli süvenenud klaustrofoobia , siis uues võisin kõndida ja istuda , kuigi mööblit polnud selleski . 	kui esimene kamber saama ainult pimedus roomama , mistõttu mina olema süvenema|süvenenud klaustrofoobia , siis uus võima kõndima ja istuma , kuigi mööbel olema see .
56		 Ühelegi minu nõudmisele ega protestile ei reageeritud . 	üks mina nõudmine ega protest ei reageerima|reageeritud .
56		 Usun , et viibisin seal kuu aega , võib-olla kauemgi . 	uskuma , et viibima seal kuu aeg , võib-olla kauem .
56		 Kindlasti nad jälgisid mind ja määrasid ära hetke , mil ma enam ei kippunud valvuritele , keda nägin vaid mõneks sekundiks , kaebama . 	kindlasti tema jälgima mina ja määrama ära hetk , mil mina enam ei kippuma|kippunud valvur , kes nägema vaid mõni sekund , kaebama .
56		 Kui mind uude kongi viidi , olin siiski paljusõnaline , esitades oma proteste niivõrd elokventselt , kuivõrd minu hingeline ja füüsiline seisund lubas . 	kui mina uus kong viima , olema siiski paljusõnaline , esitama oma protest niivõrd elokvents , kuivõrd mina hingeline ja füüsiline seisund lubama .
56		 Nõudsin selle piinamise lõpetamist , direktorit , parlamendikomisjoni , nõudsin inimväärset kohtlemist . 	nõudma see piinamine lõpetamine , direktor , parlamendikomisjon , nõudma inimväärne kohtlemine .
56		 Aga seda ei pandud miskiks . 	aga see ei pandud|panema miski .
56		 Minu järgmine kamber polnud eelmisest oluliselt suurem , vahest ainult mõne ruutmeetri võrra , mille võtsid enda alla raamatud . 	mina järgmine kamber olema eelmine oluliselt suurem , vahest ainult mõni ruutmeeter võrra , mis võtma ise alla raamat .
57		 Riiulid olid hoolega komplekteeritud , kindla maitse ja suunitlusega . 	riiul olema hool komplekteerima|komplekteeritud , kindel maitse ja suunitlus .
57		 Pärast kahte päeva , mis kulus teatavaks taastumiseks ja uues režiimis elamiseks , alustasin riiulite sisuga tutvumist ning ei avastanud teoste seas ühtegi , mida ma ise olin kinnipidamisasutusse kaasa toonud . 	pärast kaks päev , mis kuluma teatav taastumine ja uus režiim elamine , alustama riiul sisu tutvumine ning ei avastama|avastanud teos seas ühte , mis mina ise olema kinnipidamisasutus kaasa tooma|toonud .
57		 Ma oleksin eeldanud , et siin on karistuse eesmärgiga seosed olevad raamatud — filosoofiast , eetikast , kriminalistikast või siis ilukirjandus , mis tegeleb moraalsete väärtustega , arendab , kasvatab ja õpetab inimest . 	mina olema eeldama|eeldanud , et siin olema karistus eesmärk seos olev raamat - filosoofia , eetika , kriminalistika või siis ilukirjandus , mis tegelema moraalne väärtus , arendama , kasvatama ja õpetama inimene .
57		 Aga ei olnud midagi sellist . 	aga ei olema|olnud miski selline .
57		 Pealtnäha eklektiline valik omandas ühtse terviku pärast teist kuud selles kongis , mil ma olin jõudnud läbi lugeda ühe kolmandiku teostest . 	pealtnäha eklektiline valik omandama ühtne tervik pärast teine kuu see kong , mil mina olema jõudma|jõudnud läbi lugema üks kolmandik teos .
57		 Olin teadlik , et minu tutvumist raamatutega jälgis kaamerasilm ning kaasasündinud intelligentsus ütles , et enne kõigi raamatute läbilugemist ma siit kambrist ei pääse . 	olema teadlik , et mina tutvumine raamat jälgima kaamerasilm ning kaasasündinud intelligentsus ütlema , et enne kõik raamat läbilugemine mina siit kamber ei pääsema .
58		 Tingimustes , kus süüa saab kaks korda päevas ( reeglina hautatud juurvilja jahuviineritega või kalapulki kartulipüreega ) , võivad mitmesuguste kokaraamatute , näiteks provaansi , hiina , slovaki ja itaalia kokaraamatutega tutvumine olla moraalselt väga alandav . 	tingimus , kus sööma saama kaks kord päev ( reegel hautama|hautatud juurvili jahuviiner või kalapulk kartulipüree ) , võima mitmesugune kokaraamat , näide provaansi , hiina , slovaki ja itaalia kokaraamat tutvumine olema moraalselt väga alandav .
58		 Sama tuleb öelda ka ilukirjanduslike teoste kohta , mille eesmärgiks on elumõnude kirjeldamine ja elu nautimine ning sisuks seikluslik ning haarav süžee . 	sama tulema ütlema ka ilukirjanduslik teos kohta , mis eesmärk olema elumõnu kirjeldamine ja elu nautimine ning sisu seikluslik ning haarav süžee .
58		 Ka pornograafilist materjali sisaldavad üllitised võivad pikaajalises isolatsioonis viibija suhtes toimida talle mitte kõige meelepärasemas suunas . 	ka pornograafiline materjal sisaldav üllitis võima pikaajaline isolatsioon viibija suhtes toimima tema mitte kõige meelepärasem suund .
59		 Piinamine kultuuriga tõi kaasa ka suhtlemisvaeguse , teravdatud tundmuse üksiolemisest . 	piinamine kultuur tooma kaasa ka suhtlemisvaegus , teravdama|teravdatud tundmus üksiolemine .
59		 Ma lugesin ning ei jätnud kasutamata ühtegi võimalust jätkuvalt protesteerida osaks saanud kohtlemise üle . 	mina lugema ning ei jätma|jätnud kasutamata ühe võimalus jätkuvalt protesteerima osa saama|saanud kohtlemine üle .
59		 Panin siiski tähele , et vastavalt loetud raamatute hulgale kaeblemised vähenesid ning lõppesid üheaegselt viimase teosega , milleks osutus fotoraamat ühe miljonärist seikleja ümbermaailmareisist . 	panema siiski tähele , et vastavalt loetud|lugema raamat hulk kaeblemine vähenema ning lõppema üheaegselt viimane teos , mis osutuma fotoraamat üks miljonär seikleja ümbermaailmareis .
59		 Kokku oli minu arvestuste järgi karistuse algusest möödas neli kuud . 	kokku olema mina arvestus järgi karistus algus möödas neli kuu .
60		 Järgmised kolm kuud veetsin kummitavas kambris , mis muus osas meenutas kõige rohkem tavalist üksikvangistuse kongi . 	järgmine kolm kuu veetma kummitav kamber , mis muu osa meenutama kõige rohkem tavaline üksikvangistus kong .
60		 Kongist välja ei lastud mind kunagi , puudusid ka kõik muud võimalused kuidagi meelt lahutada , puudus võimalus jalutada , üldse kuidagi kellegagi suhelda ja süüa toodi mulle nüüd vaid siis , kui magasin , õieti siis , mil ma suutsin magada . 	kong välja ei laskma|lastud mina kunagi , puuduma ka kõik muu võimalus kuidagi meel lahutama , puuduma võimalus jalutama , üldse kuidagi keegi suhtlema ja sööma tooma mina nüüd vaid siis , kui magama , õieti siis , mis mina suutma magama .
60		 Hoolimata enesesisendusest , et kummitus on kindlasti vaid vangivalvurite poolt tehnoloogiliste vahenditega esile kutsutud , ei vähendanud see tema poolt tekitatavaid läbielamusi ja tundmusi . 	hoolimata enesesisendus , et kummitus olema kindlasti vaid vangivalvur poolt tehnoloogiline vahend esile kutsuma|kutsutud , ei vähendama|vähendanud see tema poolt tekitatav läbielamus ja tundmus .
60		 Ta ilmus alati siis , kui ma olin kas magama jäämas või juba uinunud , et mind üles äratada , kas külmusega kompides , võikalt häälitsedes või muul moel hirmuelamusi tekitades . 	tema ilmuma alati siis , kui mina olema kas magama jääma või juba uinuma|uinunud , et mina üles äratama , kas külmus kompima , võikalt häälitsema või muu mood hirmuelamus tekitama .
60		 Selline painamine tekitas hirmu une ees ja põhjustas kroonilise üleväsimustunde . 	selline painamine tekitama hirm uni ees ja põhjustama krooniline üleväsimustunne .
60		 Kummitus oli väga innovatiivne . 	kummitus olema väga innovatiivne .
60		 Ning neil üksikutel kordadel , mil ta end näitas , suutis ta mind alati üllatada oma kehakuju , ilmet ja välimust muutes . 	ning see üksik kord , mil tema ise näitama , suutma tema mina alati üllatama oma kehakuju , ilme ja välimus muutma .
60		 Ma ei oska öelda , kas see oli inimene või mõni muu olend , ning kui ma hakkasin temaga harjuma — kõige kohutavamate üleelamiste kiuste — ta kadus või haihtus oleks vist õigem öelda . 	mina ei oskama ütlema , kas see olema inimene või mõni muu olend , ning kui mina hakkama tema harjuma - kõige kohutavam üleelamine kiuste - tema kaduma või haihtuma olema vist õigem ütlema .
60		 Ühtlasi sel ajal sai mulle ka selgeks , et vaevalt ta vanglajuhtkonna poolt kontrollitav oli . 	ühtlasi see aeg saama mina ka selge , et vaevalt tema vanglajuhtkond poolt kontrollitav olema .
61		 Minu järgmine tsükkel möödus jõhkra ning robustse seksuaalse ärakasutamise ohvrina üksikkongis , mida umbes kuue kuu jooksul olin sunnitud teatavate perioodide tagant kaaslasega jagama . 	mina järgmine tsükkel mööduma jõhker ning robustne seksuaalne ärakasutamine ohver üksikkong , mis umbes kuus kuu jooksul olema sundima|sunnitud teatav periood tagant kaaslane jagama .
61		 Minu piinaja oli selgelt vaimuhaige , ent seda tugevam oli tema jõud ja sihipärasem kirg . 	mina piinaja olema selgelt vaimuhaige , ent see tugevam olema tema jõud ja sihipärasem kirg .
61		 Ta oli täiesti akontaktne ning ainult ühele huvile keskendunud , nii et tema külastused — otse loomulikult toimusid need vanglapersonali mahitamisel — ei toonud leevendust ka minu suhtlemisprobleemidele , vaid põhjustasid , rohkem isegi , kui miski muu mulle seni osaks saanust , ainult vaimset ja kehalist piina , alandust ja kannatust . 	tema olema täiesti akontaktne ning ainult üks huvi keskenduma|keskendunud , nii et tema külastus - otse loomulikult toimuma see vanglapersonal mahitamine - ei tooma|toonud leevendus ka mina suhtlemisprobleem , vaid põhjustama , rohkem isegi , kui miski muu mina seni osa saanu , ainult vaimne ja kehaline piin , alandus ja kannatus .
61		 Tema tulekute vahele jäi mõnikord üks päev , mõnikord kaks või siis nädal või isegi paar , ent alati tõi ta endaga kaasa portatiivse muusikaseadeldise , millest vägivalla taustaks kõlas elegantne barokkmuusika , mis näis tema võigast iha üha suurendavat . 	tema tulek vahele jääma mõnikord üks päev , mõnikord kaks või siis nädal või isegi paar , ent alati tooma tema ise kaasa portatiivne muusikaseadeldis , mis vägivald taust kõlama elegantne barokkmuusika , mis näima tema võigas iha üha suurendama .
61		 Sisustus kambris praktiliselt puudus , elementaarne sanitaarsõlm oli samuti mõeldud enamjaolt minu piinaja vajaduste rahuldamiseks ning ainus , mis mul seal teha oli , oli oodata . 	sisustus kamber praktiliselt puudus , elementaarne sanitaarsõlm olema samuti mõeldud|mõtlema enamjaolt mina piinaja vajadus rahuldamine ning ainus , mis mina seal tegema olema , olema ootama .
62		 Kuus kuud on väga pikk aeg . 	kuus kuu olema väga pikk aeg .
63		 On väga , väga pikk aeg , mille jooksul jõuab isegi harjuda selliste väärkohtlemistega . 	olema väga , väga pikk aeg , mis jooksul jõudma isegi harjuma selline väärkohtlemine .
64		 Ilmselt mind ( meid ) jälgiti ka selles kambris , nii et esimene kord , mil ma suutsin lõpuks maha suruda ebameeldivustunde ja enamgi veel — isegi tunda teatavat naudingut — jäi ka viimaseks . 	ilmselt mina ( mina ) jälgima ka see kamber , nii et esimene kord , mil mina suutma lõpuks maha suruma ebameeldivustund ja enam veel - isegi tundma teatav nauding - jääma ka viimane .
64		 Minutipealt lohistati mind tagasi kambrisse , milles olin ligi aasta tagasi oma karistuse kandmist alustanud , see tähendab pilkasesse pimedusse oma väljaheidete keskele , kus sai ainult roomata , kompida vee ning kuivanud ja haisva leiva järele , kus sai ainult nutta , haliseda , karjuda , anuda taga seda , mis minult oli võetud ja halada selle üle , mis ees seisis . 	minutipealt lohistama mina tagasi kamber , mis olema ligi aasta tagasi oma karistus kandmine alustama|alustanud , see tähendama pilkane pimedus oma väljaheide keskele , kus saama ainult roomama , kompima vesi ning kuivama|kuivanud ja haisev leib järele , kus saama ainult nutma , halisema , karjuma , anuma taga see , mis mina olema võetud|võtma ja halama see üle , mis ees seisma .
65		 Sest ilmselt oli läbi saanud minu karistuse esimene aasta ja tsükkel algas otsast peale . *** 	sest ilmselt olema läbi saama|saanud mina karistus esimene aasta ja tsükkel algama ots peale . ***
66		 Üllatus , mille põhjustas minu viimane kohtumine vangla direktoriga , oli seda suurem , et ma polnud seda enam mitu nädalat nõudnud . 	üllatus , mis põhjustama mina viimane kohtumine vangla direktor , olema see suurem , et mina olema see enam mitu nädal nõudma|nõudnud .
66		 Kottpimedusest hämarasse koridori lohistamine , kombinesoonides valvurite nägemine ja teadmine , õigemini ähmane mälupilt , et mind peaks nüüd ees ootama lakkamatu valgusega lakooniline kamber , suutis minu hääbumas teadvust siiski veidi turgutada . 	kottpimedus hämar koridor lohistamine , kombinesoon valvur nägemine ja teadmine , õigemini ähmane mälupilt , et mina pidama nüüd ees ootama lakkamatu valgus lakooniline kamber , suutma mina hääbuma teadvus siiski veidi turgutama .
66		 Pesuruumi asemel talutati mind aga hoopis ruumi , kus samasuguses helesinises kombinesoonis ja kaitstud hingamisteede maskiga ootas mind ülekaaluline direktor . 	pesuruum asemel talutama mina aga hoopis ruum , kus samasugune helesinine kombinesoon ja kaitsma|kaitstud hingamistee mask ootama mina ülekaaluline direktor .
67		 Ta ei lausunud algul sõnagi , ainult jälgis mind põlglikult , kui ma toolil istuda püüdsin . 	tema ei lausuma|lausunud algul sõna , ainult jälgima mina põlglikult , kui mina tool istuma püüdma .
67		 Ma loomulikult ei uskunud enam , et minu kallal toime pandud alandamine on teoks saanud tema teadmata . 	mina loomulikult ei uskuma|uskunud enam , et mina kallal toim|toime pandud|panema alandamine olema tegu|tigu saama|saanud tema teadmata .
67		" Suutsin avada lõpuks suu ja kähisedes kogeleda : "" Ma nõuan ... "" "	"suutma avama lõpuks suu ja kähisema kogelema : "" mina nõudma ... """
68		 Siis ta lõi mind näkku ja pühkis kätt ilmselt selleks otstarbeks ruumi toodud desinfitseeriva käterätiga . 	siis tema looma|lööma mina nägu ja pühkima käsi ilmselt see otstarve ruum toodud|tooma desinfitseeriv käterätt .
69		" "" Te ikka nõuate midagi ? "" küsis ta siis jälkust täis toonil . "	""" sina ikka nõudma miski ? "" küsima tema siis jälkus täis toon ."
69		" "" Ikka veel nõuate seadusest kinnipidamist , arstlikku läbivaatust , oma usuajakirju , hügieeni , inimõigusi , parlamendikomisjoni ? "	""" ikka veel nõudma seadus kinnipidamine , arstlik läbivaatus , oma usuajakiri , hügieen , inimõigus , parlamendikomisjon ?"
69		" Ikka veel nõuate ? "" "	"ikka veel nõudma ? """
70		 Ma noogutasin , sest kõnelda oli raske . 	mina noogutama , sest kõnelema olema raske .
71		" "" Mis siis ikka , "" kehitas ta järsult õlgu . "	""" mis siis ikka , "" kehitama tema järsult õlg ."
71		" "" Järelikult pole esimene aasta andnud nii intensiivseid tulemusi , kui ma ootasin . "	""" järelikult olema esimene aasta andma|andnud nii intensiivne tulemus , kui mina ootama ."
71		 Olete teie alles lurjus , ah ? 	olema sina alles lurjus , ah ?
71		 Aga pole midagi . 	aga olema miski .
71		" Vähemalt kaks aastat on ju meil veel ees , eks ole ? "" "	"vähemalt kaks aasta olema ju mina veel ees , eks olema ? """
72		" "" Mul on kolmanda artikliga tagatud õigused ja te olete mulle valetanud ! "" "	""" mina olema kolmas artikkel tagama|tagatud õigus ja sina olema mina valetama|valetanud ! """
72		 See oli kõige pikem lause , mida ma mitme kuu jooksul oli kuuldavale toonud . 	see olema kõige pikem lause , mis mina mitu kuu jooksul olema kuuldav tooma|toonud .
73		" "" Muidugi ma valetasin teile , "" hüüatas direktor . "	""" muidugi mina valetama sina , "" hüüatama direktor ."
73		" "" Miks ei peaks teiesugusele üldse mitte valetatama ? "	""" miks ei pidama teiesugune üldse mitte valetama ?"
73		 Kes peaks teile õigust rääkima ? 	kes pidama sina õigus rääkima ?
73		 Kas need poliitikud , kes teevad teiesugustele seadusi , enne valijatele tõendid karistusest ja lunastusest ette näidates ? 	kas see poliitik , kes tegema teiesugune seadus , enne valija tõend karistus ja lunastus ette näitama ?
73		" Või need meediafiguurid , ärimehed või "" arvamusliidrid "" , kes enne avalikku esinemist kuulutavad , et muidugi pole keegi meist patune , aga nendel on selle kohta tõend , et omad patud ja eksimused on nad ise ja vabatahtlikult lunastanud , et siis jälle asuda maailma vägistama ? "	"või see meediafiguur , ärimees või "" arvamusliider "" , kes enne avalik esinemine kuulutama , et muidugi olema keegi mina patune , aga see olema see kohta tõend , et oma patt ja eksimus olema tema ise ja vabatahtlikult lunastama|lunastanud , et siis jälle asuma maailm vägistama ?"
73		 Need või ? 	see võima ?
73		 Kas nemad peaksid teile tõtt rääkima ? 	kas tema pidama sina tõsi rääkima ?
73		" Millest te üldse tõtt teada tahate ? "" "	"mis sina üldse tõsi teadma tahtma ? """
74		" "" Mul on kõik õigused ja vabadused , mis on põhiseadusega ... "" "	""" mina olema kõik õigus ja vabadus , mis olema põhiseadus ... """
75		" "" Siin otsustan mina , millised õigused teil on . "	""" siin otsustama mina , milline õigus sina olema ."
75		" Ja nemad — minu sõbrad ja kaaskannatajad , "" haugatas ta ja viipas käega ukse suunas , kus seisid kõik vangivalvurid , kes mind aasta jooksul ahistanud olid . "	"ja tema - mina sõber ja kaaskannataja , "" haugatama tema ja viipama käsi uks suunas , kus seisma kõik vangivalvur , kes mina aasta jooksul ahistama|ahistanud olema ."
76		" "" Siiski on mul õigused , mis ei sõltu teie tahtest . "	""" siiski olema mina õigus , mis ei sõltuma sina tahe ."
76		 Ja mul on õigus karistusele , kui ma ise seda nõuan . 	ja mina olema õigus karistus , kui mina ise see nõudma .
76		" Õiglasele ja seadusega ettenähtud karistusele . "" "	"Õiglane|Õiglas ja seadus ettenähtud karistus . """
77		" "" Oh , te suudate veel ikka nii palju lobiseda ja targutada , "" ohkas direktor tülpinult . "	""" oh , sina suutma veel ikka nii palju lobisema ja targutama , "" ohkama direktor tülpinult ."
77		" "" Ikka veel ! "	""" ikka veel !"
77		" Vastake parem — kas te kahetsete , et siia tulite ? "" "	"vastama parem - kas sina kahetsema , et siia tulema ? """
78		" "" Jah . "" "	""" jah . """
79		" "" Väga hea . "	""" väga hea ."
79		 Järelikult te kannatate juba . 	järelikult sina kannatama juba .
79		 Veel parem . 	veel parem .
79		 Kas te mõtlesite , et karistus ongi miski leping inimese ja riigi vahel ? 	kas sina mõtlema , et karistus olema miski leping inimene ja riik vahel ?
79		 Kindlasti mõtlesite . 	kindlasti mõtlema .
79		 Siis teadke , et mina karistan teid ja vahenditega , millised ma ise õigeks arvan ja teil pole ühtki garantiid , et need leebemaks muutuksid . 	siis teadma , et mina karistama sina ja vahend , milline mina ise õige arvama ja sina olema üks garantii , et see leebem muutuma .
79		 Oh ei , muidugi mitte , võin pigem kinnitada , et esimene aasta oli ainult algus ja tõeline piin alles algab . 	oh ei , muidugi mitte , võima pigem kinnitama , et esimene aasta olema ainult algus ja tõeline piin alles algama .
79		" Piin , millega te harjute . "" "	"piin , mis sina harjuma . """
80		" "" Kindlasti mitte . "" "	""" kindlasti mitte . """
81		" "" Mida te seal halisete ? "	""" mis sina seal halisema ?"
81		 Kindlasti mitte ? 	kindlasti mitte ?
81		 Aga harjute küll , kas tahate seda või mitte . 	aga harjuma küll , kas tahtma see või mitte .
81		 Tasapisi ilmutate te juba leppimise märke , ent lõplik harjumine peab tulema läbi pikkade , väga pikkade piinade . 	tasapisi ilmutama sina juba leppimine märk , ent lõplik harjumine pidama tulema läbi pikk , väga pikk piin .
81		 Sest see ongi ainus ja tõeline karistus . 	sest see olema ainus ja tõeline karistus .
81		 Esimese aasta järel on teil õigus — ja see on minu poolt kehtestatud õigus — üht-teist meie menetluste kohta teada saada . 	esimene aasta järel olema sina õigus - ja see olema mina poolt kehtestama|kehtestatud õigus - üht-teist mina menetlus kohta teadma saama .
81		 See suurendab piinu , uskuge mind . 	see suurendama piin , uskuma mina .
81		 Nii et teadke — te viibite siin senikaua , kuni hakkate harjuma , hakkate kohanema oma isiku mõnitamise , alandamise ja piinamisega . 	nii et teadma - sina viibima siin senikaua , kuni hakkama harjuma , hakkama kohanema oma isik mõnitamine , alandamine ja piinamine .
81		 Kui teie kaebed lakkavad ja miski teile enam piina ei valmista , alles siis lasen ma teid vabaks . 	kui sina kaeve lakkama ja miski sina enam piin ei valmistama , alles siis laskma mina sina vaba .
81		 Siis , kui olete harjunud oma isiku lõputu ja jäägitu alandamisega . 	siis , kui olema harjuma|harjunud oma isik lõputu ja jäägitu alandamine .
81		" Siis , mitte varem . "" "	"siis , mitte varem . """
82		 Ta pöördus minekule . 	tema pöörduma minek .
83		" "" Te ei ole inimene , "" sosistasin mina . "	""" sina ei olema inimene , "" sosistama mina ."
84		" "" Aga vaat selle üle ei otsusta küll teie , "" viskas ta üle õla , jäi siiski uksel peatuma , heites mulle veel viimase pilgu . "	""" aga vaat see üle ei otsustama küll sina , "" viskama tema üle õlg , jääma siiski uks peatuma , heitma mina veel viimane pilk ."
84		" "" Samas võib teil mõnes mõttes õigus olla , kuigi sel pole mitte mingisugust tähtsust . "	""" samas võima sina mõni mõte õigus olema , kuigi see olema mitte mingisugune tähtsus ."
84		 Enam ja minu jaoks . 	enam ja mina jaoks .
84		" Muuseas , miks ma teie arvates üldse olen selle vangla direktor , miks pürgisin sellele kohale ? "" "	"muuseas , miks mina sina arvama üldse olema see vangla direktor , miks pürgima see koha|koht ? """
85		" "" Sest te olete kurjategija ! "" "	""" sest sina olema kurjategija ! """
86		" "" See on alati suhteline mõiste . "	""" see olema alati suhteline mõiste ."
86		 Sest tegelikult ka mina kannan siin oma karistust . 	sest tegelikult ka mina kandma siin oma karistus .
86		 Karistust , mille määrasin endale ise ja kannan lõpuni , lootuseta leida iial lunastust , andeksandmist ja andestust . 	karistus , mis määrama ise ise ja kandma lõpp , lootus leidma iial lunastus , andeksandmine ja andestus .
86		 Minu süü on igavene , hoolimata kahetsusest . 	mina süü olema igavene , hoolimata kahetsus .
86		" Ainult siin ja selles ametis saan ma ennast karistada kuriteo eest enese vastu , selle eest , et ma pidasin end kunagi humanistiks , filantroobiks ja sellisena ka tegutsesin , et ma uskusin , lootsin ja armastasin , et ma pidasin inimest inimeseks . "" "	"ainult siin ja see amet saama mina ise karistama kuritegu eest ise vastu , see eest , et mina pidama ise kunagi humanist , filantroop ja selline ka tegutsema , et mina uskuma , lootma|lootsima ja armastama , et mina pidama inimene inimene . """
87		 Siis ta läks , jättes mind oma kaaskannatajate meelevalda . 	siis tema minema , jätma mina oma kaaskannataja meelevald .
