par_nr	head	sentence	lemmas
1	 Taadeldus 	 Taadeldus 	taadeldus
2		 Ma saabusin õhtul loengutest koju Annelinna ja märkasin oma imestuseks , et Ults ( tüüp , kellega ma Suhtlen ) passis viiekordse paneelmaja ees , kus ma ühelt abielupaarilt tuba üürisin . 	mina saabuma õhtu loeng kodu Annelinn ja märkama oma imestus , et Ults ( tüüp , kes mina suhtlema ) pass viiekordne paneelmaja ees , kus mina üks abielupaar tuba üürima .
2		 Minu imestus oli eriti ehe seetõttu , et tavaliselt eksis Ults Annelinna kivihoonete rägastikku ära ning leidmata teed minu maja juurde ( millest ta võis olnud vabalt neli korda mööda käinud , seda ära tundmata ) , töllerdas niikaua ringi , kuni leidis mõne taksofoni ja helistas mulle , kirjeldas ümbrust ning palus end üles korjata . 	mina imestus olema eriti ehe seetõttu , et tavaliselt eksima Ults Annelinn kivihoone rägastik ära ning leidma tegema mina maja juurde ( mis tema võima olema|olnud vabalt neli kord mööda käima|käinud , see ära tundma ) , töllerdama niikaua ringi , kuni leidma mõni taksofon ja helistama mina , kirjeldama ümbrus ning paluma ise üles korjama .
3		" "" Ahhaa , "" hüüatas Ults tervituseks , ise kõrvuni sui irvitades . "	""" ahhaa , "" hüüatama Ults tervitus , ise kõrv sui irvitama ."
3		 Ma ei ole kunagi aru saanud , mille üle ta niiviisi pidevalt rõõmustab , kogu aeg on tal nägu nagu moosiga koos . 	mina ei olema kunagi aru saama|saanud , mis üle tema niiviisi pidevalt rõõmustama , kogu aeg olema tema nägu nagu moos koos .
3		" "" Ots ringi ja siva linna tagasi , "" kilkas ta ning haaranud mul küünarnukist , kukkus tuldud teed tagasi lohistama . "	""" Ots ringi ja siva linn tagasi , "" kilkama tema ning haarama|haaranud mina küünarnukk , kukkuma tuldud|tulema tee tagasi lohistama ."
4		" "" Noh , mis nüüd ? "" keerasin malbelt , aga otsustavalt end tema kaenlast vabaks ja jäin kõigi Ultsi pingutuste kiuste seisma . "	""" noh , mis nüüd ? "" keerama malbelt , aga otsustavalt ise tema kaenal vaba ja jääma kõik Ults|Ultsi pingutus kiuste seisma ."
5		" "" "" Illusioonis "" on jube hea film , "" seletas Ults . "	""" "" illusioon "" olema jube hea film , "" seletama Ults ."
5		" "" Kui me kibekähku ei tee , siis ei jõua ! "" "	""" kui mina kibekähku ei tegema , siis ei jõudma ! """
6		" "" Rumal , "" naersin ta entusiastlikku tormakust , "" lase ma viin asjad tuppa ära , nii kiire nüüd ka ei ole . "" "	""" rumal , "" naerma tema entusiastlik tormakus , "" laskma mina viima asi tuba ära , nii kiire nüüd ka ei olema . """
7		" "" On , on , tavai ma võin su kola ise tassida , kui tahad . "" "	""" olema , olema , tavai mina võima sina kola ise tassima , kui tahtma . """
8		 Pidin pikali kukkuma . 	pidama pikali kukkuma .
8		 Tema , kes kõik , mis tasku ei mahtunud üritas esimesel võimalusel kuhugi sokutada , pidades seda liigseks , pakkus nüüd niisugust teenust . 	tema , kes kõik , mis tasku ei mahtuma|mahtunud üritama esimene võimalus kuhugi sokutama , pidama see liigne , pakkuma nüüd niisugune teenus .
9		" "" Mis sa rahmeldad , ma elan ju siinsamas esimesel korrusel . "" "	""" mis sina rahmeldama , mina elama ju siinsamas esimene korrus . """
10		 Ults oli silmnähtavalt millegipärast pabinas , tema irvitus oli asendunud isevärki viril-äreva naeratusevarjuga . 	Ults olema silmnähtavalt millegipärast pabin , tema irvitus olema asenduma|asendunud isevärki viril-ärev naeratusevari .
10		 Kaastundlikult talle otsa vaadanud , pöörasin ringi ja läksin uksest sisse . 	kaastundlikult tema otsa vaadanud|vaatama , pöörama ringi ja minema uks sisse .
10		 On tal alles tuli takus , imestasin endamisi . 	olema tema alles tulema takk , imestama endamisi .
10		 Mis teha , mis teha . 	mis tegema , mis tegema .
11		 Korter iseenesest oli pime , ainult köögist paistis läbi klaasukse küünlaleegi vilkumist . 	korter iseenesest olema pime , ainult köök paistma läbi klaasuks küünlaleek vilkumine .
11		 Panin koridoris tule põlema.Tegusalt trügis Ults minu järel uksest sisse . 	panema koridor tulema põlema . tegusalt trügima Ults mina järel uks sisse .
11		" "" Tempo , tempo , "" närvitses ta . "	""" tempo , tempo , "" närvitsema tema ."
11		" "" Sips sisse , sips välja ja plagama . "" "	""" sips sisse , sips välja ja plagama . """
12		" "" Miks nad küünalt põletavad , "" imestasin . "	""" miks tema küünal põletama , "" imestama ."
13		" "" Üks küünlajupp siia-sinna , põletagu minupärast või maja maha , "" pomises Ults ja trügis mind toa poole . "	""" üks küünlajupp siia-sinna , põletama minupärast või maja maha , "" pomisema Ults ja trügima mina tuba poole ."
14		" "" Jäta järgi , "" vaatasin talle solvunult otsa . "	""" jätma järgima , "" vaatama tema solvunult otsa ."
14		 Tavaliselt ta nii ülemäära tormakas ei olnud . 	tavaliselt tema nii ülemäära tormakas ei olema|olnud .
14		" Otse vastupidi , tema motoks oli — "" Iga asi oma optimaalsel ajal või veidi-veidi hiljem . "" "	"otse vastupidi , tema moto olema - "" iga asi oma optimaalne aeg või veidi-veidi hiljem . """
15		" "" Las ma ütlen vähemalt teregi ! "" "	""" las mina ütlema vähemalt tere ! """
15		 Lükkasin köögiukse lahti ja klõbisin laetule põlema . 	lükkama köögiuks lahti ja klõbima laetud põlema .
15		 Juhtub . 	juhtuma .
16		 Röötskil laua peal lamas korteriperemehe ilma peata keha . 	Röötskil laud peal lamama korteriperemees ilma pea keha .
16		 Käed kallistavalt ümber kaelast purskunud vereloigu . 	käsi kallistavalt ümber kael purskuma|purskunud vereloik .
16		 Köök tillukesi liha- ja luutükke täis . 	Köök tilluke liha ja luutükk täis .
17		 Pöördusin . 	pöörduma .
17		 Ults vedas näole naeratusegrimassi ja laiutas vabandavalt käsi . 	Ults vedama nägu naeratusegrimass ja laiutama vabandavalt käsi .
17		" "" Kogemata , "" selgitas ta takerduval häälel . "	""" kogemata , "" selgitama tema takerduv hääl ."
17		 Mind läbis imelik vabin . 	mina läbima imelik vabin .
17		 See ei lakanud . 	see ei lakanud|lakkama .
17		 Hais . 	hais .
17		 Ettevaatlikult talutas Ults mu vist välja . 	ettevaatlikult talutama Ults mina vist välja .
17		 Vist välja . 	vist välja .
17		 Tuled jäid põlema . 	tuli jääma põlema .
18		" "" Lähme Widgeti juurde , "" ütlesin . "	""" minema Widget|Widgeti juurde , "" ütlema ."
18		 Widget oli kursaõde , kes elas siinsamas Annelinnas . 	Widget olema kursaõde , kes elama siinsamas annelinn .
18		 Tee peal üritas Ults mulle asja selgitada . 	tee peal üritama Ults mina asi selgitama .
19		 Vaata , ütles ta : 	vaatama , ütlema tema :
20		 Sa tead , et ma tegelen väikest viisi kübermentaalmehaanikaga . 	sina teadma , et mina tegelema väike|väikene viis kübermentaalmehaanika .
20		 See on teooria , mis väidab , et inimvaim on tehislikku päritolu . 	see olema teooria , mis väitma , et inimvaim olema tehislik päritolu .
20		 Mittemateriaalsel tasandil kokku pandud kübermehhanism , tehisintellekt . 	mittemateriaalne tasand kokku pandud|panema kübermehhanism , tehisintellekt .
20		" Maniakkide Tänav , selle ala esimene teoreetik , mainis mentaalmehaanikat oma teoses "" Õpetus surnutest "" , kuid seda väga pealiskaudselt ja põgusalt , sest tema peamine huvi oli suunatud Kehade , ehk nagu ta väitis — Pärisinimeste vastu . "	"maniakk tänav , see ala esimene teoreetik , mainima mentaalmehaanika oma teos "" Õpetus surnu "" , kuid see väga pealiskaudselt ja põgusalt , sest tema peamine huvi olema suunama|suunatud keha , ehk nagu tema väitma - pärisinimene vastu ."
20		" Need on inimesed , kes on surnud , ehk kui tsiteerida Man.T- i ennast : "" Tehislikult neisse kehadesse monteeritud kübermehhanismidest vabanenud organismid , mis ajapikku vapustustest vabanedes hakkavad taas oma elu elama , pöördudes tagasi oma loomulikku keskkonda . "" "	"see olema inimene , kes olema surema|surnud , ehk kui tsiteerima Man.T i ise : "" tehislikult see keha monteerima|monteeritud kübermehhanism vabanema|vabanenud organism , mis ajapikku vapustus vabanema hakkama taas oma elu elama , pöörduma tagasi oma loomulik keskkond . """
20		 Tema oli nekrosotsioloog — praktik surnute elu-olu ja teoreetik mentaalmehaanika alal . 	tema olema nekrosotsioloog - praktik surnu elu-olu ja teoreetik mentaalmehaanika ala .
20		 Mina aga tõestasin tema teooriad praktikas . 	mina aga tõestama tema teooria praktika .
21		 Ebamateriaalsus , milles need mentaalraalid töötavad , asub üsna ligidal helivönkesagedusele , ainult mõni nõks neist edasi . 	ebamateriaalsus , mis see mentaalraal töötama , asuma üsna ligidal helivönkesagedus , ainult mõni nõks tema edasi .
21		 Mul õnnestus konstrueerida Pill , aparaat , millega end võnkesse viia ja transportida oma energeetilise , biovälja Mina ebamatti ( ebamateriaalsusse ) . 	mina õnnestuma konstrueerima pill , aparaat , mis ise võnge viima ja transportima oma energeetiline , bioväli mina ebamatt ( ebamateriaalsus ) .
21		 Ka vastupidi on võimalik , transportida see tehisintellekt matti ( materiaalsusse ) . 	ka vastupidi olema võimalik , transportima see tehisintellekt matt ( materiaalsus ) .
21		 Ükskõik siis , kas koos bioMinaga või ilma . 	ükskõik siis , kas koos biomina või ilma .
21		 A sellega on veel probleeme — materiaalsuses kärssab see mõne sekundiga läbi ja muutub mingiks känkraks . 	A see olema veel probleem - materiaalsus kärssama see mõni sekund läbi ja muutuma mingi känkraks .
21		 Juhtub . 	juhtuma .
22		" "" Mis see siia puutub ? "" küsisin . "	""" mis see siia puutuma ? "" küsima ."
23		 Vaata : 	vaatama :
24		 Ma tulin sind kinno meelitama , aga kuna sa polnud veel tulnud , siis kutsus korteriperemees mind sellest hoolimata sisse , juttu puhuma . 	mina tulema sina kino meelitama , aga kuna sina olema veel tulema|tulnud , siis kutsuma korteriperemees mina see hoolimata sisse , jutt puhuma .
24		 Noh , ma panin tähele , et tema mentaalraalil on viirus sees , vennike ajas segast ja üldse ... 	noh , mina panema tähele , et tema mentaalraal olema viirus sees , vennike ajama segane ja üldse ...
25		" "" Jah , "" nõustusin . "	""" jah , "" nõustuma ."
25		" "" Ta on paberitega . "" "	""" tema olema paber . """
26		" "" Mis paberitega ? "" ei taibanud Ults kohe . "	""" mis paber ? "" ei taibanud|taipama Ults kohe ."
27		" "" Nendega mis tõendavad , et tal kruvid logisevad . "" "	""" see mis tõendama , et tema kruvima logisev . """
27		 Juhtub , eks ole . 	juhtuma , eks olema .
28		" "" Noh , kuna ma olen viimasel ajal mentaalraalide ehituse tundmaõppimisel teatud edusamme teinud ( need erinevad meie omadest roppu moodi , mingit metalli ja mikroskeemijama seal ei ole ) , siis mõtlesin , et võiks vennikest vähe taadelda . "" "	""" noh , kuna mina olema viimane aeg mentaalraal ehitus tundmaõppimine teadma|teatud edusamm tegema|teinud ( see erinema mina oma ropp mood , mingi metall ja mikroskeemijama seal ei olema ) , siis mõtlema , et võima vennike vähe taatlema . """
29		" "" Seletasin sellile , et oskan vaime välja kutsuda ning lasin tal atmosfääri ja tõepärasuse huvides küünla tuua ja tule ära kustutada . "	""" seletama sell , et oskama vaim välja kutsuma ning laskma tema atmosfäär ja tõepärasus huvi küünal tooma ja tulema ära kustutama ."
29		" Kraamisin oma kola välja ja aidaa — ebamatti . "" "	"kraamima oma kola välja ja aidaa - ebamatt . """
30		" "" Seal see oligi — vennikese mentaalküberneetika . "	""" seal see olema - vennike mentaalküberneetika ."
30		 Surkisin selle kallal vähe ja paistis , et lõi nagu paremaks . 	surkima see kallal vähe ja paistma , et looma|lööma nagu parem .
30		 Kui matti tagasi võnkusin oli tüübil pea sodiks lennanud . 	kui matt tagasi võnkuma olema tüüp pea sodi lendama|lennanud .
30		" Midagi oli nässu läinud . "" "	"miski olema nässu läinud|minema . """
31		 Juhtub . 	juhtuma .
32		 Juhtub . 	juhtuma .
33		 Jah . 	jah .
33		 Vaatamata mitte sugugi nii väga hilisele kellaajale oli Widget jõudnud ennast juba öösärki mähkida ning voodisse telekat vaatama pugeda . 	vaatamata mitte sugugi nii väga hiline kellaaeg olema Widget jõudma|jõudnud ise juba öösärk mähkima ning voodi telekas vaatama pugema .
33		 Kohale jõudes olin peast üsna segane . 	kohale jõudma olema pea üsna segane .
33		 Ultsi jutt . 	Ults|Ultsi jutt .
33		 See vaatepilt . 	see vaatepilt .
33		 Oimetuna vajusin voodile . 	oimetu vajuma voodi .
33		 Ults ja Widget seletasid midagi omavahel . 	Ults ja Widget seletama miski omavahel .
34		 Avasin hilju köögiukse ja panin tule põlema . 	avama hilju köögiuks ja panema tuli põlema .
34		 Valgus hiilis aeglaselt üle pimeda ruumi . 	valgus hiilima aeglaselt üle pime ruum .
34		 Põrand , kapp , tool , laud , käed , veri , kaelakönt , röötsakil keha . 	põrand , kapp , tool , laud|laug , käsi , veri , kaelakönt , röötsakil keha .
34		 Tule jumal appi . 	tulema jumal abi .
34		 SEL MEHEL PUUDUS JU PEA . 	see mees puuduma ju pea .
34		 Küünal , aken . 	küünal , aken .
35		 Ajasin end voodist liikuma ning Ultsist välja tegemata lõin köögiukse pärani . 	ajama ise voodi liikuma ning Ultsist välja tegema looma|lööma köögiuks pärani .
35		 Kriiskavas elektrivalguses mädanes laua taga keskealise mehe karmide näojoontega laip . 	kriiskav elektrivalgus mädanema laud taga keskealine mees karm näojoon laip .
35		 Ta kiilas pea läikis laepirnile vastu . 	tema kiilama pea läikima laepirn vastu .
35		 Samas see plahvatas . 	samas see plahvatama .
35		 Ta kiilas pea läikis laepirnile vastu . 	tema kiilama pea läikima laepirn vastu .
35		 Samas see plahvatas . 	samas see plahvatama .
35		 Samas see plahvatas . 	samas see plahvatama .
36		" "" Mine helista kiirabisse , "" käsutas Widget . "	""" minema helistama kiirabi , "" käsutama Widget ."
36		 Tal olid pikad , ööseks lahtikammitud juuksed , mis ulatusid vööni . 	tema olema pikk , ööseks lahtikammitud juus , mis ulatuma vöö .
36		 Tema toanaabrit , kellega ta korterit jagas ei olnud täna siin . 	tema toanaaber , kes tema korter jagama ei olema|olnud täna siin .
36		 Siin olid täna Ults ja sügavas shokis tüdruk kellega too Suhtles , mina . 	siin olema täna Ults ja sügav shokk tüdruk kes too suhtlema , mina .
36		 Köök oli liha ja luukilde täis . 	Köök olema liha ja luukild täis .
36		 Liha ja luukilde täis . 	liha ja luukild täis .
36		 Tikitud . 	tikitu .
37		 Ults kablutas koridori , telefoni man . 	Ults kablutama koridor , telefon man .
37		 Ta ei võtnud toru , ta mõtles , kahtles . 	tema ei võtma|võtnud toru , tema mõtlema , kahtlema .
37		" "" Kiirabi jõuab siia ei tea kuna . "	""" kiirabi jõudma siia ei teadma kuna ."
37		" Kui ta üldse jõuab "" . "	"kui tema üldse jõudma "" ."
37		 Kõhkles . 	kõhklema .
37		 Kraamis oma kola taskutest välja ja viis end võnkesse . 	kraamima oma kola tasku välja ja viima ise võnge .
37		 Ebamatis oli nähtavus üsna kesine , ent Widgeti ja tüdruku intellektiraalid paistsid ära . 	ebamatt olema nähtavus üsna kesine , ent Widgeti ja tüdruk intellektiraal paistma ära .
37		 Ka mõnede ligemate naaberkorterite asukate omad . 	ka mõni ligem naaberkorter asukas oma .
37		 Ults sõudis tüdruku omani . 	Ults sõudma tüdruk oma .
37		 Üldiselt olid ebamatis kõik raalid ühesugused . 	üldiselt olema ebamatt kõik raal ühesugune .
37		 Ta surkis tüdruku kanalites . 	tema surkima tüdruk kanal .
37		 Tunnetuskeskus ? 	tunnetuskeskus ?
37		 Kartes midagi vussi keerata , näperdas Ults ettvaatlikult ja võimalikult vähe . 	kartma miski vussi keerama , näperdama Ults ettvaatlikult ja võimalikult vähe .
38		 Ta liikus tagasi keha man ja võnkus matti . 	tema liikuma tagasi keha man ja võnkuma matt .
38		 Tuppa astudes tõmbles Widget pahupidipöörat silmadega põrandal ja ajas krampis suust verist ila välja . 	tuba astuma tõmblema Widget pahupidipööra silm põrand ja ajama krampis suu verine ila välja .
38		 Ults oli intellektiraalid sassi ajanud . 	Ults olema intellektiraal sassi ajama|ajanud .
39		 Juhtub . 	juhtuma .
40		 Tüdruk lebas päranisilmi liikumatult voodis . 	tüdruk lebama päranisilmi liikumatult voodi .
40		 Ta avas köögiukse . 	tema avama köögiuks .
40		 Korteriperemees tervitas teda , andis kätt ja prahvatas sodiks . 	korteriperemees tervitama tema , andma käsi ja prahvatama sodi .
40		 Alles jäi vaid käsi . 	alles jääma vaid käsi .
40		 Haises . 	haisema .
40		 Alles jäi vaid käsi . 	alles jääma vaid käsi .
41		 Ults seisis teovõimetuna lävel . 	Ults seisma teovõimetu lävi .
41		 Nüüd oli juba hilja arste kutsuda . 	nüüd olema juba hilja arst kutsuma .
41		 Widgeti puhul oli viga juba otsaga ebamatis . 	Widget|Widgeti puhul olema viga juba ots ebamatt .
41		 Arstid siin ei aita . 	arst siin ei aitama .
41		 Widgeti tõmblev ja visklev keha peksles valusasti vastu Ultsi sääri . 	Widget|Widgeti tõmblev ja visklev keha pekslema valusasti vastu Ults|Ultsi säär .
41		 Juhtub . 	juhtuma .
42		 Tüdruk avas köögiukse . 	tüdruk avama köögiuks .
42		 Köök haises . 	Köök haisema .
42		 Keha laual higistas verd . 	keha laud higistama veri .
42		 Ja plahvatas . 	ja plahvatama .
42		 Ja plahvatas . 	ja plahvatama .
43		 Ults astus Widgetist eemale koridori oma kola juurde ja püüdis mõelda , rahulikult . 	Ults astuma Widget|Widgeti eemale koridor oma kola juurde ja püüdma mõtlema , rahulikult .
43		 Ta ei osanud neid terveks häkkida . 	tema ei osanud|oskama see terve häkkima .
43		 Selleks ei tundnud ta seda värki veel pisavalt hästi . 	see ei tundma|tundnud tema see värk veel pisavalt hästi .
43		 Ta viis end võnkesse . 	tema viima ise võnge .
43		 Tüdruku intellektiraal pildus juppe küljest ära . 	tüdruk intellektiraal pilduma jupp külg ära .
43		 Paistis , et tema vaimne seisund hakkas jõudma viimse piirini . 	paistma , et tema vaimne seisund hakkama jõudma viimne piir .
43		 Ults seiras tema kanaleid . 	Ults seirama tema kanal .
43		 Võtnud ettevaatlikult ühe raalilt lennanud teravama jupi , suskas Ults vahedama otsa tüdruku mõnukeskusesse . 	võtma|võtnud ettevaatlikult üks raal lendama|lennanud teravam jupp , suskama Ults vahedam ots tüdruk mõnukeskus .
43		 Raal vappus veel paar korda ja jäi siis ühtlaselt vabisema . 	raal vappuma veel paar kord ja jääma siis ühtlaselt vabisema .
43		 Widgeti raali kallal ei osanud Ults midagi ette võtta . 	Widget|Widgeti raal kallal ei osanud|oskama Ults miski ette võtma .
43		 Teist teravamat nubla ei paistnud ja midgi muud ei julgenud ta torkima hakata . 	teine teravam nubla ei paistma|paistnud ja midgi muu ei julgema|julgenud tema torkima hakkama .
43		 Kõige hullem oli , et ta ei mäletanud , mida ta enne näperdanud oli . 	kõige hullem olema , et tema ei mäletama|mäletanud , mis tema enne näperdama|näperdanud olema .
43		 Ta naases keha man ja läks võnkesse . 	tema naase keha man ja minema võnge .
44		 Tagasi matti tulnud , võttis teda vastu jube röökimine . 	tagasi matt tulema|tulnud , võtma tema vastu jube röökimine .
44		 Tüdruk oli end voodil looteasendisse kerinud ja röökis looma kombel . 	tüdruk olema ise voodi looteasend kerima|kerinud ja röökima loom kombel .
44		 Mõnust . 	mõnu .
44		 Vastu põrandat ja mööbliesemeid veriseks taotud Widget krambitas veel hullemini . 	vastu põrand ja mööbliese verine taguma|taotud Widget krambitama veel hullemini .
44		 Ühe käe luu paistis murdunud olevat . 	Ühe käsi luu paistma murduma|murdunud olema .
45		 Tüdruk avas köögiukse . 	tüdruk avama köögiuks .
45		 Mees laua taga tõusis püsti . 	mees laud taga tõusma püsti .
45		 Ruumi põrand oli liharäbalaid ja vereklompe täis . 	ruum põrand olema liharäbal ja vereklomp täis .
45		 Mees naeratas , ta pea plahvatas lögana laiali . 	mees naeratama , tema pea plahvatama löga laiali .
45		 Tüdruk kriiskas vaatepildi üle ekstaasis . 	tüdruk kriiskama vaatepilt üle ekstaas .
45		 Ekstaasis . 	ekstaas .
46		 Ultsil vajus kuumalaine selga . 	Ultsil vajuma kuumalaine selg .
46		 Aistmismeel ütles , et tal kõrvade tagant kärssab . 	Aistmismeel ütlema , et tema kõrv tagant kärssama .
46		 Nii tihedalt ebamati vahet võnkumine ei olnud hea . 	nii tihedalt ebamatt vahe võnkumine ei olema|olnud hea .
46		 Hea . 	hea .
46		 Jubedad mõnukarjed hakkasid ta kübermehhanismilt juppe rebima . 	jube mõnukarje hakkama tema kübermehhanism jupp rebima .
46		 Aistmismeel ütles , et kõrvade tagant kärssab . 	Aistmismeel ütlema , et kõrv tagant kärssama .
46		 Kärssab . 	kärssama .
47		 Ults viis end võnkesse . 	Ults viima ise võnge .
47		 Viis end võnkesse . 	viis ise võnge .
48		 Ta võttis Widgeti ja tüdruku intellektiraalid ja viis need kehadest eemale . 	tema võtma Widget|Widgeti ja tüdruk intellektiraal ja viima see keha eemale .
48		 Siis võnkus ta need matti . 	siis võnkuma tema see matt .
48		 Hetke pärast naases Ults oma kehha . 	hetk pärast naases Ults oma kehha .
48		 Koridoris kärssasid kaks kübermehhanismi kängart . 	koridor kärssama kaks kübermehhanism kängart .
49		 Pärisinimeste sekka , mõtles Ults haigelt . 	pärisinimene sekka , mõtlema Ults haigelt .
50		 ... ilma neetud raalita . 	... ilma needma|neetud raal .
50		 Ilma raalita . 	ilma raal .
