par_nr	head	sentence	lemmas
1	 Hüvitis 	 Hüvitis 	hüvitis
2		" "" Mida sa jood üldse ? "" "	""" mis sina jood üldse ? """
3		" "" Pole sinu asi , tead ! "" "	""" olema sina asi , teadma ! """
4		 Ega eriti olnudki . 	ega eriti olema .
4		 Kui mitte arvestada , et mina olin selle talle välja teinud . 	kui mitte arvestama , et mina olema see tema välja tegema|teinud .
4		" Sellised kombed siin "" Metsiku Lääne Üksildaste Südamete Klubis "" kord juba olid . "	"selline komme siin "" Metsik|Metsiku Lääne|Lääs Üksildane|Üksildas|Üksildaste Süda|Südamete klubi "" kord juba olema ."
4		" Ma polnud päris kindel , mida tähendab "" Metsik Lääs "" , võimalik , et see oli kuidagi seotud siinse kõrtsi eripära ehk suure ekraaniga , millelt näidati vanamoelist kinu , kus kaks jõuku mehi mingil vähearenenud planeedil üksteist algeliste tulirelvadega taga ajasid . "	"mina olema päris kindel , mis tähendama "" metsik lääs "" , võimalik , et see olema kuidagi seotud|siduma siinne kõrts eripära ehk suur ekraan , mis näitama vanamoeline kinu , kus kaks jõuk mees mingi vähearenenud planeet üksteise algeline tulirelv taga ajama ."
4		 Et vaatajal selgem oleks , kandis üks meeskond valgeid , teine musti peakatteid . 	et vaataja selgem olema , kandma üks meeskond valge , teine must peakate .
4		 Kui liiva seest poleks välja turritanud miskid rohekad vorstilaadsed moodustised , võinuks oletada , et see on siinsamas Jolbertil linti võetud . 	kui liiv seest olema välja turritama|turritanud miski rohekas vorstilaadne moodustis , võima oletama , et see olema siinsamas Jolbert|Jolberti lint võetud|võtma .
4		 Igatahes oli see nii parasjagu totter , et üksildastel südametel - jah , sellest mõistest sain ma ehk pisut paremini aru - oleks , millest omavahel rääkida . 	igatahes olema see nii parasjagu totter , et üksildane süda - jah , see mõiste saama mina ehk pisut paremini aru - olema , mis omavahel rääkima .
4		 Ja ennast mitte enam nõnda üksildasena tunda . 	ja ise mitte enam nõnda üksildane tundma .
5		" "" Ükskõik , eks ole ju , "" lisas ta leplikumalt . "	""" ükskõik , eks olema ju , "" lisama tema leplikumalt ."
6		 Siuke blond . 	Siuke blond .
6		 Ja meeldivalt ümar . 	ja meeldivalt ümar .
6		 Natuke halli seas , kui ma keemia mitte-just-kõikvõimsusest õieti aru sain . 	natuke hall seas , kui mina keemia mitte-just-kõikvõimsus õieti aru saama .
6		 Aga või siis mina kellegi raske lapsepõlve vastu midagi ette sain võtta . 	aga või siis mina keegi raske lapsepõli|lapsepõlv vastu miski ette saama võtma .
6		 Ja et ükskõik , hakkas mulle endalegi tunduma . 	ja et ükskõik , hakkama mina ise tunduma .
6		 Ainult et : kui ta nüüd korraliku - või pisut enamgi - napsi raha eest teed lürpis , võinuks seda pidada avansiks . 	ainult et : kui tema nüüd korralik - või pisut enam - naps raha eest tee lürpima , võima see pidama avanss .
6		 Muude teenuste eest . 	muu teenus eest .
7		" "" Vaata , kes seal on , "" osutasin tema selja taha . "	""" vaatama , kes seal olema , "" osutama tema selg taha ."
7		 Ja kui ta end tõepoolest pööras , napsasin klaasi ning maitsesin . 	ja kui tema ise tõepoolest pöörama , napsama klaas ning maitsema|maitsma .
7		 Suutmata paraku alkoholisisalduses selgusele jõuda . 	Suutmata paraku alkoholisisaldus selgus jõudma .
7		 Midagi seal oli . 	miski seal olema .
7		 Kas just hinna vääriliselt , ei osanud ma arvata . 	kas just hind vääriliselt , ei osanud|oskama mina arvama .
8		" "" Tõmba minema , "" oli ta mu liigutust märgates tõsiselt pahane . "	""" tõmbama minema , "" olema tema mina liigutus märkama tõsiselt pahane ."
8		 Ja tõukas klaasi demonstratiivselt eemale . 	ja tõukama klaas demonstratiivselt eemale .
8		" "" Mine ja laku oma semudega või vaata kinu või vaju maa alla , aga jäta mind rahule . "	""" minema ja lakkuma oma semu või vaatama kinuma või vajuma maa alla , aga jätma mina rahule ."
8		" "" "	""""
9		 Kuidagi totralt kukkus välja . 	kuidagi totralt kukkuma välja .
9		 Ära minna oli tobe ja paigale jääda oli tobe . 	ära minema olema tobe ja paigale jääma olema tobe .
9		" "" Nad räägivad jalgpallist , "" kurtsin . "	""" tema rääkima jalgpall , "" kurtma ."
10		" "" Ja sa oled nagu rohkem kriketi-fänn ? "" võttis ta vaevaks vähemalt vastata . "	""" ja sina olema nagu rohkem kriketi-fänn ? "" võtma tema vaev vähemalt vastama ."
10		" "" Need käivad teises kõrtsis . "	""" see käima teine kõrts ."
10		" "" "	""""
11		" "" Ei , ega mul poleks midagi selle vastu , kui just meie kaevanduse jõuk kasvõi Viie Planeedi Mängudel meistriks tuleks , aga mulle ei meeldi jahuda , mitu sekundit keegi söödu ajastamisel eksis või nii , "" patrasin . "	""" ei , ega mina olema miski see vastu , kui just mina kaevandus jõuk kasvõi viis planeet mäng meister tulema , aga mina ei meeldima jahuma , mitu sekund keegi söödu ajastamine eksima või nii , "" patrama ."
12		" "" Ahah , "" haigutas ta igavlevalt , silmi suurelt ekraanilt pööramata . "	""" ahah , "" haigutama tema igavlevalt , silm suur ekraan pöörama ."
12		" "" Nagu ma juba ütlesin , tõmba minema , poisu , meil ei tule sinuga midagi välja . "	""" nagu mina juba ütlema , tõmbama minema , poisu , mina ei tulema sina miski välja ."
12		" Ja võta see klaas kaasa , "" lisas ta nagu meeldetuletuseks . "	"ja võtma see klaas kaasa , "" lisama tema nagu meeldetuletus ."
13		" "" Ma tahtsin ainult teada , misasi see on . "	""" mina tahtma ainult teadma , misasi see olema ."
13		" "" "	""""
14		 Enam ta vastata ei viitsinud . 	enam tema vastama ei viitsima|viitsinud .
14		 Mulle tuli meelde , et mõnel pool ollakse kehavedelike vahetamise suhtes nii ettevaatlikud küll , et ka sülg tuleb arvesse , aga keegi polnud mind hoiatanud , et siin võiks nii olla . 	mina tulema meel , et mõni pool olema kehavedelik vahetamine suhtes nii ettevaatlik küll , et ka sülg tulema arve , aga keegi olema mina hoiatama|hoiatanud , et siin võima nii olema .
14		 Üldse polnud keegi eriti seletanud , mis siin on ja mida pole . 	üldse olema keegi eriti seletama|seletanud , mis siin olema ja mis olema .
14		 Liiv , eks ju , mis siis veel tahta . 	liiv , eks ju , mis siis veel tahtma .
15		 Läksin kolleegide-saatusekaaslaste juurde tagasi . 	minema kolleegide-saatusekaaslane juurde tagasi .
15		 Midagi nad seal jõmisesid . 	miski tema seal jõmisema .
15		" "" Kui ta veel kaks sekundit oleks palli oma käes hoidnud ... "" ütlesin . "	""" kui tema veel kaks sekund olema pall oma käsi hoidma|hoidnud ... "" ütlema ."
15		" "" Siis oleks ta kotti pandud , "" leidis Kolõvanov . "	""" siis olema tema kott pandud|panema , "" leidma Kolõvanov ."
15		" "" Millest sa räägid üldse ? "" "	""" mis sina rääkima üldse ? """
15		 Kehitasin õlgu . 	kehitama õlg .
15		" "" Viitsid , proovi ja ütle , mis see on , "" vehkisin kaasavõetud klaasiga . "	""" viitma , proovima ja ütlema , mis see olema , "" vehkima kaasavõetud klaas ."
15		" "" Täitsa lolliks läind , "" polnud ta üldse huvitatud . "	""" täitsa loll läind , "" olema tema üldse huvitama|huvitatud ."
15		 Jätsin klaasi lauale - äkki mõni kogemata siiski proovib - ja lonkisin baarileti äärde . 	jätma klaas laud - äkki mõni kogemata siiski proovima - ja lonkima baarilett äärde .
15		 Tellisin viski , rüüpasin ära . 	tellima viski , rüüpama ära .
15		 Ootasin paar minutit . 	ootama paar minut .
15		 Põlved läksid nagu natuke pehmemaks ja olemine pisut unisemaks . 	põli|põlv minema nagu natuke pehmem ja olemine pisut unisem .
15		 Mul oli ähmane mälestus , et midagi võiks veel juhtuda . 	mina olema ähmane mälestus , et miski võima veel juhtuma .
15		 Aga kui ei , siis ei . 	aga kui ei , siis ei .
15		 Väga ei huvitanudki . 	väga ei huvitama .
15		 Nagu ka suveniiriks saadud klaasi sisu , meeste loba või muud elu pisikesed müsteeriumid . 	nagu ka suveniir saadud|saama klaas sisu , mees loba või muu elu pisike|pisikene müsteerium .
15		 Koju ja magama ... 	kodu ja magama ...
16		 Tööga oli nii , et kaks päeva tööl ja üks vaba . 	töö olema nii , et kaks päev töö ja üks vaba .
16		 Lakkuda võis pärast selle teise tööpäeva lõppu . 	lakkuma võima pärast see teine tööpäev lõpp .
16		 Vaba päeva hommikul ehk ka , aga kes see hommikul ikka suuremat hoolib . 	vaba päev hommik ehk ka , aga kes see hommik ikka suurem hoolima .
16		 Asi selles , et uuesti tööle ilmudes tuli torusse puhuda . 	asi see , et uuesti töö ilmuma tulema toru puhuma .
16		 Õhk puhas , said traktori . 	õhk puhas , saama traktor .
16		 Miskid jääknähud - said labida . 	miski jääknäht - saama labidas .
16		 Jupp vahet . 	jupp vahe .
16		 Eriti selles , et traktoril on katus . 	eriti see , et traktor olema katus .
16		 Mina polnud labida peale sattunud . 	mina olema labidas peale sattuma|sattunud .
16		 Ei tahtnud ka . 	ei tahtma|tahtnud ka .
17		 Koju , koikusse ja magama . 	kodu , koiku ja magama .
17		 Ning tuli jälle sama unenägu . 	ning tulema jälle sama unenägu .
17		 Mitte et ma seda lausa iga öö oleksin näinud , aga igatahes kippus korduma . 	mitte et mina see lausa iga öö olema nägema|näima|näinud , aga igatahes kippuma korduma .
17		 Mingi linn . 	mingi linn .
17		 Polnud tähtis , milline , sest ma nägin vaid tühist osa sellest . 	olema tähtis , milline , sest mina nägema vaid tühine osa see .
17		 Igatahes tänav . 	igatahes tänav .
17		 Istusin kõnniteel ja toetusin seljaga vastu maja . 	istuma kõnnitee ja toetuma selg vastu maja .
17		 Ma ei tea , mis maja see oli , ainus , mis luges , oli see , et pakkus mu seljale kindlat tuge . 	mina ei teadma , mis maja see olema , ainus , mis lugema , olema see , et pakkuma mina selg kindel tugi .
17		 Maja oli selja taga , ma ei näinud seda ja ei huvitanud ka . 	maja olema selg taga , mina ei nägema|näima|näinud see ja ei huvitama|huvitanud ka .
17		 Taevas oli pime , minust kummalgi pool , paarikümne meetri kaugusel , põlesid tuhmid tänavalaternad . 	taevas olema pime , mina kumbki pool , paarkümmend meeter kaugusel , põlema tuhm tänavalatern .
17		 Tänav ise oli vihmajärgselt niiske ja läikis laternavalguses . 	tänav ise olema vihmajärgselt niiske ja läikima laternavalgus .
17		 Nii et päris kindlasti ei olnud see Jolbertil , sest siin ei saja , eks ole . 	nii et pärima kindlasti ei olema|olnud see Jolbert|Jolberti , sest siin ei sada , eks olema .
17		 Istusin , ja üsna otse minu ees , kõnniteeserva taga rentslis , oli äravoolurest . 	istuma , ja üsna otse mina ees , kõnniteeserv taga rentsel , olema äravoolurest .
17		 Mul on tunne , et kui ma seda und esimest korda nägin , siis oligi ainult rest , muud ei midagi . 	mina olema tunne , et kui mina see uni esimene kord nägema , siis olema ainult rest , muu ei miski .
17		 Istusin aga seepärast , et ei jaksanud edasi minna . 	istuma aga seepärast , et ei jaksama|jaksanud edasi minema .
17		 Oli kuidagi õudselt paha olla . 	olema kuidagi õudselt paha olema .
17		 Olin kusagilt tulnud , tundnud , et ei jaksa enam , ja maha istunud . 	olema kusagilt tulema|tulnud , tundma|tundnud , et ei jaksama enam , ja maha istuma|istunud .
17		 Ühtlasi olin kindel , et see pole haigus , vaid mingi keemiaga liialdamise tulemus . 	ühtlasi olema kindel , et see olema haigus , vaid mingi keemia liialdamine tulemus .
17		 Kasvõi näiteks alkoholiga . 	kasvõi näiteks alkohol .
17		 Istusin , ei jaksanud ennast liigutada , ja samas teadsin - unes ikka - et selline seisund ei ole minu jaoks just haruldane . 	istuma , ei jaksama|jaksanud ise liigutama , ja samas teadma - uni ikka - et selline seisund ei olema mina jaoks just haruldane .
17		 Et puhkan natuke ja küll läheb üle . 	et puhkama natuke ja küll minema üle .
17		 Ainult seal rentslis , resti peal oli midagi . 	ainult seal rentsel , rest peal olema miski .
17		 Iga järgmise unenäoga ikka rohkem , või kuidas seda seletada . 	iga järgmine unenägu ikka rohkem , või kuidas see seletama .
17		 Midagi sinakat . 	miski sinakas .
17		 Määrdunudsinist . 	määrdunudsinine .
17		 Neljanurgelist . 	Neljanurgel|Neljanurgeli .
17		 Mis meenutas näiteks rahakotti . 	mis meenutama näide rahakott .
17		 Tõepoolest , iga kord oli see üha rohkem rahakoti moodi . 	tõepoolest , iga kord olema see üha rohkem rahakott moodi .
17		 Aga ma ei jaksanud liigutada . 	aga mina ei jaksama|jaksanud liigutama .
17		 Isegi mitte kätt sirutada . 	isegi mitte käsi sirutama .
17		 Õudselt tüütu unenägu . 	õudselt tüütu unenägu .
17		 Isegi kui tead , et see on ainult unenägu . 	isegi kui teadma , et see olema ainult unenägu .
17		 Ma nagu teadsin - ja tahtsin , et see enam tagasi ei tuleks . 	mina nagu teadma - ja tahtma , et see enam tagasi ei tulema .
17		 Aga selleks pidin ma midagi tegema . 	aga see pidama mina miski tegema .
17		 Ei suutnud , aga pidin . 	ei suutma|suutnud , aga pidama .
17		 Julgustasin end - ikka unes - kätt sirutama . 	julgustama end - ikka uni - käsi sirutama .
17		 Kinnitades , et kui hakkabki veel halvem , siis ei saa juhtuda midagi hullemat ülesärkamisest . 	kinnitama , et kui hakkama veel halvem , siis ei saama juhtuma miski hullem ülesärkamine .
17		 Mis oleks isegi tervitatav . 	mis olema isegi tervitatav .
17		 Nii et vähehaaval sirutasin ma käe välja . 	nii et vähehaaval sirutama mina käsi välja .
17		 Tundsin sõrmeotstega kulunud nahkpinda ja lõõtsutasin tükk aega . 	tundma sõrmeots kuluma|kulunud nahkpind ja lõõtsutama tükk aeg .
17		 Nihutasin seda sinist asja , mis tundus tõesti rahakott olevat , mõne sentimeetri võrra enda poole . 	nihutama see sinine asi , mis tunduma tõesti rahakott olema , mõni sentimeeter võrra ise poole .
17		 Kuni kõnniteeservani . 	kuni kõnniteeserv .
17		 Edasi ei andnud enam nihutada . 	edasi ei andma|andnud enam nihutama .
17		 Valmistusin pingutuseks , et rahakotti kätte haarata . 	valmistuma pingutus , et rahakott käsi haarama .
17		 Siis läks pilt korraks ära . 	siis minema pilt korraks ära .
17		 ( Ka selles , meenus mulle , pole midagi ebatavalist . ) 	( ka see , meenuma mina , olema miski ebatavaline . )
17		 Tuli tagasi . 	tulema tagasi .
17		 Istusin samas kohas ja sinine kulunud rahakott oli mul pihus . 	istuma sama koha|koht ja sinine kuluma|kulunud rahakott olema mina pihk|pihu .
17		 Ei tundunud tuttav . 	ei tunduma|tundunud tuttav .
17		 Veel üks tohutu pingutus , ja ma avasin rahakoti . 	veel üks tohutu pingutus , ja mina avama rahakott .
17		 Selle vahel olid mõned plastkaardid . 	see vahel olema mõni plastkaart .
17		 Mõni neist võis tähendada raha . 	mõni see võima tähendama raha .
17		 Mida ma vaevalt küll kätte saan . 	mis mina vaevalt küll käsi saama .
17		 Ei tea kontrollkoodi , ei vasta isikukirjeldusele ja nii edasi . 	ei teadma kontrollkood , ei vastama isikukirjeldus ja nii edasi .
17		 Nii et kasutu värk . 	nii et kasutu värk .
17		 Kujund kõige pealmiselt kaardilt tundus kuidagi tuttav . 	kujund kõige pealmine kaart tunduma kuidagi tuttav .
17		 Mingi silm , mingid kiired . 	mingi silm , mingi kiir .
17		 Lasin rahakoti lahti ja see kukkus maha . 	laskma rahakott lahti ja see kukkuma maha .
17		 Mina ärkasin üles . 	mina ärkama üles .
17		 Ei olnud veel hommik . 	ei olema|olnud veel hommik .
17		 Pöörasin teise külje . 	pöörama teine külg .
17		 Unenägu ei tulnud enam tagasi . 	unenägu ei tulema|tulnud enam tagasi .
18		 Aga kui hommik - ja vaba päeva arvestades üsna hiline hommik - lõpuks kätte jõudis , oli midagi sellest unenäost meeles . 	aga kui hommik - ja vaba päev arvestama üsna hiline hommik - lõpuks käsi jõudma , olema miski see unenägu meel .
18		 Ja kuna mul nagunii midagi mõistlikku teha ei olnud , siis ma sorteerisin natuke kotti , millega ma Jolbertile olin saabunud . 	ja kuna mina nagunii miski mõistlik tegema ei olema|olnud , siis mina sorteerima natuke kott , mis mina Jolbert|Jolberti olema saabuma|saabunud .
18		 Kus muu üpris kasutu kola hulgas oli lömmis karp mõttetute kaardikestega . 	kus muu üpris kasutu kola hulgas olema lömmis karp mõttetu kaardike .
18		 Mitte et ma neid kunagi kogunud oleksin . 	mitte et mina tema kunagi koguma|kogunud olema .
18		 Kindlasti olin ma neid elu jooksul terve hulga ära visanud . 	kindlasti olema mina tema elu jooksul terve hulk ära visanud|viskama .
18		 Aga küllap oli mul olnud harjumus , et kui kaardi kujundus mulle millegi poolest huvitav tundus , pistsin ma selle kuhugi laekasse . 	aga küllap olema mina olema|olnud harjumus , et kui kaart kujundus mina miski poolest huvitav tunduma , pistma mina see kuhugi laegas .
18		 Kõik rahaga seotu olid ametivõimud muidugi konfiskeerinud . 	kõik raha seotud olema ametivõim muidugi konfiskeerima|konfiskeerinud .
18		 Aga kui Greenstone Rahvuspargi kolmepäevasele külastajakaardile - ja just see sattus kõige peal olema - oligi jäänud realiseerimata õigusi veel mõnede madude nägemiseks , siis olnuks selle rahaks vahetamine üpris komplitseeritud . 	aga kui Greenstone rahvuspark kolmepäevane külastajakaart - ja just see sattuma kõige peal olema - olema jääma|jäänud realiseerimata õigus veel mõni madu nägemine , siis olema see raha vahetamine üpris komplitseerima|komplitseeritud .
18		 Kui nii võtta , siis oli nende kasutute asjade karpikogumine ja mulle kaasa panemine lausa mõnitamine . 	kui nii võtma , siis olema tema kasutu asi karpikogumine ja mina kaasa panemine lausa mõnitamine .
18		 Et kui mul oli õigus isiklikele asjadele , olgu need siis eriti totrad . 	et kui mina olema õigus isiklik asi , olema see siis eriti totter .
18		 Paljudel kaartidel polnud peal mingit kasutamisjuhendit . 	palju kaart olema peal mingi kasutamisjuhend .
18		 Lihtsalt mingi firma logo - kui sedagi . 	lihtsalt mingi firma logo - kui see .
18		 Ja mul polnud aimugi , oli see siis viie aasta eest aegunud transpordikaart mõnes siit väga kauges linnas või samakaugel asuva luksuskaubamaja kliendikaart . 	ja mina olema aim , olema see siis viis aasta eest aeguma|aegunud transpordikaart mõni siit väga kauge linn või samakauge asuv luksuskaubamaja kliendikaart .
18		 Mäluga oli just nii , nagu oli , ja selle eest , et mulle vaid kasutu praht jääks , olid hoolitsenud oma ala profid . 	mälu olema just nii , nagu olema , ja see eest , et mina vaid kasutu praht jääma , olema hoolitsenu oma ala proff .
18		 Aga ... sümbol ühe sinaka plastikutüki peal meenutas küll seda , mida ma unes näinud olin . 	aga ... sümbol üks sinakas plastikutükk peal meenutama küll see , mis mina uni nägema|näima|näinud olema .
18		 Mitte täpselt , muidugi , aga mingi sarnasus oli . 	mitte täpselt , muidugi , aga mingi sarnasus olema .
18		 See kuulus nende kirjadeta kaartide hulka . 	see kuuluma see kiri kaart hulka .
18		 Kohe järgmiselt sain teada , et olen mingi haridusprogrammi kuldsponsorina annetanud summa , mis võrdus enam-vähem mu siinse aastapalgaga . 	kohe järgmiselt saama teadma , et olema mingi haridusprogramm kuldsponsor annetama|annetanud summa , mis võrduma enam-vähem mina siinne aastapalk .
18		 Mõistetav siis , et ma ei kippunud neid kaardikesi igal õhtul nostalgiliselt lappama . 	mõistetav siis , et mina ei kippuma|kippunud see kaardike iga õhtu nostalgiliselt lappama .
18		 Aga see sinine - selle võis ju taskusse pista . 	aga see sinine - see võima ju tasku pistma .
18		 Ja kui sümbol mulle unes tuttavana oli tundunud , siis mitte kaardilt , mille olemasolu olin unustanud aastaid tagasi ... 	ja kui sümbol mina uni tuttav olema tunduma|tundunud , siis mitte kaart , mis olemasolu olema unustama|unustanud aasta tagasi ...
18		 Nojah , jälle see mälu-värk ... 	nojah , jälle see mälu-värk ...
19		 Läksin ja hulkusin ringi . 	minema ja hulkuma ringi .
19		 Päevaga võinuks linnakese kõik tänavad algusest lõpuni läbi käia . 	päev võima linnake kõik tänav algus lõpp läbi käima .
19		 Polnud lausa eesmärk ... 	olema lausa eesmärk ...
19		 Ja mõnda poekesse võis sisse astuda . 	ja mõni poeke võima sisse astuma .
19		 Kuigi pidi olema üsna selge , et ma ei kavatse endale uut teeserviisi osta . 	kuigi pidama olema üsna selge , et mina ei kavatsema ise uus teeserviis ostma .
19		 Ega ka midagi muud . 	ega ka miski muu .
19		 Aga kindlasti oli veel tänavajuppe , kuhu ma polnud sattunud . 	aga kindlasti olema veel tänavajupp , kuhu mina olema sattuma|sattunud .
19		 Või kus olin käinud , vilksamisi silmanurgast märganud - jah , just seda seal . 	või kus olema käima|käinud , vilksamisi silmanurk märganud|märkama - jah , just see seal .
19		 Eksklusiivsete näokreemide poekese ja pesumaja vahel . 	Eksklusiivne näokreem poeke ja pesumaja vahel .
19		 Silt ainult kohalikus keeles , mida ma polnud viitsinud lugema õppida . 	silt ainult kohalik keel , mis mina olema viitsima|viitsinud lugema õppima .
19		 Aga silm ja kiired olid ukse peal küll . 	aga silm ja kiir olema uks peal küll .
20		 Olin juba paar sammu möödas , pöörasin ringi ja astusin sisse , ukse liikumise peale hakkas kelluke meloodiliselt helisema . 	olema juba paar samm möödas , pöörama ringi ja astuma sisse , uks liikumine peale hakkama kelluke meloodiliselt helisema .
20		 Väike ooteruum , paar tooli , paar argist kappi , laud monitoriga , laua taga tütarlaps . 	väike ooteruum , paar tool , paar argine kapp , laud|laug monitor , laud taga tütarlaps .
20		 Silmad kinni , silmanurgad ülespoole . 	silm kinni , silmanurk ülespoole .
20		 Siuke tõmmu , sirged mustad juuksed õlgadeni . 	siuke tõmmu , sirge must juus õlg .
20		 Tegi silmad aeglaselt lahti ja naeratas heatahtlikult . 	tegema silm aeglaselt lahti ja naeratama heatahtlikult .
20		 Istusin tema vastu , teisele poole lauda . 	istuma tema vastu , teine poole laud .
20		" Seljas oli tal lihtne sinine kittel - ja südame kohale oli tikitud "" Kyoko "" . "	"Seljas olema tema lihtne sinine kittel - ja süda kohale olema tikitud|tikkima "" Kyoko "" ."
21		" "" Et on muret või ? "" küsis ta . "	""" et olema mure või ? "" küsima tema ."
21		 Kuidagi koduselt , sugugi mitte ametlikult . 	kuidagi koduselt , sugugi mitte ametlikult .
21		 Minul polnud aimugi , mis koht see üldse on . 	mina olema aim , mis koht see üldse olema .
22		" "" On küll , "" kinnitasin . "	""" olema küll , "" kinnitama ."
22		" "" Kas Kyoko oled sina ? "" uurisin . "	""" kas Kyoko olema sina ? "" uurima ."
23		" "" Jah , muidugi , "" oli ta vist isegi üllatunud . "	""" jah , muidugi , "" olema tema vist isegi üllatuma|üllatunud ."
24		" "" Kyoko Date oli kunagi kuulus laulja , "" meenutasin . "	""" Kyoko Date olema kunagi kuulus laulja , "" meenutama ."
25		" "" Võimalik , "" naeratas ta viisakalt . "	""" võimalik , "" naeratama tema viisakalt ."
25		" "" Aga see mure ? "" "	""" aga see mure ? """
26		" "" Mure ? "	""" mure ?"
26		 Mure jah . 	mure jah .
26		 Naised ei tunne enam minu vastu huvi . 	naine ei tundma enam mina vastu huvi .
26		" "" "	""""
27		" "" Võibolla on see vastastikune ? "" küsis ta muutumatu lahkusega . "	""" võibolla olema see vastastikune ? "" küsima tema muutumatu lahkus ."
28		" "" Võimalik , aga asi pole vist ainult selles . "	""" võimalik , aga asi olema vist ainult see ."
28		" "" "	""""
29		" "" Siis ma pean täpsustuseks küsima , millised naised ? "	""" siis mina pidama täpsustus küsima , milline naine ?"
29		" Kas küsimus on ühes konkreetses või on see kuidagi laiem probleem ? "" "	"kas küsimus olema üks konkreetne või olema see kuidagi laiem probleem ? """
30		 Kui ta seda nii asjalikult küsis , võis jääda mulje , nagu oleksin ma tõesti õigesse kohta sattunud . 	kui tema see nii asjalikult küsima , võima jääma mulje , nagu olema mina tõesti õige kohta sattuma|sattunud .
30		 Mis oli muidugi võimatu . 	mis olema muidugi võimatu .
31		" "" Ütleme , naised "" Metsikust Läänest "" . "	""" ütlema , naine "" metsik lääs "" ."
31		" Ja tegelikult "" Varaanist "" ka . "	"ja tegelikult "" Varaan|Varaani "" ka ."
31		" "" "	""""
32		" "" "" Metsikus Läänes "" on nad suhteliselt kallid , "" teatas ta lausa südamlikult . "	""" "" metsikus Lääne|Lääs "" olema tema suhteliselt kallis , "" teatama tema lausa südamlikult ."
32		 Nagu mu kulunud rõivastele vihjates . 	nagu mina kuluma|kulunud rõivas vihjama .
33		" "" Huvipuuduse kohalt võib sul õigus olla , "" nõustusin . "	""" huvipuudus kohalt võima sina õigus olema , "" nõustuma ."
33		" "" Ükski neist ei huvitanud mind sedavõrd kui sina . "" "	""" üks see ei huvitama|huvitanud mina sedavõrd kui sina . """
33		 Tegelikult ma mõtlesingi nii . 	tegelikult mina mõtlema nii .
33		 Ta meeldis mulle . 	tema meeldima mina .
33		 Midagi tema lõuakaares ja kaelas ja juuste vahelt paistavas kõrvalestas äratas minus - noh , ma ei tea , mingi õrnuse . 	miski tema lõuakaar ja kael ja juus vahelt paistava kõrvalest äratama mina - noh , mina ei teadma , mingi õrnus .
33		 Mingi tundevarjundi , mida ma polnud vist juba väga tükk aega kogenud . 	mingi tundevarjund , mis mina olema vist juba väga tükk aeg kogema|kogenud .
33		" "" Kas ma võin sind kuhugi kutsuda ? "" "	""" kas mina võima sina kuhugi kutsuma ? """
34		" "" Hmmm , "" tegi ta ainult , aga päriselt ta naeratus ei kadunud . "	""" hmm , "" tegema tema ainult , aga päriselt tema naeratus ei kaduma|kadunud ."
35		" "" Tead , sa meeldid mulle . "	""" teadma , sina meeldima mina ."
35		" Muidugi olen ma nõus kõigi ettevaatusabinõudega , isegi suukorviga , kui siin vedelike suhtes nii tundlikud ollakse , "" patrasin kiiruga . "	"muidugi olema mina nõus kõik ettevaatusabinõu , isegi suukorv , kui siin vedelik suhtes nii tundlik olema , "" patrama kiir|kiird ."
36		" "" Vaata ... "" ütles ta ja ma olin kindel , et ta otsib viisakaks äraütlemiseks sõnu , aga selgus , et ta mõtleski vaatamist . "	""" vaatama ... "" ütlema tema ja mina olema kindel , et tema otsima viisakas äraütlemine sõna , aga selguma , et tema mõtlema vaatamine ."
36		 Ta oli käed lauale asetanud , pihupesad allapoole , ja küünte alt tungisid esile kolmnurksed terad . 	tema olema käsi laud asetama|asetanud , pihupesa allapoole , ja küüs alt tungima esile kolmnurkne tera .
36		 Paari sentimeetri pikkused ja igasuguse kahtluseta väga teravad . 	paar sentimeeter pikkune ja igasugune kahtlus väga terav .
37		" Nüüd oli minu kord mõtlikult "" hmmm "" teha . "	"nüüd olema mina kord mõtlikult "" hmm "" tegema ."
38		" "" Eks ole , "" kinnitas ta . "	""" eks olema , "" kinnitama tema ."
38		" "" See on ... refleksidega ühendatud . "	""" see olema ... refleks ühendama|ühendatud ."
38		 Kui noviitsiaeg mööda saab , siis ühendatakse ümber . 	kui noviitsiaeg mööda saama , siis ühendama ümber .
38		 Siis ma saan neid teadlikult kasutada . 	siis mina saama tema teadlikult kasutama .
38		 Aga preaegu - tarvitseb mul vaid seksile mõelda , ja need on kohe väljas . 	aga preaeg - tarvitsema mina vaid seks mõtlema , ja see olema kohe väljas .
38		" "" "	""""
39		" "" See võib isegi huvitav olla ... "" "	""" see võima isegi huvitav olema ... """
40		" "" Ei ole , "" kinnitas ta veendunult . "	""" ei olema , "" kinnitama tema veendunult ."
41		" "" Aga sa siis ikkagi mõtlesid ? "" olin ma üllatunud . "	""" aga sina siis ikkagi mõtlema ? "" olema mina üllatuma|üllatunud ."
42		" "" Ma mõtlesin , milline sa suukorviga välja näeksid . "" "	""" mina mõtlema , milline sina suukorv välja nägema . """
42		 Mulle tundus , et see polnud enam sekretäri valvenaeratus , vaid päris siiras irve . 	mina tunduma , et see olema enam sekretär valvenaeratus , vaid päris siiras irve .
43		" "" Nojah , eks sa ise tea , "" jäi mul vaid öelda . "	""" nojah , eks sina ise teadma , "" jääma mina vaid ütlema ."
44		" "" Tean , "" ütles ta , ja terad kadusid küünte alla tagasi . "	""" teadma , "" ütlema tema , ja tera kaduma küüs alla tagasi ."
44		" "" Nii et ... "" "	""" nii et ... """
45		" "" Tegelikult oli mul see ka , "" viskasin sinise plastikutüki hooletult lauale . "	""" tegelikult olema mina see ka , "" viskama sinine plastikutükk hooletult laud ."
46		" "" Vaatame , "" pistis ta selle asjalikult lugejasse . "	""" vaatama , "" pistma tema see asjalikult lugeja ."
46		 Ja tema silmad läksid suureks . 	ja tema silm minema suur .
46		 Peaaegu ümmarguseks . 	peaaegu ümmargune .
46		" "" ID ka , palun , "" ütles ta . "	""" id ka , paluma , "" ütlema tema ."
46		 Kuidagi vaikselt . 	kuidagi vaikselt .
47		 Otsisin isikukaardi , Jolbertile jõudes oli mulle uus antud , määrdunudhall , nagu liigagi palju asju siin . 	otsima isikukaart , Jolbertile jõudma olema mina uus andma|antud , määrdunudhall , nagu liiga palju asi siin .
47		 Ta söötis selle ka oma masinasse . 	tema söötma see ka oma masin .
47		 Ja põrnitses midagi hämmastunult . 	ja põrnitsema miski hämmastunult .
48		" "" Ei klapi või ? "" uurisin . "	""" ei klappima või ? "" uurima ."
49		" "" Isikukirjeldus klapib , "" ütles ta ja hakkas siis itsitama . "	""" Isikukirjeldus klappima , "" ütlema tema ja hakkama siis itsitama ."
49		" "" Ainult et kolmekuuse kohta on su huvi naiste vastu kuidagi varaküps . "	""" ainult et kolmekuusk kohta olema sina huvi naine vastu kuidagi varaküps ."
49		 Aga kolmekuuse kohta oled sa üldse kiire arenguga olnud . 	aga kolmekuusk kohta olema sina üldse kiire areng olema|olnud .
49		" "" "	""""
50		" "" Kolmekuuse ? "" ei saanud ma aru . "	""" kolmekuusk ? "" ei saama|saanud mina aru ."
50		" "" Umbes kolm kuud olen ma Jolbertil olnud küll , aga ... "" "	""" umbes kolm kuu olema mina Jolbert|Jolberti olema|olnud küll , aga ... """
51		" "" Minu meelest see ei ole siin üldiseks tavaks , "" vangutas ta pead , "" aga ilmselt on isikukaardil saabumisaeg sünnipäevaks pandud . "	""" mina meelest see ei olema siin üldine tava , "" vangutama tema pea , "" aga ilmselt olema isikukaart saabumisaeg sünnipäev pandud|panema ."
51		 Ja sünnikoht on Jolbert . 	ja sünnikoht olema Jolbert .
51		" "" "	""""
52		 Millegipärast jättis see mind suhteliselt ükskõikseks . 	millegipärast jätma see mina suhteliselt ükskõikne .
52		 Võimalik , et enne ametlikult täisealiseks saamist poleks ma saanud äralennupiletit , aga mul polnudki plaanis niipea lahkuda . 	võimalik , et enne ametlikult täisealine saamine olema mina saama|saanud äralennupilet , aga mina olema plaan niipea lahkuma .
52		" "" Aga see teine ? "" "	""" aga see teine ? """
53		" "" Jah . "	""" jah ."
53		" Kas ma tohiks ... "" ulatas ta mulle aluse , kuhu ma pidin pöidla suruma . "	"kas mina tohtima ... "" ulatama tema mina alune|alus , kuhu mina pidama pöial suruma ."
53		 Ja siis torukese , kuhu pidin sisse vaatama . 	ja siis toruke , kuhu pidama sisse vaatama .
53		 Õigemini vaatas toru küll minu silmapõhja . 	õigemini vaatama toru küll mina silmapõhi .
54		" "" Silm klapib , DNA lubatud tolerantsi piirides , "" pomises ta omaette . "	""" Silm klappima , DNA lubama|lubatu|lubatud tolerants piir , "" pomisema tema omaette ."
54		 Tõstis siis pilgu ja vaatas mind huvitatult . 	tõstma siis pilk ja vaatama mina huvitatult .
54		" "" Ma pole kunagi varem nii põhjalikku kaetamise-vastast kindlustust näinud . "	""" mina olema kunagi varem nii põhjalik kaetamise-vastane kindlustus nägema|näima|näinud ."
54		" "" "	""""
55		" "" Tuleb meelde , et ma lasin oma juristil sellega terve nädala tegeleda , "" ütlesin . "	""" tulema meel , et mina laskma oma jurist see terve nädal tegelema , "" ütlema ."
55		 Tegelikult tuligi midagi meelde . 	tegelikult tulema miski meel .
56		" "" Siis muidugi , "" noogutas ta tõsiselt . "	""" siis muidugi , "" noogutama tema tõsiselt ."
56		 Itsitas korraks ja tegi uuesti tõsise näo . 	itsitama korraks ja tegema uuesti tõsine nägu .
56		" "" Lihtsalt - valdaval osal siinsetest elanikest pole võimalust nii põhjaliku juristi palkamiseks . "	""" lihtsalt - valdav osa siinne elanik olema võimalus nii põhjalik jurist palkamine ."
56		" "" "	""""
57		" "" Ma mõistan , "" laiutasin käsi . "	""" mina mõistma , "" laiutama käsi ."
57		 Kuigi eriti ei mõistnud . 	kuigi eriti ei mõistma|mõistnud .
58		 Kyoko laiutas samuti käsi . 	Kyoko laiutama samuti käsi .
58		" "" Nii tõsine juhtum ei kuulu minu kompetentsi . "	""" nii tõsine juhtum ei kuuluma mina kompetents ."
58		 Mul on kahju , aga ... 	mina olema kahju , aga ...
58		 Eminents on ära , ringreisil . 	eminents olema ära , ringreis .
58		 Üksi mitme planeedi peale , eks ole . 	üksi mitu planeet peale , eks olema .
58		 Tuleb nädala pärast . 	tulema nädal pärast .
58		" "" "	""""
59		" "" Mu töögraafik on selline , et - kas üheksa päeva pärast sobib ? "" "	""" mina töögraafik olema selline , et - kas üheksa päev pärast sobima ? """
60		" "" Kahtlemata . "	""" kahtlemata ."
60		" Kui ta niisugusest juhtumist kuuleb , jääb ta ilmselt pikemaks ajaks siia pidama , "" naeratas Kyoko . "	"kui tema niisugune juhtum kuulma , jääma tema ilmselt pikem aeg siia pidama , "" naeratama Kyoko ."
60		" "" Kas ma tohin teed pakkuda ? "" "	""" kas mina tohtima tee pakkuma ? """
61		" "" Tänan , järgmine kord , "" ütlesin . "	""" tänama , järgmine kord , "" ütlema ."
61		 Ta meeldis mulle , aga mul oli tunne , et põgusa mälestusena meeldib ta isegi rohkem . 	tema meeldima mina , aga mina olema tunne , et põgus mälestus meeldima tema isegi rohkem .
61		 Nii et pisut nõutult korjasin laualt oma kaardid , pistsin taskusse ja kõndisin minema . 	nii et pisut nõutult korjama laud oma kaart , pistma tasku ja kõndima minema .
61		 Kelluke helises ka väljumisel . 	kelluke helisema ka väljumine .
62		 Kaalusin hetke - või ligi pool tundi - , kas tasub riskida jääknähtude ja labidaga . 	kaaluma hetk - või ligi pool tund - , kas tasuma riskima jääknäht ja labidas .
62		 Leidsin , et võib küll . 	leidma , et võima küll .
62		 Mul ei olnud aimu , mis võiks olla kaetamise-vastane kindlustus , ja ma ei viistinud selle peale mõelda . 	mina ei olema|olnud aim , mis võima olema kaetamise-vastane kindlustus , ja mina ei viistinud see peale mõtlema .
62		 Labidaga kühveldamine olnuks nagu eriti kindel võimalus mitte mõelda . 	Labidaga kühveldamine olema nagu eriti kindel võimalus mitte mõtlema .
62		 Üllatus küll , pääsesin siiski traktori peale . 	üllatus küll , pääsema siiski traktor peale .
62		 Või kuidas seda aparaati nimetadagi . 	või kuidas see aparaat nimetama .
62		 Mis liiva kogub . 	mis liiv koguma .
62		 Liiva , muideks , on mitmesugust . 	Liiva , mui , olema mitmesugune .
62		 Ja siin on ka sellist halli tolmu , mis ei kõlba isegi kassipeldikute täitmiseks . 	ja siin olema ka selline hall tolm , mis ei kõlbama isegi kassipeldik täitmine .
62		 Üldse on kõik üpris hall . 	üldse olema kõik üpris hall .
62		 Jolbertile sattudes mind vist veidi aega isegi häiris , et siin kõik nii värvitu ja hallitooniline on , aga ju ma olen ära harjunud . 	Jolbertile sattuma mina vist veidi aeg isegi häirima , et siin kõik nii värvitu ja hallitooniline olema , aga ju mina olema ära harjuma|harjunud .
62		 Ja hallil ning kollakal ja pruunikal on ju samuti lõputult varjundeid . 	ja hall ning kollakas ja pruunikas olema ju samuti lõputult varjund .
62		 Mille järgi kvaliteetsemat liiva ära tunda . 	mis järgi kvaliteetsem liiv ära tundma .
63		 Tegelikult ei pea kolmandal päeval puhkama . 	tegelikult ei pidama kolmas päev puhkama .
63		 Võib vabatahtlikult tööle minna ja siis saab natuke lisaraha . 	võima vabatahtlikult töö minema ja siis saama natuke lisaraha .
63		 Kuuendal sel juhul juba peab hinge tõmbama ja seda ma ka tegin . 	kuues see juht juba pidama hing tõmbama ja see mina ka tegema .
63		 Peamiselt magades . 	peamiselt magama .
63		 Unenäod olid normaalsed või puudusid , igatahes ei jäänud meelde . 	unenägu olema normaalne või puuduma , igatahes ei jääma|jäänud meel .
63		 Mitte et tööpäevad kuidagi meeldejäävalt oleksid möödunud . 	mitte et tööpäev kuidagi meeldejäävalt olema mööduma|möödunud .
63		 Vahepeal meenus , et millalgi ootab mind salapärane eminents . 	vahepeal meenuma , et millalgi ootama mina salapärane eminents .
64		 Kusjuures ootaski . 	kusjuures ootama .
64		 Ruttasin nüüd juba tuttavast uksest sisse , kelluke helises , Kyoko naeratas , tagaruumi uks läks lahti ja sealt ta tuligi . 	ruttama nüüd juba tuttav uks sisse , kelluke helisema , Kyoko naeratama , tagaruum uks minema lahti ja sealt tema tulema .
64		 Lüheldane , vanemapoolne , hõredate halliseguste juustega mees . 	lüheldane , vanemapoolne , hõre hallisegune juus mees .
64		 Silmad olid sinised ja väga selged . 	silm olema sinine ja väga selge .
64		" Hakkasin miskipärast taskust oma kaarte otsima , aga ta viipas tõrjuvalt : "" Pole vaja , koopiad jäid ju meile ka . "" "	"hakkama miskipärast tasku oma kaart otsima , aga tema viipama tõrjuvalt : "" olema vaja , koopia jääma ju mina ka . """
64		 Ja sirutas käe . 	ja sirutama käsi .
65		" Surusin ta kätt ja kummardasin : "" Teie eminents . "	"suruma tema käsi ja kummardama : "" sina eminents ."
65		" "" "	""""
66		 See näis teda rõõmustavat . 	see näima tema rõõmustama .
66		" "" Eminents jah . "" "	""" eminents jah . """
66		 Ta märkas mu uurivat pilku - temal ei olnudki südame kohal nimesilti . 	tema märkama mina uurima pilk - tema ei olema süda kohal nimesilt .
66		 Või tikandit . 	või tikand .
66		" "" Lihtsalt eminents , tuleb läbi ajada , "" selgitas ta ja osutas Kyokole , "" noortel on veel vabadust ja võimalusi , minusugustel ainult vastutus . "	""" lihtsalt eminents , tulema läbi ajama , "" selgitama tema ja osutama Kyokole , "" noor olema veel vabadus ja võimalus , minusugune ainult vastutus ."
66		 Eks ta ole . 	eks tema olema .
66		 Aga istume . 	aga istuma .
66		" "" "	""""
67		 Istusime . 	istuma .
68		" "" Nii et väikene võlg siis , "" alustas eminents rõõmsal toonil . "	""" nii et väikene võlg siis , "" alustama eminents rõõmus toon ."
68		" Kyoko jälgis meid uudshimuliku pilguga kõrvalt ja ma ütlesingi rohkem talle : "" Tekkis , jah . "	"Kyoko jälgima mina uudshimulik pilk kõrvalt ja mina ütlema rohkem tema : "" tekkima , jah ."
68		 Umbkaudse väärtusega nii kolme Jolberti jagu liiva . 	Umbkaudne|Umbkaudse väärtus nii kolm Jolbert|Jolberti jagu liiv .
68		" "" "	""""
69		 Eminents kortsutas hetkeks mõtlikult laupa , aga reibas ilme tuli kohe tagasi . 	eminents kortsutama hetk mõtlikult laup , aga reibas ilme tulema kohe tagasi .
69		" "" Jah , suurusjärk on õige . "	""" jah , suurusjärk olema õige ."
69		 Muide , ma pean vabandama , ma saabusin alles üleeile ja pole veel jõudnud teie kohta kõiki vajalikke andmeid koguda . 	muide , mina pidama vabandama , mina saabuma alles üleeile ja olema veel jõudma|jõudnud sina kohta kõik vajalik andmed koguma .
69		" "" "	""""
70		" "" Koopiad olid ju jäänud ? "" "	""" koopia olema ju jääma|jäänud ? """
71		" "" Need , jah . "	""" see , jah ."
71		 Teie lahke loaga - ma trükkisin teie lepingu isegi välja . 	sina lahke luba|luga - mina trükkima sina leping isegi välja .
71		 Viiskümmend kaks lehekülge tihedat teksti , harvanähtavalt suurepärane leping , tõepoolest . 	viiskümmend kaks lehekülg tihe tekst , harvanähtava suurepärane leping , tõepoolest .
71		" "" "	""""
72		" "" Kardan , et ise pole ma sellega nii tuttav . "	""" kartma , et ise olema mina see nii tuttav ."
72		" "" "	""""
73		" "" Oh , teil ei tarvitsegi ... "	""" oh , sina ei tarvitsema ..."
73		 Kyoko , kulla laps , tee meile teed , eks ole . 	Kyoko , kuld laps , tegema mina tee , eks olema .
73		" "" "	""""
74		" Kui Kyoko korraks taharuumi kadus , kummardas eminents lähemale ja küsis vaikselt , ise seejures isegi nagu uhkust tundes : "" Kas ta küüsi näitas ? "" "	"kui Kyoko korraks tagaruum kaduma , kummardama eminents lähemale ja küsima vaikselt , ise seejures isegi nagu uhkus tundma : "" kas tema küüs näitama ? """
75		" "" Näitas , "" noogutasin . "	""" näitama , "" noogutama ."
76		" "" Fantastiline , "" vangutas eminents pead . "	""" fantastiline , "" vangutama eminents pea ."
76		" "" Mida kõik välja ei mõelda ... "" "	""" mis kõik välja ei mõtlema ... """
77		 Siis tuli Kyoko teeserviisiga tagasi . 	siis tulema Kyoko teeserviis tagasi .
78		" "" Mis andmed siis veel , "" püüdsin asjalikult küsida . "	""" mis andmed siis veel , "" püüdma asjalikult küsima ."
79		" "" Igasugused , "" laiutas ta elavalt käsi . "	""" igasugune , "" laiutama tema elavalt käsi ."
79		" "" Teie kohtuasi . "	""" sina kohtuasi ."
79		 Kogu teie endine elu . 	kogu sina endine elu .
79		" Haiguslugu ... "" "	"haiguslugu ... """
80		" "" Haiguslugu ? "" imestasin . "	""" haiguslugu ? "" imestama ."
81		" "" Loomulikult . "	""" loomulikult ."
81		" Muide , kuidas te ennast Jolbertil tunnete ? "" "	"muide , kuidas sina ise Jolbert|Jolberti tundma ? """
82		" "" Ma arvan , et normaalselt . "	""" mina arvama , et normaalselt ."
82		" "" "	""""
83		" "" No näete . "	""" no nägema ."
83		 Sageli , üsna sageli on inimestel siia sattudes tervis pisut kehv . 	sageli , üsna sageli olema inimene siia sattuma tervis pisut kehv .
83		 Paar esimest kuud , aklimatiseerumine . 	paar esimene kuu , aklimatiseerumine .
83		 Mitte kõigil , loomulikult mitte kõigil ... 	mitte kõik , loomulikult mitte kõik ...
83		" Aga teie , nagu ametlikud andmed näitavad , olete ju kohalik , "" itsitas ta heasüdamlikult . "	"aga sina , nagu ametlik andmed näitama , olema ju kohalik , "" itsitama tema heasüdamlikult ."
83		" "" Seejuures veel üsna nooruke ... "" "	""" seejuures veel üsna nooruke ... """
84		 Kyoko sehkendas tassidega , valas meile teed ja istus ka ise laua äärde . 	Kyoko sehkendama tass , valama mina tee ja istuma ka ise laud äärde .
84		 Rüüpasin , siis tuli järsku meelde . 	rüüpama , siis tulema järsku meel .
85		" "" Muide , see teie märk ilmus mulle unenäos . "	""" muide , see sina märk ilmuma mina unenägu ."
85		" "" "	""""
86		 Eminents oli teed mekkides silmad sulgenud , nüüd avas ta need aeglaselt ja asetas tassi lauale . 	eminents olema tee mekk silm sulgema|sulgenud , nüüd avama tema see aeglaselt ja asetama tass laud .
87		" "" Loomulikult . "	""" loomulikult ."
87		 Ma panin selle sinna . 	mina panema see sinna .
87		" "" "	""""
88		" "" Panite ? "	""" panema ?"
88		" Teie ? "" "	"sina ? """
89		" "" Ma istun ju immigratsioonis , kui uus partii saabub , eks ole . "	""" mina istuma ju immigratsioon , kui uus partii saabuma , eks olema ."
89		 Vaevalt te mind sealt mäletate , aga see käib mu ametikohuste hulka . 	vaevalt sina mina sealt mäletama , aga see käima mina ametikohus hulka .
89		 Ja siis ongi - pistad nagu nimekaardi . 	ja siis olema - pistma nagu nimekaart .
89		 Neile , kellest tundub , et nad võivad seda vajada . 	tema , kes tunduma , et tema võima see vajama .
89		" "" "	""""
90		" Tahtsin veel midagi küsida , aga ta viipas tõrjuvalt : "" Me jõuame kõike seda pikalt arutada . "	"tahtma veel miski küsima , aga tema viipama tõrjuvalt : "" mina jõudma kõik see pikalt arutama ."
90		" Naudime nüüd teed . "" "	"nautima nüüd tegema . """
90		 Ta võttis tassi kätte ja sulges jälle silmad . 	tema võtma tass käsi ja sulgema jälle silm .
91		 Eks ma siis ootasin , kuni ta sellega lõpule jõudis . 	eks mina siis ootama , kuni tema see lõpp jõudma .
91		" Et , kui ta silmad avas , kohe küsida : "" Kui mulle siin uus isikukaart tehti - kas igalt poolt mujalt on mu andmed siis ära kustutatud ? "" "	"et , kui tema silm avama , kohe küsima : "" kui mina siin uus isikukaart tegema - kas iga poolt mujalt olema mina andmed siis ära kustutama|kustutatud ? """
92		" "" Ei , ei , "" raputas ta pead . "	""" ei , ei , "" raputama tema pea ."
92		" "" Mõnedest arhiividest küll . "	""" mõni arhiiv küll ."
92		 Aga kaugeltki mitte igalt poolt . 	aga kaugeltki mitte iga poolt .
92		 Ja mul on oma kanalid . 	ja mina olema oma kanal .
92		 Mille kasutamine , nagu ma vist juba ütlesin , võtab paraku aega . 	mis kasutamine , nagu mina vist juba ütlema , võtma paraku aeg .
92		" "" "	""""
93		 Ta keerutas - minu meelest tühja - teetassi veel pihus ja pani selle siis otsustavalt lauale . 	tema keerutama - mina meelest tühi - teetass veel pihk|pihu ja panema see siis otsustavalt laud .
93		" "" Kui te lubate , siis ma esitan ise paar küsimust . "	""" kui sina lubama , siis mina esitama ise paar küsimus ."
93		 Elementaarset , lihtsalt et olukord selgemaks saaks . 	Elementaarset , lihtsalt et olukord selgem saama .
93		" "" "	""""
94		" "" Väga hea . "" "	""" väga hea . """
94		 Selguse vastu polnud mul midagi . 	selgus vastu olema mina miski .
95		" "" Varem oli teie töö seotud rahade liigutamisega ? "" "	""" varem olema sina töö seotud|siduma raha liigutamine ? """
96		" "" Paigutamisega , investeerimisega - aga ilmselt võib seda ka liigutamiseks nimetada . "	""" paigutamine , investeerimine - aga ilmselt võima see ka liigutamine nimetama ."
96		" "" "	""""
97		" "" Mitte teie enda raha , aga ühe konkreetse firma raha ? "" "	""" mitte sina ise raha , aga üks konkreetne firma raha ? """
98		" "" Rangelt võttes polnud kogu raha ka firma oma - inimesed või teised firmad olid selle kasumi saamiseks usaldanud investeerimisfirmale . "	""" rangelt võtma olema kogu raha ka firma oma - inimene või teine firma olema see kasum saamine usaldama|usaldanud investeerimisfirma ."
98		" "" "	""""
99		" "" Igatahes . "	""" igatahes ."
99		" Ja teie töö oli otsustada , kuhu , kuidas ja millal seda raha paigutada ? "" "	"ja sina töö olema otsustama , kuhu , kuidas ja millal see raha paigutama ? """
100		" "" Vist küll . "	""" vist küll ."
100		" "" "	""""
101		" "" Ning mingil hetkel juhtus nii , et üks küllaltki suur summa läks kaotsi ? "" "	""" ning mingi hetk juhtuma nii , et üks küllaltki suur summa minema kaotsi ? """
102		" "" Selline mulje on mulle jäänud . "	""" selline mulje olema mina jääma|jäänud ."
102		" "" "	""""
103		" "" Te paigutasite selle nii , et mitte keegi , kaasa arvatud teie ise , ei suutnud seda enam leida ? "" "	""" sina paigutama see nii , et mitte keegi , kaasa arvama|arvatud sina ise , ei suutma|suutnud see enam leidma ? """
104		" "" Raske öelda ... "" "	""" raske ütlema ... """
105		" "" Hea küll . "	""" hea küll ."
105		 Juurdlus leidis , et see oli teie viga , ning nõudis summa teilt välja . 	juurdlus leidma , et see olema sina viga , ning nõudma summa sina välja .
105		" "" "	""""
106		" "" Nõudis , aga ... "" "	""" nõudma , aga ... """
107		" "" Jah , teie isiklikust omandist ei piisanud . "	""" jah , sina isiklik omand ei piisama|piisanud|piiskama ."
107		" "" "	""""
108		" "" Kolme Jolberti jagu liiva jäi puudu , "" naljatasin . "	""" kolm Jolbert|Jolberti jagu liiv jääma puudu , "" naljatama ."
109		" "" Siis tehti teile ajuloputus - et te oma kunagisi teadmisi enam kasutada ei saaks - ning saadeti kaevandusplaneedile võlga tagasi teenima . "	""" siis tegema sina ajuloputus - et sina oma kunagine teadmine enam kasutama ei saama - ning saatma kaevandusplaneet võlg tagasi teenima ."
109		" "" "	""""
110		" "" Siin ma igatahes olen . "	""" siin mina igatahes olema ."
110		 Mingitpidi on see ajuloputus või mälupuhastus ju loogiline . 	Mingitpidi olema see ajuloputus või mälupuhastus ju loogiline .
110		 Firmal oli legaalne õigus nõuda , et ma nende teenistuses kogutud teadmisi enam kasutada ei saaks . 	Firmal olema legaalne õigus nõudma , et mina tema teenistus koguma|kogutud teadmine enam kasutama ei saama .
110		 Ja see muidugi ka , et kui ma siiski oleksin suutnud nad kõik üle kavaldada - et ma siis ei pääseks seda kaotsiläinud summat üles korjama . 	ja see muidugi ka , et kui mina siiski olema suutma|suutnud tema kõik üle kavaldama - et mina siis ei pääsema see kaotsiläinud summa üles korjama .
110		" "" "	""""
111		" "" Nii et teie meelest on kõik loogiline ? "" "	""" nii et sina meelest olema kõik loogiline ? """
112		" "" Ütleme , et ma olen olukorraga leppinud . "	""" ütlema , et mina olema olukord leppima|leppinud ."
112		" "" "	""""
113		" "" Isegi teie tugevat tervist arvestades on vaevalt usutav , et te oma eluea jooksul võla tagasi teeniksite . "	""" isegi sina tugev tervis arvestama olema vaevalt usutav , et sina oma eluiga jooksul võlg tagasi teenima ."
113		" "" "	""""
114		" "" Seda küll . "	""" see küll ."
114		 Aga , kuidas ma ütlen ... 	aga , kuidas mina ütlema ...
114		 Võimalik , et see on ajuloputuse tulemus . 	võimalik , et see olema ajuloputus tulemus .
114		 Igatahes on mul tunne , et ma ei olnud ... 	igatahes olema mina tunne , et mina ei olema|olnud ...
114		 Oma eelmises elus eriti rahul . 	oma eelmine elu eriti rahul .
114		 Ma arvan - sest ma lihtsalt ei mäleta üksikasju - , et see töö oli üsna närviline . 	mina arvama - sest mina lihtsalt ei mäletama üksikasi - , et see töö olema üsna närviline .
114		 Tasuv muidugi ka , seda kahtlemata . 	Tasuv muidugi ka , see kahtlemata .
114		 Mul oli pigem probleeme sellega , et ma ei osanud midagi tahta . 	mina olema pigem probleem see , et mina ei osanud|oskama miski tahtma .
114		 Mul oli kõik olemas . 	mina olema kõik olema .
114		 Hea küll , tervet planeeti ma endale osta poleks saanud , aga mul poleks olnud ka aega sellega tegeleda . 	hea küll , terve planeet mina ise ostma olema saama|saanud , aga mina olema olema|olnud ka aeg see tegelema .
114		 Nagu öeldud , on mu mälu üsna lünklik . 	nagu öeldud|ütlema , olema mina mälu üsna lünklik .
114		 Ma ei mäleta töö üksikasju . 	mina ei mäletama töö üksikasi .
114		 Aga ma mäletan , et mul oli kahe aknaga kabinet väga kõrges hoones . 	aga mina mäletama , et mina olema kaks aken kabinet väga kõrge hoone .
114		 Ma vihkasin neid aknaid ; kui ma neist välja vaatasin , hakkas pea pööritama . 	mina vihkama see aken ; kui mina see välja vaatama , hakkama pea pööritama .
114		 Aga nad käisid mu ametikoha juurde . 	aga tema käima mina ametikoht juurde .
114		 Ma seadsin oma laua nii , et aknad jäid mu selja taha . 	mina seadma oma laud nii , et aken jääma mina selg taha .
114		 Kui keegi minu juurde tuli , oli ta mulle otsa vaadates sunnitud ka aknaid nägema . 	kui keegi mina juurde tulema , olema tema mina otsa vaatama sundima|sunnitud ka aken nägema .
115		 Vahel jäin ma ilmselt sinnasamasse kabinetti ka ööseks . 	vahel jääma mina ilmselt sinnasamasse kabinet ka ööseks .
115		 Diivanil lebades oli akendest avanev vaade talutav , ehk isegi kaunis , aga et ma oleksin akna juures seistes tahtnud alla tänavale vaadata - ei seda küll mitte . 	diivan lebama olema aken avanev vaade talutav , ehk isegi kaunis , aga et mina olema aken juures seisma tahtma|tahtnud alla tänav vaatama - ei see küll mitte .
115		" "" "	""""
116		" "" Kas on võimalik , et kõrgused tekitasid teis hirmu seepärast , et teil oleks võinud tekkida tahtmine alla hüpata ? "" "	""" kas olema võimalik , et kõrgus tekitama sina hirm seepärast , et sina olema võima|võinud tekkima tahtmine alla hüppama ? """
117		" "" Ütleme , kukkuda . "	""" ütlema , kukkuma ."
117		 Hüppamise mõtet ma küll ei mäleta . 	hüppamine mõte mina küll ei mäletama .
117		" "" "	""""
118		" "" Hea küll . "	""" hea küll ."
118		" Ja Jolbert , selle eelmise närvilise eluga võrreldes ... ? "" "	"ja Jolbert , see eelmine närviline elu võrdlema ... ? """
119		" "" On rahulik . "	""" olema rahulik ."
119		 Mul ei ole kuhugi kiiret . 	mina ei olema kuhugi kiire .
119		 Nagu te ütlesite , minu elueast ei piisa ... 	nagu sina ütlema , mina eluiga ei piisama ...
119		" Pisut igav ehk , aga ... "" "	"pisut igav ehk , aga ... """
120		" "" Jah , ma mõistan . "	""" jah , mina mõistma ."
120		" Kas te mäletate , et teid on opereeeritud ? "" "	"kas sina mäletama , et sina olema opereerima|opereeritud ? """
121		" "" Vist küll . "	""" vist küll ."
121		 Ei tohiks olla firmasaladus , aga millegipärast on ka sellega seotud mälestused väga ähmased . 	ei tohtima olema firmasaladus , aga millegipärast olema ka see seotud|siduma mälestus väga ähmane .
121		" "" "	""""
122		" "" Kui ma ütlen , et tegemist oli maksa siirdamisega , kas teile siis meenub midagi ? "" "	""" kui mina ütlema , et tegemine olema maks siirdamine , kas sina siis meenuma miski ? """
123		" "" Midagi jah ... "" "	""" miski jah ... """
123		 Hakkasin isegi naerma . 	hakkama isegi naerma .
123		" "" Ma kardan , et see oli mu oma viga . "	""" mina kartma , et see olema mina oma viga ."
123		 Nagu öeldud , oli mu töö kiire ja närviline . 	nagu öeldud|ütlema , olema mina töö kiire ja närviline .
123		 Ning ma ei teadnud , mida tahta . 	ning mina ei teadma|teadnud , mis tahtma .
123		 Mulle tundub , et ma eksperimenteerisin pisut . 	mina tunduma , et mina eksperimenteerima pisut .
123		 Mitmesuguse keemiaga . 	mitmesugune keemia .
123		 Et olla veel kiirem ja terasem . 	et olema veel kiirem ja terasem .
123		" "" "	""""
124		" "" Pisut ? "" "	""" pisut ? """
125		" "" Noh , korralikult . "	""" noh , korralikult ."
125		 Et olla vormis - ja pärast , et lõdvestuda . 	et olema vorm - ja pärast , et lõdvestuma .
125		 Kuni miski üles ütles . 	kuni miski üles ütlema .
125		 Kui te ütlete , et maks - ju siis . 	kui sina ütlema , et maks - ju siis .
125		" "" "	""""
126		" "" Maks , "" noogutas ta . "	""" maks , "" noogutama tema ."
126		" "" Tegelikult on mul üks küsimus veel . "	""" tegelikult olema mina üks küsimus veel ."
126		" "" "	""""
127		" "" Ainult üks ? "" "	""" ainult üks ? """
128		" "" Esialgu . "	""" esialgu ."
128		 Kuni rohkem andmeid laekub . 	kuni rohkem andmed laekuma .
128		" Kas teil on olnud kokkupuutumist mingite religioonide esindajatega ? "" "	"kas sina olema olema|olnud kokkupuutumine mingi religioon esindaja ? """
129		" "" Tõenäoliselt . "	""" tõenäoliselt ."
129		 Puhtast igavusest . 	puhas igavus .
129		 Vahel olid nad moes . 	vahel olema tema mood .
129		 Tuli mingi rändjutlustaja ja järsku oli väga trendikas teda kuulama minna ... 	tulema mingi rändjutlustaja ja järsku olema väga trendikas tema kuulama minema ...
129		 Ma ei tea . 	mina ei teadma .
129		" "" "	""""
130		" "" Ma mõtlen , Hundilt pärit misjonäridega , kes rääkisid ärkamisest . "	""" mina mõtlema , hunt pärit misjonär , kes rääkima ärkamine ."
130		" "" "	""""
131		" "" Need surma-nautijad ? "	""" see surma-nautija ?"
131		 Jah , ma mäletan . 	jah , mina mäletama .
131		 Raske oleks unustada , eks ole ... 	raske olema unustama , eks olema ...
131		 Oli hetkeks selline mood . 	olema hetk selline mood .
131		 Olid linnas paar nende jutlustajat . 	olema linn paar see jutlustaja .
131		 Käisime , mingi kambaga . 	käima , mingi kamp .
131		 Mõni lõi araks . 	mõni looma|lööma arg .
131		 Keegi tegi ära . 	keegi tegema ära .
131		 Minule ei mõjunud . 	mina ei mõjuma|mõjunud .
131		" "" "	""""
132		" "" Ei mõjunud ? "" üllatus eminents . "	""" ei mõjuma|mõjunud ? "" üllatus eminents ."
133		" "" Õudselt halb hakkas ainult . "	""" õudselt halb hakkama ainult ."
133		 Ei mingit helendavat tunnelit . 	ei mingi helendav tunnel .
133		 Ma arvan , et oma nende ... keemiliste eksperimentidega olin ma nagunii ... selle vist korduvalt läbi teinud . 	mina arvama , et oma see ... keemiline eksperiment olema mina nagunii ... see vist korduvalt läbi tegema|teinud .
133		 Või vähemalt piiri peal olnud . 	või vähemalt piir peal olema|olnud .
133		 Nii et ... 	nii et ...
133		 Võimalik muidugi , et ma lõin viimasel hetkel araks . 	võimalik muidugi , et mina looma|lööma viimane hetk arg .
133		 Igatahes ei tulnud sellest midagi välja . 	igatahes ei tulema|tulnud see miski välja .
133		" "" "	""""
134		 Eminents noogutas mõtlikult . 	eminents noogutama mõtlikult .
134		" "" Jah , muidugi pole selles midagi uut . "	""" jah , muidugi olema see miski uus ."
134		 Vanal Maal - seal oli kultuure , milles poiss ei saanud meheks enne , kui oli mürgi sisse joonud , piiri peal ära käinud ja välja oksendanud . 	vana maa - seal olema kultuur , mis poiss ei saama|saanud mees enne , kui olema mürk sisse jooma|joonud , piir peal ära käima|käinud ja välja oksendama|oksendanud .
134		 Mõnest , loomulikult , ei saanudki . 	mõni , loomulikult , ei saama .
134		 Ja mitmesugused shamaanid , teadmamehed , loitsijad - kõik nad viisid endid piirile , kus mõlemad maailmad korraga näha . 	ja mitmesugune shamaan , teadmamees , loitsija - kõik tema viima ise piir , kus mõlema maailm korraga nägema .
134		" Või te ise - oma keemiaga , mis maksa nahka pani , "" hakkas ta naerma , nagu oleks midagi naljakat öelnud . "	"või sina ise - oma keemia , mis maksma nahka panema , "" hakkama tema naerma , nagu olema miski naljakas öelnud|ütlema ."
135		" "" Mis siis saab ? "" laiutasin käsi . "	""" mis siis saama ? "" laiutama käsi ."
136		" "" Oleneb , mida andmed näitavad , "" vastas tema samuti nõutu zhestiga . "	""" olenema , mis andmed näitama , "" vastama tema samuti nõutu zhest ."
137		" "" Ja mida peaksid näitama ? "" "	""" ja mis pidama näitama ? """
138		" "" Kasvõi kuupäevi . "	""" kasvõi kuupäev ."
138		 Need on üsna sassis . 	see olema üsna sassis .
138		 Mis järjekorras kõik toimus . 	mis järjekord kõik toimuma .
138		 Millal te tegite kindlustuslepingu . 	millal sina tegema kindlustusleping .
138		 Millal oli siirdamine . 	millal olema siirdamine .
138		 Millal te kohtusite ärkamisvendadega . 	millal sina kohtuma ärkamisvend .
138		 Millal tegite selle saatusliku rahaülekande . 	millal tegema see saatuslik rahaülekanne .
138		" Ja kuhu raha kadus ... "" "	"ja kuhu raha kaduma ... """
139		" "" Seda tahaksid ilmselt paljud teada , "" muigasin . "	""" see tahtma ilmselt palju teadma , "" muigama ."
140		" "" Ega ma eriti loodagi , et ma teada saan , "" tunnistas eminents . "	""" ega mina eriti lootma , et mina teadma saama , "" tunnistama eminents ."
140		" "" Te ju mõistate , teil on väga põhjalik kindlustusleping kõikvõimalike mõjutuste vastu . "	""" sina ju mõistma , sina olema väga põhjalik kindlustusleping kõikvõimalik mõjutus vastu ."
140		 Täpsustame , üleloomulikuks peetavate mõjutuste vastu . 	täpsustama , üleloomulik peetav mõjutus vastu .
140		 Ja loomulikke mõjutusi , kohtule arusaadavaid , eks ole , ei õnnestunud ju tuvastada . 	ja loomulik mõjutus , kohus arusaadav , eks olema , ei õnnestuma|õnnestunud ju tuvastama .
140		 Küllap oli teil ka samapõhjalik tervisekindlustus , aga seda oli võimalik rahaks vahetada ning nii küllap ka tehti . 	küllap olema sina ka samapõhjalik tervisekindlustus , aga see olema võimalik raha vahetama ning nii küllap ka tegema .
140		 Tavaliselt tehakse . 	tavaliselt tegema .
140		 Et teil veel mingi kindlustus võiks olla - selle peale ilmselt ei tuldud . 	et sina veel mingi kindlustus võima olema - see peale ilmselt ei tuldud|tulema .
140		" "" "	""""
141		" "" Ja mis sellest kõigest kasu on ? "" "	""" ja mis see kõik kasu olema ? """
142		" "" No ma ei tea veel . "	""" no mina ei teadma veel ."
142		 Oleneb , nagu öeldud . 	olenema , nagu öeldud|ütlema .
142		 Ideaalsel juhul : kui me teeme kindlaks , et teid kaetati - et teid mõjutati seda rahaülekannet tegema . 	ideaalne juht : kui mina tegema kindel , et sina kaetama - et sina mõjutama see rahaülekanne tegema .
142		 Sel juhul tuleb ju teilt konfiskeeritud omand tagastada . 	see juht tulema ju sina konfiskeerima|konfiskeeritud omand tagastama .
142		 Ajuloputusega ja muude ebameeldivustega seotud kannatused hüvitada . 	ajuloputus ja muu ebameeldivus seotud|siduma kannatus hüvitama .
142		" "" "	""""
143		" "" Huvitav , et ma ise selle peale ei tulnud - öelda , et mind mõjutati , "" hakkasin naerma . "	""" huvitav , et mina ise see peale ei tulema|tulnud - ütlema , et mina mõjutama , "" hakkama naerma ."
144		" "" Nojah , "" ohkas eminents , "" mõjutaja tuleb ju ka kindlaks teha . "	""" nojah , "" ohkama eminents , "" mõjutaja tulema ju ka kindel tegema ."
144		 Olgu või need Hundi tüübid . 	olema või see hunt tüüp .
144		 Midagi nad võtavad , midagi nad annavad , meil pole seni õnnestunud neid kuidagi vahele võtta . 	miski tema võtma , miski tema andma , mina olema seni õnnestuma|õnnestunud tema kuidagi vahele võtma .
144		 Või siirdamine - selle käigus annab ka mõjutada . 	või siirdamine - see käigus andma ka mõjutama .
144		 Ma ei tea . 	mina ei teadma .
144		" See just põnev ongi . "" "	"see just põnev olema . """
144		 Mitte et ta kuidagi põnevusest elevil oleks paistnud olevat . 	mitte et tema kuidagi põnevus elevil olema paistma|paistnud olema .
145		" "" Ja põhimõtteliselt on see võimalik ? "" "	""" ja põhimõtteliselt olema see võimalik ? """
146		" "" Ei mõju vist julgustavalt , aga ma võin öelda , millega ma viimasel ajal olen tegelenud . "	""" ei mõjuma vist julgustavalt , aga mina võima ütlema , mis mina viimane aeg olema tegelema|tegelenud ."
146		 Mis on kindlasti võimalik . 	mis olema kindlasti võimalik .
146		 Üks mees manas konkurendile kaela impotentsuse . 	üks mees manama konkurent kael impotentsus .
146		 Lihtne asi , eks ole . 	lihtne asi , eks olema .
146		 Üks naine manas vaenlasele põlvekedra põletiku . 	üks naine manama vaenlane põlvekeder põletik .
146		 Kuidas ta selle peale tuli , ma ei tea , aga lahendus oli lihtne . 	kuidas tema see peale tulema , mina ei teadma , aga lahendus olema lihtne .
146		 Aga teiega - kõik on võimalik , aga võtab aega . 	aga sina - kõik olema võimalik , aga võtma aeg .
146		" "" "	""""
147		" "" Aega on mul lahedalt . "	""" aeg olema mina lahedalt ."
147		 Pole nagu kuhugi kiiret . 	olema nagu kuhugi kiire .
147		 Aga kui ... kellelgi oli vaja , et ma selle ülekande teeksin - kas siis mõju pole praegusesks üle läinud ? 	aga kui ... keegi olema vaja , et mina see ülekanne tegema - kas siis mõju olema praegusesks üle läinud|minema ?
147		" Ja ajuloputuse järel veel mingeid jälgi leida - kas see ei tundu lootusetu ? "" "	"ja ajuloputus järel veel mingi jälg leidma - kas see ei tunduma lootusetu ? """
148		 Eminents raputas pead . 	eminents raputama pea .
148		" "" Ma usun , et ei lähe üle . "	""" mina uskuma , et ei minema üle ."
148		" Või - andke korraks oma sõrm ... "" "	"või - andma korraks oma sõrm ... """
148		 Ta koukis välja padjakese , millega Kyoko mu isikut oli kindlaks teinud . 	tema koukima välja padjake , mis Kyoko mina isik olema kindel tegema|teinud .
148		" "" No näete , "" ütles ta natukese aja pärast . "	""" no nägema , "" ütlema tema natuke|natukene aeg pärast ."
148		" "" Praegu ütleb see masinavärk - DNA kood identne . "	""" praegu ütlema see masinavärk - DNA kood|kubu identne ."
148		" Kui Kyoko tegi , siis oli "" viga tolerantsi piires "" . "	"kui Kyoko tegema , siis olema "" viga tolerants piir "" ."
148		" "" "	""""
149		" "" Kas sellest järeldub midagi ? "" "	""" kas see järelduma miski ? """
150		" "" Kohanete , kohanete edukalt . "	""" kohanema , kohanema edukalt ."
150		" "" "	""""
151		" "" Jolbertiga ? "" "	""" Jolbert|Jolberti ? """
152		" "" Kõigega . "	""" kõik ."
152		" "" "	""""
153		" "" Hmm ... "	""" hmm ..."
153		 Tegelikult ma tahtsin küsida - kuidas mul ikkagi tuli mõte siia tulla ? 	tegelikult mina tahtma küsima - kuidas mina ikkagi tulema mõte siia tulema ?
153		" Teid otsima tulla ? "" "	"sina otsima tulema ? """
154		" "" Teate , see ei olnud mõte . "	""" teadma , see ei olema|olnud mõte ."
154		 Nimetage , kuidas tahate , aga mitte mõte . 	nimetama , kuidas tahtma , aga mitte mõte .
154		 Mõtetega oleksin ma teie asemel üldse ettevaatlik . 	mõte olema mina sina asemel üldse ettevaatlik .
154		" "" "	""""
155		" "" Õige . "	""" õige ."
155		 Ega mul neid eriti ei käigi . 	ega mina see eriti ei käima .
155		 Tundub , et selles , mida ma varem tegin , olin ma ikka väga hea . 	tunduma , et see , mis mina varem tegema , olema mina ikka väga hea .
155		 Et kui need oskused maha kustutati , siis eriti midagi järele ei jäänudki . 	et kui see oskus maha kustutama , siis eriti miski järele ei jääma .
155		" "" "	""""
156		" "" Võimalik . "	""" võimalik ."
156		 Lisaks veel kustutamisprotsessi ebatäpsus . 	lisa veel kustutamisprotsess ebatäpsus .
156		" "" "	""""
157		" "" Ja nüüd edasi ? "" "	""" ja nüüd edasi ? """
158		" "" Lähete ja tunnete siinsest elust rõõmu . "	""" minema ja tundma siinne elu rõõm ."
158		 Mina hakkan tööle . 	mina hakkama töö .
158		 Kui teil järgmine vaba päev on - kahe päeva pärast , eks - , siis astuge sisse . 	kui sina järgmine vaba päev olema - kaks päev pärast , eks - , siis astuma sisse .
158		 Tõenäoliselt olen ma selleks ajaks targem . 	tõenäoliselt olema mina see aeg targem .
158		" "" "	""""
159		 Pikema tseremooniata tõusis ta püsti , noogutas ja kadus tagaruumi . 	Pikem|Pikema tseremoonia tõusma tema püsti , noogutama ja kaduma tagaruum .
159		" "" Ma tean , et sul on küüned , aga ehk võiksin ma sind ikkagi kuhugi kutsuda ? "	""" mina teadma , et sina olema küüs , aga ehk võima mina sina ikkagi kuhugi kutsuma ?"
159		" Õhtul ? "" küsisin Kyokolt . "	"Õhtul ? "" küsima Kyoko ."
160		" "" Astuge läbi , jah , astuge jälle läbi , "" vastas ta . "	""" astuma läbi , jah , astuma jälle läbi , "" vastama tema ."
160		 Tuimalt . 	tuimalt .
160		 Mis siis ikka ... 	mis siis ikka ...
161		" Kolõvanovi leidsin "" Varaanist "" . "	"Kolõvanov leidma "" Varaan|Varaani "" ."
161		 Mitte et ma teda väga otsinud oleksin . 	mitte et mina tema väga otsima|otsinud olema .
161		" "" Tead , ma olen kohalik , "" teatasin . "	""" teadma , mina olema kohalik , "" teatama ."
161		" "" Mul on Jolberti pass . "	""" mina olema Jolbert|Jolberti pass ."
161		" "" "	""""
162		" "" Lolli juttu ajad , "" arvas tema . "	""" loll jutt aeg , "" arvama tema ."
163		" "" Vaata ise , "" näitasin talle oma isikukaarti . "	""" vaatama ise , "" näitama tema oma isikukaart ."
163		" "" Tahad , turist , ma näitan sulle Khak Ad Jolberti ausammast ? "" "	""" tahtma , turist , mina näitama sina Khak Ad Jolberti ausammas ? """
164		" "" Ma olin siin ammu enne sind , lollakas . "	""" mina olema siin ammu enne sina , lollakas ."
164		 Või tahad öelda , et oled siin sündinud ja otsustasid tulla tagasi vanaduspäevi veetma ? 	või tahtma ütlema , et olema siin sündima|sündinud ja otsustama tulema tagasi vanaduspäev veetma ?
164		 Ei usu nagu . 	ei uskuma nagu .
164		 Nii lolli inimest poleks olemas . 	nii loll inimene olema olema .
164		" "" "	""""
165		" "" Ja isikukaardi järgi olen ma kolm kuud vana , "" lisasin . "	""" ja isikukaart järgi olema mina kolm kuu vana , "" lisama ."
166		" "" Kuidas nad sulle siis viskit müüvad ? "" urises Kolõvanov ja pöördus baarimehe poole . "	""" kuidas tema sina siis viski müüma ? "" urisema Kolõvanov ja pöörduma baarimees poole ."
166		" "" Mees ütleb , et tal on Jolberti pass . "	""" mees ütlema , et tema olema Jolbert|Jolberti pass ."
166		" "" "	""""
167		" "" Lolli juttu ajad , "" väitis baarimees Kolõvanovile . "	""" loll jutt aeg , "" väitma baarimees Kolõvanovile ."
167		 Baarimehele ma oma kaardikest näitama ei hakanud . 	baarimees mina oma kaardike näitama ei hakanud|hakkama .
168		 Kuidagi õnnestus mul Kolõvanovile selgeks teha - või oli see meie ühine otsus - et järgnev tööpäev ei tähenda suurt midagi ning vabalt võib veel klaasikese ehk kaks võtta . 	kuidagi õnnestuma mina Kolõvanovile selge tegema - või olema see mina ühine otsus - et järgnev tööpäev ei tähendama suur miski ning vabalt võima veel klaasike ehk kaks võtma .
168		 Mispeale mul tuli , nagu tavaliselt , uni , ja edasist ma eriti ei mäleta . 	mispeale mina tulema , nagu tavaliselt , uni , ja edasine mina eriti ei mäletama .
168		 Ainult et hommikul pidas kontrollseade mind traktori jaoks kõlbulikuks , Kolõvanovile usaldas aga ainult labida . 	ainult et hommik pidama kontrollseade mina traktor jaoks kõlbulik , Kolõvanovile usaldama aga ainult labidas .
169		 Istusin oma traktori otsas , uurisin liivakihte , ja pähe tulid veidrad lausekatked . 	istuma oma traktor otsas , uurima liivakiht , ja pea tulema veider lausekatke .
169		 Julgesti , vennad , nüüd tööle ... 	julgesti , vend , nüüd töö ...
169		 Käige minu järel , sest mina olen tee ja valgus ... 	käima mina järel , sest mina olema tee ja valgus ...
169		 Mingit jama veel . 	mingi jama veel .
169		 Võibolla tähendas see , et mälu on hakanud tasapisi taastuma . 	võibolla tähendama see , et mälu olema hakanud|hakkama tasapisi taastuma .
169		 Ja et kunagi tulevad meelde ka laulude meloodiad , kust need sõnad pärit on . 	ja et kunagi tulema meel ka laul meloodia , kust see sõna pärit olema .
169		 Muidugi tuli vahepeal pähe , et kui ... 	muidugi tulema vahepeal pea , et kui ...
169		 Kui mingite eminentsete pingutuste tagajärjel peaks mind rehabiliteeritama , mulle midagi korvatama - et mis siis ? 	kui mingi eminentne pingutus tagajärg pidama mina rehabiliteerima , mina miski korvama - et mis siis ?
169		 Vaevalt mul erilist varandust oodata oli , aga siin kolkas võiks sellestki vist päris tükk aega elada . 	vaevalt mina eriline varandus ootama olema , aga siin kolgas võima see vist pärima tükk aeg elama .
169		 Jah , just siin , Jolbertil - mul polnud mingit igatsust kuhugi ära sõita . 	jah , just siin , Jolbert|Jolberti - mina olema mingi igatsus kuhugi ära sõitma .
169		 Kui mul just siin oli hakanud tasapisi midagi meelde tulema - olgu või ainult mingid veidrad fraasid . 	kui mina just siin olema hakanud|hakkama tasapisi miski meel tulema - olema või ainult mingi veider fraas .
169		 Kui rahulikult oodata , ehk tuleb ka ülejäänu . 	kui rahulikult ootama , ehk tulema ka ülejäänu .
169		 Kolõvanovile ja teistele tüüpidele see tõenäoliselt ei meeldiks , kui ma enam tööl ei käiks , aga siin edasi tolgendaksin . 	Kolõvanovile ja teine tüüp see tõenäoliselt ei meeldima , kui mina enam töö ei käima , aga siin edasi tolgendama .
169		 Või käiks ? 	või käima ?
169		 Puhtast igavusest ? 	puhas igavus ?
169		 Neis liivaväljades oli mingi võlu - oleks ainult värve rohkem ... 	see liivaväli olema mingi võlu - olema ainult värv rohkem ...
170		 Mingitpidi ma isegi ootasin uut kohtumist Eminentsiga . 	Mingitpidi mina isegi ootama uus kohtumine eminents .
170		" Või ehk pole "" ootamine "" kõige õigem sõna . "	"või ehk olema "" ootamine "" kõige õigem sõna ."
170		 Miski osa minust ütles - mida ta ikka teha saab ... 	miski osa mina ütlema - mis tema ikka tegema saama ...
170		 Ja teine osa arvas - äkki siiski saab , aga mida ? 	ja teine osa arvama - äkki siiski saama , aga mis ?
170		 Nii et ma marssisin kellukesega uksest sisse õigeaegselt , kuid segasevõitu tunnetega . 	nii et mina marssima kelluke uks sisse õigeaegselt , kuid segasevõitu tunne .
171		 Eminents tuli tagaruumist kohe , kui kelluke heliseda jõudis , nagu oleks mind oodanudki . 	eminents tulema tagaruum kohe , kui kelluke helisema jõudma , nagu olema mina ootama .
171		 Kyoko vahtis ebalevalt kõrvalt , mina küsisin , et kuidas läheb , Eminents vastas , et tasapisi , ja siis me istusime laua taha . 	Kyoko vahtima ebalevalt kõrvalt , mina küsima , et kuidas minema , eminents vastama , et tasapisi , ja siis mina istuma laud taha .
172		" "" Muide , "" ütles Eminents , "" mulle tuli üks pisiasi meelde . "	""" muide , "" ütlema Eminents , "" mina tulema üks pisiasi meel ."
172		 Või õigemini , mulle meeldiks , kui see teile meelde tuleks . 	või õigemini , mina meeldima , kui see sina meel tulema .
172		 Seadus näeb ette , et teiesugustel tööga patte lunastama saadetutel on õigus valida väljasaatmiskoht . 	seadus nägema ette , et teiesugune töö patt lunastama saadetud olema õigus valima väljasaatmiskoht .
172		" Mäletate te sellest midagi ? "" "	"mäletama sina see miski ? """
173		 Pingutasin meelde tuletada . 	pingutama meel tuletama .
173		" "" Mingil hetkel näidati vist jah tähekaarti . "	""" mingi hetk näitama vist jah tähekaart ."
173		 Sorkasin sõrmega kuhugi , keegi noogutas , ja sinnapaika kõik jäi . 	sorkama sõrm kuhugi , keegi noogutama , ja sinnapaika kõik jääma .
173		 Lõppjaam - Jolbert . 	Lõppjaam - Jolbert .
173		" "" "	""""
174		" "" Ja see on kõik ? "" "	""" ja see olema kõik ? """
175		" "" Minu teada küll . "	""" mina teadma küll ."
175		" "" "	""""
176		" "" Kusjuures ei ole , "" sügas Eminents mõtlikult nina . "	""" kusjuures ei olema , "" sügama Eminents mõtlikult nina ."
176		" "" Te juhtusite osutama Fabulusele . "	""" sina juhtuma osutama Fabulus ."
176		 Mis on isegi protokollitud . 	mis olema isegi protokollima|protokollitud .
176		 Ainult et lõppotsuses on märkus - lähim lubatud planeet : Jolbert . 	ainult et lõppotsus olema märkus - lähim lubama|lubatu|lubatud planeet : Jolbert .
176		" Mida te Fabulusest teate ? "" "	"mis sina Fabulus teadma ? """
177		" "" Ainult seda , et nende jalgpallimansa on meie omast parem . "	""" ainult see , et tema jalgpallimansa olema mina oma parem ."
177		" "" "	""""
178		" "" On ka või ? "" imestas Eminents . "	""" olema ka või ? "" imestama eminents ."
179		" "" Viimastel Viie Planeedi mängudel oli . "	""" viimane viis planeet mäng olema ."
179		 Ehk enam ei ole . 	ehk enam ei olema .
179		" "" "	""""
180		" "" Ja see on kõik ? "" "	""" ja see olema kõik ? """
181		" "" Minu poolest küll . "	""" mina poolest küll ."
181		" Oleks sealt midagi varastada olnud - küsin ma ametlikult vargaks tunnistatu professionaalse uudishimuga ? "" "	"olema sealt miski varastama olema|olnud - küsima mina ametlikult varas tunnistatu professionaalne uudishimu ? """
182		" "" Gaasi on veel raskem taskusse panna kui liiva , "" ütles Eminents ja jäi vait . "	""" gaas olema veel raskem tasku panema kui liiv , "" ütlema Eminents ja jääma vait ."
183		" Nii et ma küsisin : "" On teile vahepeal täiendavaid andmeid laekunud ? "" "	"nii et mina küsima : "" olema sina vahepeal täiendav andmed laekuma|laekunud ? """
184		" "" Pisut , "" vastas Eminents . "	""" pisut , "" vastama Eminents ."
184		" "" Maksa kohta . "	""" maks kohta ."
184		 Proovipartii . 	proovipartii .
184		 Sada kakskümmend lahuses aretatud , mitte doonoritelt võetud või kloonitud maksa . 	sada kakskümmend lahus aretama|aretatud , mitte doonor võetud|võtma või kloonima|kloonitud maks .
184		 Pärast seda firma litsentsi ei pikendatud . 	pärast see firma litsents ei pikendama|pikendatud .
184		 Umbes viieteistkümnel juhul jäi op hiljaks või igatahes ei aidanud . 	umbes viisteist juht jääma op hiljaks või igatahes ei aidanud|aitama .
184		 Üks poliitik korraldas vist midagi teie juhtumiga sarnast , aga see mätsiti kinni . 	üks poliitik korraldama vist miski sina juhtum sarnane , aga see mätsima kinni .
184		 Ülejäänud ? 	ülejäänud ?
184		 Ootavad oma aega . 	ootama oma aeg .
184		 Või on täiesti normaalsed . 	või olema täiesti normaalne .
184		 Ma ei tea . 	mina ei teadma .
184		 Ma usun , et neil hoitakse silma peal . 	mina uskuma , et tema hoidma silm peal .
184		" "" "	""""
185		" "" Aga ajaliselt ? "" "	""" aga ajaliselt ? """
186		" "" On põhjust arvata , et see toimus enne , kui teie kohtumine Hundi misjonäriga . "	""" olema põhjus arvama , et see toimuma enne , kui sina kohtumine hunt misjonär ."
186		 Kindlasti enne rahaülekannet . 	kindlasti enne rahaülekanne .
186		 Peale meiega kindlustuslepingu sõlmimist . 	peale mina kindlustusleping sõlmimine .
186		" "" "	""""
187		" "" Ma ei tea sellest valdkonnast suuremat , aga sisemisi kahjustusi ravitakse üldiselt vist nanodega . "	""" mina ei teadma see valdkond suurem , aga sisemine kahjustus ravima üldiselt vist nano ."
187		" "" "	""""
188		" "" Haa , "" irvitas Eminents , "" nanod on ju pisikesed lihtsameelsed . "	""" haa , "" irvitama Eminents , "" nano|nanod olema ju pisike|pisikene lihtsameelne ."
188		 Mis neist mõnest molekulist tahtagi . 	mis tema mõni molekul tahtma .
188		 Nemad juba teie DNA-koodi võltsima ei hakkaks . 	tema juba sina DNA-kood võltsima ei hakkama .
188		" "" "	""""
189		" "" Tobe küsimus , aga - kas siirdatud maks hakkaks ? "" "	""" tobe küsimus , aga - kas siirdama|siirdatud maks hakkama ? """
190		" "" Täiesti võimalik . "	""" täiesti võimalik ."
190		 Ja nanosid enam ligi ei laseks . 	ja nanosi enam ligi ei laskma .
190		" "" "	""""
191		" "" Kas on põhjust arvata ... "" "	""" kas olema põhjus arvama ... """
192		" "" Ei , mitte vähimatki põhjust , "" hakkas Eminents naerma ja pööras end Kyoko poole . "	""" ei , mitte vähim põhjus , "" hakkama Eminents naerma ja pöörama end Kyoko poole ."
192		" Arvasin , et teed tellima , aga ta ütles hoopis : "" Kyoko , armas laps , sa tahtsid linnas asju ajada , ma arvan , et me ei vaja sind praegu . "	"arvama , et tee tellima , aga tema ütlema hoopis : "" Kyoko , armas laps , sina tahtma linn asi ajama , mina arvama , et mina ei vajama sina praegu ."
192		" "" "	""""
193		 Kyoko heitis meile - mulle tundus , et - hirmunud pilgu , kadus tagaruumi ja tuli sealt peaaegu jooksujalu , tolmumantel kitlile tõmmatud . 	Kyoko heitma mina - mina tunduma , et - hirmuma|hirmunud pilk , kaduma tagaruum ja tulema sealt peaaegu jooksujalu , tolmumantel kittel tõmbama|tõmmatud .
193		 Vaatas mind veel korra oma pruunide silmadega ja kiirustas kellukese helinal välja . 	vaatama mina veel kord oma pruun silm ja kiirustama kelluke helin välja .
194		 Ka Eminents tõusis . 	ka eminents tõusma .
194		" "" Vaene laps , pelgab pisut , "" teatas ta . "	""" vaene laps , pelgama pisut , "" teatama tema ."
195		" "" Kas ta arvab , et see võib nakkav olla , "" küsisin , ise küll teadmata , mis nimelt . "	""" kas tema arvama , et see võima nakkav olema , "" küsima , ise küll teadma , mis nimelt ."
196		" "" Oh , ei . "	""" oh , ei ."
196		 Lihtsalt meil on vaja mõned protseduurid teha . 	lihtsalt mina olema vaja mõni protseduur tegema .
196		 Uurida , mil määral see kaetamine mõjub . 	uurima , mil määr see kaetamine mõjuma .
196		 Et kui läheks õige tahapoole . 	et kui minema õige tahapoole .
196		" "" "	""""
197		 Millegipärast olin arvanud , et tagapool on eminentsil midagi mugavat . 	millegipärast olema arvama|arvanud , et tagapool olema eminents miski mugav .
197		 Tugitoolid , raamaturiiulid , paksud vaibad ... 	tugitool , raamaturiiul , paks vaip ...
197		 Tegelikkus oli kuidagi kõle , laborit meenutav . 	tegelikkus olema kuidagi kõle , labor meenutav .
197		 Raamaturiiul oli küll olemas , aga mitme laekaga laud oli metallist ning toolid üpris minimalistlikud . 	raamaturiiul olema küll olema , aga mitu laegas laud|laug olema metall ning tool üpris minimalistlik .
197		 Valged , tuhmilt läikivad seinad . 	valge , tuhmilt läikiv sein .
197		 Ehk ta siis ei jõudnud igal planeedil endale mugavusi korraldada . 	ehk tema siis ei jõudma|jõudnud iga planeet ise mugavus korraldama .
197		 Või oligi askeetlik . 	või olema askeetlik .
197		 Ja ma ei teadnud ju seniajani , kes ta selline üldse on . 	ja mina ei teadma|teadnud ju seniajani , kes tema selline üldse olema .
198		" "" Kas vereproov näitab kaetatuse määra ? "" küsisin igaks juhuks . "	""" kas vereproov näitama kaetatus määr ? "" küsima iga juht ."
199		" "" Teile tundub see ruum ka sellisena , kus vereproove võetakse ? "" küsis tema vastu . "	""" sina tunduma see ruum ka selline , kus vereproov võtma ? "" küsima tema vastu ."
199		" "" Mulle käis see algul õudselt närvidele , aga mis teha , vahel on vaja teatud katseid teha . "	""" mina käima see algul õudselt närv , aga mis tegema , vahel olema vaja teadma|teatud katse tegema ."
199		" "" "	""""
200		" "" Näiteks ? "" "	""" näiteks ? """
201		" "" Näiteks ? "	""" näiteks ?"
201		" Varsti teeme ka "" näiteks "" . "	"varsti tegema ka "" näide "" ."
201		" Enne on vaja küll paar formaalsust õiendada . "" "	"enne olema vaja küll paar formaalsus õiendama . """
201		 Ta avas laeka ja võttis sealt valmistrükitud paberilehe . 	tema avama laegas ja võtma sealt valmistrükitud paberileht .
201		" "" Mul oleks vaja teie allkirja . "	""" mina olema vaja sina allkiri ."
201		" Me oleme nii neetult vanamoelised , "" muheles ta seejuures . "	"mina olema nii neetult vanamoeline , "" muhelema tema seejuures ."
201		" "" Et te volitate mind oma juhtumiga tegelema ja olete seejuures teadlik , et minu tegevus ei pruugi anda oodatud tulemusi . "	""" et sina volitama mina oma juhtum tegelema ja olema seejuures teadlik , et mina tegevus ei pruukima andma oodatud|ootama tulemus ."
201		" "" "	""""
202		" "" Ja millised ootamatud tulemused võivad sellega kaasneda ? "" küsisin igaks juhuks . "	""" ja milline ootamatu tulemus võima see kaasnema ? "" küsima iga juht ."
203		" "" Ootamatu ongi ju see , mida me oodata ei oska , "" laiutas ta käsi . "	""" ootamatu olema ju see , mis mina ootama ei oskama , "" laiutama tema käsi ."
203		" "" Me ei tea ju , mis tasemel teid üle on võetud . "	""" mina ei teadma ju , mis tase tee üle olema võetud|võtma ."
203		" Muide , tunnete te end praegu ebamugavalt ? "" "	"muide , tundma sina ise praegu ebamugavalt ? """
204		" "" Tool võiks mugavam olla küll . "	""" tool võima mugavam olema küll ."
204		" "" "	""""
205		" "" Muid kaebusi ei ole ? "" sokutas ta paberilehe mulle lähemale . "	""" muu kaebus ei olema ? "" sokutama tema paberileht mina lähemale ."
206		 Ma ei viitsinud lähemalt uurida , millele ma alla kirjutasin . 	mina ei viitsima|viitsinud lähemalt uurima , mis mina alla kirjutama .
206		" "" Muideks , mulle on hakanud mingid laulusõnad meelde tulema . "	""" Mui , mina olema hakanud|hakkama mingi laulusõna meel tulema ."
206		 Ma ei tea - ilmselt poleks keegi pidanud neid üldse ära kustutama . 	mina ei teadma - ilmselt olema keegi pidama|pidanud see üldse ära kustuma|kustutama .
206		 Või on midagi taastuma hakanud . 	või olema miski taastuma hakanud|hakkama .
206		" "" "	""""
207		" "" Istute traktoril ja laulate omaette ? "" küsis ta huvitunult lähemale kummardades . "	""" istuma traktor ja laulma omaette ? "" küsima tema huvitunult lähemale kummardama ."
208		" "" Jätaks või traktori seisma , roniks katusele ja esineks kogu Jolbertile , "" irvitasin . "	""" jätma võima traktor seisma , ronima katus ja esinema kogu Jolbertile , "" irvitama ."
208		" "" Kui vaid viisi teaks . "	""" kui vaid viis teadma ."
208		" "" "	""""
209		" "" Küll viis ka tuleb . "" "	""" küll viima ka tulema . """
209		 Ta näpsas paberi minu eest ära ja pistis laekasse . 	tema näpsama paber mina eest ära ja pistma laegas .
209		" "" Kui tuleb . "	""" kui tulema ."
209		" "" "	""""
210		" "" Just . "	""" just ."
210		 Aega mul ju on . 	aeg mina ju olema .
210		 Kui ma mingil ootamatul moel peaksin oma töökohuslusest vabanema , jään Jolbertile rändlaulikuks . 	kui mina mingi ootamatu mood pidama oma töökohuslus vabanema , jääma Jolbertile rändlaulik .
210		" "" "	""""
211		" "" See oleks tõesti ootamatu , "" kinnitas tema ja avas jälle laualaeka . "	""" see olema tõesti ootamatu , "" kinnitama tema ja avama jälle laualaegas ."
211		 Otsis sealt välja viis metalltopsikut - üsna sarnast neile , mille abil baarimehed eksootilisi segusid tekitavad . 	otsima sealt välja viis metalltopsik - üsna sarnane see , mis abil baarimees eksootiline segu tekitama .
211		 Mõtles ja koukis välja veel kuuendagi . 	mõtlema ja koukima välja veel kuues .
212		" "" Kas on suuremat seltskonda oodata ? "" püüdsin naljatada . "	""" kas olema suurem seltskond ootama ? "" püüdma naljatama ."
213		" "" Ei , ainult meie kolm . "	""" ei , ainult mina kolm ."
213		 Aga need on katse jaoks . 	aga see olema katse jaoks .
213		" "" "	""""
214		" "" Katse ? "" "	""" katse ? """
215		" "" Nojah . "	""" nojah ."
215		 Vaadake , nii palju kui mina tean , intuitsioonile kaetamine ei mõju . 	vaatama , nii palju kui mina teadma , intuitsioon kaetamine ei mõjuma .
215		 Seepärast ma küsisingi , kuhu te tähekaardil näpuga näitasite . 	seepärast mina küsima , kuhu sina tähekaart näpp näitama .
215		" Fabulusele , eks ole , ainult et seda peeti liiga ohtlikuks . "" "	"Fabulus , eks olema , ainult et see pidama liiga ohtlik . """
215		 Ta võttis järgmisest laekast karbi ja puistas sealt lauale mõned märgikesed . 	tema võtma järgmine laegas karp ja puistama sealt laud mõni märgike .
215		 Vist hõbedast . 	vist hõbe .
215		 See , millele mu pilk pidama jäi , oli nagu lõke . 	see , mis mina pilk pidama jääma , olema nagu lõke .
215		 Paar halgu ja leegid . 	paar halg ja leek .
215		 Ta mõtles veidi , korjas mõned märgid ära , jättis lauale viis tükki ja kattis need kummulikeeratud topsikutega . 	tema mõtlema veidi , korjama mõni märk ära , jätma laud viis tükk ja katma see kummulikeeratud topsik .
215		" "" Vana hea sõrmkübaramäng . "	""" vana hea sõrmkübaramäng ."
215		 Kes tahab , teeb panuse . 	kes tahtma , tegema panus .
215		 Kui arvab ära , millise sõrmkübara all on hernes , saab raha mitmekordselt tagasi . 	kui arvama ära , milline sõrmkübar all olema hernes , saama raha mitmekordselt tagasi .
215		" "" "	""""
216		" "" Mul on siis ju head võimalused . "	""" mina olema siis ju hea võimalus ."
216		 Kuuest viis , mitte kolmest üks . 	kuus viima , mitte kolm üks .
216		" "" "	""""
217		" "" Kas just päris nii ... "" pööras ta klõpsatusega viimase topsiku samuti kummuli . "	""" kas just päris nii ... "" pöörama tema klõpsatus viimane topsik samuti kummuli ."
217		" "" Tõenäosust tahame me kindlaks teha küll . "	""" tõenäosus tahtma mina kindel tegema küll ."
217		 Tõde - ja tema nägu . 	tõde - ja tema nägu .
217		 Ja kui me seda arvutada ei oska ... siis me teeme katse . 	ja kui mina see arvutama ei oskama ... siis mina tegema katse .
217		 Mis kindlasti ei anna tulemuseks ühte kuuendikku . 	mis kindlasti ei andma tulemus ühe kuuendik .
217		" Sest , nagu te ehk märkasite , on kõik märgid erinevad . "" "	"sest , nagu sina ehk märkama , olema kõik märk erinev . """
217		 Ta hakkas pealtnäha hajameelselt topsikuid nihutama , kuid oli seejuures üsna osav , igatahes kadus mul õige pea selge ettekujutus , millise all neist oli see miniatuurne lõke . 	tema hakkama pealtnäha hajameelselt topsik nihutama , kuid olema seejuures üsna osav , igatahes kaduma mina õige pea selge ettekujutus , milline all tema olema see miniatuurne lõke .
218		" "" Ma ei tea ju , milline hernes on kõige magusam . "	""" mina ei teadma ju , milline hernes olema kõige magusam ."
218		" "" "	""""
219		" "" Seda loodan minagi . "	""" see lootma mina ."
219		 Selles mängu mõte ongi . 	see mäng mõte olema .
219		" "" "	""""
220		 Mul polnud päris selge , millal ma valiku pean tegema . 	mina olema päris selge , millal mina valik pidama tegema .
220		" "" Kui ma seltskonna kohta küsisin - kas Kyoko tuleb tagasi ? "" "	""" kui mina seltskond kohta küsima - kas Kyoko tulema tagasi ? """
221		" "" Ei , ma mõtlesin kohalviibijaid . "" "	""" ei , mina mõtlema kohalviibija . """
221		 Ta tõstis käed rinnale risti ja vaatas mind leebe pilguga . 	tema tõstma käsi rind risti ja vaatama mina leebe pilk .
221		" "" Nii et millise neist me avame ? "" "	""" nii et milline see mina avama ? """
222		 Kuuest viis pidid mulle midagi andma - või ütlema . 	kuus viis pidama mina miski andma - või ütlema .
222		 Hetkeks turgatas pähe , et huvitav , mida see tühi kuues võiks tähendada . 	hetk turgatama pea , et huvitav , mis see tühi kuues võima tähendama .
222		 Topsikud ei seisnud päris ühtlases reas , aga ilmselt polnud see tähtis . 	Topsik|Topsiku|Topsikud ei seisma|seisnud päris ühtlane rida , aga ilmselt olema see tähtis .
222		 Sirutasin käe ja lasin ühe pihta nipsu . 	sirutama käsi ja laskma üks pihta nips .
222		 Selle alt tuli välja väike hõbedane kirves , mille külge olid seotud lindikesed . 	see alt tulema välja väike hõbedane kirves , mis külge olema seotud|siduma lindike .
223		" "" Nojah , "" ohkas eminents ja avas alumise laualaeka . "	""" nojah , "" ohkama eminents ja avama alumine laualaegas ."
223		 Siis liikus ta käsi väga kiiresti - ja ta pihus oli täpselt samasugune kirves . 	siis liikuma tema käsi väga kiiresti - ja tema pihk|pihu olema täpselt samasugune kirves .
223		 Ainult suurem . 	ainult suurem .
223		 Ta lasi selle minu suunas lendu . 	tema laskma see mina suunas lend .
223		 Käis raksakas - ning järsku oli ruum täis värve . 	käis raksaka|raksakas - ning järsku olema ruum täis värv .
223		 Kõiki vikerkaare värve , millest ma Jolbertil kogu aeg puudust olin tundnud . 	kõik vikerkaar värv , mis mina Jolbert|Jolberti kogu aeg puudus olema tundma|tundnud .
223		 Siis muutus kõik must-valgeks . 	siis muutuma kõik must-valge .
223		 Ja siis kadus seegi . 	ja siis kaduma see .
