par_nr	head	sentence	lemmas
1	 Randevuude rajad on rammetult rohtunud 	 Randevuude rajad on rammetult rohtunud 	randevuu rada|raja olema rammetult rohtuma|rohtunud
2		 Aarne Ruben 	Aarne Ruben
3		" "" Meil oleks tarvis , et sa tuleksid manukaks . "	""" mina olema tarvis , et sina tulema manukas ."
3		 Manukaks , saad aru , noh , tunnistajaks ! 	Manukaks , saama aru , noh , tunnistaja !
3		" Urmo ei taha töölepingu lõpetamisele alla kirjutada , "" ütles Õhtutähe peatoimetaja resoluutselt . "	"Urmo ei tahtma tööleping lõpetamine alla kirjutama , "" ütlema Õhtutähe peatoimetaja resoluutselt ."
3		 Ta oli mu koridori peal kätte saanud . 	tema olema mina koridor peal käsi saama|saanud .
3		 Ma teadsin väga hästi , et minulgi tuleb sellest firmast minek , koondamine jõuab minuni õige pea . 	mina teadma väga hästi , et mina tulema see firma minek , koondamine jõudma mina õige pea .
4		 Koondamiste laine oli suurkontserni-ajalehes alanud juba paar nädalat tagasi . 	koondamine laine olema suurkontserni-ajaleht alanud|algama juba paar nädal tagasi .
4		 Kuid jutud olid hakanud veelgi varem käima , et uus välismaine suuromanik tõmbab personali koosseisu ühe kolmandiku peale . 	kuid jutt olema hakanud|hakkama veelgi varem käima , et uus välismaine suuromanik tõmbama personal koosseis üks kolmandik peale .
4		 Alguses räägiti fantastilistest arvudest . 	algus rääkima fantastiline arv .
4		 Siis hakkas personalijuht inimesi letti võtma . 	siis hakkama personalijuht inimene lett võtma .
4		" Ta läks ühes koondatavaga klaasseintega koosolekuteruumi ja alustas paratamatule alistumisele üles kutsuva häälega : "" Tea , et minulgi tuleb see ükskord läbi teha , ega mina siia enam kauaks jää . "	"tema minema ühes koondatav klaassein koosolekuteruum ja alustama paratamatu alistumine üles kutsuv hääl : "" teadma , et mina tulema see ükskord läbi tegema , ega mina siia enam kauaks jääma ."
4		 Uuel luual , mis nüüd pühkima hakkab , ei ole personalidirektorit vaja . 	uus luud , mis nüüd pühkima hakkama , ei olema personalidirektor vaja .
4		 Meieni jõudis nüüd ka sinu koondamisotsus . 	mina jõudma nüüd ka sina koondamisotsus .
4		 Ma arvan , et me jõuame kokkuleppele : nii töötaja kui tööandja panevad käe alla , et leping on lõpetatud poolte kokkuleppel . 	mina arvama , et mina jõudma kokkulepe : nii töötaja kui tööandja panema käsi alla , et leping olema lõpetama|lõpetatud pool kokkulepe .
4		" See on sulle endale ka kasulik : kui tööleping lõpetatakse töötaja vääritu teo või siis usalduse kaotamise tõttu , siis sa mingit raha ei näe , kui aga lõpetame poolte kokkuleppel , siis saad ju hüvitist kolme kuupalga ulatuses . "" "	"see olema sina ise ka kasulik : kui tööleping lõpetama töötaja vääritu tegu|tigu või siis usaldus kaotamine tõttu , siis sina mingi raha ei nägema , kui aga lõpetama pool kokkulepe , siis saama ju hüvitis kolm kuupalk ulatus . """
5		" Fotograaf Urmo oli keeldunud "" klaaskabiini "" tulemast . "	"Fotograaf Urmo olema keelduma|keeldunud "" klaaskabiin "" tulema ."
5		 Ta oli üldse asjaajamisest keeldunud . 	tema olema üldse asjaajamine keelduma|keeldunud .
5		 Nüüd kutsuti manukad : Urmo ei taha alla kirjutada . 	nüüd kutsuma manukas : Urmo ei tahtma alla kirjutama .
5		 Ma astusin resoluutse peatoimetaja saatel fotograafide tuppa . 	mina astuma resoluutne peatoimetaja saatel fotograaf tuba .
5		 Keset tuba seisis näost kergelt õhetav Urmo . 	keset tuba seisma nägu kergelt õhetav Urmo .
5		 Ta seletas , et teda ei ole mingit põhjust lahti lasta , sest kellelgi ei ole kunagi olnud mingeid pretensioone tema töö kohta . 	tema seletama , et tema ei olema mingi põhjus lahti laskma , sest keegi ei olema kunagi olema|olnud mingi pretensioon tema töö kohta .
6		" "" Saa ometi aru , sa igavene oinas , "" seletasid talle peatoimetaja ja majandusdirektor . "	""" saama ometi aru , sina igavene oinas , "" seletama tema peatoimetaja ja majandusdirektor ."
6		" "" Lehel ei ole nii palju raha , et nelja fotograafi üleval pidada ! "	""" leht ei olema nii palju raha , et neli fotograaf üleval pidama !"
6		 Kas sa oled kuu pealt kukkunud , et ei tunne majandusseadusi ? 	kas sina olema kuu pealt kukkuma|kukkunud , et ei tundma majandusseadus ?
6		 Lahkuma peavad need , kelle töö ei ole olnud nii tulemuslik kui peaks . 	lahkuma pidama see , kes töö ei olema olema|olnud nii tulemuslik kui pidama .
6		" Kui sa siia alla ei kirjuta , siis võid koondamishüvitist näha nagu oma kõrvu . "" "	"kui sina siia alla ei kirjutama , siis võima koondamishüvitis nägema nagu oma kõrv . """
7		" "" Mina alla ei kirjuta ja jutul lõpp , "" ütles Urmo veelgi resoluutsemalt . "	""" mina alla ei kirjutama ja jutt lõpp , "" ütlema Urmo veelgi resoluutsemalt ."
7		 Ta pilk oli tuline ja ma ei osanud seda millegagi võrrelda . 	tema pilk olema tuline ja mina ei osanud|oskama see miski võrdlema .
8		" "" Kui sina , tegelinski , keeldud alla kirjutamast , siis koostame protokolli , et kodanik alla ei kirjutanud ja manukad panevad lihtsalt käed alla , "" ütles peatoimetaja kuivalt ja väga rangelt . "	""" kui sina , tegelinski , keelduma alla kirjutama , siis koostama protokoll , et kodanik alla ei kirjutama|kirjutanud ja manukas panema lihtsalt käsi alla , "" ütlema peatoimetaja kuivalt ja väga rangelt ."
8		 Ta seisis jalad harkis nagu kits kahe heinakuhja vahel . 	tema seisma jalg harkis nagu kits kaks heinakuhi vahel .
9		" Nüüd sekkusin mina vahele : "" Kui on töötüli , siis ei tohi ettevõtja sõimata oma töötajat oinaks ega igaveseks oinaks . "	"nüüd sekkuma mina vahele : "" kui olema töötüli , siis ei tohtima ettevõtja sõimama oma töötaja oinas ega igavene oinas ."
9		" Kohtus vastutate . "" "	"kohus vastutama . """
10		 Seepeale pöördusid ülemuste pilgud minu poole . 	seepeale pöörduma ülemus pilk mina poole .
10		 Aga Urmo jõudis ikka enne vahele öelda : 	aga Urmo jõudma ikka enne vahele ütlema :
11		" "" Ma ütlesin juba : kui töötaja teenistus on kestnud alla viie aasta , on tööandjal kohustus vähemalt kaks kuud ette teatada . "	""" mina ütlema juba : kui töötaja teenistus olema kestma|kestnud alla viis aasta , olema tööandja kohustus vähemalt kaks kuu ette teatama ."
11		 Kas teile see seadus ei kehti ? 	kas sina see seadus ei kehtima ?
11		 Kui kaua teie ette teatasite ? 	kui kaua sina ette teatama ?
11		 Vaevalt mõne päeva . 	vaevalt mõni päev .
11		 No kuhu see kõlbab ? 	no kuhu see kõlbama ?
11		 Nii vähe lihtsalt ei tohi ette teatada . 	nii vähe lihtsalt ei tohtima ette teatama .
11		" Mina alla ei kirjuta ja kõik probleemid lahendame töövaidluskomisjonis . "" "	"mina alla ei kirjutama ja kõik probleem lahendama töövaidluskomisjon . """
12		" "" Ja peale selle , "" sõnasin mina lisaks väga tähtsalt , "" peab tööandja esitama ametiühingule esildise , mida on ta teinud koondatava töövõtja edaspidiseks tööga kindlustamiseks . "	""" ja peale see , "" sõnama mina lisa väga tähtsalt , "" pidama tööandja esitama ametiühing esildis , mis olema tema tegema|teinud koondatav töövõtja edaspidine töö kindlustamine ."
12		 Ahhaa - sellist esildist teie ei ole teinud ! 	ahhaa - selline esildis sina ei olema tegema|teinud !
12		" Kodanik peab teadma oma õigusi , muidu astutakse talle lihtsalt pähe . "" "	"kodanik pidama teadma oma õigus , muidu astuma tema lihtsalt pea . """
13		 Peatoimetaja suu kukkus lopsti lahti . 	peatoimetaja suu kukkuma lopsti lahti .
13		 Ta ei oodanud sellist ülbust minusuguselt mutrikeselt . 	tema ei oodanud|ootama selline ülbus minusugune mutrike .
13		 Peadirektor naeris . 	peadirektor naerma .
13		 Võltsilt ja hääletult . 	võltsilt ja hääletult .
13		 Ta oli noor , andekas ja arvas endast liiga palju . 	tema olema noor , andekas ja arvama ise liiga palju .
13		 Üle ta lipsu jooksis risti ja põiki kullast kett . 	üle tema lips jooksma risti ja põiki kuld kett .
13		 Ta kandis Hugo Bossi ülikonda ja lõhnas hästi . 	tema kandma Hugo boss ülikond ja lõhnama hästi .
14		" "" Mida ?? "" karjus peatoimetaja juhmilt ja hõivas mu vaatevälja . "	""" mis  "" karjuma peatoimetaja juhmilt ja hõivama mina vaateväli ."
14		 Ta oli minust palju pikem . 	tema olema mina palju pikem .
14		" "" Sa vaata , kes tuleb ütlema ! "	""" sina vaatama , kes tulema ütlema !"
14		 Timbu-Limbu tuleb ka veel ütlema ! 	Timbu-Limbu tulema ka veel ütlema !
14		 Terve teie osakond ei ilmu tundide kaupa kohale ! 	terve sina osakond ei ilmuma tund kaupa kohale !
14		 Tööd ei tehtagi ! 	töö ei tegema !
14		 Kui neljapäevast lehte tehakse , siis ei ole sind ja sinu kamraade kuskil ! 	kui neljapäev leht tegema , siis ei olema sina ja sina kamraad kuskil !
14		 Missugune sooda sa oled - sa ajad segamini veinide nimed hispaania veinieksperti intervjueerides ! 	missugune sooda sina olema - sina aeg segamini vein nimi hispaania veiniekspert intervjueerima !
14		 Sinu inglise keel on lihtsalt õudne . 	sina inglise keel olema lihtsalt õudne .
14		 Kui sa siin suvel päeva lauset tegid , siis me hoidsime kõik hinge kinni , et kas nüüd keerab meile totaalse käki või ei keera . 	kui sina siin suvi päev lause tegema , siis mina hoidma kõik hing kinni , et kas nüüd keerama mina totaalne käkk või ei keerama .
14		 Sa oled siin lehes kõige viletsam , sinu lugusid ei loe keegi ! 	sina olema siin leht kõige viletsam , sina lugu ei lugema keegi !
14		" Juhtkonna koosolekul arvas nii mõnigi , et just sinust tuleb koondamisi alustada - täna õnne , et sinu nimi on tähestiku järgi nimekirja lõpus . "" "	"juhtkond koosolek arvama nii mõni , et just sina tulema koondamine alustama - täna õnn , et sina nimi olema tähestik järgi nimekiri lõpp . """
15		" "" Temal , "" osutas nüüd ka majandusdirektor põlglikult minule , "" ei ole siin tõesti midagi ütelda . "	""" tema , "" osutama nüüd ka majandusdirektor põlglikult mina , "" ei olema siin tõesti miski ütlema ."
15		 Tal on õpitud abituse sündroom : ta teab juba mitu aastat , et ta on vilets , aga tal on lihtsam , kui temaga suheldakse kui jobuga . 	tema olema õpitud|õppima abitus sündroom : tema teadma juba mitu aasta , et tema olema vilets , aga tema olema lihtsam , kui tema suhtlema kui jobu .
15		 Lihtsam , kui midagi muutma hakata . 	lihtsam , kui miski muutma hakkama .
15		" Ta lihtsalt on jobu . "" "	"tema lihtsalt olema jobu . """
16		 Urmo alla ei kirjutanud . 	Urmo alla ei kirjutama|kirjutanud .
16		 Mina sellele sündmusele manukaks ei hakanud . 	mina see sündmus manukas ei hakanud|hakkama .
16		 Jäin enda koondamisotsust ootama , sest mulle öeldi , et see tuleb tunni jooksul . 	jääma ise koondamisotsus ootama , sest mina ütlema , et see tulema tund jooksul .
16		 Mõtlesin sisustada aega vanade e-kirjade disketile kopeerimisega . 	mõtlema sisustama aeg vana e-kiri diskett kopeerimine .
16		 Kuid ajalehe intranetist ma oma teateid kätte ei saanud - see oli blokeeritud . 	kuid ajaleht intranet mina oma teade käsi ei saama|saanud - see olema blokeerima|blokeeritud .
17		" Läksin IT-juhi juurde ja küsisin : "" Miks ma intranetti kasutada ei saa ? "	"minema IT-juht juurde ja küsima : "" miks mina intranet kasutama ei saama ?"
17		" Mul oli seal üks tähtis teade . "" "	"mina olema seal üks tähtis teade . """
18		" "" Vallandatavad võivad kättemaksuks masinaid rikkuda , "" vastas see mees tähtsalt . "	""" vallandatav võima kättemaks masin rikkuma , "" vastama see mees tähtsalt ."
18		" "" sellepärast ei saagi . "	""" sellepärast ei saama ."
18		" Mis teade see oli , kus ta on siin ? "" "	"mis teade see olema , kus tema olema siin ? """
19		 Arvutisse kiigates nägin aga , et IT-juht loeb parasjagu minu kirjakasti . 	arvuti|arvutis kiikama nägema aga , et IT-juht lugema parasjagu mina kirjakast .
19		" Tal on ligipääs minu ilusatele armastuskirjadele , mis algavad nii : "" tere , kallis tibuke "" , "" armas kiisu "" , "" päikest sulle , maailma parim suudleja "" , "" meie randevuude rajad on rammetult rohtunud "" jms. "	"tema olema ligipääs mina ilus armastuskiri , mis algama nii : "" tere , kallis tibuke "" , "" armas kiisu "" , "" päike|päikene sina , maailm parim suudleja "" , "" mina randevuu rada|raja olema rammetult rohtuma|rohtunud "" jms ."
20		" "" Pane see otsemaid kinni , raisk , "" käratasin mina ja pisarad purskasid mu mõlemast silmast . "	""" panema see otsemaid kinni , raisk , "" käratama mina ja pisar purskama mina mõlema silm ."
20		 Minu neiu oli tõesti paremast ja ilusamast maailmast ja ma ei tahtnud , et see irreaalne maailm läheks kokku madala ja lamedaga . 	mina neiu olema tõesti parem ja ilusam maailm ja mina ei tahtma|tahtnud , et see irreaalne maailm minema kokku madal ja lame .
21		 IT-mees pani mu meilboksi tõesti kinni , kuid juhtunu oli isegi liig . 	IT-mees panema mina meilboks tõesti kinni , kuid juhtunu olema isegi liig .
21		 Mõtlesin - endiselt koondamisotsust oodates - et lähen alla baari ja teen seal närvide rahustuseks ühe pisikese tripitski . 	mõtlema - endiselt koondamisotsus ootama - et minema alla baar ja tegema seal närv rahustus üks pisike|pisikene tripitsk|tripitski .
21		 Mõeldud-tehtud . 	mõeldud-tehtu .
21		 Tellisin värisevate kätega kaheksakümmend grammi pipraviina . 	tellima värisev käsi kaheksakümmend gramm pipraviin .
21		 Ilma sakusmendita , sest mul ei olnud palju raha . 	ilma sakusment , sest mina ei olema|olnud palju raha .
21		 Tuline juga vajus pikemalt ootamata kõhtu . 	tuline juga vajuma pikemalt ootama kõht .
21		 Maol hakkas kuum ja paha . 	madu|magu hakkama kuum ja paha .
21		 Need olid kõrvetise-taolised valud . 	see olema kõrvetise-taoline valu .
21		 Arvasin kohe , et järgmised kaheksakümmend grammi tuleks võtta koos mingi salatiga . 	arvama kohe , et järgmine kaheksakümmend gramm tulema võtma koos mingi salat .
21		 Jälle oli mõeldud ja tehtud . 	jälle olema mõeldud|mõtlema ja tegema|tehtud .
21		 Mul loksus nüüd sada kuuskümmend grammi kõhus . 	mina loksuma nüüd sada kuuskümmend gramm kõht .
22		" "" Mis joomine see siis olgu , töö ajal , "" torises nooruke müüjatar . "	""" mis joomine see siis olema , töö ajal , "" torisema nooruke müüjatar ."
23		" "" Mul ei ole enam mingit tööd , "" ägisesin mina . "	""" mina ei olema enam mingi töö , "" ägisema mina ."
23		 Ta jäi uskuma . 	tema jääma uskuma .
24		 Müüjatar oli väga ilus . 	müüjatar olema väga ilus .
24		 Ta oli oma soengu blondeerinud ja sealt kentsakad tutid välja ajanud . 	tema olema oma soeng blondeerinu ja sealt kentsakas tutt välja ajama|ajanud .
24		 Mul oli temaga ühiseid mälestusi . 	mina olema tema ühine mälestus .
24		 Kord oli ta tunnistajaks , kuidas ma baaris suhtlesin purjus Mättaga . 	kord olema tema tunnistaja , kuidas mina baar suhtlema purjus mätas .
24		" Mätas ( Ülari Ollik ) oli "" Vennaskonna "" akordionist . "	"Mätas ( Ülar Ollik ) olema "" vennaskond "" akordion ."
24		 Sellel suurel mehel oli mõneti süüdimatu hoiak , lai beebilik naeratus . 	see suur mees olema mõneti süüdimatu hoiak , lai beebilik naeratus .
24		 Alkoholiga oli tema sinasõber . 	alkohol olema tema sinasõber .
24		 Ta kohe ei suutnud ilma selleta elada . 	tema kohe ei suutma|suutnud ilma see elama .
24		" Alguses oli ta "" Vennaskonna "" turneedel kaasas kui turvamees , siis aga ei olnud temale akordionimängus enam üldse võrdset . "	"algus olema tema "" vennaskond "" turnee kaasas kui turvamees , siis aga ei olema|olnud tema akordionimäng enam üldse võrdne ."
24		" Suure looga "" Insener Garini hüperboloid "" võideti 1996. aastal paljuski just tema meisterlikule akordionisoolole Radio France Internationale eks-idabloki rock-bändide võistluse peapreemia . "	"suur lood|loog|lugu "" Insener Garin|Garini hüperboloid "" võitma 1996. aasta palju just tema meisterlik akordionisoolo Radio France Internationale eks-idablokk rock-bänd võistlus peapreemia ."
24		 Sama aasta porikuul kakerdas Mätas mööda pimedat maanteed ja temale sõitis 90-kilomeetrise tunnikiirusega otsa üks auto , mis ta silmapilkselt tappis . 	sama aasta porikuu kakerdama mätas mööda pime maantee ja tema sõitma 90kilomeetrine tunnikiirus otsa üks auto , mis tema silmapilkselt tapma|tappima .
25		 Kui aga mina Mätast nägin , siis istus ta juba ei-tea-mitmenda klaasi taga . 	kui aga mina mätas nägema , siis istuma tema juba ei-tea-mitmes klaas taga .
25		" "" Mina olen mitte keski ... ma ei ole mingi mees , "" ütles ta harjumatult vaikselt üles "" Vennaskonna "" hümni sõnu . "	""" mina olema mitte kes ... mina ei olema mingi mees , "" ütlema tema harjumatult vaikselt üles "" vennaskond "" hümn sõna ."
25		 Suhtlesin temaga õige pikalt . 	suhtlema tema õige pikalt .
25		 Aga ta oli väga-väga purjus . 	aga tema olema väga-väga purjus .
25		" Nii purjus inimestega oli meie "" viisaka "" firma töötajatel keelatud suhelda . "	"nii purjus inimene olema mina "" viisakas "" firma töötaja keelama|keelatud suhtlema ."
25		" "" Firma "" finantshaide ja establishmendi-meeste arvates ei olnud Mätas mitte keegi , olgugi et üldsuse silmis võis ta olla suur kunstnik . "	""" firma "" finantshai ja establishmendi-mees arvama ei olema|olnud Mätas mitte keegi , olgugi et üldsus silm võima tema olema suur kunstnik ."
25		 Ja kui ma Mättaga suhtlemiselt tagasi jõudsin , siis seisis uksel risti ees peatoimetaja asetäitja . 	ja kui mina Mättaga suhtlemine tagasi jõudma , siis seisma uks rist|risti ees peatoimetaja asetäitja .
26		" "" Kas sa pead ilmtingimata vajalikuks selle kalkariga rääkida ? "" küsis tema . "	""" kas sina pidama ilmtingimata vajalik see kalkar rääkima ? "" küsima tema ."
26		" "" Siin ta kondab väga tihti ringi , ei leia endale vist õiget paika . "	""" siin tema kondama väga tihti ringi , ei leidma ise vist õige paik ."
26		" Räägitakse , et pidi vist suur kunstnik olema või ei tea mis asi veel . "" "	"rääkima , et pidama vist suur kunstnik olema või ei teadma mis asi veel . """
27		" "" Kes see mees oli , kellega sa rääkisid ? "" küsis nüüd ka enesest väga lugu pidav majandustoimetajanna . "	""" kes see mees olema , kes sina rääkima ? "" küsima nüüd ka ise väga lugu pidav majandustoimetajanna ."
27		 Ons siis temalgi vaja minu ellu kindlasti sekkuda ? 	ons siis tema vaja mina elu kindlasti sekkuma ?
28		 Mu silme ette kerkis üks teine pildike , seekord loetud kirjandusest . 	mina silm ette kerkima üks teine pildike , seekord loetud|lugema kirjandus .
28		 Kihinat-kahinat täis klassituba . 	kihin-kahin täis klassituba .
28		 Uksel seisab Tom Sawyer . 	uks seisma Tom Sawyer .
28		" "" Jäin Huckleberry Finniga juttu ajama , "" ütleb ta hilinemise põhjusena . "	""" jääma Huckleberry Finn|Finni jutt ajama , "" ütlema tema hilinemine põhjus ."
28		" "" Mi-i-i-is ? "" teeb õpetaja-härra suured silmad . "	""" Mi-i-i ? "" tegema õpetaja-härra suur silm ."
28		" "" Jäin Huckleberry Finniga juttu ajama , "" kordab poiss , arvates , et õpetaja ei saanud esimesest korrast aru . "	""" jääma Huckleberry Finn|Finni jutt ajama , "" kordama poiss , arvama , et õpetaja ei saama|saanud esimene kord aru ."
28		 Või ei kuulnud . 	või ei kuulma|kuulnud .
28		 Või mõlema arusaamatuse kombinatsioon . 	või mõlema arusaamatus kombinatsioon .
29		 Erinevalt Tom Sawyerist ei olnud mina kunagi hilinenud . 	erinevalt Tom Sawyeris ei olema|olnud mina kunagi hilinema|hilinenud .
29		 Töökoht oli minu kohtumispaik ülemustega ; siia tulin ma täpselt . 	töökoht olema mina kohtumispaik ülemus ; siia tulema mina täpselt .
30		" Läksin pärast "" krepkasid "" napse tagasi oma firmasse . "	"minema pärast "" krepka "" naps tagasi oma firma ."
30		 Ukse peal võttis mind vastu majandusdirektor , hõlmad laiali nagu liputajal . 	uks peal võtma mina vastu majandusdirektor , hõlm laiali nagu liputaja .
31		" "" Nii , "" ütles ta ja tema "" nii "" kõlas lühikese klõnksuna , nagu oleks ta keele alla neelanud . "	""" nii , "" ütlema tema ja tema "" nii "" kõlama lühike klõnksu , nagu olema tema keel alla neelama|neelanud ."
32		" "" Nii . "	""" nii ."
32		 Kust tullakse siis niimoodi laia joonega ? 	kust tulema siis niimoodi lai joon ?
32		 Tuikudes ? 	Tuikudes ?
32		" Õhka mulle ! "" "	"õhkama mina ! """
33		" "" Mis õhka , "" kostsin mina vastu . "	""" mis õhkama , "" kostma mina vastu ."
33		" "" Persse , raisk , oma õhkamisega võid sa ... "" "	""" Persse , raisk , oma õhkamine võima sina ... """
34		" "" Ahhh-hhhhaaaaaa ! "" tegi majandusdirektor võidurõõmsat häält . "	""" ahhh-hhhhaaaaaa ! "" tegema majandusdirektor võidurõõmus hääl ."
34		" "" Või lõhnadega tööle ! "	""" või lõhn töö !"
34		 Või mis lõhnadega ? ! ? 	või mis lõhn ? ! ?
34		 See mees on ju täis nagu siga ! 	see mees olema ju täis nagu siga !
34		" Te tulge ja vaadake - ja selline tahab olla ajakirjanik ! "" "	"sina tulema ja vaatama - ja selline tahtma olema ajakirjanik ! """
35		 Rahvast jooksis igalt poolt kokku . 	rahvas jooksma iga poolt kokku .
35		 Nad olid kõik minu vaenlased . 	tema olema kõik mina vaenlane .
35		 Ainult Urmo oli minu sõber . 	ainult Urmo olema mina sõber .
35		 Aga Urmo oli juba lahkunud . 	aga Urmo olema juba lahkuma|lahkunud .
36		 Ma seisin üsna viisakalt jalgadel . 	mina seisma üsna viisakalt jalg .
36		" Isegi liiga viisakalt Aga sekretär küsis : "" Noh , Timbu-Limbu , kuda klaasipõhi läikis kah ? "" "	"isegi liiga viisakalt aga sekretär küsima : "" noh , Timbu-Limbu , kuda klaasipõhi läikima kah ? """
37		" Ma istusin suurele nahksele toolile ja ütlesin seltskonnale , kes oli sinna jäänud ja veel viitsis kuulata : "" Jätke juba see timbulimbutamine . "	"mina istuma suur nahkne tool ja ütlema seltskond , kes olema sinna jääma|jäänud ja veel viitsima kuulama : "" jätma juba see timbulimbutamine ."
37		 Kogu selle aja jooksul , kui ma olen siin töötanud , olete te mind aina Timbu-Limbuks kutsunud . 	kogu see aeg jooksul , kui mina olema siin töötama|töötanud , olema sina mina aina Timbu-Limbuks kutsuma|kutsunud .
37		 Nüüd tuntsin , et aitab . 	nüüd tuntsima , et aitama .
37		" Mis õigusega ? "" "	"mis õigus ? """
38		" Ütlesin , jah , "" tuntsin "" , sest mu keel ei kuulanud enam hästi sõna . "	"ütlema , jah , "" tuntsin "" , sest mina keel ei kuulama|kuulanud enam hästi sõna ."
38		 Siis ütles kirjade osakonna toimetaja : 	siis ütlema kiri osakond toimetaja :
39		" "" Mina sulle midagi halba ei soovi , aga mine ja vaata , mis naljakat infi on sinu kohta intranetti pandud . "" "	""" mina sina miski halb ei soovima , aga minema ja vaatama , mis naljakas inf olema sina kohta intranet pandud|panema . """
40		 Tahtsingi , nagu tavaliselt , Õhtutähe sisevõrku minna , kuid siis tuli meelde , et IT-mees oli minult sisenemise õigused ära võtnud . 	tahtma , nagu tavaliselt , õhtutäht sisevõrk minema , kuid siis tulema meel , et IT-mesi olema mina sisenemine õigus ära võtma|võtnud .
40		 Nii ma ei saanudki teada , mida rõvedat on minu kohta sinna üles riputatud . 	nii mina ei saama teadma , mis rõve olema mina kohta sinna üles riputama|riputatud .
40		 Ja teiste kontodelt kaema minna kah ei viitsinud . 	ja teine konto kaema minema kah ei viitsima|viitsinud .
41		" "" Ih-ih-ih , "" itsitasid mõned kavalalt ja vaatasid mulle jultunult näkku . "	""" ih-ih-ih , "" itsitama mõni kavalalt ja vaatama mina jultunult nägu ."
42		 Lõpuks sain ma kätte lõpparve ja tööraamatu . 	lõpuks saama mina käsi lõpparve ja tööraamat .
42		 Ka lõpetatud töölepingu krabisev paber oli nüüd minu käes . 	ka lõpetama|lõpetatud tööleping krabisev paber olema nüüd mina käes .
42		 Magu ja maks valutasid - ma olin liiga vähe söönud ja liiga palju joonud . 	magu ja maks valutama - mina olema liiga vähe sööma|söönud ja liiga palju jooma|joonud .
42		 Väljas valitses pimedus ja sadas tihedat lund . 	väljas valitsema pimedus ja sadama tihe lumi .
43		 Minnes kadusin kui vati sisse . 	minema kaduma kui vatt sisse .
43		 Minu saapapaelte vahed ummistusid tihedast lumest . 	mina saapapael vahe ummistuma tihe lumi .
43		" Minu piltliku ütlemisega ema nimetab niisuguseid saabaste vahele jäävaid lumetükke "" lumepompariteks "" ja teda ei häiri mitte , et seda sõna ei sisalda ei ÕS ega murdesõnastik . "	"mina piltlik ütlemine ema nimetama niisugune saabas vahele jääv lumetükk "" lumepompar "" ja tema ei häirima mitte , et see sõna ei sisaldama ei ÕS ega murdesõnastik ."
43		 Ma ise nimetaksin neid pigem jäisteks lumeklompideks . 	mina ise nimetama tema pigem jäine lumeklomp .
44		 Rühkisin vapralt edasi . 	rühkima vapralt edasi .
44		 Tahtsin minna oma kalli neiu juurde , kuhu mul oli igal ajal vaba sissepääs . 	tahtma minema oma kallis neid|neiu juurde , kuhu mina olema iga aeg vaba sissepääs .
44		 Ja vaata , kui ma astusin ühissõidukist maha , siis nägin juba eemalt hiiglaslikku valgustatud külgedega klaas-seitset , mis alati on olnud minu armsa neiu maja ees ja mitte kusagil mujal . 	ja vaatama , kui mina astuma ühissõiduk maha , siis nägema juba eemalt hiiglaslik valgustama|valgustatud külg klaas-seitse , mis alati olema olema|olnud mina armas neid|neiu maja ees ja mitte kusagil mujal .
45		 See seitse on täiesti elektrisinine ja selle valgus särab kaugele öösse . 	see seitse olema täiesti elektrisinine ja see valgus särama kaugele öö .
45		 Ta katus sirutub üles taeva poole . 	tema katus sirutuma üles taevas poole .
45		 Selle külgedel on kujutatud mitmesuguseid vaalapüügiepisoode : suured kalad ujuvad sabade vongeldes , mõni satub ka ranniku ja paatide juurde , kus neid ootavad tublid ja tugevad vaalakütid , ahingud õieli ja pinge lihastes . 	see külg olema kujutama|kujutatud mitmesugune vaalapüügiepisood : suur kala ujuma saba vonklema , mõni sattuma ka rannik ja paat juurde , kus tema ootama tubli ja tugev vaalakütt , ahing õieli ja pinge lihas .
45		" Mida see hiigeltaies sümboliseerib , ma ei teagi , kuid selle "" katuse "" alla oli varju saanud bensiinijaam . "	"mis see hiigeltaies sümboliseerima , mina ei teadma , kuid see "" katus "" alla olema vari saama|saanud bensiinijaam ."
45		 Niisiis : funktsionaalne kunst – taies pluss bensiinijaam . 	niisiis : funktsionaalne kunst - taies pluss bensiinijaam .
46		 Oli juba hiline õhtu , kui ma preili juurde jõudsin . 	olema juba hiline õhtu , kui mina preili juurde jõudma .
46		 Läksin trepist üles ja mõtlesin : miks just seitse , maagiline- ja õnnearv ? 	minema trepp üles ja mõtlema : miks just seitse , maagiline ja õnnearv ?
46		 Seitse näeb välja nagu kirves , pealegi on erinevad rahvad teda kummardanud ajast aega . 	seitse nägema välja nagu kirves , pealegi olema erinev rahvas tema kummardama|kummardanud aeg aeg .
46		 Seitse kordub kohutava järjekindlusega mu sünnikuupäevas . 	seitse korduma kohutav järjekindlus mina sünnikuupäev .
46		 Järelikult olen just mina ära valitud suurteks tegudeks : sünnikuupäeva maagiline sümmeetria on täiesti ilmne . 	järelikult olema just mina ära valima|valitud suur tegu : sünnikuupäev maagiline sümmeetria olema täiesti ilmne .
47		 Kallikene oli ise vastas . 	kallikene olema ise vastama .
47		 Ta oli oma olemuselt alles tüdruk ja tema pikad siidised juuksed paistsid heledaina ka esiku pimedas interjööris . 	tema olema oma olemus alles tüdruk ja tema pikk siidine juus paistma hele ka esik pime interjöör .
48		" "" Mulle tehti üks-null ära , "" ütlesin ma otsekohe . "	""" mina tegema üks-null ära , "" ütlema mina otsekohe ."
49		 Mul oli võimalus näha end peeglist , millest end harilikult vaatab tüdruk , kui ta käed kas kellegi meeldimiseks või lihtsalt hea enesetunde jaoks kavalalt juukseid seavad . 	mina olema võimalus nägema ise peegel , mis ise harilikult vaatama tüdruk , kui tema käsi kas keegi meeldimine või lihtsalt hea enesetunne jaoks kavalalt juus seadma .
50		 Mu palged olid auku langenud ja silmad hiilgasid . 	mina pale olema auk langema|langenud ja silm hiilgama .
50		 Ma jätkasin tema ees seistes : 	mina jätkama tema ees seisma :
51		" "" 1 : 0. Sealsed inimesed pole üldse mitte inimesed , vaid mingisugused kurjad tulnukad . "	""" 1 : 0. sealne inimene olema üldse mitte inimene , vaid mingisugune kuri tulnuk|tulnukas ."
51		 Sa ei suuda seda uskuda , millist jama nad mulle korraldasid . 	sina ei suutma see uskuma , milline jama tema mina korraldama .
51		" Koondada saab ka inimlikult , aga mind inimlikult ei koondatud . "" "	"koondama saama ka inimlikult , aga mina inimlikult ei koondama|koondatud . """
52		 Tüdruk lõhnas turvaliselt ja tema piht oli kenasti käe järgi . 	tüdruk lõhnama turvaliselt ja tema piht olema kenasti käsi järgi .
52		 Temagi oli äsja kuskil väljas käinud ja tema juustel oli lumist värskust . 	tema olema äsja kuskil väljas käima|käinud ja tema juus olema lumine värskus .
52		 Märjad räitsakad olid tabanud tema pikkade juuste erinevaid osi , alates väikesest valgest kuklast ja lõpetades soengu lõpuga puusal . 	märg räitsakas olema tabama|tabanud tema pikk juus erinev osa , algama väike|väikene valge kukal ja lõpetama soeng lõpp puus .
52		 Nii et need juuksekarvad , mille ümber kammimisel oli olnud suurem nullfaasiline elektriväli , hakkasid märjaks saades teiste hulgast rohkem välja piiluma . 	nii et see juuksekarv , mis ümber kammimine olema olema|olnud suurem nullfaasiline elektriväli , hakkama märg saama teine hulgast rohkem välja piiluma .
52		 Sel kombel sai tüdruk mõnesse kohta lokid . 	see komme saama tüdruk mõni kohta lokk .
53		 Tahtsin saapaid jalast võtta , aga nende paelad olid lüüme lumekooriku all . 	tahtma saabas jalg võtma , aga tema pael olema lüüm lumekoorik all .
53		 See oli juba sulama hakanud , sest koorikuga kattumata osa oli märg . 	see olema juba sulama hakanud|hakkama , sest koorik kattumata osa olema märg .
53		 Proovisin neid avada , kuni veendusin , et nood vettinud sorakad olid umbsõlme läinud . 	proovima see avama , kuni veenduma , et too vettima|vettinud sorakas olema umbsõlm läinud|minema .
53		 Nad olid väga vintsked . 	tema olema väga vintske .
53		 Võtsin jõu kokku ja tõmbasin nad kahe ropsuga puruks . 	võtma jõud kokku ja tõmbama tema kaks rops puruks .
53		 Nüüd tuli mul natuke paljajalu köögis istuda . 	nüüd tulema mina natuke paljajalu köök istuma .
54		" "" Minu nüüdseks juba endise firma töötajaid võiks võrrelda ülitigedate tulnukatega , kes on tulnud Maale ainult selleks , et lõhkuda , "" ütlesin . "	""" mina nüüdne juba endine firma töötaja võima võrdlema ülitige tulnuk|tulnukas , kes olema tulema|tulnud Maa ainult see , et lõhkuma , "" ütlema ."
54		" "" Nad mitte ainult ei koonda inimesi , vaid sülitavad neile ka hinge . "	""" tema mitte ainult ei koondama inimene , vaid sülitama tema ka hing ."
54		" Ja niikaua , kuni selline asi kestab , ei saa eestlastest mingeid õigeid töötegijaid . "" "	"ja niikaua , kuni selline asi kestma , ei saama eestlane mingi õige töötegija . """
55		 Tüdruk oli neid sõnu kuulates suure saapa juurde maha istunud . 	tüdruk olema see sõna kuulama suur saabas juurde maha istuma|istunud .
55		 Hämarus oli tema ümber ja ka tema siidistel juustel . 	hämarus olema tema ümber ja ka tema siidine juus .
55		 Niisugused rasked militaarset laadi saapad lömastasid saksa koonduslaagrites vangide nägusid või siis tallasid Iraagi tolmust sõjatandrit . 	niisugune raske militaarne laad saabas lömastama saksa koonduslaager vang nägu või siis tallama Iraak tolmune sõjatander .
55		 Nüüd pani tüdruk saapale uue paela . 	nüüd panema tüdruk saabas uus pael .
55		 Uus pael sai venivast materjalist , ta põimis selle algul ümber vasakpoolse ja siis ümber parempoolse haagi . 	uus pael saama veniv materjal , tema põimima see algul ümber vasakpoolne ja siis ümber parempoolne haak .
55		 Ta pooleldi istus , pooleldi põlvitas saapanina juures , juuksed üle parema õla , tegi viimase sõlme ja liigutas end nii järsult , et tema kõrgele laubale kukkus õhuke tukk . 	tema pooleldi istuma , pooleldi põlvitama saapanina juures , juus üle parem õlg , tegema viimane sõlm ja liigutama ise nii järsult , et tema kõrgele laup kukkuma õhuke tukk .
56		 Vaatasin seda , nii et silmad tahtsid peast välja pungitada . 	vaatama see , nii et silm tahtma pea välja pungitama .
57		 See siin oli tõesti parem maailm , kuhu sa alati oled tahtnud jõuda . 	see siin olema tõesti parem maailm , kuhu sina alati olema tahtma|tahtnud jõudma .
57		 Inimesed surevad , aga ilu jääb alles ; nii on mulle alati räägitud . 	inimene surema , aga ilu jääma alles ; nii olema mina alati räägitud|rääkima .
58		" "" Nüüd ma ei taha enam kuhugi minna , "" ütlesin mina . "	""" nüüd mina ei tahtma enam kuhugi minema , "" ütlema mina ."
58		" "" Kardan kuhugi minna , mind on igal pool nii palju mõnitatud . "	""" kartma kuhugi minema , mina olema iga pool nii palju mõnitama|mõnitatud ."
58		 Ma lausa kadestan neid mehi , kes võtsid kunagi ette suure maailmarännu , nad viibisid Argentiina pampades ja sülitasid napist lauatükist kinni hoides soolast vett Atlandi massiivsetes lainevallides . 	mina lausa kadestama see mees , kes võtma kunagi ette suur maailmaränd , tema viibima Argentiina pampa ja sülitama napp lauatükk kinni hoidma soolane vesi Atlandi massiivne lainevall .
58		" Siis aga tulid pärast aastaid kestnud eemal viibimist koju ja mõtlesid : "" Siin , Hamburgis , oli ju see blond Maia , kellega ma tutvusin Merede Ballil , ei tea , kas ta kodumaja on veel alles või on meri ta neelanud , nii nagu Maia enda kord minu silme all neelas ball ... "	"siis aga tulema pärast aasta kestma|kestnud eemal viibimine kodu ja mõtlema : "" siin , Hamburg , olema ju see blond Maia , kes mina tutvuma meri ball , ei teadma , kas tema kodumaja olema veel alles või olema meri tema neelama|neelanud , nii nagu Maia ise kord mina silm all neelama ball ..."
58		" "" "" "	""" """
59		" "" Kõik lähevad ja tulevad kuhugi , "" vastas tema . "	""" kõik minema ja tulema kuhugi , "" vastama tema ."
59		" "" Ainult sina pead olema siin naise seeliku taga . "	""" ainult sina pidama olema siin naine seelik taga ."
59		 Mingis mõttes oled sa argpüks . 	mingi mõte olema sina argpüks .
59		 Aga sina oled see-eest jälle läbinud katsumuste raja . 	aga sina olema see-eest jälle läbima|läbinud katsumus rada|raja .
59		" Sa ei suutnud ette näha kõiki neid sündmusi , mis sinuga juhtuvad . "" "	"sina ei suutma|suutnud ette nägema kõik see sündmus , mis sina juhtuma . """
60		 Ja tõepoolest , enne nende raskete katsumuste läbimist olin ma mingis alguspunktis ega teadnud alguses , kuhu on täpselt viimas minu eest minevad rajad . 	ja tõepoolest , enne see raske katsumus läbimine olema mina mingi alguspunkt ega teadma|teadnud algus , kuhu olema täpselt viima mina eest minev rada|raja .
60		 Alles sündmuste käik tutvustas mind kohutava reaalsusega . 	alles sündmus käik tutvustama mina kohutav reaalsus .
60		 Päeval Õhtutähe toimetuses oli olnud lausa helevalge , kõik lambid olid toimetuse laes säranud täie pingega . 	Päeval Õhtutähe|Õhtutäht toimetus olema olema|olnud lausa helevalge , kõik lamp olema toimetus laad|lagi särama|säranud täis pinge .
60		 Ometi jalutasid selles sünges kohas ringi tõelised monstrumid . 	ometi jalutama see sünge koha|koht ringi tõeline monstrum .
60		 Aga siin oli hämar , see lamp siin ei valgustanud palju . 	aga siin olema hämar , see lamp siin ei valgustama|valgustanud palju .
60		 Tüdruku helesinine pilk oli fokuseeritud siidisele mustale saapapaelale . 	tüdruk helesinine pilk olema fokuseerima|fokuseeritud siidine must saapapael .
60		 Tulevased beebid olid justkui peegeldusena pilgu beebisinas ja veel mingi ähmane lubadus . 	tulevane beebi olema justkui peegeldus pilk beebisina ja veel mingi ähmane lubadus .
60		 Selline pehme ja kerge lubadus . 	selline pehme ja kerge lubadus .
61		 Neid sõlmis paela nii , et saapa pealispinnale jäi seitse musta risti . 	tema sõlmima pael nii , et saabas pealispind jääma seitse must rist .
61		 Saapapael oli siidine ja tüdruku nahk oli sama sile . 	saapapael olema siidine ja tüdruk nahk olema sama sile .
61		 Ei , siin oli kõik ilusam ja parem . 	ei , siin olema kõik ilusam ja parem .
61		 Siin , neiu esikus valitses küll pimedus , kuid ühtegi monstrumit siin ringi ei kakerdanud . 	siin , neiu esik valitsema küll pimedus , kuid üks monstrum siin ringi ei kakerdama|kakerdanud .
61		 Need olid kõik jäänud selja taha – sinna , kuhu mul enam kunagi ei tulnud minna . 	see olema kõik jääma|jäänud selg taha - sinna , kuhu mina enam kunagi ei tulema|tulnud minema .
62		" "" Vaata , "" ütlesin mina temale . "	""" vaatama , "" ütlema mina tema ."
62		" "" Lumi on sulle lokid teinud . "	""" lumi olema sina lokk tegema|teinud ."
62		 Seda on sadanud nii palju , et sirged juuksed on muutunud teatud kohtadest kõverateks . 	see olema sadama|sadanud nii palju , et sirge juus olema muutuma|muutunud teadma|teatud koht kõver .
62		" Kas sul on varemgi lokke olnud ? "" "	"kas sina olema varem lokk olema|olnud ? """
63		" "" Tavalisi küll veidi , aga mitte keemilisi , "" vastas ta asjatundlikult . "	""" tavaline küll veidi , aga mitte keemiline , "" vastama tema asjatundlikult ."
64		 Mulle aga jäi asjatundlikkus neis valdkondades täiesti võõraks . 	mina aga jääma asjatundlikkus see valdkond täiesti võõras .
64		" Ma kuulsin isegi "" tavalisi , aga mitte keerulisi "" . "	"mina kuulma isegi "" tavaline , aga mitte keeruline "" ."
65		 Vaatasin läbi akna talveöösse . 	vaatama läbi aken talveöö .
65		 Nägin täpselt : aknast paistab sinakalt helendav null . 	nägema täpselt : aken paistma sinakalt helendav null .
65		 Miks see siin oli ? 	miks see siin olema ?
65		 Mida see siin tegi ? 	mis see siin tegema ?
65		 Läks aga veel mõni aeg ja siis ma taipasin . 	minema aga veel mõni aeg ja siis mina taipama .
65		 See oli suure seitsme skulptuuri ots , mis meie korruseni ulatus . 	see olema suur seitse skulptuur ots , mis mina korrus ulatuma .
65		 Ja see helendas ikka nii nagu seitse isegi oli helendanud sel ajal , mil ma tulin . 	ja see helendama ikka nii nagu seitse isegi olema helendama|helendanud see aeg , mil mina tulema .
65		 Kuidagi ulmelisena tundus see kõik . 	kuidagi ulmeline tunduma see kõik .
66		 Mida võis see kõik sümboliseerida ? 	mis võima see kõik sümboliseerima ?
66		 Seitsme ots paistab meile tõepoolest nullina , kui olla tema kõrgusel . 	seitse ots paistma mina tõepoolest null , kui olema tema kõrgus .
66		 See on nagu kraana nokk , mis ähvardavalt aknani ulatub . 	see olema nagu kraana nokk , mis ähvardavalt aken ulatuma .
67		 Ma imetlesin seda skulptuuritoru . 	mina imetlema see skulptuuritoru .
68		 Teatud kohast paistab seitse alati nullina ja suured ning tähtsad inimesed võivad – nagu näha – oma alluvaid koondades tunduda täielike lojustena . 	teadma|teatud koha|koht paistma seitse alati null ja suur ning tähtis inimene võima - nagu nägema - oma alluv koondama tunduma täielik lojus .
68		" Kuid minuski ei olnud midagi suurt ja imetlusväärilist – minus , kes ma "" hoidsin naise seeliku taha "" ega suutnud oma mõnitajatele isegi vastu seista . "	"kuid mina ei olema|olnud miski suur ja imetlusvääriline - mina , kes mina "" hoidma naine seelik taha "" ega suutma|suutnud oma mõnitaja isegi vastu seisma ."
