par_nr	head	sentence	lemmas
1	 Kõik võimalused maailmas 	 Kõik võimalused maailmas 	kõik võimalus maailm
2		 Indrek Hargla 	Indrek Hargla
3		 Eloan oli Berdookia Khaaniriigi Guulide dünastia viienda valitseja Hogmondi tütar . 	Eloan olema Berdookia khaaniriik Guul|Guuli|Guulide dünastia viies valitseja Hogmondi tütar .
3		 Veel oli ta riigi kõige ilusam tüdruk . 	veel olema tema riik kõige ilusam tüdruk .
3		 Ilus nagu armastus ise — nii temast räägiti ja vahest ka lauldi . 	ilus nagu armastus ise - nii tema rääkima ja vahest ka laulma .
3		 Kosilasi ... nojah , neid ju oli , aga Hogmond ei kiirustanud laulatusega . 	Kosilasi ... nojah , see ju olema , aga Hogmond ei kiirustama|kiirustanud laulatus .
3		 Sellisele iludusele oli tarvis suurkhaani soost kaasat . 	selline iludus olema tarvis suurkhaan soo|sugu kaasa .
3		 Eloaniga on talle avatud kõik võimalused maailmas ja vähema kui suurkhaani Tharantose pojaga ei kavatsenud Hogmond leppida . 	Eloan|Eloani olema tema avama|avatud kõik võimalus maailm ja vähem kui suurkhaan Tharantos|Tharantose poeg|poja ei kavatsema|kavatsenud Hogmond leppima .
3		 Eloan oli isa sellise poliitikaga väga rahul . 	Eloan olema isa selline poliitika väga rahul .
3		 Miks ? 	miks ?
4		 Kas ei tahtnud ta kogu maa valitsejannaks saada ? 	kas ei tahtma|tahtnud tema kogu maa valitsejanna saama ?
5		 Vaevalt . 	vaevalt .
5		 Ta ei mõelnud sellele eriti . 	tema ei mõelnud|mõtlema see eriti .
6		 Õieti ei mõelnud ta oma kahekümnendast sünnipäevast alatas eriti üldse . 	õieti ei mõelnud|mõtlema tema oma kahekümnes sünnipäev alatama eriti üldse .
6		 Ja kui mõtles , siis lossist versta kaugusele jäävale rannale — sellele , mida linnast , sadamast ja lossist lahutas tihe metsaviirg ja mille liivane mereäär oli ediktiga ligipääsetav ainult khaaniperekonnale endale . 	ja kui mõtlema , siis loss verst kaugus jääv rand - see , mis linn , sadam ja loss lahutama tihe metsaviirg ja mis liivane mereäär olema edikt ligipääsetav ainult khaaniperekond ise .
7		 Veel mõtles ta — niivõrd , kui seda mõtlemiseks saab nimetada — noorele meremehele Rigvinorile . 	veel mõtlema tema - niivõrd , kui see mõtlemine saama nimetama - noor meremees Rigvinorile .
8		 Iga kord , kui Rigvinor oli Berdookias , hiilis ta salaja rannale , kohtas seal Eloani ja ... 	iga kord , kui Rigvinor olema Berdookia , hiilima tema salaja rand , kohtama seal Eloan|Eloani ja ...
9		 Nojah , nad olid armukesed . 	nojah , tema olema armuke .
10		 See oli sedasorti nooruslik armastus , mis ei hoolinud millestki muust kui armastusest , oli selle üle uhke ja ülbe ja nautis kõiki väljakutseid , mida tema keelatus esitas . 	see olema sedasorti nooruslik armastus , mis ei hoolima|hoolinud miski muu kui armastus , olema see üle uhke ja ülbe ja nautima kõik väljakutse , mis tema keelatu esitama .
10		 Aga mõlemile oli see midagi esimest tõelist , koos kõige selle juurde kuuluvaga . 	aga mõlem|mõlemi olema see miski esimene tõeline , koos kõige see juurde kuuluv .
10		 Kõik oli omal kohal — kuuvalgus ; saladus ; vältimatu lahkuminek pärast kirgliku ööd ; õrnalt vastu kaldakivisid loksuv merevesi ... 	kõik olema oma koha|koht - kuuvalgus ; saladus ; vältimatu lahkuminek pärast kirglik öö ; õrnalt vastu kaldakivi loksuv merevesi ...
10		 Romantika . 	romantika .
10		 Aga nad armastasid teineteist ikka päris tõsiselt . 	aga tema armastama teineteise ikka päris tõsiselt .
10		 Ja nende kehad ei teinud sellest saladust . 	ja tema keha ei tegema|teinud see saladus .
11		 Nad kohtusid alati ja ainult seal rannaribal , mujal polnud nende jaoks kohta . 	tema kohtuma alati ja ainult seal rannariba , mujal olema see jaoks kohta .
11		 Nad ei hoolinud , et nende riided ja seejärel seljad said liivaseks ; nad ei hoolinud , et sellel kõigel ei saanud olla rahulikku lõppu . 	tema ei hoolima|hoolinud , et tema riie ja seejärel selg saama liivane ; tema ei hoolima|hoolinud , et see kõik ei saama|saanud olema rahulik lõpp .
11		 Nad uskusid , et neile on avatud kõik võimalused maailmas , et armastus ise kirjutab ette kõik vajaliku . 	tema uskuma , et tema olema avama|avatud kõik võimalus maailm , et armastus ise kirjutama ette kõik vajalik .
11		 Jah , Eloan oleks olnud nõus Rigvinoriga põgenema , kui oleks olnud , kuhu põgeneda . 	jah , Eloan olema olema|olnud nõus Rigvinor|Rigvinori põgenema , kui olema olema|olnud , kuhu põgenema .
11		 Kuid ta lootis , et kõik saab korda ka ilma selliste melodramaatilitse abinõudeta . 	kuid tema lootma , et kõik saama kord ka ilma selline melodramaatilitse abinõu .
12		 Igatahes , praegu oli ta noor , oma ilu kõrgpunktis , ihkas ja tahtis seda poissi . 	igatahes , praegu olema tema noor , oma ilu kõrgpunkt , ihkama ja tahtma see poiss .
12		 Ja siin ta oli ! 	ja siin tema olema !
12		 Tagasi jälle mõnelt pikalt reisilt , tugevam ja kirglikum kui iialgi varem . 	tagasi jälle mõni pikk reis , tugevam ja kirglikum kui iialgi varem .
12		 Armunum kui iialgi varem . 	armunum kui iialgi varem .
13		 Nad lebasid alasti ja õnnelikuna rannaliival , kuuvalgus maalis nende kehasid , suveöö ise ammutas oma romantikat nende armastusest . 	tema lebama alasti ja õnnelik rannaliiv , kuuvalgus maalima tema keha , suveöö ise ammutama oma romantika see armastus .
13		 Kui nad olid puhanud , alustasid nad jälle . 	kui tema olema puhanud|puhkama , alustama tema jälle .
13		 Homme pidi Rigvinor taas lahkuma , kaubareisile saladuslikule Ramadase saarele . 	homme pidama Rigvinor taas lahkuma , kaubareis saladuslik Ramadas saar .
14		 Eloan ei teadnud , miks ta äkki silmad avas . 	Eloan ei teadma|teadnud , miks tema äkki silm avama .
14		 Tavaliselt ta ei teinud nii , kui Rigvinor ... 	tavaliselt tema ei tegema|teinud nii , kui Rigvinor ...
14		 Aga nüüd ta avas silmad , kergitas ennast pisut ja jäi vaatama mere poole . 	aga nüüd tema avama silm , kergitama ise pisut ja jääma vaatama meri poole .
14		 Mingi seletamatu tunne ... või oli see hääl ? 	mingi seletamatu tunne ... või olema see hääl ?
14		 Kala ? 	kala ?
15		" "" Oota , Rigvinor ... "	""" ootama , Rigvinor ..."
15		" Ma kuulsin midagi ! "" "	"mina kuulma miski ! """
16		" "" Mida , kallis ? "	""" mis , kallis ?"
16		" Sina olid ainus , kes siin häälitses . "" "	"sina olema ainus , kes siin häälitsema . """
17		" "" Ei , keegi oli veel . "" "	""" ei , keegi olema veel . """
18		 Ta kergitas ennast veel , lükkas poisi hõõgava keha enda pealt ja nägi ... 	tema kergitama ise veel , lükkama poiss hõõgav keha ise pealt ja nägema ...
18		 Silmanurgast , viivuks , aga nägi ... 	silmanurk , viiv , aga nägema ...
18		 Midagi sulpsatas vette tagasi , midagi või kedagi , kes oli ennast püüdnud varjata , kes oli neid vaadanud . 	miski sulpsatama vesi tagasi , miski või keegi , kes olema ise püüdma|püüdnud varjama , kes olema tema vaadanud|vaatama .
18		 Aga ta nägi seda , teda . 	aga tema nägema see , tema .
18		 Ilmselt Eloan karjatas . 	ilmselt Eloan karjatama .
18		 Kui Rigvinor ennast ümber pööras , oli saladuslik pealtvaataja juba kadunud . 	kui Rigvinor ise ümber pöörama , olema saladuslik pealtvaataja juba kaduma|kadunud .
18		 Kuid meremehe teravad veega harjunud silmad tabasid kerge lainetuse , ringid veepinnal . 	kuid meremees terav vesi harjuma|harjunud silm tabama kerge lainetus , ring veepind .
18		 Keegi oli sukeldunud . 	keegi olema sukelduma|sukeldunud .
19		" "" Mis see oli , Rigvinor ? "" "	""" mis see olema , Rigvinor ? """
20		" "" Nägid sa teda ? "" "	""" nägema sina tema ? """
21		" "" Vist . "	""" vist ."
21		 Ma ei tea , pole kindel . 	mina ei teadma , olema kindel .
21		 Midagi rohekat , nagu oleks olnud juuksed . 	miski rohekas , nagu olema olema|olnud juus .
21		 Ja nägu ... 	ja nägu ...
21		" Jah , ma arvan , et ma nägin nägu . "" "	"jah , mina arvama , et mina nägema nägu . """
22		 Rigvinor ohkas , tõmbas liivalt oma mantli ja kattis sellega enda ja tüdruku . 	Rigvinor ohkama , tõmbama liiv oma mantel ja katma see ise ja tüdruk .
23		" "" Siis oli see tema , "" ütles ta viivu pärast . "	""" siis olema see tema , "" ütlema tema viiv pärast ."
24		" "" Kes ? "" "	""" kes ? """
25		" "" Merineitsi . "	""" merineitsi ."
25		" Ma olen teda varemgi näinud . "" "	"mina olema tema varem nägema|näima|näinud . """
26		 Eloan tõmbus armastatust eemale . 	Eloan tõmbuma armastatu eemale .
27		" "" Merineitsi ? "	""" merineitsi ?"
27		" Sa tunned merineitsit ? "" "	"sina tundma merineitsi ? """
27		 Ja tema hääles lõlas kõige siiram ja ehedam armukadedus . 	ja tema hääl lõla kõige siiram ja ehedam armukadedus .
28		" "" Rahune . "	""" rahunema ."
28		 Ma ei tunne teda . 	mina ei tundma tema .
28		 Ütlesin ju ainult , et olen teda varem näinud . 	ütlema ju ainult , et olema tema varem nägema|näima|näinud .
28		" Või vähemalt ma arvan , et see on seesama . "" "	"või vähemalt mina arvama , et see olema seesama . """
29		" "" Kus sa teda näinud oled ? "" küsis tüdruk umbuslklikult . "	""" kus sina tema nägema|näima|näinud olema ? "" küsima tüdruk umbuslklikult ."
30		" "" Merel , kus mujal ? "	""" meri , kus mujal ?"
30		 Muidugi pole ma alati kindel olnud , kas see ikka on merineitsi . 	muidugi olema mina alati kindel olema|olnud , kas see ikka olema merineitsi .
30		 Räägitakse , et kunagi oli mererahvast palju rohkem olnud . 	rääkima , et kunagi olema mererahvas palju rohkem olema|olnud .
30		 Mõned ei usu üldse , et nad kunagi olemas on olnud . 	mõni ei uskuma üldse , et tema kunagi olema olema olema|olnud .
30		" Aga ... aga mina olen teda näinud . "" "	"aga ... aga mina olema tema nägema|näima|näinud . """
31		 Tüdruk rullus taas poisi haardesse ja tõmbas mantli tihedamalt ümber . 	tüdruk rulluma taas poiss haare ja tõmbama mantel tihedamalt ümber .
32		" "" Kus merel ? "" küsis ta . "	""" kus meri ? "" küsima tema ."
32		" "" Räägi mulle ! "" "	""" rääkima mina ! """
33		" "" Lihtsalt merel . "	""" lihtsalt meri ."
33		 Mõnikord , kui ma olen tekil üksinda , olen näinud vetest kerkivat üht roheliste juustega pead . 	mõnikord , kui mina olema tekk üksinda , olema nägema|näima|näinud vesi kerkima üks roheline juus pea .
33		 Naisepead ... 	naisepea ...
33		 Nojah , ta vaatab mind . 	nojah , tema vaatama mina .
33		 Vahest olen mõelnud , kas ta mitte ei saada mind . 	vahest olema mõelnud|mõtlema , kas tema mitte ei saama mina .
33		" Ma pole sellest kellelegi rääkinud , aga keegi teine pole ka öelnud , et oleks merineitsit näinud . "" "	"mina olema see keegi rääkima|rääkinud , aga keegi teine olema ka öelnud|ütlema , et olema merineitsi nägema|näima|näinud . """
34		 Eloan sasis käega Rigvinori juukseid , tõmbas ta pea endale lähemale ja sosistas talle siis hammastega poisi kõrvalesta hammustades : 	Eloan sasima käsi Rigvinor|Rigvinori juus , tõmbama tema pea ise lähemale ja sosistama tema siis hammas poiss kõrvalest hammustama :
35		" "" Aga kust ma tean , et ikka veel merineitsi on ? "	""" aga kust mina teadma , et ikka veel merineitsi olema ?"
35		" Äkki on ta ka mõnikord laevatekile roninud ? "" "	"äkki olema tema ka mõnikord laevatekk ronima|roninud ? """
36		" "" Jäta ! "	""" jätma !"
36		" Sa ju tead , et ma ei ... "" "	"sina ju teadma , et mina ei ... """
37		" "" Jah , ma tean . "	""" jah , mina teadma ."
37		" Aga kust ma tean , et keegi sind samamoodi ei armasta kui mina ? "" "	"aga kust mina teadma , et keegi sina samamoodi ei armastama kui mina ? """
38		 Varsti läksid nad rannalt ära . 	varsti minema tema rand ära .
38		 Eloan pidi lossi naasma ja Rigvinor kaptenile raporteerima . 	Eloan pidama loss naasma ja Rigvinor kapten raporteerima .
38		 Ramadas oli kaugel ja ohtlik — mehed pidid olema värsked ja puhanud . 	Ramadas olema kaugel ja ohtlik - mees pidama olema värske ja puhanud|puhkama .
38		 Puhkasid nad tavaliselt hästi — seda oli kuulda laevakaaslaste juttudest kõrtsitüdrukutega nauditud armastusest . 	puhkama tema tavaliselt hästi - see olema kuulma laevakaaslane jutt kõrtsitüdruk nauditud|nautima armastus .
38		 Rigvinor pidi endale tihti keelde hammustama , et mitte hüüatada , et need ostetud poosid pole pooltki sellest , mida tema ja Eloan ... 	Rigvinor pidama ise tihti keel hammustama , et mitte hüüatama , et see ostetud|ostma poos olema pooltki see , mis tema ja Eloan ...
39		 Aga ta ei saanud . 	aga tema ei saama|saanud .
40		 Laev lahkus koidikul . 	laev lahkuma koidik .
40		 Rigvinor lootis , et Eloan seisab aknal , nutab ja lehvitab talle . 	Rigvinor lootma , et Eloan seisma aken , nutma ja lehvitama tema .
41		 Eloan seisis aknal , nuttis ja lehvitas talle . 	Eloan seisma aken , nutma ja lehvitama tema .
42		 Khaanilossis elas üks vana naine — Olga oli ta nimi . 	khaaniloss elama üks vana naine - Olga olema tema nimi .
42		 Kui Eloan oli noor ja ilus nagu armastus ise , siis Olga oli vana ja kole nagu surm . 	kui Eloan olema noor ja ilus nagu armastus ise , siis Olga olema vana ja kole nagu surm .
42		 Ometi oli Olga ainus , kellele Eloan oma armastusest söandas rääkida . 	ometi olema Olga ainus , kes Eloan oma armastus söandama rääkima .
42		 Olga oli olnud kunagi Eloani ema amm . 	Olga olema olema|olnud kunagi Eloan|Eloani ema amm .
42		 Ta oli alati lossis elanud . 	tema olema alati loss elama|elanud .
42		 Alati . 	alati .
42		 Nüüd oli Olga pensionil , ootas surma ja nautis viimaseid hetki Eloani kasuvanaemana . 	nüüd olema Olga pension , ootama surm ja nautima viimane hetk Eloan|Eloani kasuvanaema .
42		 Eloan ei mäletanud oma ema — ta oli surnud ammu . 	Eloan ei mäletama|mäletanud oma ema - tema olema surema|surnud ammu .
42		 Aga Olga mäletas Eloani ema Elöhinat ja jutustas talle lapseeast peale lugusid tema emast . 	aga Olga mäletama Eloan|Eloani ema Elöhinat ja jutustama tema lapseiga peale lugu tema ema .
42		 Olga oli muutunud Eloanile ema , vanaema ja kõige usalduslikuma seltsidaami vahepealseks . 	Olga olema muutuma|muutunud Eloanile ema , vanaema ja kõige usalduslikum seltsidaam vahepealne .
42		 Ja alles siis , kui Eloan kohtas Rigvinori ja armus temasse , sai ta aru , et armastab Olgat . 	ja alles siis , kui Eloan kohtama Rigvinor ja armuma tema , saama tema aru , et armastama Olga .
42		 Varem oli ta oma kiindumust vanasse naisesse pidanud millekski nii loomulikuks , mis on alati olemas ega vaja enda lahtiseletamist . 	varem olema tema oma kiindumus vana naine pidama|pidanud miski nii loomulik , mis olema alati olema ega vaja ise lahtiseletamine .
42		 Armastus tõi kaasa arusaamise armastusest . 	armastus tooma kaasa arusaamine armastus .
42		 Eloan armastas Olgat , usaldas ja uskus teda . 	Eloan armastama Olga , usaldama ja uskuma tema .
43		 Nüüd nuttis ta vana naise põlvedel ja anus nõu , abi ning lohutust . 	nüüd nutma tema vana naine põli|põlv ja anuma nõu , abi ning lohutus .
43		 Ta sai neid kõiki . 	tema saama see kõik .
44		" "" Ojaa , meremehed on tõelised mehed , "" sõnas Olga õrnalt tüdruku pead silitades ja tema hääles kõlas seletamatu igatsus . "	""" Ojaa , meremees olema tõeline mees , "" sõnama Olga õrnalt tüdruk pea silitama ja tema hääl kõlama seletamatu igatsus ."
44		" "" Nad ei tule küll alati tagasi , aga see on nende juures ka ainus viga . "" "	""" tema ei tulema küll alati tagasi , aga see olema tema juures ka ainus viga . """
45		" "" Rigvinor tuleb tagasi . "	""" Rigvinor tulema tagasi ."
45		" Ta lubas ! "" "	"tema lubama ! """
46		" "" Kas Kol-Derath seda ka lubas ? "	""" kas Kol-Derath see ka lubama ?"
46		 Meremehed armastavad kirglikumalt kui harilikult mehed , aga merejumal armastab neid veelgi suurema kirega . 	meremees armastama kirglikumalt kui harilikult mees , aga merejumal armastama tema veelgi suurem kirg .
46		 Mõnikord nad lihtsalt ei tule tagasi . 	mõnikord tema lihtsalt ei tulema tagasi .
46		 Aga ma usun , et sinu armastus teeb Rigvinori õnnelikuks . 	aga mina uskuma , et sina armastus tegema Rigvinori õnnelik .
46		" Ma isegi tunnen seda . "" "	"mina isegi tundma see . """
47		" "" Mis meist saab ? "" küsis Eloan läbi pisarate . "	""" mis mina saama ? "" küsima Eloan läbi pisar ."
47		" "" Siis kui ta siin on , on kõik hästi . "	""" siis kui tema siin olema , olema kõik hästi ."
47		 Ma ei muretse millegi pärast . 	mina ei muretsema miski pärast .
47		 Aga kui ta on läinud ... 	aga kui tema olema läinud|minema ...
47		" Isa ei lubaks iialgi ... "" "	"isa ei lubama iialgi ... """
48		" "" See on sinu enda teha , mitte sinu isa ! "" ütles Olga kindlalt ja tõmbas tüdruku pea lähemale . "	""" see olema sina ise tegema , mitte sina isa ! "" ütlema Olga kindlalt ja tõmbama tüdruk pea lähemale ."
49		" "" Kui see on tõeline armastus ... "" "	""" kui see olema tõeline armastus ... """
50		" "" Jah , on ! "	""" jah , olema !"
50		" Mittetõelist armastust pole olemas ! "" "	"mittetõeline armastus olema olema ! """
51		" "" Siis pead sa seda oma õnneks kasutama . "	""" siis pidama sina see oma õnn kasutama ."
51		" Tõeline armastus antakse inimesele ainult üheks korraks , "" ütles Olga kähisev hääl , kui temagi silma pisarad valgusid . "	"tõeline armastus andma inimene ainult üks korraks , "" ütlema Olga kähisev hääl , kui tema silm pisar valguma ."
51		" "" Kui sa usud , et nüüd oled sa Tema leidnud ... "	""" kui sina uskuma , et nüüd olema sina tema leidma|leidnud ..."
51		 Siis , teist võimalust sul enam ei tule . 	siis , teine võimalus sina enam ei tulema .
51		" Usud sa ? "" "	"uskuma sina ? """
52		 Eloan ei vastanud . 	Eloan ei vastama|vastanud .
53		" "" Sa oled noor ja ilus , Eloan , "" jätkas naine . "	""" sina olema noor ja ilus , Eloan , "" jätkama naine ."
53		" "" Ja sul on armastus . "	""" ja sina olema armastus ."
53		 Sa ei tohi seda käest lasta ! 	sina ei tohtima see käsi laskma !
53		 Mina kunagi lasin . 	mina kunagi laskma .
53		 Ja sellest ajast pole ma siit lossist lahkunud ... 	ja see aeg olema mina siit loss lahkuma|lahkunud ...
53		 Kuhu mul minna oligi ! 	kuhu mina minema olema !
53		 Armastuses on kõik vahendid lubatud , Eloan , kas kuuled ! 	armastus olema kõik vahend lubama|lubatu|lubatud , Eloan , kas kuulma !
53		 See on antud ainult sinule ja ainult korraks . 	see olema andma|antud ainult sina ja ainult korraks .
53		" Ja sa ei tohi kahelda . "" "	"ja sina ei tohtima kahtlema . """
54		" "" Ma ei kahtle milleski ! "	""" mina ei kahtlema miski !"
54		" Ma armastan ainult Rigvinori . "" "	"mina armastama ainult Rigvinor . """
55		" "" Jah , ma tean . "	""" jah , mina teadma ."
55		" Tean , et oled maitsnud armastuse vilju teistegagi ... "" "	"teadma , et olema maitsma|maitsnud armastus vili teine ... """
56		 Hoolimata oma nutust Eloan kahvatas . 	hoolimata oma nutt Eloan kahvatama .
56		 Sellest polnud ta kunagi julenud Olgale rääkida ! 	see olema tema kunagi julenud|julgema Olga rääkima !
57		" "" Kuid seda enam tunnen sinus praeguse kire lõpmatust ... "	""" kuid see enam tundma sina praegune kirg lõpmatu ..."
57		 See kõik oli varem . 	see kõik olema varem .
57		 Armastuses on kõik vahendid lubatud . 	armastus olema kõik vahend lubama|lubatu|lubatud .
57		 Kõik võimalused maailmas . 	kõik võimalus maailm .
57		" Kui sa usud , et Rigvinor on ainus Tema ja Tõeline , pead sa julge olema , ega milleski kahtlema . "" "	"kui sina uskuma , et Rigvinor olema ainus tema ja tõeline , pidama sina julgema olema , ega miski kahtlema . """
58		 Kaua istus Eloan veel Olga kambris ja kuulas lugu vana naise armastusest , mis lõppes surma , õnnetuse ja mittemillegagi . 	kaua istuma Eloan veel Olga kamber ja kuulama lugu vana naine armastus , mis lõppema surm , õnnetus ja mittemillegag|mittemillegagi .
58		 Olga oli samuti olnud noor ja ilus . 	Olga olema samuti olema|olnud noor ja ilus .
58		 Aga ta ei kasutanud oma armastust õnne nimel . 	aga tema ei kasutama|kasutanud oma armastus õnn nimel .
58		 Ta oli olnud uhke ja upskas , lasi õnnel sõrmede vahelt libiseda . 	tema olema olema|olnud uhke ja upska , laskma õnn sõrm vahelt libisema .
59		" "" Armastuses , Eloan , on kõik lubatud ! "	""" armastus , Eloan , olema kõik lubama|lubatu|lubatud !"
59		 Kõik ! 	kõik !
59		 Kõik vahendid maailmas . 	kõik vahend maailm .
59		" Kasuta neid ! "" "	"kasutama see ! """
60		 Ka Olgal olid kunagi kõik võimalused maailmas . 	ka Olga olema kunagi kõik võimalus maailm .
60		 Ta lõpetab unustatud ja üksiku ammena Hogmondi lossis . 	tema lõpetama unustama|unustatud ja üksik amm Hogmond|Hogmondi|Hogmont loss .
60		 Maailmal on tema jaoks nüüd ainult üks võimalus . 	maailm olema tema jaoks nüüd ainult üks võimalus .
61		 Tavaliselt tullakse Ramadaselt soolalõhelastiga tagasi enne sügisesi torme . 	tavaliselt tulema Ramadas soolalõhelast tagasi enne sügisene torm .
61		" Sedapuhku jäid nad aga juba minekul tormi kätte ja "" Caali "" veetis sadama dokis parandusteks nädala rohkem kui kauplemiseks tarvis . "	"sedapuhku jääma tema aga juba minek torm käsi ja "" Caali "" veetma sadama dokk parandus nädal rohkem kui kauplemine tarvis ."
62		 Nad palusid Yarlaid , Kol-Derathi ja teisi jumalaid , et nad kogunevad pilved laiali ajaksid , sest tagasi minema nad pidid . 	tema paluma Yarlai|Yarlaid , Kol-Derathi ja teine jumal , et tema kogunema pilv laiali ajama , sest tagasi minema tema pidama .
62		 Järgmised sügistormid on veelgi hullemad . 	järgmine sügistorm olema veelgi hullem .
62		 Ramadasel ei sallita eriti võõraid , pealegi lähenes seal ohverduste aeg ning religioosne fanatism , mis saareelanikke sügise saabudes valdab , ei huvitu eriti sadamarahust ... 	Ramadas ei sallima eriti võõras , pealegi lähenema seal ohverdus aeg ning religioosne fanatism , mis saareelanik sügis saabuma valdama , ei huvituma eriti sadamarahu ...
63		 Tagasiteel tuli torm läänest , oli karmim , julmem ja surmavam kui tavaliselt . 	tagasitee tulema torm lääs , olema karmim , julmem ja surmavam kui tavaliselt .
63		 See oli sedasorti torm , mis ei hooli laevameeste oskustest , vaid mängib õnnega . 	see olema sedasorti torm , mis ei hoolima laevamees oskus , vaid mängima õnn .
63		 Kui sa haistad teda varem , jõuad purjed kokku rehvida , jõuad tema eest pakku ... 	kui sina haistma tema varem , jõudma puri kokku rehvima , jõudma tema eest pakk ...
63		 Kui sul on õnne ... 	kui sina olema õnn ...
63		 Neil ei olnud . 	tema ei olema|olnud .
64		 Kui märatsevad lained juba mehi mastidest alla rebisid , kui kapten Vorstak kramplikult roolirattast kinni hoidis — ookeanipühitud tüürimehe asemel — ja karjus , et ta ei anna oma laeva merehulgustele , mõtles Rigvinor Eloanile . 	kui märatsev laine juba mees mast alla rebima , kui kapten Vorstak kramplikult rooliratas kinni hoidma - ookeanipühitud tüürimees asemel - ja karjuma , et tema ei andma oma laev merehulgus , mõtlema Rigvinor Eloanile .
65		 Kas nii peabki kõik lõppema ? 	kas nii pidama kõik lõppema ?
65		 Lihtsalt üks torm ... ja ongi kõik ? 	lihtsalt üks torm ... ja olema kõik ?
65		 Et tuleb laine , pühib su laevalaelt ja edasi ei tule enam midagi . 	et tulema laine , pühkima sina laevalagi ja edasi ei tulema enam miski .
66		 Laine tuli , pühkis ta laevalaelt aga ... edasi tuli veel midagi . 	Laine tulema , pühkima tema laevalagi aga ... edasi tulema veel miski .
67		 *** 	***
68		" Läänekaare tuuled tõid Berdookia randa hirmsad rajud , kuid ei sõnumeid "" Caali "" saatusest . "	"läänekaar tuul tooma Berdookia rand hirmus raju , kuid ei sõnum "" Caali "" saatus ."
68		 Närvilised kaupmehed käisid iga päev sadamas , ootasid , lootsid . 	närviline kaupmees käima iga päev sadam , ootama , lootma .
69		" Keegi ootas "" Caalit "" veel , keegi , kes ootas , lootis ja armastas . "	"keegi ootama "" Caalit "" veel , keegi , kes ootama , lootma ja armastama ."
69		 Eloan aga ei saanud käia sadamas . 	Eloan aga ei saama|saanud käima sadam .
69		 Ta istus murest murtuna lossiaknal , kuni ootus kadus ja jäi ainult lootus ja armastus . 	tema istuma mure murtu lossiaken , kuni ootus kaduma ja jääma ainult lootus ja armastus .
69		 Sügistormid möllavad Berdookias kaua , kuid ei too siia jääd ega lund nagu juhtuvat sel ajal põhjas . 	sügistorm möllama Berdookias kaua , kuid ei tooma siia jää ega lumi nagu juhtuv see aeg põhi .
69		 Seal kortsutavad külmad hingused sügiseste tormide raevukad lained jäistesse valgudesse . 	seal kortsutama külm hingus sügisene torm raevukas laine jäine valgu .
69		 Ja Radamas jäi põhja . 	ja Radamas jääma põhi .
69		 Veel ükski laev polnud siiani Radamasele talvituma jäänud ... 	veel üks laev olema siiani Radamas talvituma jääma|jäänud ...
70		 Aga sügis tähendab Berdookia sadamale seda , et siia ei tule enam kaua ühtegi laeva . 	aga sügis tähendama Berdookia sadam see , et siia ei tulema enam kaua ühe laev .
70		" Kui "" Caali "" nüüdseks naasnud ei ole , ei tule ta enam kunagi , otsustasid kaupmehed , kirjutasid saabumata jäänud soolalõhe kahjude lahtrisse ning läksid kindlustusagente kiusama . "	"kui "" Caal|Caali "" nüüdne naasma|naasnud ei olema , ei tulema tema enam kunagi , otsustama kaupmees , kirjutama saabuma jääma|jäänud soolalõhe|soolalõhi kahi|kahju lahter ning minema kindlustusagent kiusama ."
70		 Ent Eloan ei saanud Rigvinori lihtsalt maha kirjutada ega minna nõudma kahju hüvitust . 	ent Eloan ei saama|saanud Rigvinor lihtsalt maha kirjutama ega minema nõudma kahi|kahju hüvitus .
71		 Aga ta läks ikkagi . 	aga tema minema ikkagi .
72		 Berdookia viljakatest metsadest ja tasandikest kaugele itta jäävad Korgorathi mäed oma teravate tippude ja hirmsate kuristikega . 	Berdookia viljakas mets ja tasandik kaugele ida jääma Korgorath|Korgorathi mägi oma terav tipp ja hirmus kuristik .
72		 Vähe rändurile sobivaid teid läbivad mägesid , kuid tavalised rändureid seal ei käigi . 	vähe rändur sobiv tee läbima mägi , kuid tavaline rändur seal ei käima .
72		 Korgorathis käivad palverändurid . 	Korgorath|Korgorathi käima palverändur .
72		 Kunagi , siis kui inimesi veel maailmas ei olnud , olevat Korgorathi kõrgeimal tipul Getmannel sündinud viimase draakoni ja viimase titaani ühendusest Yarlai — tiibadega lohepeaga hiiglane , kes nägi , et maa oli liiga tühi ja lendas Igaviku Isanda juurde . 	kunagi , siis kui inimene veel maailm ei olema|olnud , olema Korgorath|Korgorathi kõrgeim tipp Getmanne sündima|sündinud viimane draakon ja viimane titaan ühendus Yarlai - tiib lohepea hiiglane , kes nägema , et maa olema liiga tühi ja lendama igavik isand juurde .
72		 Ta ütles , et pärast draakonite ja titaanide väljasuremist jääb maal nagu elu väheks . 	tema ütlema , et pärast draakon ja titaan väljasuremine jääma maa nagu elu väheks .
72		 Igaviku Isand oli Yarlaiga nõus ning raius ta mitmeks tükiks . 	Igaviku Isand olema Yarlai nõus ning raiuma tema mitu tükk .
72		 Tiivatükkidest valmistas ta linnud ; sisikonnast roomajad ja putukad ; kätest ja jalgadest mehed ning naised ; karvadest karud ja muud loomad ... no ja nii edasi . 	tiivatükk valmistama tema lind ; sisikond roomaja ja putukas ; käsi ja jalg mees ning naine ; karv karu ja muu loom ... no ja nii edasi .
72		 Millistest osadest täpselt midagi loodi , teavad ainult preestrid ja täielikult mitte nemadki . 	milline osa täpselt miski looma , teadma ainult preester ja täielikult mitte tema .
72		 Puuduvate teadmiste otsimisel korraldavad nad riitusi , milliseid usuvad neid ühendavat Igaviku Isandaga . 	puuduv teadmine otsimine korraldama tema riitus , milline uskuma tema ühendama igavik isand .
72		 Kas nad kunagi kõik välja selgitavad ... kes seda teab ? 	kas tema kunagi kõik välja selgitama ... kes see teadma ?
72		 Aga ehk siis saavad nad lõpuni kirjutada Loomise Raamatu , mis juba aastatuhandeid aina täieneb ja ikka veel pooleli on . 	aga ehk siis saama tema lõpp kirjutama loomine raamat , mis juba aastatuhat aina täienema ja ikka veel pooleli olema .
72		 Ühte aga usutakse kindlalt — Yarlai ohverdas ennast elu sünniks , lasi ennast tükkeks raiuda , et inimkond , loomad , putukad , kalad ja kõik ülejäänud loodud saaksid . 	ühte aga uskuma kindlalt - Yarlai ohverdama ise elu sündima , laskma ise tükkeks raiuma , et inimkond , loom , putukas , kala ja kõik ülejäänu loodud|looma saama .
72		 Yarlai oli suuremeelne ja üllas , Yarlai oli ju jumal . 	Yarlai olema suuremeelne ja üllas , Yarlai olema ju jumal .
72		 Tal olid kõik võimalused maailmas , et ise selle valitsejaks saada , sest peale tema isa ja ema surma ei jäänud ju ühtki teist elusolendit . 	tema olema kõik võimalus maailm , et ise see valitseja saama , sest peale tema isa ja ema surm ei jääma|jäänud ju üks teine elusolend .
72		 Tal olid kõik võimalused saada kõige isandaks aga tema ... tõi ennast ohvriks . 	tema olema kõik võimalus saama kõige isand aga tema ... tooma ise ohver .
72		 Aga kui Igaviku Isand nägi , et elusolendid maal üksi on , saatis ta sinna veel mitu jumalat juurde . 	aga kui Igaviku Isand nägema , et elusolend maa üksi olema , saatma tema sinna veel mitu jumal juurde .
72		 Üks neist oli Kol-Derath — merejumal . 	üks tema olema Kol-Derath - merejumal .
72		 Ja siis oli veel Farlik , kes kadestas Yarlai saatust , põgenes Igaviku Isanda juurest ja hakkas tema loodudt hävitama . 	ja siis olema veel Farlik , kes kadestama Yarlai saatus , põgenema igavik isand juurest ja hakkama tema loodudt hävima|hävitama .
72		 Igal juhul oli igas elusolendis midagi jumalikku ja Yarlailt päritut . 	iga juht olema iga elusolend miski jumalik ja Yarlai päritu .
72		 Getmanne ja selle ümbrus oli aga pühakohaks , kuhu palverändurid ikka teel olid . 	Getmanne ja see ümbrus olema aga pühakoht , kuhu palverändur ikka tee olema .
73		 Hogmondil ei olnud tütre rännulemineku vastu midagi — oli ju Eloanil käes lõpuks meheleminekuiga ning palverännak Getmannele — sellele viljakuse ja sünni sümboli mäetipule — oli igati kohane . 	Hogmond|Hogmondi|Hogmont ei olema|olnud tütar rännuleminek vastu miski - olema ju Eloan|Eloani käsi lõpuks meheleminekuiga ning palverännak Getmannele - see viljakus ja sünd sümbol mäetipp - olema igati kohane .
73		 Paljud neidised rändasid sinna enne abielusängi minekut , palvetasid Yarlai ja Igaviku Isanda poole , lootes endast leida ja anda samapalju elu kui Yarlai kunagi . 	palju neidis rändama sinna enne abielusäng minek , palvetama Yarlai ja Igavik|Igaviku isand poole , lootma ise leidma ja andma samapalju elu kui Yarlai kunagi .
74		 Palverännak Getmannele oli komme , traditsioon ja Hogmond ei keeldunud . 	Palverännak Getmannele olema komme , traditsioon ja Hogmond ei keelduma|keeldunud .
75		 Aga Eloan ei läinud hoopiski Korgorathi mägedesse Getmanne tippu . 	aga Eloan ei läinud|minema hoopiski Korgorath|Korgorathi mägi Getmanne tipp .
76		 Sadakond aastat tagasi oli Guulid kibedas vaenus Bulattidega . 	sadakond aasta tagasi olema Guul|Guuli|Guulid kibe vaen Bulatt|Bulatti .
76		 Guul ja Bulat olid ju vennad , mõlemad legendaarse Ishaili pojapojad . 	Guul ja Bulat olema ju vend , mõlema legendaarne Ishail|Ishaili pojapoeg .
76		 Aga troonile tahtsid mõlemad . 	aga troon tahtma mõlema .
76		 Guul oli vanem , aga Bulat rohkem kiindunud maagiasse . 	Guul olema vanem , aga Bulat rohkem kiinduma|kiindunud maagia .
76		 Kõik Berdookia võlurid asusid Bulati võitlusesse . 	kõik Berdookia võlur asuma Bulat|Bulati|Bulatt võitlus .
76		 Aga olid olnud kibedad põuaastad ning rahvas ei sallinud eriti käpardlikke võlureid . 	aga olema olema|olnud kibe põuaasta ning rahvas ei sallima|sallinud eriti käpardlik võlur .
76		 Ja viimastel ei lastud selgitada , et võlukunst just alati vihma ei suuda manada , midagi peab jääma ka jumalatele ... 	ja viimane ei laskma|lastud selgitama , et võlukunst just alati vihm ei suutma manama , miski pidama jääma ka jumal ...
76		 Aga võlureid ei kuulatud ning Bulat sai tugevalt lüüa . 	aga võlur ei kuulama|kuulatud ning Bulat saama tugevalt lööma .
76		 Pärast seda kihutati kõik võlurid Berdookiast minema ja maagiakunst keelati ära . 	pärast see kihutama kõik võlur Berdookia minema ja maagiakunst keelama ära .
76		 Selgus , et riik elas ilma maagiata kah päris hästi . 	selguma , et riik elama ilma maagia kah päris hästi .
77		 Aga ikkagi jäid rahvasuhu legendid , et kusagil kaugel üle Korgorathi mägede , seal kus elavad kentaurid ja muud veidrad olendid , keda preestrid kuidagi ei suutnud Loomise Raamatusse kirjutada , et seal on võlurid veel elus ning oma maagiakunsti edasi arendanud . 	aga ikkagi jääma rahvasuu legend , et kusagil kaugel üle Korgorath|Korgorathi mägi , seal kus elama kentaur ja muu veider olend , kes preester kuidagi ei suutma|suutnud loomine raamat kirjutama , et seal olema võlur veel elu ning oma maagiakunst edasi arendama|arendanud .
78		 Võlurid olid keelatud , aga neist räägiti . 	võlur olema keelama|keelatud , aga tema rääkima .
78		 Salaja , vaikselt , aga räägiti . 	salaja , vaikselt , aga rääkima .
78		 Võlurid ei pidavat miskiks Yarlaid , tema ohverdust ega preestrite püüdlusi . 	võlur ei pidama miski Yarlai|Yarlaid , tema ohverdus ega preester püüdlus .
79		 Eloan ei julenud kellelegi sõna poetada oma reisi tegelikust eesmärgist . 	Eloan ei julenud|julgema keegi sõna poetama oma reis tegelik eesmärk .
79		 Ta võttis kaasa oma neitsiorja ja kaks eunuhhist vahisõdurit . 	tema võtma kaasa oma neitsiori ja kaks eunuhh vahisõdur .
79		 Kui Getmanne tipp paistma hakkas , jättis ta nad ootama , sest palverännakule mindi üksi . 	kui Getmanne tipp paistma hakkama , jätma tema tema ootama , sest palverännak minema üksi .
80		 Üksik tütarlaps ületamas Korgorathi , minemas maale , millest puudusid kaardid , rändamas maagide juurde ... 	üksik tütarlaps ületama Korgorathi , minema maa , mis puuduma kaart , rändama maag juurde ...
80		 Eluohtlik teekond ? 	eluohtlik teekond ?
80		 Muidugi ! 	muidugi !
81		 Aga ta jõudis kohale . 	aga tema jõudma kohale .
82		 Kentaur Drihtogonis — vana ja heasüdamlik hulkur , nagu ta oli — leidis tüdruku poolkülmununa mäekurust ja viis ta võlur Stanovoldi juurde . 	kentaur Drihtogon|Drihtogoni - vana ja heasüdamlik hulkur , nagu tema olema - leidma tüdruk poolkülmunud mäekuru ja viima tema võlur Stanovolt juurde .
83		" "" Khaanitütar , mõelda vaid , "" kuulis Eloan kentauri omaette pomisemas , kui nad võluri aasadele ratsutasid . "	""" khaanitütar , mõtlema vaid , "" kuulma Eloan kentaur omaette pomisema , kui tema võlur aas ratsutama ."
83		" "" Terve maailm on tema ees valla , kõik võimalused ... "	""" terve maailm olema tema ees valla , kõik võimalus ..."
83		 Aga tema ronib siia Stanovoldi juurde ja mingi meremehe pärast . 	aga tema ronima siia Stanovolt juurde ja mingi meremees pärast .
83		" No on alles ajad ... "" "	"no olema alles aeg ... """
84		 Rigvinor ärkas , õigemini toibus minestusest . 	Rigvinor ärkama , õigemini toibuma minestus .
84		 Ta ei mäletanud midagi , kuidagi rääkisid tema külmunud ihuliikmed talle millestki külmast , märjast ja libedast . 	tema ei mäletama|mäletanud miski , kuidagi rääkima tema külmuma|külmunud ihuliige tema miski külm , märg ja libe .
85		 Aga ta oli elus , ta lebas kividel ja kuulis laulu . 	aga tema olema elus , tema lebama kivi ja kuulma laul .
86		 Laulu , mis ei kõlanud üheski Rigvinorile tuntud harmoonias , ei olnudki nagu ainult laul ... aga ometi oli see laul . 	laul , mis ei kõlama|kõlanud üks Rigvinorile tundma|tuntud harmoonia , ei olema nagu ainult laul ... aga ometi olema see laul .
87		 Merineitsi lamas selili rannakividel , käed pea all , soomustega kaetud kokkukasvanud jäsemed merevette lükatud ja laulis . 	merineitsi lamama selili rannakivi , käsi pea all , soomus kaema|kaetud|katma kokkukasvanud jäse merevesi lükatud|lükkama ja laulma .
88		 Mõne päeva möödudes sai Rigvinor aru , et merineitsi nimi oli Lhulahantlekinlekhlustina ; et laul oligi tema keel ; et nad asuvad üksikul kaljurahnul keset ookeani millelt niipea ta ei pääse ja et toores kala maitseb päris hästi . 	mõni päev mööduma saama Rigvinor aru , et merineitsi nimi olema Lhulahantlekinlekhlust ; et laul olema tema keel ; et tema asuma üksik kaljurahn keset ookean mis niipea tema ei pääsema ja et toores kala maitsema|maitsma päris hästi .
89		" "" Caali "" oli uppunud ja ainult Rigvinori oli Lhu ( nii hakkas mees merineitsit kutsuma ) päästnud . "	""" Caali "" olema uppuma|uppunud ja ainult Rigvinori olema Lhu ( nii hakkama mees merineitsi kutsuma ) päästma|päästnud ."
89		 Oli päästnud , kuna oli Rigvinori ammu armunud , lootusetult ja jäägitult . 	olema päästma|päästnud , kuna olema Rigvinori ammu armuma|armunud , lootusetult ja jäägitult .
89		 Oli teda alati mööda merd jälitanud ja jälginud , lootnud ja oodanud . 	olema tema alati mööda meri jälitama|jälitanud ja jälgima|jälginud , lootma|lootnud ja oodanud|ootama .
89		 Loomulikult oli Lhu ka jälginud kõike , mida nad Eloaniga teinud olid . 	loomulikult olema Lhu ka jälgima|jälginud kõik , mis tema Eloan|Eloani tegema|teinud olema .
90		 Ta oli hakanud Lhu laulu mõistma , see polnudki nii raske , kui arvata võis . 	tema olema hakanud|hakkama Lhu laul mõistma , see olema nii raske , kui arvama võima .
90		 Ta rääkis Lhuga , mõistmata , kuidas tüdruk temast aru sai , aga kuidagi ta sai . 	tema rääkima Lhuga , mõistma , kuidas tüdruk tema aru saama , aga kuidagi tema saama .
91		" "" Miks sa mind siia tõid , Lhu ? "" "	""" miks sina mina siia tooma , Lhu ? """
92		" "" Aga kuhu siis ? "	""" aga kuhu siis ?"
92		" Sa vee all sured . "" "	"sina vesi all surema . """
93		" "" Maale — seal on minu kodu . "	""" Maa - seal olema mina kodu ."
93		" Ma ei saa siin elada ... sinuga . "" "	"mina ei saama siin elama ... sina . """
94		" "" Aga mina kuival elada ei saa . "	""" aga mina kuiv elama ei saama ."
94		 Aga sinuga olla tahan . 	aga sina olema tahtma .
94		" Nii nagu sina Eloaniga maal . "" "	"nii nagu sina Eloan|Eloani maa . """
95		" "" Vaata , Lhu . "	""" vaatama , Lhu ."
95		 Ma olen sulle muidugi väga tänulik , et sa mu päästsid . 	mina olema sina muidugi väga tänulik , et sina mina päästma .
95		 Või ... seda on raske sõnades öelda ... 	või ... see olema raske sõna ütlema ...
95		 Sa päästsid mu elu ... 	sina päästma mina elu ...
95		 Kui mitte sina , oleks ma uppunud . 	kui mitte sina , olema mina uppuma|uppunud .
95		 Ja ma olen sulle tänuvõlglane . 	ja mina olema sina tänuvõlglane .
95		 Ükskõik , mida sa palud , ma teen . 	ükskõik , mis sina paluma , mina tegema .
95		 Aga siin rahnul ma suren . 	aga siin rahn mina surema .
95		 Aeglaselt suren igatsusse , külma , janusse ja kunagi nälga , sest toorest kala ei saa igavesti süüa . 	aeglaselt surema igatsus , külm , janu ja kunagi nälg , sest toores kala ei saama igavesti sööma .
95		" Ja ma ei saa sinuga nii nagu Eloaniga ... mida sa ilmselt pealt nägid ... "" "	"ja mina ei saama sina nii nagu Eloan|Eloani ... mis sina ilmselt pealt nägema ... """
96		 Aga tegelikult ei olnud Rigvinor selles väga kindel . 	aga tegelikult ei olema|olnud Rigvinor see väga kindel .
96		 Lhu jalad oli kasvanud soomustatud kalasabasse , kuid ülevalt oli ta nagu harilik naine . 	Lhu jalg olema kasvama|kasvanud soomustama|soomustatud kalasaba , kuid ülevalt olema tema nagu harilik naine .
96		 Ja väga ilus naine . 	ja väga ilus naine .
96		 Ning kalasaba ei hakanudki tegelikult väga puusadest , pigem pisut pealtpoolt põlvi ... 	ning kalasaba ei hakkama tegelikult väga puus , pigem pisut pealtpoolt põli|põlv ...
96		 Kui päike välja tuli ja Lhu rohekas nahk kiirtevihus sillerdas , kui ta saladusliku näo mehe poole pööras ja oma kummaliskaunis keeles talle laulis , kui ta graatislises poosis lebas kividel ja lainetes siugles ... pööras Rigvinor tihti oma pilgu ära ja üritas maha suruda veidrat rauget ja tuttavat tunnet . 	kui päike välja tulema ja Lhu rohekas nahk kiirtevihk sillerdama , kui tema saladuslik nägu mees poole pöörama ja oma kummaliskaunis keel tema laulma , kui tema graatisline poos lebama kivi ja laine siuglema ... pöörama Rigvinor tihti oma pilk ära ja üritama maha suruma veider rauge ja tuttav tunne .
96		 Magus ja kutsuv on vastata armastusele , näidata oma tänutunnet ja rahuldada eneseuhkust . 	magus ja kutsuv olema vastama armastus , näitama oma tänutunne ja rahuldama eneseuhkus .
96		 Nii lihtne , kerge ja mõnus on vastata armastusele ... 	nii lihtne , kerge ja mõnus olema vastama armastus ...
97		 Ühel päeval veeretas Lhu lainetest kaks vaati . 	üks päev veeretama Lhu laine kaks vaat .
97		 Ühes oli soolalõhe ja teises vesi . 	üks olema soolalõhe ja teine vesi .
97		" Mõlemad vaadid olid "" Caalilt "" . "	"mõlema vaat olema "" Caal|Caali "" ."
98		" "" Lhu , see ei aita . "	""" Lhu , see ei aitama ."
98		 Ma ei saa siia jääda . 	mina ei saama siia jääma .
98		" Kas sa ei saaks mind viia maale ? "" "	"kas sina ei saama mina viima maa ? """
99		" "" Jooksed minema rannalt . "	""" jooksma minema rand ."
99		 Kaugele ja kiiresti , ei vaata enam mere poole , ei mäleta Lhulahantlekinlekhlustinat , lähed Elonaiga . 	kaugele ja kiiresti , ei vaatama enam meri poole , ei mäletama Lhulahantlekinlekhlustinat , minema Elonai .
99		" Sa ei usu minu armastust . "" "	"sina ei uskuma mina armastus . """
99		 See kõlas kui kaunis aaria . 	see kõlama kui kaunis aaria .
100		" "" Ma mäletan sind alati , Lhu ! "	""" mina mäletama sina alati , Lhu !"
100		 Ja ma usun sinu armastust . 	ja mina uskuma sina armastus .
100		 Aga armastusele ei saa vägisi sundida . 	aga armastus ei saama vägisi sundima .
100		" Sa tahad mind oma vangiks teha . "" "	"sina tahtma mina oma vang tegema . """
101		" "" Armastuses kõik lubatud on , "" lõõritas merineitsi nukralt . "	""" armastus kõik lubama|lubatu|lubatud olema , "" lõõritama merineitsi nukralt ."
101		" "" Kõik vahendid maailmas . "	""" kõik vahend maailm ."
101		" Ainult üks kord tuleb armastus ja seda tuleb hoida . "" "	"ainult üks kord tulema armastus ja see tulema hoidma . """
102		" "" Sa võid hoida oma armastust , kuid sa ei tohi mind vangis pidada ! "	""" sina võima hoidma oma armastus , kuid sina ei tohtima mina vang pidama !"
102		 Kui sa viid mind maale , ma luban , et tulen sinuga kohtuma ... sinuga rääkima . 	kui sina viima mina maa , mina lubama , et tulema sina kohtuma ... sina rääkima .
102		" Tulen alati , niikaua kui sa soovid seda . "" "	"tulema alati , niikaua kui sina soovima see . """
103		" "" Ei ainult rääkida ma taha , armastada tahan sinuga ka . "" "	""" ei ainult rääkima mina tahtma , armastama tahtma sina ka . """
104		 No ja seal nad siis jälle olid ! 	no ja seal tema siis jälle olema !
105		 Kuid iga päevaga jäi Rigvinor üha nõrgemaks ja teadis , et kaua ta siin kaljurahnul enam vastu pidada ei saa . 	kuid iga päev jääma Rigvinor üha nõrgem ja teadma , et kaua tema siin kaljurahn enam vastu pidama ei saama .
106		" "" Ma suren , Lhu . "	""" mina surema , Lhu ."
106		" Ma suren varsti , kui sa mind maale ei vii . "" "	"mina surema varsti , kui sina mina maa ei viima . """
107		" "" Siis armasta mind ! "" "	""" siis armastama mina ! """
108		" "" Kas sa siis viid mind maale ? "" "	""" kas sina siis viima mina maa ? """
109		" "" Ja igatsema jään sind alati ja sina ka mu armastust nautima tuled veel kaua ja kaua . "" "	""" ja igatsema jääma sina alati ja sina ka mina armastus nautima tulema veel kaua ja kaua . """
110		 Selles Lhu väite teises pooles polnud Rigvinor nii kindel , aga elu eest võideldes on kõik vahendid lubatud . 	see Lhu väide teine pool olema Rigvinor nii kindel , aga elu eest võitlema olema kõik vahend lubama|lubatu|lubatud .
110		 Elu antakse sulle ainult üks kord ja selle säilitamiseks on iga võimaluse kasutamine kohuseks . 	elu andma sina ainult üks kord ja see säilitamine olema iga võimalus kasutamine kohus .
111		" "" Lhu ! "" "	""" Lhu ! """
112		 Ta sirutas merineistile käed ja tüdruk rullus nende tugevasse haardesse . 	tema sirutama merineist käsi ja tüdruk rulluma tema tugev haare .
112		 Kui Rigvinor Lhu niisket keha silitas , siis tüdruk laulis ja nuttis ühekorraga . 	kui Rigvinor Lhu niiske keha silitama , siis tüdruk laulma ja nutma ühekorraga .
112		 Rigvinor ei saanudki aru , kas ta merineisti rindu suudlevad huuled olid soolased mereveest või pisaratest . 	Rigvinor ei saama aru , kas tema merineist rindu suudlev huul olema soolane merevesi või pisar .
113		" Stanovold ütles : "" Preestrid olid Guuli poolel ja võlurid Bulati poolel . "	"Stanovold ütlema : "" Preester olema Guul|Guuli pool ja võlur Bulat|Bulati|Bulatt pool ."
113		 Ühed pidid jääma , teised surema . 	üks pidama jääma , teine surema .
113		 Kaks oli liiga palju . 	kaks olema liiga palju .
113		 Meie kasutasime Bulatti , preestrid Guuli . 	mina kasutama Bulatti , preester Guuli .
113		 Ise poleks need tossikesed teinetesie vastu kätt ealeski tõstnud ... 	ise olema see tossike teinetesie vastu käsi ealeski tõstma|tõstnud ...
113		 Ja sõda sai vältimatuks . 	ja sõda saama vältimatu .
113		 Aga nagu sa isegi tead , on mõnikord kõik vahendid lubatud . 	aga nagu sina isegi teadma , olema mõnikord kõik vahend lubama|lubatu|lubatud .
113		 Kui usud ; kui tead , et endaks ja enda vastu ausaks saad jääda ainult nõnda , tuleb kasutada kõiki võimalusi maailmas . 	kui uskuma ; kui teadma , et ise ja ise vastu aus saama jääma ainult nõnda , tulema kasutama kõik võimalus maailm .
113		" Meie kaotasime . "" "	"mina kaotama . """
114		 Eloan lebas karunahkades sängil ja vaatas võluri hüti aknast rohumaadele , kus hulkusid kentaurikarjad . 	Eloan lebama karunahk säng ja vaatama võlur hütt aken rohumaa , kus hulkuma kentaurikari .
114		 Ligi nädala oli ta palavikus soninud , enne kui Stanovoldi rohud ja joogid ta elule tagasi tõid . 	ligi nädal olema tema palavik sonima|soninud , enne kui Stanovolt rohi ja joogi|jook tema elu tagasi tooma .
115		" "" Mulle pole seda kunagi niimoodi õpetatud , "" ütles ta . "	""" mina olema see kunagi niimoodi õpetama|õpetatud , "" ütlema tema ."
115		" "" Kas siis teie olite head ja nemad pahad ? "" "	""" kas siis sina olema hea ja tema paha ? """
116		" "" Sulle ilmselt räägiti , et meie olime pahad ? "" muigas Stanovold . "	""" sina ilmselt rääkima , et mina olema paha|pahk ? "" muigama Stanovold ."
116		" "" Tjah , ehk on neil õiguski . "	""" tjah , ehk olema tema õigus ."
116		 Ega me väga head ei olnud . 	ega mina väga hea ei olema|olnud .
116		 Igatahses löödi meid pihuks ja põrmuks , paljud said hukka , paljud tarkused läksid kaotsi . 	Igatahse lööma mina pihk|pihu ja põrm , palju saama hukka , palju tarkus minema kaotsi .
116		 Preestrid leidsid , et võlurid on mingid väärmutandid , kes pole sündinud Yarlai ihust . 	preester leidma , et võlur olema mingi väärmutant , kes olema sündima|sündinud Yarlai ihk|ihu .
116		 Nende ainsaks mureks oli Loomise Raamatu valmiskirjutamine , klassifitseerimine , süstematiseerimine . 	see ainus mure olema loomine raamat valmiskirjutamine , klassifitseerimine , süstematiseerimine .
116		 Seda raamatut alustati ju väga ammu ja selles polnud sõnagi , et mõned Yarlai tükkidest loodud olendid vallanuks sellist võimu ja väge nagu meie . 	see raamat alustama ju väga ammu ja see olema sõna , et mõni Yarlai tükk loodud|looma olend valdama selline võim ja vägi nagu mina .
116		 Me olime midagi muud ja valet , Farlikilt ilmselt ja meist tuli lahti saada . 	mina olema miski muu ja vale , Farlik|Farliki ilmselt ja mina tulema lahti saama .
116		" Meid ei huvitanud , kes ja kuidas praeguse elu maailma lõi , meid ei huvitanud mitte selle elu alge päritolu , vaid selle saladuste mõistmine . "" "	"mina ei huvitama|huvitanud , kes ja kuidas praegune elu maailm looma|lööma , mina ei huvitama|huvitanud mitte see elu alge päritolu , vaid see saladus mõistmine . """
117		" "" Kas see pole üks ja sama ? "" "	""" kas see olema üks ja sama ? """
118		" "" Kas Yarlai oli või mitte — sel pole meie jaoks mingit tähendust . "	""" kas Yarlai olema või mitte - see olema mina jaoks mingi tähendus ."
118		 Ma võin ennast muuta kentauriks , kui soovin . 	mina võima ise muutma kentaur , kui soovima .
118		 Loomise Raamatus pole aga kentauridest ega sellest , et üks olend ennast teiseks võib muuta , sõnagi . 	loomine raamat olema aga kentaur ega see , et üks olend ise teiseks võima muutma , sõna .
118		" Järelikult pole meie Yarlaist ... "" "	"järelikult olema mina Yarlai ... """
119		" "" Aga kas siis Yarlai oli või mitte ? "" "	""" aga kas siis Yarlai olema või mitte ? """
120		" "" Kes seda teab ? "	""" kes see teadma ?"
120		 On's see üldse oluline ? 	olema ’ s see üldse oluline ?
120		 Preestrid leidsid , et Yarlaile tuleb pidevalt tänulik olla , näidata oma alandust ja hardameelsust . 	preester leidma , et Yarlaile tulema pidevalt tänulik olema , näitama oma alandus ja hardameelsus .
120		 Nad sirgeldasid oma Raamatusse , et esimesed Suurkhaanid tulid otse Yarlai ihust ja sestap peavad preestrid koos khaanidega alati valitsema , palvetama ja tänama . 	tema sirgeldama oma raamat , et esimene suurkhaan tulema otse Yarlai ihk|ihu ja sestap pidama preester koos khaan alati valitsema , palvetama ja tänama .
120		 Nad tahtisd võimu ! 	tema tahtisd võim !
120		 Meie tahtsime muidugi ka . 	mina tahtma muidugi ka .
120		" Ja ilma igasuguse Yarlai kultuseta ! "" "	"ja ilma igasugune Yarlai kultus ! """
121		" "" Aga kus siis teie võimed ja võlukunst pärit on , kui mitte Yarlailt ? "" "	""" aga kus siis sina võime ja võlukunst pärit olema , kui mitte Yarlailt ? """
122		" "" Aga me ei tea ju ! "	""" aga mina ei teadma ju !"
122		 On ja kõik ! 	olema ja kõik !
122		 On võlukunst siit maailmast või mõnest teisest , on ta Yarlailt , Farlikilt või kelleltki muult ? 	olema võlukunst siit maailm või mõni teine , olema tema Yarlai , Farlik|Farliki või keegi muu ?
122		 Kust meie teame ? 	kust mina teadma ?
122		 Tähtis on see , mida me suudame . 	tähtis olema see , mis mina suutma .
122		" Kui on antud võimed , tuleb neid kasutada . "" "	"kui olema andma|antud võime , tulema tema kasutama . """
123		" "" Ja milleks te neid kasutate ? "" "	""" ja mis sina tema kasutama ? """
124		" "" Noh , praegu me taastame vanu kunste . "	""" noh , praegu mina taastama vana kunst ."
124		" Kunagi , kui tuleb aeg , siis ... "" "	"kunagi , kui tulema aeg , siis ... """
125		 Stanovold ei öelnud , mis tuleb siis , kuid Eloan võis aimata . 	Stanovold ei öelnud|ütlema , mis tulema siis , kuid Eloan võima aimama .
126		" "" Ja sa ei karda seda kõike mulle rääkida ? "" "	""" ja sina ei kartma see kõik mina rääkima ? """
127		" "" Tead , meie juures ei käi eriti inimesi ... "	""" teadma , mina juures ei käima eriti inimene ..."
127		 Lobiseda ja vanu aegu meelde tuletada on alati meeldiv . 	lobisema ja vana aeg meel tuletama olema alati meeldiv .
127		" Pealegi ei räägi sa sellest kellelegi . "" "	"pealegi ei rääkima sina see keegi . """
128		 Stanovold oli vana , kuid mitte nii vana , et Guuli ja Bulati sõda mäletada . 	Stanovold olema vana , kuid mitte nii vana , et Guul|Guuli ja Bulat|Bulati|Bulatt sõda mäletama .
128		 Kui Eloan seda küsis , siis võlur ainult naeris paljutähendsulikult . 	kui Eloan see küsima , siis võlur ainult naerma paljutähendsulikult .
129		" "" Kui ma võin end kentauriks moondada , siis ... ? "" "	""" kui mina võima ise kentaur moondama , siis ... ? """
130		 Nojah , siis ta võis ju ennast kelleks tahes moondada . 	nojah , siis tema võima ju ise kes tahes moondama .
131		" "" Me elame kauem kui harilikud inimesed . "	""" mina elama kauem kui harilik inimene ."
131		 Ja preestrid teavad seda . 	ja preester teadma see .
131		" Seepärast ei peagi nad meid Yarlaist pärit inimesteks . "" "	"seepärast ei pidama tema mina Yarlai pärit inimene . """
132		" "" Kas sa saad mind aidata , Stanovold ? "" küsis Eloan lõpuks . "	""" kas sina saama mina aitama , Stanovold ? "" küsima Eloan lõpuks ."
132		" "" Sa tead , miks ma tulin . "	""" sina teadma , miks mina tulema ."
132		 Ja kui sa mind aitad ... 	ja kui sina mina aitama ...
132		" Ma võin kunagi ... "" ja samas ta vakatas ning hammustas huulde . "	"mina võima kunagi ... "" ja samas tema vakatama ning hammustama huul ."
133		" "" Suurkhaani naiseks saada , tahtsid sa öelda ? "	""" suurkhaan naine saama , tahtma sina ütlema ?"
133		 Ja siis võlureid tänutäheks aidata ? 	ja siis võlur tänutäheks aitama ?
133		" Aga sinu meremees ? "" "	"aga sina meremees ? """
134		" "" Ma ei mõelnud seda nii ... "" kogeles ta punastades . "	""" mina ei mõelnud|mõtlema see nii ... "" kogelema tema punastama ."
134		" "" Ma tahan Rigvinoriga abielluda . "" "	""" mina tahtma Rigvinor|Rigvinori abielluma . """
135		" "" Sa ei pea häbenema . "	""" sina ei pidama häbenema ."
135		 Üle saja aasta pole ma näinud kedagi Berdookiast , kes oleks tulnud siia paluma . 	üle sada aasta olema mina nägema|näima|näinud keegi Berdookia , kes olema tulema|tulnud siia paluma .
135		 Sinu usaldus ja lootus on mulle piisavaks tänuks . 	sina usaldus ja lootus olema mina piisav tänu .
135		 Ma ei taha sinult midagi . 	mina ei tahtma sina miski .
135		" Aga mida sa minult tahad ? "" "	"aga mis sina mina tahtma ? """
136		 Eloan ohkas . 	Eloan ohkama .
136		 Miks ta oli tulnud ? 	miks tema olema tulema|tulnud ?
136		 Millele ta lootis ? 	mis tema lootma ?
136		 Kas Rigvinor oli veel elus ? 	kas Rigvinor olema veel elus ?
137		" "" On , "" ütles Stanovold . "	""" olema , "" ütlema Stanovold ."
138		" "" Ma tahan olla temaga , "" ütles ta siis . "	""" mina tahtma olema tema , "" ütlema tema siis ."
138		" "" Nüüd ja igavesti . "" "	""" nüüd ja igavesti . """
139		 *** 	***
140		 Kui Stanovold kentauri veristas , pigistas Eloan silmad ja kõrvad tugevasti kinni . 	kui Stanovold kentaur veristama , pigistama Eloan silm ja kõrv tugevasti kinni .
140		 Ta teadis , et nende olendite karjad elavad võlurite rohumaadel ainult selleks , et oma isandatele ohverduseks verd pakkuda . 	tema teadma , et see olend kari elama võlur rohumaa ainult see , et oma isand ohverdus veri pakkuma .
140		 Eloan ei huvitanud , kellele ja milleks kentaure ohverdati . 	Eloan ei huvitama|huvitanud , kes ja mis kentaur ohverdama .
140		 Ju siis nii pidi olema . 	ju siis nii pidama olema .
141		 Ta ei näinud , mida Stanovold verega tegi . 	tema ei nägema|näima|näinud , mis Stanovold veri tegema .
141		 Eloani silmi kattis tihe villarätt . 	Eloan|Eloani silm katma tihe villarätt .
141		 Ta kuulis võlurit mingis keeles rääkivat , ta tundis tervaid ja ebameeldivaid lõhnu , kui Stanovold midagi kentauri verega keevasse patta poetas . 	tema kuulma võlur mingi keel rääkima , tema tundma tervai ja ebameeldiv lõhn , kui Stanovold miski kentaur veri keev pada poetama .
141		 Siis hakkas ta teadvus vaikselt kuhugi hääbuma . 	siis hakkama tema teadvus vaikselt kuhugi hääbuma .
141		 Stanovoldi karjamaja jäi maha , ta kuulis kohinat , mere kohinat , lainete laksumist vastu kivisid , laulu , tundis soolakat veelõhna . 	Stanovolt karjamaja jääma maha , tema kuulma kohin , meri kohin , laine laksumine vastu kivi , laul , tundma soolakas veelõhn .
141		 Ja korraga ta teadis , et Rigvinor oli elus ja päris lähedal . 	ja korraga tema teadma , et Rigvinor olema elus ja pärima lähedal .
141		 Väga lähedal ... 	väga lähedal ...
142		" "" Eloan ? "" sositas Rigvinor . "	""" Eloan ? "" sositas Rigvinor ."
142		" "" Eloan ... "" "	""" Eloan ... """
142		 Aga Lhu kahkjad huuled ei vastanud , vaid suudlesid ta nägu . 	aga Lhu kahkjas huul ei vastama|vastanud , vaid suudlema tema nägu .
142		 Merineitsi kalasaba peksis ekstaasis tugevalt vastu vett , pritsmed lendasid Rigvinori seljale . 	merineitsi kalasaba peksma ekstaas tugevalt vastu vesi , pritse lendama Rigvinor|Rigvinori selg .
142		 Oma jalgade vahel tundis mees , kuidas soomused ta nahka kraapisid , peaaegu veristasid seda . 	oma jalg vahel tundma mees , kuidas soomus tema nahk kraapima , peaaegu veristama see .
142		 Lhu sile ja karvadeta ihu vastas iharuses iga ta liigutusele , täpselt nii nagu Eloan seda oli teinud . 	Lhu sile ja karv ihu vastama iharus iga tema liigutus , täpselt nii nagu Eloan see olema tegema|teinud .
142		 Küüned tungisid ta selga . 	küüs tungima tema selg .
142		 Täpselt nii ... nagu Eloan ... 	täpselt nii ... nagu Eloan ...
143		" "" Eloan ? "" "	""" Eloan ? """
144		" "" Rigvinor ? "" karjatas Eloan ja viskles karunahast vaipadel Stanovoldi hütis . "	""" Rigvinor ? "" karjatama Eloan ja visklema karunahk vaip Stanovolt hütt ."
144		 Poolteadvusetus seisundis tundis ta mehe keha lõhna , tundis tema käsi enda ümber , tundis teda enda sees . 	poolteadvusetu seisund tundma tema mees keha lõhn , tundma tema käsi ise ümber , tundma tema ise sees .
144		 Hoomamata , et oli endalt kõik riided seljast rebinud , lõdvestus ta keha jumalikus naudingus ning ta pisaratega segunenud rõõmukarjatused sumbusid huultel naerusuiseks oigamiseks . 	hoomama , et olema ise kõik riie selg rebima|rebinud , lõdvestuma tema keha jumalik nauding ning tema pisar segunema|segunenud rõõmukarjatus sumbuma huul naerusuine oigamine .
145		" "" Rig ... "	""" Rig ..."
145		" Mu kallis Rigvinor ... "" "	"mina kallis Rigvinor ... """
146		 Stanovold vaatas Eloani ekstaasi kurjakuulutava muigega pealt . 	Stanovold vaatama Eloan|Eloani ekstaas kurjakuulutav muie pealt .
147		 Nad ei jõudnud rannani . 	tema ei jõudma|jõudnud rand .
148		 Torm tuli ootamatult ja äkki , otsekui Kol-Derathi vihahoog . 	torm tulema ootamatult ja äkki , otsekui Kol-Derath|Kol-Derathi vihahoog .
149		 Rigvinori käed klammerdusid Lhu keha ümber , hoidisd tema rindade alt kinni , suu sosistas kõrva ergutussõnu , kuid torm oli liiga tugev . 	Rigvinor|Rigvinori käsi klammerduma Lhu keha ümber , hoidisd tema rind alt kinni , suu sosistama kõrv ergutussõna , kuid torm olema liiga tugev .
149		 Sellise lainetusega ujus Lhu tavaliselt vee all , kust veepinna möllamine võis paista nagu tormipilvede raevutsemine taevalael . 	selline lainetus ujuma Lhu tavaliselt vesi all , kust veepind möllamine võima paistma nagu tormipilv raevutsemine taevalagi .
149		 Lained pillutasid neid vahus ühelt harjalt teisele , Rigvinori hingamisteed täitusid veega ja viimane , mida ta mäletas , oli merineisti juuste hõrk aroom . 	laine pillutama tema vahk|vaht üks hari teine , Rigvinor|Rigvinori hingamistee täituma vesi ja viimane , mis tema mäletama , olema merineist juus hõrk aroom .
150		 Lhulahantlekinlekhlustina ei pidanud Rigvinori haaret esiteks selleks , mis see tegelikult oli . 	Lhulahantlekinlekhlust ei pidama|pidanud Rigvinori haare esiteks see , mis see tegelikult olema .
151		 Koolnukrambiks . 	koolnukramp .
152		 Kui torm vaibus ja ta lõpuks aru sai , et ta rindu kogu aeg nii erutavalt pitsitanud sõrmed kuuluvad surnule , rebestas raugeva tormituule vilinat kurb , meeleheitlik ja valus ulgumine . 	kui torm vaibuma ja tema lõpuks aru saama , et tema rindu kogu aeg nii erutavalt pitsitama|pitsitanud sõrm kuuluma surnu , rebestama raugev tormituul vilin kurb , meeleheitlik ja valus ulgumine .
152		 Lhu eleegia kõlas üle mere , põrkus vastu Berdookia rannakaljusid ega vaibunud enne hommikut . 	Lhu eleegia kõlama üle meri , põrkuma vastu Berdookia rannakalju ega vaibuma|vaibunud enne hommik .
153		 *** 	***
154		 Et kalurid rannalt uppunud Rigvinori surnukeha leidsid , kuulis Eloan alles siis , kui ta oli oma retkelt tagasi jõudnud . 	et kalur rand uppuma|uppunud Rigvinor|Rigvinori surnukeha leidma , kuulma Eloan alles siis , kui tema olema oma retk tagasi jõudma|jõudnud .
154		 Ta ei uskunud seda oma meeleheites . 	tema ei uskuma|uskunud see oma meeleheide .
154		 Rigvinor oli ju elus , veel hiljuti oli ta elus olnud , ta oli seda tundnud ... ja veel kuidas tundnud ... 	Rigvinor olema ju elus , veel hiljuti olema tema elu olema|olnud , tema olema see tundma|tundnud ... ja veel kuidas tundma|tundnud ...
155		 Aga kui ta Olgale ütles , kus oli käinud ja mida läbi elanud , põrkus naine oma kasutütrest võpatades eemale . 	aga kui tema Olga ütlema , kus olema käima|käinud ja mis läbi elama|elanud , põrkuma naine oma kasutütar võpatama eemale .
156		" "" Võlurid , "" pomises ta hirmunult . "	""" võlur , "" pomisema tema hirmunult ."
156		" "" Kuidas sa julgesid ? "	""" kuidas sina julgema ?"
156		" Kuidas sa võisid ? "" "	"kuidas sina võima ? """
157		" "" Ma pidin teadma , "" nuttis Eloan . "	""" mina pidama teadma , "" nutma Eloan ."
158		 Olga tegi kolme üksteise vastu surutud sõrmega õhku viisnurgamärgi , mis pidi kaitsma kurjade vaimude ja võlurite eest . 	Olga tegema kolm üksteise vastu suruma|surutud sõrm õhk viisnurgamärk , mis pidama kaitsma kuri vaim ja võlur eest .
159		" "" Sa oled neetud , "" kuulutas naine siis . "	""" sina olema needma|neetud , "" kuulutama naine siis ."
159		" "" Ja ära oled sa neednud ka Rigvinori mälestuse . "	""" ja ära olema sina needma|neednud ka Rigvinor|Rigvinori mälestus ."
159		" Tema hing ei lenda enam tagasi Igaviku Isanda juurde ega ühine Yarlaiga . "" "	"tema hing ei lendama enam tagasi igavik isand juurde ega ühine Yarlai . """
160		 Kõigi surnute hinged lendavad peale surma Igaviku Isanda juurde , ühinevad seal oma loojasse , et leida igavene rahu . 	kõik surnu hing|hinge lendama peale surm igavik isand juurde , ühinema seal oma looja , et leidma igavene rahu .
160		 See on ainus ja lõplik tänu , mida surelik saab oma loojale pakkuda , et nii lunastada tema ohverdus . 	see olema ainus ja lõplik tänu , mis surelik saama oma looja pakkuma , et nii lunastama tema ohverdus .
160		 Iga naasemata hing võtab tükikese Yarlaist ja läheb Farlikile . 	iga naasemata hing võtma tükike Yarlai ja minema Farlikile .
160		 Kui saabub Lõpp peab , Yarlai Farlikile vastu astuma ... 	kui saabuma lõpp pidama , Yarlai Farlikile vastu astuma ...
161		" "" Rigvinor oli elus , ma olin temaga . "	""" Rigvinor olema elus , mina olema tema ."
161		 Ja ma olen selle eest Stanovoldile tänulik . 	ja mina olema see eest Stanovolt tänulik .
161		" Sest tema andis mulle viimase võimaluse . "" "	"sest tema andma mina viimane võimalus . """
162		" "" Ta andis sulle võimaluse teenida Farlikki , "" hüüatas Olga allasurutud häälel . "	""" tema andma sina võimalus teenima Farlikki , "" hüüatama Olga allasurutud hääl ."
162		" "" See nurjatu kasutas sinu kallal musta maagiat , et teie hinged oma Isandale pakkuda . "" "	""" see nurjatu kasutama sina kallal must maagia , et sina hing|hinge oma isand pakkuma . """
163		 Eloan tõusis julgelt püsti ja võttis Olga vanadusest kortsulised põsed oma pihkude vahele . 	Eloan tõusma julgelt püsti ja võtma Olga vanadus kortsuline põsk oma pihk vahele .
164		" "" Ma ei tea , mida võlur tegi . "	""" mina ei teadma , mis võlur tegema ."
164		 Võibolla ta teadis , et Rigvinor sureb varsti . 	võibolla tema teadma , et Rigvinor surema varsti .
164		 Me ei rääkinud sellest , ma pidin tagasi kiirustama . 	mina ei rääkima|rääkinud see , mina pidama tagasi kiirustama .
164		 Aga ta andis mulle võimaluse nautida viimast korda Rigvinori armastust . 	aga tema andma mina võimalus nautima viimane kord Rigvinor|Rigvinori armastus .
164		 Ja kui see oligi must maagia , siis ma ütlen , et see maagia on kauneim maailmas . 	ja kui see olema must maagia , siis mina ütlema , et see maagia olema kauneim maailm .
164		 Ma kasutasin kõiki oma võimalusi . 	mina kasutama kõik oma võimalus .
164		" Nagu sa nõudsid . "" "	"nagu sina nõudma . """
165		 Olga ägas . 	Olga ägama .
166		" "" Sa rumal tüdruk ... "	""" sina rumal tüdruk ..."
166		 Armastuse nimel tohib kasutada ainult armastust , oma armastust , ei midagi muud . 	armastus nimel tohtima kasutama ainult armastus , oma armastus , ei miski muu .
166		" Sul olid kõik võimalused maailmas , sest armastus annab sulle kõik võimalused . "" "	"sina olema kõik võimalus maailm , sest armastus andma sina kõik võimalus . """
167		" "" Ja ma kasutasin neid ! "" "	""" ja mina kasutama see ! """
168		" "" Ei ! "	""" ei !"
168		 Sa kasutasid võõra maailma võimalusi ... 	sina kasutama võõras maailm võimalus ...
168		 Kurjuse Jõude . 	kurjus jõud .
168		" Kellelgi pole õigust kasutada oma huvides teispoolsuse jõude ! "" "	"keegi olema õigus kasutama oma huvi teispoolsus jõud ! """
169		" "" Ma pikendasin meie armastust . "	""" mina pikendama mina armastus ."
169		 Ma pikendasin oma elu ühe õnneliku hetke võrra . 	mina pikendama oma elu ühe õnnelik hetk võrra .
169		" Ja keegi ei saa mind hukka mõista . "" "	"ja keegi ei saama mina hukka mõistma . """
170		" "" Sa oled neetud . "" "	""" sina olema needma|neetud . """
171		" "" Ma pole neetud . "	""" mina olema needma|neetud ."
171		" Ma olen õnnistatud . "" "	"mina olema õnnistama|õnnistatud . """
172		 Ja ta teadis seda . 	ja tema teadma see .
173		 Maal surnud meremeeste surnuaed asus linnast kahe versta kaugusel aiaga piiratud tehismuulil , mida ümbritsesid suured rannakivid . 	Maa surema|surnud meremees surnuaed asuma linn kaks verst kaugusel aed piirama|piiratud tehismuul , mis ümbritsema suur rannakivi .
173		 Eloan läks oma armastatu hauale hilja õhtul ja üksi , nagu oli läinud temaga kohtuma liivasele rannaribale . 	Eloan minema oma armastatu haud hilja õhtu ja üksi , nagu olema läinud|minema tema kohtuma liivane rannariba .
173		 Kalmistuväravalt hakkas ta kõrvu kaunis ja igatsev laul keeles , mida ta kunagi varem kuulnud polnud . 	kalmistuvärav hakkama tema kõrvu kaunis ja igatsev laul keel , mis tema kunagi varem kuulma|kuulnud olema .
173		 Kui ta Rigvinori hauale lähenes , nägi ta , et seal oli veel keegi . 	kui tema Rigvinor|Rigvinori haud lähenema , nägema tema , et seal olema veel keegi .
174		 Ta tundis ta ära . 	tema tundma tema ära .
174		 Roheliste juustega naisenägu merest . 	roheline juus naisenägu meri .
174		 Merineitsi . 	merineitsi .
175		 Lhulahantlekinlekhlustina põrnitses oma võistlejat kurjade ja hämaruses kiirgavate silmadega . 	Lhulahantlekinlekhlust põrnitsema oma võistleja kuri ja hämarus kiirgav silm .
175		 Ta lebas haual ja oli end üle kivide vinnates veriseks kriimustanud . 	tema lebama haud ja olema end üle kivi vinnama verine kriimustama|kriimustanud .
175		 Kui Eloan veel ühe sammu haua suunas tegi , hakkas ta tigedalt sisisema . 	kui Eloan veel üks samm haud suunas tegema , hakkama tema tigedalt sisisema .
176		 Alguses Eloan ei mõistnud , kuid siis talle meelestus see soolase õhu lõhn , lainete laksumine , laul — seesama laul — siis , kui tema ja Rigvinor olid viimati ... 	algus Eloan ei mõistma|mõistnud , kuid siis tema meelestuma see soolane õhk lõhn , laine laksumine , laul - seesama laul - siis , kui tema ja Rigvinor olema viimati ...
177		 Ta sai aru , kuid ei suutnud seda uskuda . 	tema saama aru , kuid ei suutma|suutnud see uskuma .
178		 Merineitsi vaikis äkki , puuris oma võikad silmad Eloanile , tema sisse ja tardus ... 	merineitsi vaikima äkki , puurima oma võigas silm Eloanile , tema sisse ja tarduma ...
179		" "" Ta on minu , sa varastasid tema minult ! "" kuulis Eloan võigast laulu . "	""" tema olema mina , sina varastama tema mina ! "" kuulma Eloan võigas laul ."
180		 Mille ma varastasin , ma olen teda kogu aeg armastanud . 	mis mina varastama , mina olema tema kogu aeg armastama|armastanud .
180		 Kas armastust saab varastada ? 	kas armastus saama varastama ?
180		 Hoopis sina oled varas ! 	hoopis sina olema varas !
180		 Varas ja väljapressija ... 	varas ja väljapressija ...
181		 Aga enne , kui mõtted tema huultel sõnadeks vormusid , enne , kui ta jõudis haarata maast kivi , et seda merielajat visata ... jõudsid merineisti sõnad tema teadvusesse . 	aga enne , kui mõte tema huul sõna vormuma , enne , kui tema jõudma haarama maa kivi , et see merielajas viskama ... jõudma merineist sõna tema teadvus .
181		 Ja ta mõistis kõike . 	ja tema mõistma kõik .
182		 Eloan ei öelnudki nii merineitsile ühtegi sõna . 	Eloan ei ütlema nii merineitsi ühe sõna .
182		 Ja nad põrnitsesid kaua üksteist õhtuhämaruses , kuni Lhulahantlekinlekhlustina pöördus ja üle kivide roomama hakkas . 	ja tema põrnitsema kaua üksteist õhtuhämarus , kuni Lhulahantlekinlekhlust pöörduma ja üle kivi roomama hakkama .
183		 Eloan aitas ta vette . 	Eloan aitama tema vesi .
184		 *** 	***
185		 Kui Hogmond oma tütrest uudiseid kuulis , oli ta alguses maruvihane . 	kui Hogmond oma tütar uudis kuulma , olema tema algus maruvihane .
185		 Siis — olles ära kuulanud ülempreester Neglai Gu — ta rahunes ja tundis end isegi uhkena . 	siis - olema ära kuulama|kuulanud ülempreester Neglai Gu - tema rahunema ja tundma ise isegi uhke .
185		 Mõelda vaid — olla Yarlai pühast vaimust eostatud tütre isaks . 	mõtlema vaid - olema Yarlai püha vaim eostama|eostatud tütar isa .
185		 Seegi avaks talle Suurkhaani juures palju võimalusi . 	see avama tema suurkhaan juures palju võimalus .
185		 Kas just kõik maailmas , aga ikkagi üsna palju . 	kas just kõik maailm , aga ikkagi üsna palju .
185		 Preestrid rääkisid Hogmondile , et tüdruk , kes on käinud Getmanne tipus ja seal ... 	preester rääkima Hogmondile , et tüdruk , kes olema käima|käinud Getmanne tipp ja seal ...
185		 Yarlai poolt välja valitud ... on õnnistuseks kogu maailmale . 	Yarlai poolt välja valima|valitud ... olema õnnistus kogu maailm .
185		 Ja khaani pojapojast saab kindlasti kunagi Berdookia preestrite valitseja . 	ja khaan pojapoeg saama kindlasti kunagi Berdookia preester valitseja .
185		 Tema , kes oma jumaliku ühenduse tõttu lõpetab Loomise Raamatu . 	tema , kes oma jumalik ühendus tõttu lõpetama loomine raamat .
186		 *** 	***
187		 Aga Eloani poeg ei lõpetanud Loomise Raamatut . 	aga Eloan|Eloani poeg ei lõpetama|lõpetanud loomine raamat .
188		 Ja Eloan ei näinud oma poega kunagi . 	ja Eloan ei nägema|näima|näinud oma poeg kunagi .
189		 Olga oli see , kes armastusest ja kaastundest sureva kasutütretütre vastu kalasabaga imiku lossiaknast merre uhas ning hoolitses , et preestrid sellest kunagi teada ei saaks . 	Olga olema see , kes armastus ja kaastunne surev kasutütretütar vastu kalasaba imik lossiaken meri uhama ning hoolitsema , et preester see kunagi teadma ei saama .
190		 Ka merirahvast polnud Loomise Raamatus . 	ka merirahvas olema loomine raamat .
191		 Olga ei saanud kunagi teada , et lossi akna all ootav Lhu oma ja samas nii võõra pojaga kaugustesse ujus . 	Olga ei saama|saanud kunagi teadma , et loss aken all ootav Lhu oma ja samas nii võõras poeg|poja kaugus ujuma .
192		 Olga ega keegi teine saanud kunagi teada , kes olid tegelikult need hääled , kes öösiti meremeeste kalmistul kurvahäälselt laulsid . 	Olga ega keegi teine saama|saanud kunagi teadma , kes olema tegelikult see hääl , kes öösiti meremees kalmistu kurvahäälselt laulma .
193		 Kui murest murtud Hogmond Olgaga oma pühakuks kuulutatud tütrest Eloanist juttu tegi , vastas naine : 	kui mure murdma|murtud Hogmond Olga oma pühak kuulutama|kuulutatud tütar Eloan|Eloani jutt tegema , vastama naine :
194		" "" Tal olid kõik võimalused maailmas oma armastusega toime tulla . "	""" tema olema kõik võimalus maailm oma armastus toim|toime tulema ."
194		" Aga ta valis vale tee . "" "	"aga tema valima vale tee . """
195		" "" Millise armastusega ? "" "	""" milline armastus ? """
196		" "" Selle ühe ja ainsaga , mis tal oli . "" "	""" see ühe ja ainus , mis tema olema . """
197		 Aga nad mõistsid selle all erinevaid asju . 	aga tema mõistma see all erinev asi .
