par_nr	head	sentence	lemmas
1	 Elisale 	 Elisale 	Elisale
2		 Karen Orlau 	Karen Orlau
3		 Kui vana ütlemist uskuda , püüavad nurkaaetud rotid end misiganes hinna eest lõksust välja võidelda . 	kui vana ütlemine uskuma , püüdma nurkaaetud rott end misigane hind eest lõks välja võitlema .
3		 Kipun arvama , et inimesed pigem kohanevad nurgaga , kui et lootusetusse võitlusse astuvad . 	kippuma arvama , et inimene pigem kohanema nurk , kui et lootusetu võitlus astuma .
3		 Tean kedagi , kes muigab , kui seda loeb . 	teadma keegi , kes muigama , kui see lugema .
3		 Enesekindlalt ilmselt ? 	enesekindlalt ilmselt ?
3		 Mis siis ikka , naergu pealegi — minagi ju püüan kõigest kohaneda . 	mis siis ikka , naerma pealegi - mina ju püüdma kõik kohanema .
3		 Leppida olukorraga ja lepitada teravaksmurtud nurki , mis mu hinge kriibivaid , ning vahend , mida ma praegu kasutan , on selleks sama hea kui iga teinegi . 	leppima olukord ja lepitama teravaksmurtud nurk , mis mina hing|hinge kriibiv , ning vahend , mis mina praegu kasutama , olema see sama hea kui iga teine .
4		 Jälgisin eile oma kongi aknast , kuidas pühapäevased puhkajad paatidega mööda jõge sõitsid . 	jälgima eile oma kong aken , kuidas pühapäevane puhkaja paat mööda jõgi sõitma .
4		 Tumedad , keeristesse põimuvad tõtakad jõevood , mis paate allavoolu kandsid , viisidki mind sellele mõttele ... 	tume , keeris põimuma tõtakas jõevoog , mis paat allavoolu kandma , viima mina see mõte ...
5		 Mulle on alati meeldinud vaadata , kuidas inimesed paadiga sõidavad . 	mina olema alati meeldima|meeldinud vaatama , kuidas inimene paat sõitma .
5		 Õhukesed paadilauad , mis sõitjaid veesügavusest lahutavad , loovad nii hõlpsasti muretu kindlusetunde , nagu ei olekski otse nende jalgade all kümneid meetreid musta vett , mis varjab kummalisi ja ilgeid olendeid . 	õhuke paadilaud , mis sõitja veesügavus lahutama , looma nii hõlpsasti muretu kindlusetunne , nagu ei olema otse see jalg all kümme meeter must vesi , mis varjama kummaline ja ilge olend .
5		 Muretud paadisõitjad ei aima midagi — paar paadilauda näivad olevat piisavaks kaitseks sügavuste koletuse ees , muutes musta põhjatuse olematuks , hoolimata sellest , et see on otse sealsamas , sõitjate jalgade all . 	muretu paadisõitja ei aimama miski - paar paadilaud näima olema piisav kaitse sügavune koletus ees , muutma must põhjatus olematu , hoolima see , et see olema otse sealsamas , sõitja jalg all .
5		 Paadilauad on just täpselt samapalju kaitseks nagu üle pea tõmmatud tekk või kinnipigistatud silmad : naiivne lootus , et kui ei näe , siis pole olemaski . 	paadilaud olema just täpselt samapalju kaitse nagu üle pidama tõmbama|tõmmatud tekk või kinnipigistatud silm : naiivne lootus , et kui ei nägema , siis olema olema .
5		 Turvalisuse illusioon on ju nii vajalik ... 	turvalisus illusioon olema ju nii vajalik ...
6		 Kaks kuud tagasi — kuiv fakt , et kaks kuud , tegelikult ei jaksaks ma mõõta möödunud aja pikkust — oli mul kombeks sellist jaanalinnukavalust halastamatult pilgata . 	kaks kuu tagasi - kuiv fakt , et kaks kuu , tegelikult ei jaksama mina mõõtma mööduma|möödunud aeg pikkus - olema mina komme selline jaanalinnukavalus halastamatult pilkama .
6		 Tuttavad ei tahtnud mu tõevaimustust jagada ning peagi avastasin , et mind laiemas ringis üsna varjamatult välditakse . 	tuttav ei tahtma|tahtnud mina tõevaimustus jagama ning peagi avastama , et mina laiem ring üsna varjamatult vältima .
6		 See ebameeldiv üllatus muutis mind aga hoopis vihasemaks enesepettuse ja ka võltsdiskreetsuse vastaseks . 	see ebameeldiv üllatus muutma mina aga hoopis vihasem enesepettus ja ka võltsdiskreetsus vastane .
6		 Tulemusena olin viimaks isegi lähedastele sõpradele vastumeelt . 	tulemus olema viimaks isegi lähedane sõber vastumeel .
6		" Ma ju rammisin neid päris tahtlikult : ei mingeid häda- ega iluvalesid , välja päevavalgele kõik tegelikud motiivid , välja kogu tõeline "" mina "" ... "	"mina ju rammima see päris tahtlikult : ei mingi häda ega iluvale , välja päevavalge kõik tegelik motiiv , välja kogu tõeline "" mina "" ..."
6		 Ma sorkisin nende hinges halastamatult , neid teadlikult solvates — algul kasvatuslikel eesmärkidel , hiljem aga kibestumisest . 	mina sorkima see hing|hinge halastamatult , see teadlikult solvama - algul kasvatuslik eesmärk , hiljem aga kibestumine .
6		 Väike vihane poolerudeeritud taskufilosoof — seda ma just olin . 	väike vihane poolerudeeritu taskufilosoof - see mina just olema .
6		 Ei ole mingi ime , et kõik mind vältima hakkasid . 	ei olema mingi ime , et kõik mina vältima hakkama .
7		 Kardan , et enamus neist , keda ma toona mõnitasin , tunneksid siirast kahjurõõmu , kui vaid teaksid , et praegu olen mina see , kes tahab silmi kinni hoida ja lisaks veel ka teki üle pea tõmmata , et enam ükski varem nii ihaldatud tõeteadmine minuni ei jõuaks . 	kartma , et enamus see , kes mina toona mõnitama , tundma siiras kahjurõõm , kui vaid teadma , et praegu olema mina see , kes tahtma silm kinni hoidma ja lisa veel ka tekk üle pea tõmbama , et enam ükski varem nii ihaldama|ihaldatud tõeteadmine mina ei jõudma .
7		 Kadestan neid õndsaid kanapimedaid , kes jalutavad läbi päeva , ümber kookonitaoline kaitsekiht , mis summutab kõik ülearuse — selle , mida inimene teada ei taha — ja laseb neil õnnelikuna edasi kulgeda . 	kadestama see õnnis kanapime , kes jalutama läbi päev , ümber kookonitaoline kaitsekiht , mis summutama kõik ülearune - see , mis inimene teadma ei tahtma - ja laskma tema õnnelik edasi kulgema .
7		 Nad näevad ju ometi sama palju kui mina , kuulevad samu helisid , tajuvad lõputult kõnekaid nüansse inimese hääles , haistavad lõhnade sadat tuhandet erinevust , millest igaüks on omamoodi tähenduslik , nad tajuvad seda kõike niisamamoodi kui mina — ent keelduvad järeldusi tegemast . 	tema nägema ju ometi sama palju kui mina , kuulma sama heli , tajuma lõputult kõnekas nüanss inimene hääl , haistma lõhn sada tuhat erinevus , mis igaüks olema omamoodi tähenduslik , tema tajuma see kõik niisamamoodi kui mina - ent keelduma järeldus tegema .
7		 Imepärane enesesäilitus . 	imepärane enesesäilitus .
8		 Toona , kui ma enesekindlalt ringi praalisin , oli minul muidugi ka oma kaitsekookon olemas , kuigi ma seda ei teadnud . 	toona , kui mina enesekindlalt ringi praalima , olema mina muidugi ka oma kaitsekookon olema , kuigi mina see ei teadma|teadnud .
8		 Olin täpselt samamoodi õndsalt pime nagu need , kelle üle ma naersin , ainult et liiga ennast täis , et seda kasvõi kahtlustadagi . 	olema täpselt samamoodi õndsalt pime nagu see , kes üle mina naerma , ainult et liiga ise täis , et see kasvõi kahtlustama .
8		 Paratamatult meenuvad mulle müüdid inimestest , kes oma rumala ülbusega jumalate viha välja kutsusid . 	paratamatult meenuma mina müüt inimene , kes oma rumal ülbus jumal viha välja kutsuma .
8		 Muidugi on see ainult spekulatsioon , kuid sageli tundub mulle siiski , et kui ma poleks nii väljakutsuvalt oma tõekspidamistega uhkeldanud , oleks kõik teisiti olnud . 	muidugi olema see ainult spekulatsioon , kuid sageli tunduma mina siiski , et kui mina olema nii väljakutsuvalt oma tõekspidamine uhkeldama|uhkeldanud , olema kõik teisiti olema|olnud .
8		 Samas ei saa välistada võimalust , et tegemist oli lihtsalt kokkusattumusega . 	samas ei saama välistama võimalus , et tegemine olema lihtsalt kokkusattumus .
8		 Ja kui see oli kokkusattumus ; kui mu praalimisel ja sellel , mis ma praegu olen , ei ole omavahel mingit seost , siis kas saab keegi üldse öelda , et ma olin selle siiski ära teeninud ? 	ja kui see olema kokkusattumus ; kui mina praalimine ja see , mis mina praegu olema , ei olema omavahel mingi seos , siis kas saama keegi üldse ütlema , et mina olema see siiski ära teenima|teeninud ?
9		 Tean liigagi hästi , et need , kes mind muutsid , ei pidanud seda ei kättemaksuks ega teenitud karistusekski . 	teadma liiga hästi , et see , kes mina muutma , ei pidama|pidanud see ei kättemaks ega teenima|teenitud karistus .
9		 Neil oli mind lihtsalt vaja ja kui nad olid saanud , mida tahtsid , heitsid nad mu kõrvale nagu kasutatud taskurätiku . 	tema olema mina lihtsalt vaja ja kui tema olema saama|saanud , mis tahtma , heitma tema mina kõrvale nagu kasutama|kasutatud taskurätik .
9		 Kas suudan sellisena edasi elada või mitte , lihtsalt ei huvitanud neid enam , see oli juba minu probleem . 	kas suutma selline edasi elama või mitte , lihtsalt ei huvitama|huvitanud tema enam , see olema juba mina probleem .
9		 Liiga raske on kujutleda , et õigluse jaluleseadjad võiksid nii enesekesksed olla . 	liiga raske olema kujutlema , et õiglus jaluleseadja võima nii enesekeskne olema .
9		 Ja ikkagi jääb närima kahtlus — äkki siiski ? 	ja ikkagi jääma närima kahtlus - äkki siiski ?
10		 Tol õhtupoolikul jalutasin jahedat kevadeilma nautides niisama linnas ringi , kuni ma ühel tänavanurgal täiesti juhuslikult Markusega kokku sain . 	too õhtupoolik jalutama jahe kevadeilm nautima niisama linn ringi , kuni mina üks tänavanurk täiesti juhuslikult Markus kokku saama .
10		 Markus oli üks eriline mees . 	Markus olema üks eriline mees .
10		 Ta oli mingi igavese üliõpilase tüüp , olles enne ajalukku sissesaamist õppinud nii psühholoogias , filosoofias kui matemaatikas , mistõttu meie kui veendunud , ehkki verinoored humanitaarid teda Tobeteaduriks kutsusime . 	tema olema mingi igavene üliõpilane tüüp , olema enne ajalugu sissesaamine õppima|õppinud nii psühholoogia , filosoofia kui matemaatika , mistõttu mina kui veenduma|veendunud , ehkki verinoor humanitaar tema tobeteadur kutsuma .
10		 Selles hüüdnimes oli õige pisut austust ja päris paras hulk irooniat , mille ta oli meie meelest ära teeninud . 	see hüüdnimi olema õige pisut austus ja päris paras hulk iroonia , mis tema olema mina meelest ära teenima|teeninud .
11		 Tobeteadurile ei läinud ta uus nimi oluliselt korda . 	tobeteadur ei läinud|minema tema uus nimi oluliselt kord .
11		 Meie arvamus oli talle meie siiraks pahameeleks üsna ükskõik . 	mina arvamus olema tema mina siiras pahameel üsna ükskõik .
11		 Tema oli siia kooli tulnud ajalugu õppima — lihtne ja konkreetne . 	tema olema siia kool tulema|tulnud ajalugu õppima - lihtne ja konkreetne .
11		 Seltskonnaelu teda ei huvitanud , vähemalt mitte see , mida meil pakkuda oli , pigem me isegi segasime teda — oma üleoleva suhtumisega õpingutesse , mida tema nii pagana tõsiselt võttis ja mis meie jaoks olid lihtsalt üliõpilaseks olemise üheks tüütumaks küljeks . 	seltskonnaelu tema ei huvitama|huvitanud , vähemalt mitte see , mis mina pakkuma olema , pigem mina isegi segama tema - oma üleolev suhtumine õping , mis tema nii pagan tõsiselt võtma ja mis mina jaoks olema lihtsalt üliõpilane olemine üks tüütum külg .
11		" Aegajalt koorus Teadur siiski oma vaikimiskookonist välja ning esines kummaliste teooriatega , püüdes tuntud sündmusi põhjendada ... "" küüniliste jumalavallatustega "" , nagu pahvatas üks neist õppejõududest , kelle Markus oma terava vaidlusoskusega põhjalikult ära väsitas . "	"aegajalt kooruma teadur siiski oma vaikimiskookon välja ning esinema kummaline teooria , püüdma tundma|tuntud sündmus põhjendama ... "" küüniline jumalavallatus "" , nagu pahvatama üks see õppejõud , kes Markus oma terav vaidlusoskus põhjalikult ära väsitama ."
11		 Aga olid sellel mehel alles teooriad ! 	aga olema see mees alles teooria !
11		 Meie ei lasknud ennast loogikareeglitest segada , et midagi nii naeruväärset välja naerda nagu kord ja kohus . 	mina ei laskma|lasknud ise loogikareegel segama , et miski nii naeruväärne välja naerma nagu kord ja kohus .
11		 Markus püüdis isegi meiega paar korda reeglitekohaselt väidelda , kuid see oli nii ilmselt tulutu ettevõtmine , et ta jättis selle peagi sinnapaika ja talus tüdinud ilmel meie irvitusi . 	Markus püüdma isegi mina paar kord reeglitekohaselt väitlema , kuid see olema nii ilmselt tulutu ettevõtmine , et tema jätma see peagi sinnapaika ja talu tüdima|tüdinud ilme mina irvitus .
12		 Seda enam olin ma üllatunud , kui ta mind tol õhtul ükskõikse tervitamise asemel sõbralikult kõnetas ja enda poole kutsus . 	see enam olema mina üllatuma|üllatunud , kui tema mina too õhtu ükskõikne tervitamine asemel sõbralikult kõnetama ja ise poole kutsuma .
12		 Ma olin siis juba saavutanud nö . suhtlemisalase pidalitõbise staatuse ja huvi minu süvenevalt sarkastilise isiku vastu tundus tervitatava vaheldusena , hoolimata sellest , et me polnud just lähedased tuttavad . 	mina olema siis juba saavutama|saavutanud nö . suhtlemisalane pidalitõbine staatus ja huvi mina süvenevalt sarkastiline isik vastu tunduma tervitatav vaheldus , hoolimata see , et mina olema just lähedane tuttav .
13		 Jalutasime tühjast-tähjast vesteldes all-linna . 	jalutama tühi-tähi vestlema all-linn .
13		 Markuse üürikorter asus üsna linnaservas , ühes sealkandi loendamatutest sajandialguse puumajakvartalitest , nii et kui kohale jõudsime , hakkas juba vaikselt hämaraks minema . 	Markus üürikorter asuma üsna linnaserv , üks sealkant loendamatu sajandialgus puumajakvartal , nii et kui koha|koht jõudma , hakkama juba vaikselt hämar minema .
13		 Pime trepikoda , kuhu Markuse kannul sisse astusin , haises kassikuse järgi — mida kõrgemale , seda hullemini — ja vana puutrepp oli päris lagunenud . 	pime trepikoda , kuhu Markus kannul sisse astuma , haisema kassikusi järgi - mis kõrgemale , see hullemini - ja vana puutrepp olema päris lagunema|lagunenud .
13		 Katusekambrisse viivad astmed olid mõnest kohast lausa sisse vajunud ning uks oli jämedate laudadega kaetud ja madal — justnagu pööningu-uks . 	katusekamber viima aste olema mõni koha|koht lausa sisse vajuma|vajunud ning uks olema jäme laud kaema|kaetud|katma ja madal - justnagu pööningu-uks .
13		 Vilets vaesusest lehkav trepikoda ei lubanud Teaduri kubrikust midagi erilist loota , seda ootamatum oli aga kambri küllaltki korralik sisustus . 	vilets vaesus lehkav trepikoda ei lubama|lubanud teadur kubrik miski eriline lootma , see ootamatum olema aga kamber küllaltki korralik sisustus .
14		 Eluruum , kuhu viis kitsas madala laega eeskoda , oli üsnagi avar , täis vana rasket nikerdustega puitmööblit . 	eluruum , kuhu viima kitsas madal laad|lagi eeskoda , olema üsna avar , täis vana raske nikerdus puitmööbel .
14		 Toa pudedat laudpõrandat kattis stiilne tumepunane musta mustriga vaip , mis oli selline täius omaette , et tundus pühaduseteotusena seda pelgalt vaibaks tarvitada . 	tuba pude laudpõrand katma stiilne tumepunane must muster vaip , mis olema selline täius omaette , et tunduma pühaduseteotus see pelgalt vaip tarvitama .
14		 Seintel rippusid Tobeteaduril õlimaalid , mis olid omavahel mingil määramatul viisil sarnased , kuid ma ei kavatsenudki hakata neid lähemalt uurima . 	sein rippuma tobeteadur õlimaal , mis olema omavahel mingi määramatu viis sarnane , kuid mina ei kavatsema hakkama tema lähemalt uurima .
14		 Kui Markus ootas imetlushüüdeid ja vaimustusoigeid , siis pidi ta igatahes pettuma . 	kui Markus ootama imetlushüüe ja vaimustusoie , siis pidama tema igatahes pettuma .
14		 Ma olin enesega päris rahul , sest see ükskõiksus , millega ma laias tugitoolis istet võtsin , oli tõesti paadunud kosmopoliiti väärt . 	mina olema ise päris rahul , sest see ükskõiksus , mis mina lai tugitool iste võtma , olema tõesti paaduma|paadunud kosmopoliit väärt .
14		 Nii ma siis jäingi sügavast tugitoolist rõhutatud väärikusega ta raamaturiiulit põrnitsema . 	nii mina siis jääma sügav tugitool rõhutama|rõhutatud väärikus tema raamaturiiul põrnitsema .
15		 See oli tõepoolest vaatamisväärsus , pean tunnistama , täis kõige ehtsamaid antikvariaadipärleid nii inglise , saksa , prantsuse kui vene keeles , mis mind küll eriti imestama ei pannud , sest nende keelte mõningane valdamine oli meile peaaegu kohustuslik , kuid muude raamatute hulgas torkasid silma ka mõned päris vanad ladina- ja heebreakeelsed teosed . 	see olema tõepoolest vaatamisväärsus , pidama tunnistama , täis kõige ehtsam antikvariaadipärl nii inglise , saksa , prantsuse kui vene keel , mis mina küll eriti imestama ei panema|pannud , sest see keel mõningane valdamine olema mina peaaegu kohustuslik , kuid muu raamat hulgas torkama silm ka mõni päris vana ladin ja heebreakeelne teos .
15		" Muude ahvatluste hulgas jäi silma kurikuulus "" Malleus maleficarum "" vanas pressitud nahkköites . "	"muu ahvatlus hulgas jääma silm kurikuulus "" malleus maleficarum "" vana pressima|pressitud nahkköide ."
16		" "" Nii , et siis sellised huvid ? "" mõtlesin irooniliselt , samal ajal kibeledes käsi ihaldusväärselt kurikuulsa raamatu järele sirutama . "	""" nii , et siis selline huvi ? "" mõtlema irooniliselt , sama aeg kibelema käsi ihaldusväärselt kurikuulus raamat järele sirutama ."
16		 Muidugi võib vabalt olla , et Markus oli stiiliga mees ja hankis kõik need iludused sinna rohkem silmailuks . 	muidugi võima vabalt olema , et Markus olema stiil mees ja hankima kõik see iludus sinna rohkem silmailu .
16		 Aga teisest küljest jälle — vaevalt . 	aga teine külg jälle - vaevalt .
17		 Markus ei jätnud mulle sügavamaks kadeduseks aega , naastes elegantse kiirusega köögipoolelt , kaenlas pudel tumepunast hispaania veini ja näpu vahel mõnusalt vatsakad pokaalid . 	Markus ei jätma|jätnud mina sügavam kadedus aeg , naasma elegantne kiirus köögipool , kaenal pudel tumepunane hispaania vein ja näpp vahel mõnusalt vatsakas pokaal .
17		 Pühendusime hardalt veinile ja see võttis tubli aja . 	pühenduma hardalt vein ja see võtma tubli aeg .
18		 Jook oli hea , tugeva kuid mõnusa maitsega — ja salakavalalt kange . 	jook olema hea , tugev kuid mõnus maitse - ja salakavalalt kange .
18		 Juba esimest klaasi nautides valgus tuttav rammestav soojus üle keha ja pehme tugitool tundus üha mugavamana . 	juba esimene klaas nautima valguma tuttav rammestav soojus üle keha ja pehme tugitool tunduma üha mugavam .
18		 Kolmanda klaasi lõppedes oli Markus mu südamesõber ja ma olin valmis talle kõigest rääkima — saladuste avaldamine muutus vastupandamatuks vajaduseks , näides selle tõelise sõpruse kinnitusena , mida tol hetkel tundsin . 	kolmas klaas lõppema olema Markus mina südamesõber ja mina olema valmis tema kõigest rääkima - saladus avaldamine muutuma vastupandamatu vajadus , näima see tõeline sõprus kinnitus , mis too hetk tundma .
18		 Neljanda klaasi pealt sai elust joovastav rõõm ning maailmaparandamise raske koorem paistis helge ja kergena ... 	neljas klaas pealt saama elu joovastav rõõm ning maailmaparandamine raske koorem paistma helge ja kerge ...
19		 Markus polnud muidugi mingi samariitlane , vaid oli oma asja peal väljas . 	Markus olema muidugi mingi samariitlane , vaid olema oma asi peal väljas .
19		 Kui ma juba ilmselgelt süüdimatult veinihurmas olin , hakkas ta mind tasapisi üles keerama . 	kui mina juba ilmselgelt süüdimatult veinihurm olema , hakkama tema mina tasapisi üles keerama .
19		 Tänu mu kõrgendatud meeleolule ning nauditavalt süvenevale joovastusele ei pidanud ta selleks just ülearu ponnistama . 	tänu mina kõrgendama|kõrgendatud meeleolu ning nauditavalt süvenev joovastus ei pidama|pidanud tema see just ülearu ponnistama .
19		 Püüdsin talle vist isegi avameelselt seletada , miks ma nii tubli , julge ja otsekohene olen . 	püüdma tema vist isegi avameelselt seletama , miks mina nii tubli , julgema ja otsekohene olema .
19		 Sattusin ta tähelepanu paistel tõsiselt hoogu ja teatasin veendunult , et ei karda mitte kui midagi , sest et kõik , mis tegelikult ja tõeliselt olemas on , on tõde ja tõde ei tohi karta . 	sattuma tema tähelepanu paiste tõsiselt hoog ja teatama veendunult , et ei kartma mitte kui miski , sest et kõik , mis tegelikult ja tõeliselt olema olema , olema tõde ja tõde ei tohtima kartma .
19		 Või enamvähem midagi sama loogilist . 	või enamvähem miski sama loogiline .
19		 Markuse osavalt väljendatud kahtlus ajas mind marru ja ma vandusin kõige nimel , mis mulle pähe tuli , et nii see just on ja ta ei tohiks mu sõnades kahelda , sest kuna ta on mu ainus tõeline sõber , siis ei valeta ma talle iialgi . 	Markus osavalt väljendama|väljendatud kahtlus ajama mina maru ja mina vanduma kõik nimel , mis mina pea tulema , et nii see just olema ja tema ei tohtima mina sõna kahtlema , sest kuna tema olema mina ainus tõeline sõber , siis ei valetama mina tema iialgi .
19		 Peale seda , kui ta iroonilise naeratusega teatas , et tema küll ei usu , et mulle meeldiks pidevalt tõega silmitsi seista , olin kõigeks valmis , et talle tõestada , kui kõva mees ma olen ja kui kõikumatud on mu põhimõtted . 	peale see , kui tema irooniline naeratus teatama , et tema küll ei uskuma , et mina meeldima pidevalt tõde|tõsi silmitsi seisma , olema kõik valmis , et tema tõestama , kui kõva mees mina olema ja kui kõikumatu olema mina põhimõte .
20		 Alles siis hakkas ta tegeliku asjaga peale , kuid tegi seda nii ääri-veeri , et ma isegi nii oimetus olekus adusin , et ta poole rääkimata jätab . 	alles siis hakkama tema tegelik asi peale , kuid tegema see nii ääri-veeri , et mina isegi nii oimetu olek aduma , et tema poole rääkima jätma .
20		 Ta oli ühe sõbraga mingi lollusega hakkama saanud , aga nad ei osanud asja ka kuidagi parandada . 	tema olema üks sõber mingi lollus hakkama saama|saanud , aga tema ei osanud|oskama asi ka kuidagi parandama .
20		 Et aga teada saada , kuidas seda teha võiks , tuleks tahtlikult loobuda ühest teatud iseeneslikust kaitsesüsteemist , mis ei olevat tegelikult midagi muud , kui üks enesepetmise värk , aga kõik teised sõbrad olevat araks löönud ja eelistanud oma päid edaspidi ikka liiva sisse peita . 	et aga teadma saama , kuidas see tegema võima , tulema tahtlikult loobuma ühest teadma|teatud iseeneslik kaitsesüsteem , mis ei olema tegelikult miski muu , kui üks enesepetmine värk , aga kõik teine sõber olema arg lööma|löönud ja eelistama|eelistanud oma pea edaspidi ikka liiv sisse peitma .
21		 See oli jututeema minu jaoks ! 	see olema jututeema mina jaoks !
21		 Ma olin nii radikaalne , et Markus pidi tegema rasket veenmistööd , enne kui suutsin uskuda , et ka minul on selline kaitsesüsteem olemas . 	mina olema nii radikaalne , et Markus pidama tegema raske veenmistöö , enne kui suutma uskuma , et ka mina olema selline kaitsesüsteem olema .
21		 See olevat nii keeruline , et inimene seda mõistusega kontrollida ei saagi , aga ärgu ma muretsegu , sest ta sõber oskavat selle hüpnoosi teel maha võtta — kui ma ise ainult nõus olen . 	see olema nii keeruline , et inimene see mõistus kontrollima ei saama , aga ära mina muretsema , sest tema sõber oskama see hüpnoos teel maha võtma - kui mina ise ainult nõus olema .
22		 See hüpnoosijutt oleks mind kainest peast üsna tõsiselt mõtlema pannud , sest kunagi ei või teada ... liiati ei tundnud ma Markuse sõpra . 	see hüpnoosijutt olema mina kaine pea üsna tõsiselt mõtlema panema|pannud , sest kunagi ei võima teadma ... liiati ei tundma|tundnud mina Markus sõber .
22		 Tänu tapvale andaluusia veinile ma säärastele pisiasjadele tähelepanu ei pööranud , vaid olin hetkepealt kõigeks valmis . 	tänu tappev andaluusia vein mina säärane pisiasi tähelepanu ei pöörama|pööranud , vaid olema hetkepealt kõik valmis .
23		" "" Kus su sõber on ? "	""" kus sina sõber olema ?"
23		" Lähme teeme selle asja kohe selgeks ! "" pühkisin püsti karates laualt paar raamatut maha ning tühi pokaalgi lendas kus seda ja teist , kuid ma olin nii hoos , et ei pannud õieti tähelegi . "	"minema tegema see asi kohe selge ! "" pühkima püsti karate laud paar raamat maha ning tühi pokaal lendama kus see ja teine , kuid mina olema nii hoog , et ei panema|pannud õieti tähele ."
23		" "" Lähme su selle ... selle sõbra poole , Marks ! "" "	""" minema sina see ... see sõber poole , Marks ! """
24		 Markus , kes oma veini ainult aegajalt maitses , oli muidugi kainus ise . 	Markus , kes oma vein ainult aegajalt maitsema|maitsma , olema muidugi kainus ise .
24		 Ta lükkas mind mu pehmete jalgade pealt tugitooli tagasi ja ütles , et ärgu ma üldse muretsegu , sest juhtumisi peakski ta sõber iga hetk tema poole tulema . 	tema lükkama mina mina pehme jalg pealt tugitool tagasi ja ütlema , et ära mina üldse muretsema , sest juhtumisi pidama tema sõber iga hetk tema poole tulema .
24		" Tore "" juhtumisi "" oli see küll ! "	"Tore "" juhtumisi "" olema see küll !"
24		 Ta õngitses mu pokaali laua alt välja ja valas mulle veel ning ootamajäämine ei tundunud siis enam üldse halva ideena . 	tema õngitsema mina pokaal laud alt välja ja valama mina veel ning ootamajäämine ei tunduma|tundunud siis enam üldse halb idee .
25		 Ei läinudki kaua , kui ta katkestas mu õnneliku tête-á-tête'i veiniklaasiga , öeldes , et kuuleb sõbra samme trepil . 	ei minema kaua , kui tema katkestama mina õnnelik tête-á-tête ’ i veiniklaas , ütlema , et kuulma sõber samm trepp .
25		 Lisaks sellele , et mina muidugi midagi ei kuulnud , oleksin äärepealt kaotanud ka silmanägemise , kui Markuse sõber tasakesi ukse avas . 	lisa see , et mina muidugi miski ei kuulma|kuulnud , olema äärepealt kaotama|kaotanud ka silmanägemine , kui Markus sõber tasakesi uks avama .
25		 Kui ma enne olin olnud Markuse peale mõistlikkuse piirides kade , siis see tunne , mis nüüd mu räpast hinge näris , oli Vana Kadedus ise . 	kui mina enne olema olema|olnud Markus peale mõistlikkus piir kade , siis see tunne , mis nüüd mina räpane hing närima , olema vana kadedus ise .
26		" Markuse "" sõber "" oli just see , keda vaesed kuulsusejanused poeedid oma katusekambrit külastama ihalevad : muusa , kelle ilu on niivõrd täiuslik , et päästab valla ka kõige olematumad loomeallikad ja on samas siiski ehedalt ihulik . "	"Markus "" sõber "" olema just see , kes vaene kuulsusejanune poeet oma katusekamber külastama ihalema : muusa , kes ilu olema niivõrd täiuslik , et päästma valla ka kõige olematum loomeallikas ja olema samas siiski ehedalt ihulik ."
27		 Elisa oli ebaharilikult ilus . 	Elisa olema ebaharilikult ilus .
27		 Ta suuri rohelisi silmi kontrastis peaaegu loomuvastaselt valge nahk , kuid muust kahvatusest hoolimata olid tal täidlased sügavpunased huuled . 	tema suur roheline silm kontrastima peaaegu loomuvastaselt valge nahk , kuid muu kahvatus hoolimata olema tema täidlane sügavpunane huul .
27		 Mõnel muul juhul võiks sellised värvid jätta haiglase mulje , kuid Elisa näojoonte peen täiuslikkus välistas vähimagi võõristuse . 	mõni muu juht võima selline värv jätma haiglane mulje , kuid Elisa näojoon peen täiuslikkus välistama vähim võõristus .
27		 Kullakarva punased juuksed piirasid ta kitsast nägu nagu pühapaiste , rippudes pehmete lokkidena üle õlgade . 	kullakarv punane juus piirama tema kitsas nägu nagu pühapaiste , rippuma pehme lokk üle õlg .
27		 Ainuke ootamatu joon ta näos oli lausa patuselt terav vagu keset lõuga , kuid see tühine ebakõla muutus juba teisel pilgul pigem vooruseks . 	ainuke ootamatu joon tema nägu olema lausa patuselt terav vagu keset lõug , kuid see tühine ebakõla muutus juba teine pilk pigem voorus .
27		 Tüdruk oli sihvakas nagu metsloom ning kõik ta liigutused olid täpsed ja mõõdetud . 	tüdruk olema sihvakas nagu metsloom ning kõik tema liigutus olema täpne ja mõõdetud|mõõtma .
27		 Ei pea vist ütlema , et olin esimesest hetkest kõrvuni sees ning neelasin teda näljaste silmadega . 	ei pidama vist ütlema , et olema esimene hetk kõrv sees ning neelama tema näljane silm .
28		 Mu suurimaks heameeleks oli ta minu vastu väga tähelepanelik . 	mina suurim heameel olema tema mina vastu väga tähelepanelik .
28		 Ta ilmutas isegi nii sügavat huvi , et mu veinine mõistus vaikselt kaaluma hakkas , ega mul ometi Markuse vastu mingeid shansse ei ole . 	tema ilmutama isegi nii sügav huvi , et mina veinine mõistus vaikselt kaaluma hakkama , ega mina ometi Markus vastu mingi shanss ei olema .
28		 Markus oli aga hoopis vaikselt tagasi tõmbunud , vaadates üsna ükskõikselt pealt , kuidas Elisa mind ümber väikese sõrme keeras . 	Markus olema aga hoopis vaikselt tagasi tõmbuma|tõmbunud , vaatama üsna ükskõikselt pealt , kuidas Elisa mina ümber väike|väikene sõrm keerama .
29		 Iseenesestmõistetavalt olin ma nõus sealsamas ja ilma pikema sissejuhatuseta hüpnoosiga alustama . 	iseenesestmõistetavalt olema mina nõus sealsamas ja ilma pikem sissejuhatus hüpnoos alustama .
30		 Mäletan ainult , et nautisin head vabandust Elisale otse silma vaadata , kuni kaotasin selles ahvatlevas roheluses algul ruumi- ja ajataju , ning peagi , ta mahe hääl kõrvus , kadus ka kõik muu . 	mäletama ainult , et nautima hea vabandus Elisale otse silm vaatama , kuni kaotama see ahvatlev rohelus algul ruum ja ajataju , ning peagi , tema mahe hääl kõrv , kaduma ka kõik muu .
31		 Ärgates leidsin end Markuse diivanilt . 	ärkama leidma ise Markus diivan .
31		 Elisa istus sealsamas ja vaatas mulle murelikult otsa , kuid isegi ta lähedus ei leevendanud mu armetut enesetunnet . 	Elisa istuma sealsamas ja vaatama mina murelikult otsa , kuid isegi tema lähedus ei leevendama|leevendanud mina armetu enesetunne .
31		 Pea lõhkus pööraselt valutada ning kogu kehas oli iiveldamapanevalt hõre tunne . 	pea lõhkuma pööraselt valutama ning kogu keha olema iiveldamapanevalt hõre tunne .
31		 Pomisesin vabandada ja tuikusin kööki , uudishimust hinge kinni hoidvad Elisa ja Markus mõlemad sabas . 	pomisema vabandama ja tuikuma köök , uudishimu hing kinni hoidev Elisa ja Markus mõlema saba .
31		 Ausalt öeldes oli mul nii halb , et mulle ei läinud üldse korda , et nad mu öökimist pealt vaatasid . 	ausalt ütlema olema mina nii halb , et mina ei läinud|minema üldse kord , et tema mina öökimine pealt vaatama .
31		 Seal ma siis lõpuks olin , sisikond sees ringiratast laskmas , pea otsas huugamas , sapi maitse suus ja kõigele lisaks vastikult kaine . 	seal mina siis lõpuks olema , sisikond sees ringiratast laskma , pea otsas huugama , sapp maitse suu ja kõik lisa vastikult kaine .
31		 Need kaks seisid köögiukse peal ja vahtisid mind üksisilmi nagu mingit katselooma . 	see kaks seisma köögiuks peal ja vahtima mina üksisilmi nagu mingi katseloom .
31		" Esimene seostatud mõte , mis mulle pähe tuli , oli : "" Ma olen endale ühe neetud supi kokku keetnud . "" "	"esimene seostama|seostatud mõte , mis mina pea tulema , olema : "" mina olema ise üks needma|neetud supp kokku keetma|keetnud . """
31		 Ükski mu eelaimus ei ole tõele kunagi lähemal olnud . 	ükski mina eelaimus ei olema tõde|tõsi kunagi lähemal olema|olnud .
32		" "" Mida kuradit te minuga tegite ? "" küsisin ma nii vihaselt kui mu enesetunne vähegi lubas . "	""" mis kurat sina mina tegema ? "" küsima mina nii vihaselt kui mina enesetunne vähegi lubama ."
32		 Eriti kurjakuulutav mu hääl just ei olnud . 	eriti kurjakuulutav mina hääl just ei olema|olnud .
33		" "" See on sellest veinist . "" "	""" see olema see vein . """
33		 vastas Markus . 	vastama Markus .
33		" "" Sa vist polnud enne eriti söönud ja tühja kõhu peale — teadagi . "	""" sina vist olema enne eriti sööma|söönud ja tühi kõht peale - teadagi ."
33		" Aga see peaks varsti üle minema ... "" "	"aga see pidama varsti üle minema ... """
33		 Millegipärast ei suutnud ma teda uskuda , kuid kui Elisa mind püsti taris ja elutuppa diivani peale viis , ei jaksanud ma vastu ka vaielda . 	millegipärast ei suutma|suutnud mina tema uskuma , kuid kui Elisa mina püsti tarima ja elutuba diivan peale viima , ei jaksama|jaksanud mina vastu ka vaidlema .
33		 Ta andis mulle mingit külma jooki juua , mis maitses üsna vastikult , kuid leevendas seda metsikut peavalu , mis mind nii hullupööra piinas . 	tema andma mina mingi külm jook jooma , mis maitsema|maitsma üsna vastikult , kuid leevendama see metsik peavalu , mis mina nii hullupööra piinama .
33		 Lõpuks paranes mu enesetunne sedavõrd , et olin juba suuteline märkama tema jahedat kätt oma otsaesisel ja sellel oli omakorda leevendav mõju . 	lõpuks paranema mina enesetunne sedavõrd , et olema juba suuteline märkama tema jahe käsi oma otsaesine ja see olema omakorda leevendav mõju .
33		 Ajasin end istukile ja vaatasin uimaselt ringi . 	ajama ise istukile ja vaatama uimaselt ringi .
33		 Kõik oli nagu endine . 	kõik olema nagu endine .
33		 Katsusin kompida oma sisetunnet , kuid peale tõsiste pohmakanähtude ei avastanud ma ka iseendas midagi uut . 	katsuma kompima oma sisetunne , kuid peale tõsine pohmakanäht ei avastama|avastanud mina ka iseenese miski uus .
33		 Mis pagana asja nad küll oma hüpnoosiga ajasid ? 	mis pagan asi tema küll oma hüpnoos ajama ?
34		 Järsku sain teadlikuks sellest , et kogu pagana aja , kui ma seal pead murdsin , oli Elisa mu kõrval istunud . 	järsku saama teadlik see , et kogu pagan aeg , kui mina seal pea murdma , olema Elisa mina kõrval istuma|istunud .
34		 Vaatasin talle otsa — nii lähedalt oli see täiesti hinge kinnilööv vaatepilt — ja tundsin korraga , et temaga on midagi väga valesti . 	vaatama tema otsa - nii lähedalt olema see täiesti hing kinnilööv vaatepilt - ja tundma korraga , et tema olema miski väga valesti .
34		 Ta kahvatu nahk ning kõhetud liikmed olid nii tähenduslikud , et ma tajusin lausa füüsiliselt mingit hävitavat haigust ta kehas . 	tema kahvatu nahk ning kõhetu|kõhetuma liige olema nii tähenduslik , et mina tajuma lausa füüsiliselt mingi hävima|hävitama haigus tema keha .
34		 Mu meeled tabasid arvukaid väikeseid nüansse ja analüüsisid neid masinlikult , saates tulemuse täieliku veendumusena mu teadvusesse . 	mina meel tabama arvukas väike|väikene nüanss ja analüüsima tema masinlikult , saatma tulemus täielik veendumus mina teadvus .
34		 Sel hetkel ma lihtsalt ei taibanud , et mu vaatlusvõime oli ebaloomulikult terav , sest ma maadlesin selle teadmise õudusega . 	see hetk mina lihtsalt ei taibanud|taipama , et mina vaatlusvõime olema ebaloomulikult terav , sest mina maadlema see teadmine õudus .
34		 Oli täiesti absoluutselt kohutav , et Elisa oli nii ilus ja nii lootusetult haige . 	olema täiesti absoluutselt kohutav , et Elisa olema nii ilus ja nii lootusetult haige .
34		 Tahtsin tal ümbert kinni võtta , et teda — ja ennast — lohutada , sirutasin isegi käed välja , kuid siis haaras mind seletamatu hirm tema puudutamise ees ja ma ei suutnud seda teha . 	tahtma tema ümbert kinni võtma , et tema - ja ise - lohutama , sirutama isegi käsi välja , kuid siis haarama mina seletamatu hirm tema puudutamine ees ja mina ei suutma|suutnud see tegema .
34		 Ta jälgis mind terava huviga ning oletatavasti ei jäänud mu mõtted talle märkamatuks . 	tema jälgima mina terav huvi ning oletatavasti ei jääma|jäänud mina mõte tema märkamatu .
35		 Markus seisis köögiuksel ja vaatas meid mittemidagiütleval ilmel . 	Markus seisma köögiuks ja vaatama mina mittemidagiütlev ilme .
35		 Lugematutest väikestest märkidest tabasin ma , et tegelikult oli temalgi paras hirm , aga Elisa ees tahtis ta iga hinna eest kartmatut nägu teha . 	lugematu väike|väikene märk tabama mina , et tegelikult olema tema paras hirm , aga Elisa ees tahtma tema iga hind eest kartmatu nägu tegema .
35		 Minu arvamine ei läinud talle üldse korda , ja mis veel hullem , mina ise ei läinud talle üldse korda . 	mina arvamine ei läinud|minema tema üldse kord , ja mis veel hullem , mina ise ei läinud|minema tema üldse kord .
35		 Ta oli minuga lõpetanud ja mulle kaks kriipsu peale tõmmanud . 	tema olema mina lõpetama|lõpetanud ja mina kaks kriips peale tõmbama|tõmmanud .
35		 Ärge küsige , kuidas pagana moodi ma seda teadsin , aga ma teadsin seda täiesti kindlalt . 	ära küsima , kuidas pagan moodi mina see teadma , aga mina teadma see täiesti kindlalt .
35		 Ma ei olnud küll varemgi arvanud , et Tobeteadur mind kirglikult armastab , aga selline julm arvestus oli ikkagi natuke liig . 	mina ei olema|olnud küll varem arvama|arvanud , et tobeteadur mina kirglikult armastama , aga selline julm arvestus olema ikkagi natuke liig .
35		 Tont võtaks , ma pole ju mingi laborihiir . 	tont võtma , mina olema ju mingi laborihiir .
35		 Vajusin oiates padjale tagasi ja tahtsin sinna mõneks ajaks jäädagi . 	vajuma oigama padi tagasi ja tahtma sinna mõni aeg jääma .
35		 Kui see oligi see puhas teadmine , siis tahtsin ma ennast pisut koguda , enne kui ma veel midagi teada tahan saada . 	kui see olema see puhas teadmine , siis tahtma mina ise pisut koguma , enne kui mina veel miski teadma tahtma saama .
36		 Elisa ei lasknud mul kuigi kaua toibuda . 	Elisa ei laskma|lasknud mina kuigi kaua toibuma .
36		" "" Tõuse üles ! "" kamandas ta üsnagi kärsitult . "	""" tõusma üles ! "" kamandama tema üsna kärsitult ."
36		 Püüdsin kuulekalt jalgu alla võtta , kuid ei saanud sellega piisavalt kiiresti hakkama . 	püüdma kuulekalt jalg alla võtma , kuid ei saama|saanud see piisavalt kiiresti hakkama .
37		 Nad aitasid mul püsti tõusta , tirisid mulle riided selga ja talutasid trepist alla . 	tema aitama mina püsti tõusma , tirima mina riie selg ja talutama trepp alla .
37		 Vapustava enesetunde tõttu olin üsna kurt ja pime , nii et kogu edasiminek toimus ainult tänu nende ühendatud pingutustele . 	Vapustav|Vapustava enesetunne tõttu olema üsna kurt ja pime , nii et kogu edasiminek toimuma ainult tänu tema ühendama|ühendatud pingutus .
37		 Värske õhk mõjus nagu hoop vastu pead ja ma kustusin mõneks ajaks jälle ära . 	värske õhk mõjuma nagu hoop vastu pea ja mina kustuma mõni aeg jälle ära .
37		 Aegajalt suutsin ähmaselt oletada , et liigume mööda pimedaid tänavaid kuskil linnaservas , kuulsin iseenese jalgade lohinat märgadel sillutisekividel ja tundsin slummi läpatanud haisu , kuid siis uppus pilt jälle pimedusse . 	aegajalt suutma ähmaselt oletama , et liikuma mööda pime tänav kuskil linnaserv , kuulma iseenese jalg lohin märg sillutisekivi ja tundma slumm läpatama|läpatanud hais , kuid siis uppuma pilt jälle pimedus .
38		" "" Ärka üles , ärka juba ükskord üles ! "" "	""" ärkama üles , ärkama juba ükskord üles ! """
38		 Elisa raputas mind valusalt , tirides mind õlast püsti nii hoolimatult , et ta teravad küüned õelalt mu lihasse kaevusid . 	Elisa raputama mina valusalt , tirima mina õlg püsti nii hoolimatult , et tema terav küüs õelalt mina liha kaevuma .
38		 Kui ma selle üle mõtlesin , hakkas ka valu vaikselt mu teadvusse jõudma . 	kui mina see üle mõtlema , hakkama ka valu vaikselt mina teadvus jõudma .
38		 Siiski mitte just liiga lõikavalt . 	siiski mitte just liiga lõikavalt .
39		" "" Jäta mind rahule ! "" suutsin ma ümiseda ja kukkusin jälle lösakile . "	""" jätma mina rahule ! "" suutma mina ümisema ja kukkuma jälle lösakile ."
39		 Ei au- ega häbitunnet , ainult vajadus magada . 	ei au ega häbitunne , ainult vajadus magama .
40		" "" Ma andsin talle ikkagi liiga palju veini , "" ütles Markuse kahetsev hääl . "	""" mina andma tema ikkagi liiga palju vein , "" ütlema Markus kahetsev hääl ."
41		" "" Küll ta ärkab , ära karda . "	""" küll tema ärkama , ära kartma ."
41		 Veiniga on siin küll üsna vähe pistmist . 	vein olema siin küll üsna vähe pistmine .
41		" Näe , hoia ta kätt siin . "" "	"nägema , hoidma tema käsi siin . """
41		 Peas hakkas hüüdma häirekell : jälle valu , ettevaatust , valu ! 	pea hakkama hüüdma häirekell : jälle valu , ettevaatus , valu !
41		 Teadsin nende häälest , et nad ei kavatse midagi head ja kiskusin end ärkvele . 	teadma see hääl , et tema ei kavatsema miski hea ja kiskuma ise ärkvele .
42		" "" Nägid , palju polnud lõigata vajagi ! "" ütles Elisa külmalt . "	""" nägema , palju olema lõikama vaja ! "" ütlema Elisa külmalt ."
42		" "" Tubli poiss . "	""" tubli poiss ."
42		" Nüüd hoia silmad lahti ja kuula , mida ma ütlen . "" "	"nüüd hoidma silm lahti ja kuulama , mis mina ütlema . """
43		 Ümberringi mühises pime mets . 	ümberringi mühisema pime mets .
43		 Ma lamasin selili maas ja need kaks kummardusid mu kohale nagu raisakullid . 	mina lamama selili maas ja see kaks kummarduma mina kohale nagu raisakull .
43		 Mu käsivarrest voolas verd , kuigi valu ei olnudki ületamatu . 	mina käsivars voolama veri , kuigi valu ei olema ületamatu .
43		 Ohutunne aga jäi . 	ohutunne aga jääma .
43		 Hädaoht oli nii terav , et ma tundsin selle lõhna , kuid ma teadsin ka , et ma ei saa midagi teha . 	hädaoht olema nii terav , et mina tundma see lõhn , kuid mina teadma ka , et mina ei saama miski tegema .
44		" "" Väga tubli . "	""" väga tubli ."
44		" Vaata mulle otsa . "" "	"vaatama mina otsa . """
44		 Vaatasin talle otsa ning tajusin , et olukord on lootusetu ja halastust ei tule . 	vaatama tema otsa ning tajuma , et olukord olema lootusetu ja halastus ei tulema .
45		" "" Sa teed täpselt nii , nagu ma ütlen , eksole ju ? "	""" sina tegema täpselt nii , nagu mina ütlema , ekso ju ?"
45		 Nüüd mõtled sa sellele kohale , kus sa lamad . 	nüüd mõtlema sina see koha|koht , kus sina lamama .
45		" Mida sa näed ? "" "	"mis sina nägema ? """
46		 Kuulasin Elisa sõnu ning mu meeltesse vajus mingi haiglane lumm . 	kuulama Elisa sõna ning mina meel vajuma mingi haiglane lumm .
46		 Mu keha ja mu hääl ei kuuletunud enam mulle , vaid Elisa nii isekalt ja nii halastamatult ükskõiksele , kuid ometi nii kaunile häälele . 	mina keha ja mina hääl ei kuuletuma|kuuletunud enam mina , vaid Elisa nii isekalt ja nii halastamatult ükskõikne , kuid ometi nii kaunis hääl .
46		 Ma ei oskaks nime anda sellele meeleheite ja alistumise virrvarrile , mis mu hinge täitis , tundus , nagu oleksid mu tunded tigedad sõjamehed , kes , igaüks oma nurgas , kurjas vennatapusõjas teisi ründab ja hävitab . 	mina ei oskama nimi andma see meeleheide ja alistumine virrvarr , mis mina hing täitma , tunduma , nagu olema mina tunne tige sõjamees , kes , igaüks oma nurk , kuri vennatapusõda teine ründama ja hävitama .
46		 Elisa lähedalolek oli mu päästja õlekõrs selles põrgus . 	Elisa lähedalolek olema mina päästja õlekõrs see põrgu .
46		 Ja teadmine , et ma ei suutnud end ka parima tahtmise korral isegi mitte liigutada — kui Elisa seda ei lubanud . 	ja teadmine , et mina ei suutma|suutnud ise ka parim tahtmine korral isegi mitte liigutama - kui Elisa see ei lubama|lubanud .
46		 Ta küsimused andsid mu mõtetele ja tähelepanule suuna ning eneselegi üllatuseks oskasin ma vastata . 	tema küsimus andma mina mõte ja tähelepanu suund ning ise üllatus oskama mina vastama .
46		 Muidugi , ma ei oleks teisiti saanudki . 	muidugi , mina ei olema teisiti saama .
47		" "" See on vana risttee , aga seda ei kasuta enam keegi . "	""" see olema vana risttee , aga see ei kasutama enam keegi ."
47		 Või ei , siin on ühed naisejäljed , aga need on üsna vanad . 	või ei , siin olema üks naisejälg , aga see olema üsna vana .
47		 Ja siis on sinu jäljed . 	ja siis olema sina jälg .
47		" Ja Markuse jäljed . "" "	"ja Markus jälg . """
48		" "" Nüüd kuula hoolega . "	""" nüüd kuulama hool ."
48		" Kas sa ust näed ? "" "	"kas sina uks nägema ? """
48		 Ust ! ? 	uks ! ?
48		 Millest ta rääkis ? 	mis tema rääkima ?
48		 Mis uks sai seal metsas olla ? 	mis uks saama seal mets olema ?
48		" Oma hämmastusest hoolimata tundsin ennast ütlevat : "" Kuulen , kuidas uks avaneb . "" "	"oma hämmastus hoolimata tundma ise ütlema : "" kuulma , kuidas uks avanema . """
48		 Ja siis ma kuulsin seda tõesti . 	ja siis mina kuulma see tõesti .
48		" Korraga meenus arm Markuse käel ja kusagilt loetu : "" Ohvri tuline veri koputab Ema uksele ... "" "	"korraga meenuma arm Markus käsi ja kusagilt loetu : "" ohver tuline veri koputama ema uks ... """
48		 Seekord oli see siis minu veel ihusoe veri , aga kunagi ... 	seekord olema see siis mina veel ihusoe veri , aga kunagi ...
48		 Markus ? ! 	Markus ? !
49		 Elisa muutus veel kahvatumaks ja limpsas veidi lapsikult keeleotsaga üle oma ärevusest kuivama kippuvate huulte . 	Elisa muutuma veel kahvatum ja limpsama veidi lapsikult keeleots üle oma ärevus kuivama kippuv huul .
49		 Kuidas ma kadestasin ta külma närvi . 	kuidas mina kadestama tema külm närv .
49		 Peenike sügav kurd ta huulenurgas väljendas otsustavust , mille ebaloomulik hoolimatus nii erakordseks muutis . 	peenike sügav kurd tema huulenurk väljendama otsustavus , mis ebaloomulik hoolimatus nii erakordne muutma .
49		 Millest ta üldse hoolis ? 	mis tema üldse hoolima ?
49		 Iseendast ? 	iseenese ?
50		" "" Kes siia tuleb ? , "" küsis ta . "	""" kes siia tulema ? , "" küsima tema ."
50		 Hambaid kiristades allusin ta käsule ja mu mõtted võtsid nõutud suuna . 	hammas kiristama alluma tema käsk ja mina mõte võtma nõudma|nõutu|nõutud suund .
50		 Tundsin kirjeldamatut hirmu , tajudes ebainimlikku julmust : ükskõiksuse julmust , loendamatuid kordi teravamat ja tugevamat kui see jõud , mida tajusin Elisas , kuid ilma tema iluta ja sellevõrra hävitavam . 	tundma kirjeldamatu hirm , tajuma ebainimlik julmus : ükskõiksus julmus , loendamatu kord teravam ja tugevam kui see jõud , mis tajuma Elisas , kuid ilma tema ilu ja sellevõrra hävitavam .
51		 Kui oleksin suutnud keelduda nägemast , mida ma nägin , oleksin seda teinud iga hinna eest . 	kui olema suutma|suutnud keelduma nägema , mis mina nägema , olema see tegema|teinud iga hind eest .
51		 Ma nägin põrgulikku , vanadest müütidest pärit olendit mulla seest välja ronimas — nagu oleks maapinnas tõepoolest uksed avanenud — otse põrgusse . 	mina nägema põrgulik , vana müüt pärit olend muld|mulla seest välja ronima - nagu olema maapind tõepoolest uks avanema|avanenud - otse põrgu .
51		 Siis sain aru , et kuigi minu jaoks oli ta nähtav , ei näe Elisa ega Markus midagi . 	siis saama aru , et kuigi mina jaoks olema tema nähtav , ei nägema Elisa ega Markus miski .
51		 Seda oli nii raske uskuda , sest peagi oli see olevus kõikjal meie ümber . 	see olema nii raske uskuma , sest peagi olema see olevus kõikjal mina ümber .
51		 Ta tumedalt läikiva mudaga kaetud hiiglaslike nälkjate sarnased liikmed roomasid maa seest välja ning see ussipundar vonkles tihedalt ümber minu , puudutades aegajalt mu nägu ja käsi , siis sõlmusid need ilged ohelikud Elisa ja Markuse jalgadesse , aga nood ei näinud märkavatki ... 	tema tumedalt läikiv muda kaema|kaetud|katma hiiglaslik nälkjas sarnane liige roomama maa seest välja ning see ussipundar vonklema tihedalt ümber mina , puudutama aegajalt mina nägu ja käsi , siis sõlmuma see ilge ohelik Elisa ja Markus jalg , aga too ei nägema|näima|näinud märkama ...
51		 Eluka sajad silmad jõllitasid meid liikumatul maopilgul , need värtnakujulised teravmustad pupillid ta kollastes silmades võisid hulluks ajada . 	Eluka|Elukas sada silm jõllitama mina liikumatu maopilk , see värtnakujuline teravmust pupill tema kollane silm võima hull ajama .
51		 Ükskõik kuhu mu pilk põgeneda püüdis , vaatasin talle ikka otse silma . 	ükskõik kuhu mina pilk põgenema püüdma , vaatama tema ikka otse silm .
51		 Lisaks sellele põrgule tekitasid ta lugematud soomused vastikut kriipivat häält , mis lausa lõikas luudesse . 	lisa see põrgu tekitama tema lugematu soomus vastik kriipiv hääl , mis lausa lõikama luu .
52		" "" Sa kukkusid läbi , aga ei saanud karistada . "" "	""" sina kukkuma läbi , aga ei saama|saanud karistama . """
52		 kasutas see õudus minu häälepaelu . 	kasutama see õudus mina häälepael .
52		 Ta hääl kähises läbi minu kurgu nagu ammu surnud madu , kelle külmalt kerelt nahka maha koorub . 	tema hääl kähisema läbi mina kurk nagu ammu surema|surnud madu , kes külmalt kere nahka maha kooruma .
52		" "" Sa vedasid mind alt , aga sa said minult nime ja sa tead , et see kaitseb sind . "	""" sina vedama mina alt , aga sina saama mina nimi ja sina teadma , et see kaitsema|kaitsma sina ."
52		 Olgu . 	olema .
52		 Sa oled tugev ja sinust võib kasu tulla . 	sina olema tugev ja sina võima kasu tulema .
52		 Me võime rahu teha , aga sa ju tead , et kui oled võtnud , siis pead ka andma . 	mina võima rahu tegema , aga sina ju teadma , et kui olema võtma|võtnud , siis pea ka andma .
52		 Sa lasid mu kulleri minema ja ta ei tule enam tagasi . 	sina laskma mina kuller minema ja tema ei tulema enam tagasi .
52		 Selle eest pead sa mulle teise hinge andma . 	see eest pidama sina mina teine hing andma .
52		" Siis oleme tasa . "" "	"siis olema tasa . """
53		 Mu kõri läks krampi , oleksin köhahoogu peaaegu lämbunud . 	mina kõri minema krampi , olema köhahoog peaaegu lämbuma|lämbunud .
53		 Kogu mu keha tõrkus kuulmast ja nägemast , selga kattis külm higi ja terve sisikond tahtis tagurpidi välja tulla . 	kogu mina keha tõrkuma kuulma ja nägema , selg katma külm higi ja terve sisikond tahtma tagurpidi välja tulema .
53		 Ma lihtsalt ei suutnud seda jäledust taluda , kuid olin selle ees täiesti kaitsetu ja see oli põrgulik piin . 	mina lihtsalt ei suutma|suutnud see jäledus taluma , kuid olema see ees täiesti kaitsetu ja see olema põrgulik piin .
54		 Elisa ja Markus ei raisanud mulle aga pilkugi . 	Elisa ja Markus ei raisanud|raiskama mina aga pilk .
55		" "" Noh ? "" küsis Markus . "	""" noh ? "" küsima Markus ."
56		" "" Mis noh ? "" lõikas Elisa vastu . "	""" mis noh ? "" lõikama Elisa vastu ."
56		" "" Seda me ju arvasimegi . "	""" see mina ju arvama ."
56		 Ma olin algusest peale peaaegu kindel , et kuidagi teistmoodi me ust kinni ei saa . 	mina olema algus peale peaaegu kindel , et kuidagi teistmoodi mina uks kinni ei saama .
56		 Vastik on küll jah , aga selline see elu juba kord on . 	vastik olema küll jah , aga selline see elu juba kord olema .
56		" Anna nuga siia ja mine põõsa taha , kui närvid vastu ei pea . "" "	"andma nuga siia ja minema põõsas taha , kui närv vastu ei pidama . """
57		 Elisa võttis Markuse kotist noa . 	Elisa võtma Markus kott nuga .
57		 Julm iroonia — mu ajalooõpingutest oligi siis niipalju kasu , et ma vähemalt selles noas puhtaverelise dolaabra ära tundsin , kuid mu erialane pühendumus ei küündinud imetlema noa kõverat tera ega aimama ta oksjonihinda . 	julm iroonia - mina ajalooõping olema siis niipalju kasu , et mina vähemalt see nuga puhtavereline dolaabra ära tundma , kuid mina erialane pühendumus ei küündima|küündinud imetlema nuga kõver tera ega aimama tema oksjonihind .
57		 Ma lihtsalt teadsin , milliseks otstarbeks neid nuge kasutatakse ja see teadmine halvas mu mõtted . 	mina lihtsalt teadma , milline otstarve see nuga kasutama ja see teadmine halb mina mõte .
58		 Elisa katsus sõrmega noa tera ning mu teravnenud meeled püüdsid kinni terase vaikse sihina vastu ta õrna nahka . 	Elisa katsuma sõrm nuga tera ning mina teravnenu meel püüdma kinni terane vaikne sihin vastu tema õrn nahk .
58		 Võigas kogu — neljas meie hulgas — küünitus verejanuliselt mu kohale . 	võigas kogu - neljas mina hulgas - küünituma verejanuliselt mina kohale .
58		 Ma lasin puhtast hirmust püksid täis . 	mina laskma puhas hirm püks täis .
59		" "" Elisa ! "" röögatas Markus korraga täiest kõrist . "	""" Elisa ! "" röögatama Markus korraga täis kõri ."
59		 Kuulsin Elisa hüüatust , metsikut lõrinat , küünte kraapimist vastu riideid ja kihvade laksatust . 	kuulma Elisa hüüatus , metsik lõrin , küüs kraapimine vastu riie ja kihv laksatus .
59		 Dolaabra välgatas kuuvalguses ja raske keha prantsatas rohule otse mu kõrval . 	Dolaabra välgatama kuuvalgus ja raske keha prantsatama rohi otse mina kõrval .
59		 Suur hunt hingas mulle korra oma lehkavat hingeõhku näkku ja siis põrnitsesin ma elututesse kollastesse ... ümmarguse pupilliga silmadesse . 	suur hunt hingama mina kord oma lehkav hingeõhk nägu ja siis põrnitsema mina elutu kollane ... ümmargune pupill silm .
60		" "" Oh ! "" hüüatas Markus , kelle reaktsioon ei olnud ilmselt pooltki nii kiire kui Elisal . "	""" oh ! "" hüüatama Markus , kes reaktsioon ei olema|olnud ilmselt pooltki nii kiire kui Elisa ."
60		" "" On sinuga kõik korras ? "" "	""" olema sina kõik kord ? """
61		" "" Loomulikult on minuga kõik korras . "	""" loomulikult olema mina kõik korras ."
61		" See oligi nagu sissejuhatuseks . "" "	"see olema nagu sissejuhatus . """
61		 Elisa hingas pahinal välja . 	Elisa hingama pahinal välja .
61		 Enese kogumine võttis tal ainult hetke ja siis astus ta jälle minu kõrvale . 	ise kogumine võtma tema ainult hetk ja siis astuma tema jälle mina kõrvale .
62		 Ei mingit efektset hüvastijättu , nagu raamatutes või filmides . 	ei mingi efektne hüvastijätt , nagu raamat või film .
62		 Ta lihtsalt tõstis noa ja mõõtis asjalikul ilmel mu kaela . 	tema lihtsalt tõstma nuga ja mõõtma asjalik ilme mina kael .
63		 Mul oli ainult see hetk . 	mina olema ainult see hetk .
63		 Nägin ühe murdosa sekundi jooksul , et oleme jälle kolmekesi , kuulsin ukse sulgumist ja mõistsin , miks see nii oli . 	nägema üks murdosa sekund jooksul , et olema jälle kolmekesi , kuulma uks sulgumine ja mõistma , miks see nii olema .
63		" Kohutava pingutuse hinnaga murdsin hüpnoosist läbi ja suutsin ise oma häälepaelu kasutada : "" Hunt , Elisa , hunt ! "	"kohutav pingutus hind murdma hüpnoos läbi ja suutma ise oma häälepael kasutama : "" Hunt , Elisa , hunt !"
63		" Hundi hing ! "" "	"hunt hing ! """
64		" "" Misasja ? "" küsis Elisa hämmeldunult . "	""" misasja ? "" küsima Elisa hämmeldunult ."
64		" "" Mida sa räägid ! ? "" "	""" mis sina rääkima ! ? """
65		" "" Hundi hing ! "	""" hunt hing !"
65		 Elisa ! 	Elisa !
65		" Uks ! "" "	"uks ! """
66		" "" Hundi hing ? "	""" hunt hing ?"
66		 Mis jama see on ? 	mis jama see olema ?
66		" Räägi mulle tõtt ! "" "	"rääkima mina tõsi ! """
66		" Mis see luges , et ta mind jälle ära sõnus , sest ka siis sain ma talle ainult sedasama öelda : "" Hundi hing pani ukse kinni . "	"mis see lugema , et tema mina jälle ära sõnuma , sest ka siis saama mina tema ainult seesama ütlema : "" hunt hing panema uks kinni ."
66		" Ema on sinuga rahul . "" "	"ema olema sina rahul . """
67		 Sügavas kahtluses kummardus Elisa hundi kohale , tegi tolle irevil lõusta ees vasaku käega paar märki ja nuusutas nina kirtsutades hundi ilast tilkuvat suud . 	sügav kahtlus kummarduma Elisa hunt kohale , tegema too irevil lõust ees vasak käsi paar märk ja nuusutama nina kirtsutama hunt ila tilkuv suu .
67		 Siis ta ilme selgines . 	siis tema ilme selginema .
68		" "" Vaata reod , oligi hing ! "" hüüatas ta üllatunult . "	""" vaatama reo , olema hing ! "" hüüatama tema üllatunult ."
68		" "" Poiss , sa oled õnnetähe all sündinud . "	""" poiss , sina olema õnnetäht all sündima|sündinud ."
68		 Libasid on niigi nii vähe , ja et üks noor loll sulle nii õigel hetkel välja kargab ... 	liba olema niigi nii vähe , ja et üks noor loll sina nii õige hetk välja kargama ...
68		" Einoh , mul pole lihtsalt sõnu . "" "	"einoh , mina olema lihtsalt sõna . """
68		 Ta puhastas noa rohu sisse ja pani selle siis Markuse kotti . 	tema puhastama nuga rohi sisse ja panema see siis Markus kott .
68		 Markus seisis ja vaatas kõike suu ammuli pealt . 	Markus seisma ja vaatama kõik suu ammuli pealt .
68		 Oli tal alles — sõber ! 	olema tema alles - sõber !
69		" Siis sai Markus lõpuks kõnevõime tagasi : "" Elisa , mis me sellega teeme ? "	"siis saama Markus lõpuks kõnevõime tagasi : "" Elisa , mis mina see tegema ?"
69		" Kui ta rääkima hakkab , siis võib meil kehvasti minna . "" "	"kui tema rääkima hakkama , siis võima mina kehvasti minema . """
70		" "" Mis ? "	""" mis ?"
70		" Ah tema ? "" küsis Elisa muretult . "	"ah tema ? "" küsima Elisa muretult ."
70		" "" Ei räägi ta midagi , ma annan sulle nõia ausõna . "	""" ei rääkima tema miski , mina andma sina nõid ausõna ."
70		 Mul mingit isiklikku viha ta vastu pole , nii et las jääb . 	mina mingi isiklik viha tema vastu olema , nii et las jääma .
70		 Tal oli isegi raske öö . 	tema olema isegi raske öö .
70		" Tuled ka või ? "" "	"tuli ka või ? """
70		 Ta pööras ehedas ükskõiksuses selja ja kadus puude vahele , kuuvalgus jumaldavalt kumamas ta kriitvalgetel õlgadel . 	tema pöörama ehe ükskõiksus selg ja kaduma puu|puue vahele , kuuvalgus jumaldavalt kumama tema kriitvalge õlg .
70		 See oli viimane kord , kui teda elusalt nägin , seepärast on see pilt mu meeltesse põlenud , külastades mind mu rängimates luupainajates ... 	see olema viimane kord , kui tema elusalt nägema , seepärast olema see pilt mina meel põlema|põlenud , külastama mina mina rängim luupainaja ...
71		 Markus seisis alguses , vaatas talle järgi , vaatas mind ja lõi lõpuks käega . 	Markus seisma algus , vaatama tema järgi , vaatama mina ja looma|lööma lõpuks käsi .
71		 Elisat hõigates kadus temagi pimedasse metsa . 	Elisat hõikama kaduma tema pime mets .
72		 Lugesin ta mõtteid nagu paberilt ja ta lahkumine oli mulle tõeliseks kergenduseks . 	lugema tema mõte nagu paber ja tema lahkumine olema mina tõeline kergendus .
72		 Lamasin oimetult külmal maal ja vaatasin , kuidas puuoksad tuules kõiguvad . 	lamama oimetult külm maa ja vaatama , kuidas puuoks tuul kõikuma .
72		 Tuulehoog puudutas mu nägu ja ma tundsin igast hetkest tõelist rõõmu . 	tuulehoog puudutama mina nägu ja mina tundma iga hetk tõeline rõõm .
72		 Oleksin võinud tõusta ja püüda tagasiteed leida , sest Elisa oli mind paari hooletu sõnaga vabastanud , kuid niimoodi lamada oli lihtsalt väga hea . 	olema võima|võinud tõusma ja püüdma tagasitee leidma , sest Elisa olema mina paar hooletu sõna vabastama|vabastanud , kuid niimoodi lamama olema lihtsalt väga hea .
72		 Kogusin ennast päris tükk aega , enne kui end üles ajasin ja teed otsima hakkasin . 	koguma ise päris tükk aeg , enne kui ise üles ajama ja tee otsima hakkama .
73		 Kogu maailm oli muutunud , või õieti — mina olin muutunud ja seetõttu näis kõik ümbritsev täiesti uuena . 	kogu maailm olema muutuma|muutunud , või õieti - mina olema muutuma|muutunud ja seetõttu näima kõik ümbritsev täiesti uus .
73		 Mets oli nagu mets , kuid samas kuulsin puude kohinas elusolendite sosinaid , tundsin kivide vaikivat kohalolekut ja nende lõputut mälu ning selja taga kuulsin oma igavese saatja samme , mõõdetuid ning kannatlikke , neis kõlamas liivakella vaikne , peatumatu sahin . 	mets olema nagu mets , kuid samas kuulma puu|puue kohin elusolend sosin , tundma kivi vaikiv kohalolek ja tema lõputu mälu ning selg taga kuulma oma igavene saatja samm , mõõdetud ning kannatlik , see kõlama liivakell vaikne , peatumatu sahin .
74		 Kui ma lõpuks linna jõudsin , läks asi hoopis hulluks . 	kui mina lõpuks linn jõudma , minema asi hoopis hull .
74		 Igast kivist õhkus niipalju kurjust , rumalust ja ükskõiksust , et see pani mu südame pööritama . 	iga kivi õhkuma niipalju kurjus , rumalus ja ükskõiksus , et see panema mina süda pööritama .
74		 Majade seinad olid nagu klaasist vitriinid väiklastele mõtetele , kibestumisele , kättemaksule . 	maja sein olema nagu klaas vitriin väiklane mõte , kibestumine , kättemaks .
74		 Kõik halvad tunded olid talletunud nendesse seintesse ja otse kriiskasid mulle sealt vastu . 	kõik halb tunne olema talletuma|talletunud see sein ja otse kriiskama mina sealt vastu .
74		 Tänavakivid mäletasid vägivalda , mida nad olid näinud ja hoidsid seda enese sees alles . 	tänavakivi mäletama vägivald , mis tema olema nägema|näima|näinud ja hoidma see ise sees alles .
74		 Iga kord , kui ma astusin uuele kivile , nägin ma midagi , mida ta mäletas ja see oli enamasti võigas , julm või lihtsalt masendavalt armetu — kogu inimliku olemise skaala . 	iga kord , kui mina astuma uus kivi , nägema mina miski , mis tema mäletama ja see olema enamasti võigas , julm või lihtsalt masendavalt armetu - kogu inimlik olemine skaala .
74		 Kui ma esimesi varaseid tööleminejaid kohtasin , lugesin nende nägudelt , nende hingeõhu haisust , nende liigutustest ja sajast muust kõnekast märgist peamiselt tühiseid ja egoistlikke mõtteid . 	kui mina esimene varane töölemineja kohtama , lugema tema nägu , see hingeõhk hais , tema liigutus ja sada muu kõnekas märk peamiselt tühine ja egoistlik mõte .
75		" "" Sina siin ! "" teretas mind üks tuttav päris sõbralikult . "	""" sina siin ! "" teretama mina üks tuttav päris sõbralikult ."
75		" "" Ka nii varajane ! "" "	""" ka nii varajane ! """
75		 Mis kuradi pärast ma nüüd sinuga pidin kokku saama , lugesin ma ta silmadest . 	mis kurat pärast mina nüüd sina pidama kokku saama , lugema mina tema silm .
75		 Nüüd sa hakkad kohe oma idiootsusega peale . 	nüüd sina hakkama kohe oma idiootsus peale .
75		 Jumala eest , seda ei saa vist isegi ravida mitte ? 	jumal eest , see ei saama vist isegi ravima mitte ?
75		 Ei , parem ma ütlen , et mul on õudselt kiire , siis sa jätad mu rahule . 	ei , parem mina ütlema , et mina olema õudselt kiire , siis sina jätma mina rahule .
76		" "" Kuule , mul on kahjuks pagana kiire praegu ! "	""" kuulma , mina olema kahjuks pagan kiire praegu !"
76		" Nägudeni ! "" ta lehvitas mulle sõbralikult ja kadus järgmisesse tänavasse . "	"Nägu ! "" tema lehvitama mina sõbralikult ja kaduma järgmine tänav ."
76		 Vaatasin talle jahmunult järele . 	vaatama tema jahmunult järele .
77		 See oli alles algus , aga asi läks iga hetkega üha hullemaks . 	see olema alles algus , aga asi minema iga hetk üha hullem .
77		 Nagu ma juba rääkisin , olin ma üsna ebapopulaarne , aga kuna kaasvõitlejad olid ikkagi liiga hästi kasvatatud , et mulle kõike , mida nad mõtlesid , näkku öelda , ei teadnud ma asja täielikku ulatust . 	nagu mina juba rääkima , olema mina üsna ebapopulaarne , aga kuna kaasvõitleja olema ikkagi liiga hästi kasvatama|kasvatatud , et mina kõik , mis tema mõtlema , nägu ütlema , ei teadma|teadnud mina asi täielik ulatus .
77		 Terve selle neetud päeva seisin ma aga silmitsi solvumise , põlastuse ja haletsusega ning õige peagi sai mulle sellest enam kui küll . 	terve see needma|neetud päev seisma mina aga silmitsi solvumine , põlastus ja haletsus ning õige peagi saama mina see enam kui küll .
77		 Otsustasin , et otsin Elisa üles ja palun , et ta mind aitaks . 	otsustama , et otsima Elisa üles ja paluma , et tema mina aitama .
77		 Ta oli mulle ju ikkagi teene võlgu . 	tema olema mina ju ikkagi teene võlg .
78		 Juba pärastlõunal ei pidanud ma enam vastu ja läksin Markuse poole . 	juba pärastlõuna ei pidama|pidanud mina enam vastu ja minema Markus poole .
78		 Ta lihtsalt pidi mul aitama Elisat leida . 	tema lihtsalt pidama mina aitama Elisat leidma .
78		 Maja välisust avades hakkas peas jälle häirekell taguma ja mida kõrgemale ma seal poolpimedas mööda lagunenud treppi turnisin , seda teravamat ohtu tundsin , kuid ma olin üsna meeleheitel ega kavatsenudki tagasi pöörata . 	Maja välisuks avama hakkama pea jälle häirekell taguma ja mis kõrgemale mina seal poolpime mööda lagunema|lagunenud trepp turnima , see teravam oht tundma , kuid mina olema üsna meeleheide ega kavatsema tagasi pöörama .
78		 Ma pidin sellest jubedusest lahti saama , sest tundsin , et vastasel juhul lähen selsamal päeval lihtsalt hulluks . 	mina pidama see jubedus lahti saama , sest tundma , et vastane juht minema seesama päev lihtsalt hull .
78		 Tagusin Markuse armetule uksele , kuid see jäi suletuks . 	taguma Markus armetu uks , kuid see jääma suletu .
78		 Püüdsin kuulatada , kuid ei kuulnud mitte midagi . 	püüdma kuulatama , kuid ei kuulma|kuulnud mitte miski .
78		 Istusin trepile maha ja seadsin ennast ootama . 	istuma trepp maha ja seadma ise ootama .
78		 Kunagi pidi ta ju jälle koju tulema . 	kunagi pidama tema ju jälle kodu tulema .
79		 Vaikuses , mida aegajalt katkestasid summutatud tänavahääled , tundsin üsna selgelt , et oht oli väga lähedal . 	vaikus , mis aegajalt katkestama summutama|summutatud tänavahääl , tundma üsna selgelt , et oht olema väga lähedal .
79		 Püüdsin ringi vaadates selgusele jõuda , mis asi mind ometi ähvardada võiks , kui märkasin pööningunurgas lauarisu taga väikest ust üsna Markuse toa kõrval . 	püüdma ringi vaatama selgus jõudma , mis asi mina ometi ähvardama võima , kui märkama pööningunurk lauarisu taga väike|väikene uks üsna Markus tuba kõrval .
79		 Uksepiidal oli Markuse käe jälgi ja ka — Elisa käe jälgi . 	uksepiit olema Markus käsi jälg ja ka - Elisa käsi jälg .
79		 Ladusin lauajupid eest ära ja katsusin ust avada . 	laduma lauajupp eest ära ja katsuma uks avama .
79		 Ta oli üsna tugevasti kinni kiilunud , kuid andis lõpuks järele ja ma astusin tolmusesse pimedasse ruumi . 	tema olema üsna tugevasti kinni kiiluma|kiilunud , kuid andma lõpuks järele ja mina astuma tolmune pime ruum .
79		 Ei katusest ega seintest ei langenud sinna ühtegi valgusekiirt . 	ei katus ega sein ei langema|langenud sinna üks valgusekiir .
79		 Tundsin , et ei ole ruumis üksi , kuid ei näinud pikka aega kedagi ega kuulnud vähimatki häält . 	tundma , et ei olema ruum üksi , kuid ei nägema|näima|näinud pikk aeg keegi ega kuulma|kuulnud vähim hääl .
79		 Lõpuks , kui suutsin selles pimeduses ühtteist eristada , nägin kaugemas nurgas kirstulaadset eset . 	lõpuks , kui suutma see pimedus üksteist eristama , nägema kaugem nurk kirstulaadne ese .
79		 Astusin lähemale ja leidsin , et tegemist oli õige vana rasketest laudadest riidekirstuga , sellise tüüpilise talupojakirstuga , mis seisis aida nurgas ja kuhu mahtus kogu peretütre kaasavara . 	astuma lähemale ja leidma , et tegemine olema õige vana raske laud riidekirst , selline tüüpiline talupojakirst , mis seisma ait nurk ja kuhu mahtuma kogu peretütar kaasavara .
79		 Uudishimust tõstsin raske kaane üles . 	uudishimu tõstma raske kaas üles .
79		 Kirstus ei olnud ei riideid ega kaasavara . 	Kirstus ei olema|olnud ei riie ega kaasavara .
79		 Kirstus oli Elisa . 	kirst olema Elisa .
79		 Ta oli enesele paksu teki ümber keeranud ja lebas kirstupõhjas kõveras nagu magav laps , aga ta oli ilmselgelt surnud . 	tema olema ise paks tekk ümber keerama|keeranud ja lebama kirstupõhi kõveras nagu magav laps , aga tema olema ilmselgelt surema|surnud .
80		 Valge nahk , öine aeg , tema kiirus ja tugevus , ta haigus ... see kõik keerles mu peas ja silme ees tohutu pöörisena kuni kõik asetus õigele kohale . 	valge nahk , öine aeg , tema kiirus ja tugevus , tema haigus ... see kõik keerlema mina pea ja silm ees tohutu pööris kuni kõik asetus õige koha|koht .
80		 Teist korda elus oli mul surmahirm . 	teine kord elu olema mina surmahirm .
80		 Lasin raske kirstukaane lajatades alla kukkuda ja tormasin minema , murdes sellel neetud trepil peaaegu jala . 	laskma raske kirstukaas lajatama alla kukkuma ja tormama minema , murdma see needma|neetud trepp peaaegu jala .
80		 Oli ka aeg — päike hakkas tasakesi looja minema ja esimesed sügavad varjud pugesid tänavatele . 	olema ka aeg - päike hakkama tasakesi looja minema ja esimene sügav vari pugema tänav .
80		 Veel pool tunnikest trepil ootamist ja Elisal ei oleks olnud vaja kuigi kaugele minna , et oma esimest nälga kustutada ! 	veel pool tunnike trepp ootamine ja Elisal ei olema olema|olnud vaja kuigi kaugele minema , et oma esimene nälg kustutama !
80		 Jooksin nagu pöörane ja ei jäänud enne pidama , kui olin omas kodus luku ja riivi taga . 	jooma nagu pöörane ja ei jääma|jäänud enne pidama , kui olema oma kodu lukk ja riiv taga .
81		 Ma ei ole sinna majja enam kordagi oma jalga tõstnud , sest mul pole mingeid illusioone , milliseks võiks kujuneda järgmine kohtumine Elisaga . 	mina ei olema sinna maja enam kord oma jalg tõstma|tõstnud , sest mina olema mingi illusioon , milline võima kujunema järgmine kohtumine Elisaga .
81		 Öelge ükski põhjus , miks ta peaks mind aitama ? 	ütlema ükski põhjus , miks tema pidama mina aitama ?
81		 Kaastunne ? 	kaastunne ?
81		 Vastutus ? 	vastutus ?
81		 Ärge kujutage ette . 	ära kujutama ette .
81		 Ma saaksin talle edaspidi ainult ühel ürgsel viisil kasulik olla ning mu meeleheide ei ole veel siiski nii suur . 	mina saama tema edaspidi ainult üks ürgne viis kasulik olema ning mina meeleheide ei olema veel siiski nii suur .
81		 Parem proovin taluda praegust olukorda ja kui parajasti rohkem välja ei kannata , siis sulgun jälle mõneks ajaks oma väikesesse tuppa . 	parem proovima taluma praegune olukord ja kui parajasti rohkem välja ei kannatama , siis sulguma jälle mõni aeg oma väike|väikene tuba .
81		 ( Peale seda , kui ma ta mööblist ja muust kraamist täiesti tühjaks tõstsin , võib seal päris elada . ) 	( peale see , kui mina tema mööbel ja muu kraam täiesti tühi tõstma , võima seal päris elama . )
81		 Võibolla õnnestub mul kunagi õppida neid neetud märkamisi või nende pidevat teadvustamist blokeerima . 	võibolla õnnestuma mina kunagi õppima see needma|neetud märkamine või tema pidev teadvustamine blokeerima .
82		 Te võite ju arvata , et ma olen täielik argpüks , et ma juhust ei kasutanud ja teda maha ei löönud . 	sina võima ju arvama , et mina olema täielik argpüks , et mina juhus ei kasutama|kasutanud ja tema maha ei lööma|löönud .
82		 Ja te võite arvata , et ma ikka veel petan iseennast , püüdes end veenda , et olen väljaspool hädaohtu . 	ja sina võima arvama , et mina ikka veel petma iseenese , püüdma ise veenma , et olema väljaspool hädaoht .
82		 Vale puha . 	vale puha .
82		 Ma olengi väljaspool hädaohtu . 	mina olema väljaspool hädaoht .
82		 Kes seda siis veel teada võib kui mitte mina — kibe eelis , mida mu seisund mulle siiski annab . 	kes see siis veel teadma võima kui mitte mina - kibe eelis , mis mina seisund mina siiski andma .
82		 Elisa teab , et ma teda nägin , ja ta teab , et ma ei kujuta tema jaoks mingit ohtu . 	Elisa teadma , et mina tema nägema , ja tema teadma , et mina ei kujutama tema jaoks mingi oht .
82		 Juba kasvõi ainult selle pärast , et ta mu ellu jättis . 	juba kasvõi ainult see pärast , et tema mina elu jätma .
82		 Võibolla ei olegi see ainus põhjus , kuid muid ma iseendale ei tunnista . 	võibolla ei olema see ainus põhjus , kuid muu mina iseenese ei tunnistama .
83		 Pealegi , kui ma praegu sellele õhtule tagasi mõtlen , ei aja see mulle enam säärast hirmu peale , sest tegelikult ei olnud ta seal magades ei võigas ega verejanuline , vaid , vastupidi , ta nägi välja nagu mängimisest väsinud väike tüdruk . 	pealegi , kui mina praegu see õhtu tagasi mõtlema , ei ajama see mina enam säärane hirm peale , sest tegelikult ei olema|olnud tema seal magama ei võigas ega verejanuline , vaid , vastupidi , tema nägema välja nagu mängimine väsima|väsinud väike tüdruk .
83		 Küllap ta arvestab ka ise selle muljega , mille ta jätab , ja millegipärast lasen ma tal sellega arvestada . 	küllap tema arvestama ka ise see mulje , mis tema jätma , ja millegipärast laskma mina tema see arvestama .
83		 Huvitav küll , eksole ? 	huvitav küll , ekso ?
84		 Päriselt tagasi tegemata ma ikkagi ei jäta . 	päriselt tagasi tegema mina ikkagi ei jätma .
84		 Kuidas see käiski — kui saad , siis pead ka andma ... 	kuidas see käima - kui saama , siis pea ka andma ...
84		" Oma "" andest "" ja kõigest seonduvast rääkimise on ta mul tõesti ära keelanud , kuid kahjuks unustas ta kogu oma nutikuses , et ma saan sellest siiski kirjutada . "	"oma "" anne "" ja kõik seonduv rääkimine olema tema mina tõesti ära keelama|keelanud , kuid kahjuks unustama tema kogu oma nutikus , et mina saama see siiski kirjutama ."
84		 Ja seda ma teen juba kasvõi sellepärast , et ta mul selle ära keelaks , kui ainult saaks . 	ja see mina tegema juba kasvõi sellepärast , et tema mina see ära keelama , kui ainult saama .
84		 Ning sellepärast , et minul pole võimalust temalt arvete klaarimist nõuda ja see abitus närib mu hinge . 	ning sellepärast , et mina olema võimalus tema arve klaarimine nõudma ja see abitus närima mina hing .
84		 Ma lihtsalt pean midagi tegema , ükskõik mida , et ennast talle vähemalt meeldegi tuletada . 	mina lihtsalt pidama miski tegema , ükskõik mis , et ise tema vähemalt meel tuletama .
