par_nr	head	sentence	lemmas
1	 Ja lööb Kell ja Kurjus pääseb valla ... 	 Ja lööb Kell ja Kurjus pääseb valla ... 	ja lööma kell ja kurjus pääsema valla ...
2		 Veiko Belials 	Veiko Belials
3		" "" Ja lööb Kell ja Kurjus pääseb valla . "	""" ja lööma kell ja kurjus pääsema valla ."
3		" Ja Maailm saab hukka , sest nii on seatud , kui Kell lööb , et Kurjus neelab ära kõik ja ei jää mitte midagi ... "" "	"ja maailm saama hukka , sest nii olema seadma|seatud , kui kell lööma , et kurjus neelama ära kõik ja ei jääma mitte miski ... """
4		 Rüütel Reginald kannustas hobust kiiremale sõidule . 	Rüütel Reginald kannustama hobune kiirem sõit .
4		 Tüdinud sirgetest tolmunud teedest , juhtis ta ratsu metsa ja kihutas jämedate puude vahel suunda valimata edasi . 	tüdima|tüdinud sirge tolmuma|tolmunud tee , juhtima tema ratsu mets ja kihutama jäme puu|puue vahel suund valima edasi .
4		 Tuul vihises kõrvus , puud vilksatasid mööda ja sir Reginald naeratas . 	tuul vihisema kõrv , puu|puud vilksatama mööda ja sir Reginald naeratama .
5		 Viimased nädalad olid ta täiesti ära vaevanud . 	viimane nädal olema tema täiesti ära vaevama|vaevanud .
5		 Ei ühtki kangelastegu , ei ühtki kahevõitlust , isegi lihtlabastesse kõrtsikaklustesse polnud ta sattunud . 	ei üks kangelastegu , ei üks kahevõitlus , isegi lihtlabane kõrtsikaklus olema tema sattuma|sattunud .
5		 Ta raius puude oksi , et elada välja käsivartes pulbitsevat energiat . 	tema raiuma puu|puue oks , et elama välja käsivars pulbitsev energia .
6		 Lõpuks pidas ta hobuse kinni . 	lõpuks pidama tema hobune kinni .
6		 Mets oli muutunud tihedaks ja läbitungimatuks , puud kõrgusid ähvardavalt ta kohal , sirutades tema poole luidraid oksi . 	mets olema muutuma|muutunud tihe ja läbitungimatu , puu|puud kõrguma ähvardavalt tema kohal , sirutama tema poole luider oks .
6		 Ümbrus oli võõras . 	ümbrus olema võõras .
7		 Eksinud ! 	eksinu !
7		 Seegi asi , mõtles sir Reginald . 	see asi , mõtlema sir Reginald .
7		 Ikkagi mingisugune vaheldus . 	ikkagi mingisugune vaheldus .
7		 Ta ronis hobuse seljast maha ja asus looma ratsmeidpidi talutades endale mõõgaga teed tegema . 	tema ronima hobune selg maha ja asuma loom ratsmeidpidi talutama ise mõõk tee tegema .
8		 Elu oli talle õpetanud , et kui piisavalt kaua mingis suunas minna , jõuab lõpuks ikka kusagile välja . 	elu olema tema õpetama|õpetanud , et kui piisavalt kaua mingi suund minema , jõudma lõpuks ikka kusagile välja .
8		 Ja kuna tal oli ükspuha , kuhu jõuda , läks ta huupi , tungides aina sügavamale padrikusse . 	ja kuna tema olema ükspuha , kuhu jõudma , minema tema huupi , tungima aina sügavam padrik .
9		 Siin võib veel mõnda Seiklust kohata , arutas sir Reginald omaette , silmitsedes aina süngemaks muutuvat maastikku . 	siin võima veel mõni seiklus kohtama , arutama sir Reginald omaette , silmitsema aina süngem muutuv maastik .
9		 Mõni lohe või hiiglane ... 	mõni lohe või hiiglane ...
9		 Kasvõi troll , lõpuks ... 	kasvõi troll , lõpuks ...
9		 Ja et saaks kedagi päästa või aidata ... 	ja et saama keegi päästma või aitama ...
10		 Ilm tõmbus pilve , hämardus . 	ilm tõmbuma pilv , hämarduma .
10		 Kusagilt tuli tuul , rappis puid ning virutas oksapuru ja prahi rüütlile näkku . 	kusagilt tulema tuul , rappima puu ning virutama oksapuru ja praht rüütel nägu .
10		 Sir Reginald jäi seisma . 	Sir Reginald jääma seisma .
10		 Mets oli hiirvaikne . 	mets olema hiirvaikne .
10		 Tundus , et ta hoiab hinge kinni ja kuulatab midagi või kedagi . 	tunduma , et tema hoidma hing kinni ja kuulatama miski või keegi .
11		 Reginald , vapper rüütel , sidus hobuse puu külge , haaras mõõga kindlamini pihku ja astus ettevaatlikult edasi . 	Reginald , vapper rüütel , siduma hobune puu külge , haarama mõõk kindlamini pihk ja astuma ettevaatlikult edasi .
11		 Sajakonna sammu pärast jõudis ta avarale lagendikule ja peatus . 	sajakonn samm pärast jõudma tema avar lagendik ja peatuma .
12		 Keset lagendikku seisis iidne kellatorn . 	keset lagendik seisma iidne kellatorn .
12		 Ta vana , samblassekasvanud keha sihtis Saatuse krobelise sõrmena madalat rasket taevast . 	tema vana , samblassekasvanud keha sihtima saatus krobeline sõrm madal raske taevas .
12		 Jäi mulje , et torn ulatub pilvedeni . 	jääma mulje , et torn ulatuma pilv .
12		 Hetkel , kui rüütel lagendikule astus , sähvatas välk ja selles tontlikus valguses nägi sir Reginald Teda — Koletist . 	hetk , kui rüütel lagendik astuma , sähvatama välk ja see tontlik valgus nägema sir Reginald tema - koletis .
13		 Koletis laskus torni katuselt , silmitsedes rüütlit hõõguval pilgul ja urises ähvardavalt . 	koletis laskuma torn katus , silmitsema rüütel hõõguv pilk ja urisema ähvardavalt .
13		 Ta ei kiirustanud ründama , ta paistis hoiatavat — mine oma teed , rändaja , ja ära tülita mind . 	tema ei kiirustama|kiirustanud ründama , tema paistma hoiatav - minema oma tee , rändaja , ja ära tülitama mina .
13		 See torn on minu ! 	see torn olema mina !
14		 Kuid sir Reginald ei kavatsenud minna , ei , nüüd enam mitte . 	kuid sir Reginald ei kavatsema|kavatsenud minema , ei , nüüd enam mitte .
14		 Ta polnud ju nii ammu kedagi päästnud , nii ammu kellegagi võidelnud ! 	tema olema ju nii ammu keegi päästma|päästnud , nii ammu keegi võidelnud|võitlema !
14		 Ja nüüd korraga torn , mida valvab Koletis . 	ja nüüd korraga torn , mis valvama koletis .
14		 Tühja torni Koletis ei valvaks ! 	tühi torn Kolet|Koleti|Kolett ei valvama !
14		 Seal peab midagi olema , midagi valvamisväärset . 	seal pidama miski olema , miski valvamisväärne .
14		 Mõni printsess näiteks , keda vabastada . 	mõni printsess näide , kes vabastama .
14		 Või varandus , mis on isegi veidi etem variant , kui järele mõtlema hakata . 	või varandus , mis olema isegi veidi etem variant , kui järele mõtlema hakkama .
15		 Sir Reginald tormas rünnakule . 	Sir Reginald tormama rünnak .
15		 Koletis möirgas ja lagendik sai möirgamist täis ja möirgamine summutas kõuekärgatused , kuid vaprat rüütlit see ei peatanud . 	koletis möirgama ja lagendik saama möirgamine täis ja möirgamine summutama kõuekärgatus , kuid vapper rüütel see ei peatama|peatanud .
15		 Ta tungis aina edasi ja tema mõõk sähvis välkudega võidu . 	tema tungima aina edasi ja tema mõõk sähvima välk võidu .
16		 Viimaks Koletis langes ega liigutanud enam . 	viimaks koletis langema ega liigutama|liigutanud enam .
16		 Verine mõõk käes , astus rüütel kellatorni ja ahhetas ootamatusest — torn oli tühi ! 	verine mõõk käsi , astuma rüütel kellatorn ja ahhetama ootamatus - torn olema tühi !
16		 Ta uuris kõledaid seinu ja tõstis siis pilgu . 	tema uurima kõle sein ja tõstma siis pilk .
16		 Kusagil kõrgel aimus hiiglaslik kell . 	kusagil kõrgel aimus hiiglaslik kell .
16		 Kellanöör rippus käeulatuses . 	kellanöör rippuma käeulatus .
16		 Sir Reginald vaatas veelkord üles ja talle tundus , et kellatila asemel ripub kella sisemuses tilluke mehike , pea alaspidi . 	Sir Reginald vaatama veelkord üles ja tema tunduma , et kellatila asemel rippuma kell sisemus tilluke mehike , pidama alaspidi .
16		 Hetkeks vilksatas mälusoppides mingi teadmine , mingi tabamatu ohutunne , mis aga kohe kadus . 	hetk vilksatama mälusopp mingi teadmine , mingi tabamatu ohutunne , mis aga kohe kaduma .
16		 Midagi mõtlemata haaras ta nöörist ja tõmbas . 	miski mõtlema haarama tema nöör ja tõmbama .
16		 Mehike kella sisemuses lõi kõikuma ja alles siis , kui ta pea vastu kella kõmahtas , taipas rüütel õudusega , mis ta oli teinud . 	mehike kell sisemus looma|lööma kõikuma ja alles siis , kui tema pea vastu kell kõmahas , taipama rüütel õudus , mis tema olema tegema|teinud .
17		 Kell lõi helisema . 	kell looma|lööma helisema .
17		 See oli kume hääl , mis kuulutas kadu . 	see olema kume hääl , mis kuulutama kadu .
17		 Raske ja rusuvana vajus see peale ja pani hirmust värisema . 	raske ja rusuv vajuma see peale ja panema hirm värisema .
17		 Kumin kasvas , täitis kogu torni , lüües sellesse ühe mõra teise järel . 	kumin kasvama , täitma kogu torn , lööma see üks mõra teine järel .
17		 Mehike , kes kellast lahti pääses , lendles loperdades allapoole , meenutades rohkem nahkhiirt kui inimest . 	mehike , kes kell lahti pääsema , lendlema loperdama allapoole , meenutama rohkem nahkhiir kui inimene .
17		 Ta kasvas aina suuremaks ega meenutanud varsti enam üldse midagi . 	tema kasvama aina suurem ega meenutama|meenutanud varsti enam üldse miski .
17		 Hiiglasliku musta varjuna pressis ta pragunevast tornist välja ja mähkis maailma võikalt naerdes pimedusse . 	hiiglaslik must vari pressima tema pragunev torn välja ja mähkima maailm võikalt naerma pimedus .
18		 Maa vappus nagu palavikus ning torn varises kokku . 	maa vappuma nagu palavik ning torn varisema kokku .
18		 Enne , kui raske kell teda tabas , lahvatas ulja rüütli mälusoppidest teadmine , sedakorda selge ja kohutav . 	enne , kui raske kell tema tabama , lahvatama uljas rüütel mälusopp teadmine , sedakorda selge ja kohutav .
18		 Talle meenus iidne pärimus ... 	tema meenuma iidne pärimus ...
19		" "" Ja lööb Kell ja Kurjus pääseb valla ja Metsaline , kes Kurjust valvas , on surnult maas ega liiguta ennast mitte . "	""" ja lööma kell ja kurjus pääsema valla ja metsaline , kes kurjus valvama , olema surnult maas ega liigutama ise mitte ."
19		" Ja meri tõuseb üles oma asemelt ja maa sülgab tuld ja suur pimedus on kõige üle , sest Kurjus on tagasi maa peal ... "" "	"ja meri tõusma üles oma ase ja maa sülgama tuli ja suur pimedus olema kõige üle , sest kurjus olema tagasi maa peal ... """
