par_nr	head	sentence	lemmas
1	 Me eilsete päevade hetked 	 Me eilsete päevade hetked 	mina eilne päev hetk
2		 Marek Simpson 	Marek Simpson
3		 Kui sünged mustad pilved viimaks pea kohalt viimase , õhtuhämaruses veel vaid vaevumärgatava helesinise riba koolnuks õgisid ning esimesed rasked veepiisad kiirustades maa poole sööstsid , leidis Vladimir end ikka veel nõutult endises kohas jalalt- jalale tammumas . 	kui sünge must pilv viimaks pea kohalt viimane , õhtuhämarus veel vaid vaevumärgatav helesinine riba koolnu õgima ning esimene raske veepiisk kiirustama maa poole sööstma , leidma Vladimir ise ikka veel nõutult endine koha|koht jalg jalg tammuma .
4		 Kuidas ma küll seda maja varem märganud pole , küsis ta eneselt juba kes teab mitmendat korda . 	kuidas mina küll see maja varem märganud|märkama olema , küsima tema ise juba kes teadma mitmes kord .
4		 Selline pisike ning armas majakökats pisut pudeneva krohvinaha ning veidi luitunud välisilmega , toetumas sundimatult oma ajaloost läbiimbunud keskaegsete naabrite najale . 	selline pisike ning armas majakökats pisut pudenev krohvinahk ning veidi luituma|luitunud välisilme , toetuma sundimatult oma ajalugu läbiimbunud keskaegne naaber najale .
4		 Ehk liiga silmatorkamatu osake pikast majaderivist , kui tükk mosaiigist , mida silm tervikust seni eraldada pole suutnud ? 	ehk liiga silmatorkamatu osake pikk majaderivi , kui tükk mosaiik , mis silm tervik seni eraldama olema suutma|suutnud ?
4		 Uus see maja igatahes olla ei saanud , kindlasti mitte . 	uus see maja igatahes olema ei saama|saanud , kindlasti mitte .
5		 Ometi olen siin tänaval kindlasti jalutanud sadu kordi , arutas Vladimir , valges ja pimedas , süngelt mõtteisevajunult ning helgeil hetkedel avatud silmil ümbritsevas vaid kaunist nähes ja otsides . 	ometi olema siin tänav kindlasti jalutama|jalutanud sada kord , arutama Vladimir , valge ja pime , sünge mõtteisevajunu ning helge hetk avama|avatud silm ümbritsev vaid kaunis nägema ja otsima .
5		 Käinud arvatavasti sest kui maa alt välja kasvanud majast mööda inimsagina tipptunnil ja öises vaikuses , mil sammud kõledailt müüridelt vastu kajavad . 	käinu arvatavasti sest kui maa alt välja kasvama|kasvanud maja mööda inimsagin tipptund ja öine vaikus , mil samm kõle müür vastu kajama .
5		 Või polegi ma sellele tänavale üldse varem sattunud , kõhkles ta ebakindlalt , ent leidis selle võimaluse raskesti usutava olevat . 	või olema mina see tänav üldse varem sattuma|sattunud , kõhklema tema ebakindlalt , ent leidma see võimalus raskesti usutav olema .
6		 Ilmselt pole lihtsalt märganud , ilmselt nii ... 	ilmselt olema lihtsalt märganud|märkama , ilmselt nii ...
7		 Peaks nüüd minema , mõtles Vladimir ebakindlalt , peaks minema koju ja kuivad riided selga vahetama , külm on juba , sügis , nüüd ei saa enam niimoodi vihma käes jalutada , nagu veel alles hiljuti , kui soojad taevased pisarad tänavailt tolmu ning inimeste nägudelt väsimust maha pesid . 	pidama nüüd minema , mõtlema Vladimir ebakindlalt , pidama minema kodu ja kuiv riie selg vahetama , külm olema juba , sügis , nüüd ei saama enam niimoodi vihm käes jalutama , nagu veel alles hiljuti , kui soe taevane pisar tänav tolm ning inimene nägu väsimus maha pesema .
7		 Veel pisut ja tuleb talv ning lumi , mis katab maa ning külmutab kõigi üksikute südamed tundetuks jäämassiks . 	veel pisut ja tulema talv ning lumi , mis katma maa ning külmutama kõik üksik süda tundetu jäämass .
7		 Jah , peab minema . 	jah , pidama minema .
7		 Peab . 	pidama .
7		 Koju . 	kodu .
7		 Kui vaid seda ... 	kui vaid see ...
8		 Ta astus paar ebalevat sammu , ent pöördus siis ümber , justkui inimene , kes on sisimas pärast pikka kõhklemist lõpliku , kõigutamatu otsuse vastu võtnud , ja sammus kindlal sammul end salapärasel moel ilmutanud hoone poole . 	tema astuma paar ebalev samm , ent pöörduma siis ümber , justkui inimene , kes olema sisim pärast pikk kõhklemine lõplik , kõigutamatu otsus vastu võtma|võtnud , ja sammuma kindel samm ise salapärane mood ilmutama|ilmutanud hoone poole .
8		 Jäi siis seisma . 	jääma siis seisma .
8		 Kuulatas . 	kuulatama .
9		 Miski oleks kui kutsunud , enese poole tõmmanud , tajus ta tärkava imestusega . 	miski olema kui kutsuma|kutsunud , ise poole tõmbama|tõmmanud , tajuma tema tärkav imestus .
9		 Ei , siiski oli see kindlasti vaid tundunud — selline kaunis ja imevaikne lauluviis , kui inglihäälne tuulekellakõla , mis tajutavuse õhukesel piiril helises , enese poole meelitas , köitis . 	ei , siiski olema see kindlasti vaid tunduma|tundunud - selline kaunis ja imevaikne lauluviis , kui inglihäälne tuulekellakõla , mis tajutavus õhuke piir helisema , ise poole meelitama , köitma .
9		 Nii tuttav viis , et hingel hakkab lihtsalt valus , et sellele helinale nime ei suuda anda , nii tuttav , kusagil palju kordi kuuldud , mällu sööbinud ... 	nii tuttav viis , et hing|hinge hakkama lihtsalt valus , et see helin nimi ei suutma andma , nii tuttav , kusagil palju kord kuuldud|kuulduma|kuulma , mälu sööbima|sööbinud ...
9		 Veider , veider , millised mõtted küll vahest pähe tikuvad ... 	veider , veider , milline mõte küll vahest pea tikkuma ...
10		 Vladimir seisis nüüd päris majakese ees . 	Vladimir seisma nüüd päris majake ees .
10		 Selle uksel ilutses pisike silt — AVATUD . 	see uks ilutsema pisike silt - avatu .
10		 Vaid kuus musta tähte valgel paberilehel , ei midagi muud . 	vaid kuus must täht valge paberileht , ei miski muu .
10		 Hoone akende ees olid tumedad kardinad , mis selle sisemust uudishimulike pilkude eest kiivalt varjasid . 	hoone aken ees olema tume kardin , mis see sisemus uudishimulik pilk eest kiivalt varjama .
11		 Ilmselt kauplus , arutas Vladimir endamisi , kuigi peale eemalt märkamatu sildi polnud sel arvamusel millestki kinni hakata . 	ilmselt kauplus , arutama Vladimir endamisi , kuigi peale eemalt märkamatu silt olema see arvamus miski kinni hakkama .
11		 Ja kuidas küll kliendid sellise hästimaskeeritud poe üles peaksid leidma ? 	ja kuidas küll klient selline hästimaskeeritud pood üles pidama leidma ?
11		 Ainult juhuslikult , nii nagu ta ise . 	ainult juhuslikult , nii nagu tema ise .
11		 Ärile selline varjatus kindlasti kasuks ei tule . 	äri selline varjatus kindlasti kasu ei tulema .
12		 Külm on . 	külm olema .
12		 Peaks koju minema . 	pidama kodu minema .
12		 Koju . 	kodu .
12		 Sellesse nelja seina vahele surutud üksinduse kambrisse , kus mitte ... 	see neli sein vahele suruma|surutud üksindus kamber , kus mitte ...
13		 Käsi tõusis ise lingile ja vajutas selle alla ning mõte seda teha , oh ei , isegi mitte nii — mõte seda võimalust kaaluda , sündis alles siis , kui uks pehmelt , hääletult avanes ning Vladimiril ei jäänud üle muud , kui sisse astuda . 	käsi tõusma ise link ja vajutama see alla ning mõte see tegema , oh ei , isegi mitte nii - mõte see võimalus kaaluma , sündima alles siis , kui uks pehmelt , hääletult avanema ning Vladimir ei jääma|jäänud üle muu , kui sisse astuma .
13		 Ta pea kohal tilises õrnalt uksekella õrn tervitus . 	tema pea kohal tilisema õrnalt uksekell õrn tervitus .
14		 Ikkagi kauplus , leidis ta hetk hiljem kergendust tundes nipsasjakesi — pisikesed portselanist kujukesed ; aja , unustuse ning tolmu poolt puretud raamatud ja maalid ning veel palju-palju selliseid hinge mõistetamatut turvatunnet tekitavaid kadunud eilse järele lõhnavaid mälestusi — täiskuhjatud riiuleid nähes . 	ikkagi kauplus , leidma tema hetk hiljem kergendus tundma nipsasjake - pisike|pisikene portselan kujuke ; aeg , unustus ning tolm poolt purema|puretud raamat ja maal ning veel palju-palju selline hing mõistetamatu turvatunne tekitav kaduma|kadunud eilne järele lõhnav mälestus - täiskuhjatu riiul nägema .
14		 Vabalt oleks võinud ka kellegi halva naljaga tegemist olla — paned sellise sildi möödaminnes suvalisele uksele ja keegi kergeusklik elab pärast üsna piinliku olukorra üle . 	vabalt olema võima|võinud ka keegi halb nali tegemine olema - panema selline silt möödaminnes suvaline uks ja keegi kergeusklik elama pärast üsna piinlik olukord üle .
14		 Inimesi on igasuguseid . 	inimene olema igasugune .
14		 Naljad on erinevad . 	nali olema erinev .
15		 Kogu selle pudikaubanduse paraadi keskel seisis silma järgi ehk kuuekümnene taevasiniste silmade ning nukralt sõbraliku naeratusega lühikest kasvu meesterahvas , kes sisenejale tuttavlikult noogutas . 	kogu see pudikaubandus paraad keskel seisma silm järgi ehk kuuekümnene taevasinine silm ning nukralt sõbralik naeratus lühike kasv meesterahvas , kes siseneja tuttavlikult noogutama .
16		 Vahest on nii , et sa kohtad inimest , kes jätab sulle kohe esimesest hetkest sedavõrd hea mulje , et sa hiljem seda meenutades taolisele veendumusele mingit seletust leida ei suuda . 	vahest olema nii , et sina kohtama inimene , kes jätma sina kohe esimene hetk sedavõrd hea mulje , et sina hiljem see meenutama taoline veendumus mingi seletus leidma ei suutma .
16		 Justkui oleksid sa kohtunud vana sõbraga , keda aastaid näinud pole , sest tunned sa end sellise inimese seltsis nii harjumatult turvaliselt , et vägisi tikuvad pähe mõtted , et see ei saa olla juhus , et te olete siiski juba kunagi kohtunud ning kohe-kohe meenub sulle nimi , mille sa aastatetaguse elustunud ilmutusega kokku suudad viia . 	justkui olema sina kohtuma|kohtunud vana sõber , kes aasta nägema|näima|näinud olema , sest tundma sina ise selline inimene seltsis nii harjumatult turvaliselt , et vägisi tikkuma pea mõte , et see ei saama olema juhus , et sina olema siiski juba kunagi kohtuma|kohtunud ning kohe-kohe meenuma sina nimi , mis sina aastatetagune elustuma|elustunud ilmutus kokku suutma viima .
16		 Ja siis on juba eneselgi naljakas , et kohe meelde ei tulnud . 	ja siis olema juba ise naljakas , et kohe meel ei tulema|tulnud .
16		 Ja saab öelda , et vanaks hakkame jääma , nii vanaks , et ei tunne enam sõprugi ära ... 	ja saama ütlema , et vana hakkama jääma , nii vana , et ei tundma enam sõber ära ...
17		" "" Kas me ... "" alustas Vladimir siniste silmade pilku eksides ebalevalt ja jäi siis õigeid sõnu otsides kõhklema . "	""" kas mina ... "" alustama Vladimir sinine silm pilk eksima ebalevalt ja jääma siis õige sõna otsima kõhklema ."
18		" "" Ei , kahjuks mitte , "" ütles võõras kui vabandades õlgu kehitades . "	""" ei , kahjuks mitte , "" ütlema võõras kui vabandama õlg kehitama ."
18		" "" Aga inimestega juhtub seda tihti , uskuge mind . "" "	""" aga inimene juhtuma see tihti , uskuma mina . """
19		" "" Jah , muidugi , "" poetas Vladimir mokaotsast , teades , et peaks justkui ebamugavust tundma , ent adudes , et ebamugavust pole sisimas kübetki . "	""" jah , muidugi , "" poetama Vladimir mokaotsast , teadma , et pidama justkui ebamugavus tundma , ent aduma , et ebamugavus olema sisim kübe ."
19		 Ainult et kuidagi kahju oli ses asjas ja just nüüd eksida . 	ainult et kuidagi kahju olema see asi ja just nüüd eksima .
19		 Kohe päris tõsiselt kahju . 	kohe päris tõsiselt kahi|kahju .
20		" "" Sellele vaatamata olete mu tagasihoidlikus kaupluses teretulnud , "" sõnas poeomanik oma valdustele käeviibutusega ringi peale tehes . "	""" see vaatamata olema mina tagasihoidlik kauplus teretulnud , "" sõnama poeomanik oma valdus käeviibutus ringi peale tegema ."
20		" "" Otsite ehk midagi kindlat või soovite lihtsalt ringi vaadata ? "	""" otsima ehk miski kindel või soovima lihtsalt ringi vaatama ?"
20		" Olen igati teie käsutuses , härra , kui soovite , et ma teile oma tolmuses panipaigas pisikese eksursi teen . "" "	"olema igati sina käsutus , härra , kui soovima , et mina sina oma tolmune panipaik pisike|pisikene eksurs|eksursi tegema . """
21		" "" Ei , ei , "" kiirustas Vladimir vabandama . "	""" ei , ei , "" kiirustama Vladimir vabandama ."
21		" "" Eks ma vaatan lihtsalt ringi . "	""" eks mina vaatama lihtsalt ringi ."
21		" Ma ei tahaks teile liigset tüli teha . "" "	"mina ei tahtma sina liigne tüli tegema . """
22		" "" Tüli ? "	""" tüli ?"
22		" Uskuge mind , armas härra , see oleks mulle puhas rõõm . "" "	"uskuma mina , armas härra , see olema mina puhas rõõm . """
23		 Ta mõtleb seda tõsiselt , mõtles Vladimir hämmeldusega oma segastest tunnetest ainsa kindla niidiotsa leides . 	tema mõtlema see tõsiselt , mõtlema Vladimir hämmeldus oma segane tunne ainus kindel niidiots leidma .
23		 Täiesti siiralt . 	täiesti siiralt .
23		 Ilma grammigi võltsita . 	ilma gramm võlts .
24		" "" Ma astusin tegelikult üsna juhuslikult sisse , "" tunnistas ta . "	""" mina astuma tegelikult üsna juhuslikult sisse , "" tunnistama tema ."
24		" "" Läksin lihtsalt mööda ja äkki nägin teie poodi ja mõtlesin , et veider , et ma pole seda kunagi varem märganud ja tahtsin juba minema hakata , ent siis tundus mulle , et ... "" "	""" minema lihtsalt mööda ja äkki nägema sina pood ja mõtlema , et veider , et mina olema see kunagi varem märganud|märkama ja tahtma juba minema hakkama , ent siis tunduma mina , et ... """
24		 Vladimir takerdus . 	Vladimir takerduma .
25		" "" Jah , "" julgustas poodnik viisakalt noogutades . "	""" jah , "" julgustama poodnik viisakalt noogutama ."
26		" "" Rumal iseenesest muidugi , ent mulle tundus , justkui kuuleks ma poest kostuvat vaikset muusikat . "	""" rumal iseenesest muidugi , ent mina tunduma , justkui kuulma mina pood kostuv vaikne muusika ."
26		 See meenutas mulle midagi aga ma ei tea ... 	see meenutama mina miski aga mina ei teadma ...
26		" Ilmselt seepärast ma astusingi sisse , ma arvan ... "" "	"ilmselt seepärast mina astuma sisse , mina arvama ... """
27		 Rumal on niimoodi lobiseda , tajus Vladimir nüüd tujutult . 	rumal olema niimoodi lobisema , tajuma Vladimir nüüd tujutult .
28		 Ta vastaskõneleja jälgis teda endiselt mõistvalt ning heatahtlikult , ent miski ta ilmes oli nüüd muutunud . 	tema vastaskõneleja jälgima tema endiselt mõistvalt ning heatahtlikult , ent miski tema ilme olema nüüd muutuma|muutunud .
28		 Ei , ei , mitte halvas mõttes , mitte nii , nagu vaadatakse tavaliselt sentimentaalset lollpead , kes tuleb oma pikalt vaka all hoitud sõnaohtrust juhututtava ees välja plahvatama . 	ei , ei , mitte halb mõte , mitte nii , nagu vaatama tavaliselt sentimentaalne lollpea , kes tulema oma pikalt vakk all hoidma|hoitud sõnaohtrus juhututtav ees välja plahvatama .
28		 Lihtsalt poodniku pilgus oli hetkeks märgata halvasti varjatud üllatust ning viivuks , kui enese üle kontrolli kaotades , jäi ta Vladimirit sedavõrd tähelepanelikult silmitsema , nagu oleks tema näost mõnele oma ootamatule mõttele kinnitust otsinud . 	lihtsalt poodnik pilk olema hetk märkama halvasti varjama|varjatud üllatus ning viiv , kui ise üle kontroll kaotama , jääma tema Vladimir sedavõrd tähelepanelikult silmitsema , nagu olema tema nägu mõni oma ootamatu mõte kinnitus otsima|otsinud .
28		 Otsinud vastust pikaleveninud ootusele , mis sisimas sedavõrd kaua elanud ning roostet kogunud on , et selle täitumist enam tegelikult ei usugi , oled väsinud uskumast Ja Vladimir oleks võinud vanduda , et poodnik siiski tundis ta ära , teisiti poleks ta osanud tolle pärani avanevate silmade selgust seletada . 	otsima|otsinud vastus pikaleveninud ootus , mis sisim sedavõrd kaua elama|elanud ning rooste koguma|kogunud olema , et see täitumine enam tegelikult ei uskuma , olema väsima|väsinud uskuma ja Vladimir olema võima|võinud vanduma , et poodnik siiski tundma tema ära , teisiti olema tema osanud|oskama too pärani avanev silm selgus seletama .
29		" "" Muusikat . "" "	""" muusika . """
29		 sõnas vanahärra vaikselt , millegi vaid ta enesele teadaoleva üle mõtiskledes , ning see kõlas millegipärast enam nentimise , kui küsimusena . 	sõnama vanahärra vaikselt , miski vaid tema ise teadaolev üle mõtisklema , ning see kõlama millegipärast enam nentimine , kui küsimus .
29		 Ja vaatas ta nüüd juba kuhugi kaugele , Vladimirist mööda , läbi oma tolmuselt hubase poekese seinte ning läbi linna ja selle tänavate , sinna , kus arvatavasti just praegu päike väsinult mäsleva mere rüppe vajus ning kajakad nukralt häälitsedes sureva päeva viimaste eluhetkedega hüvasti jätsid . 	ja vaatama tema nüüd juba kuhugi kaugele , Vladimir mööda , läbi oma tolmuselt hubane poeke sein ning läbi linn ja see tänav , sinna , kus arvatavasti just praegu päike väsinult mäslev meri rüpp vajuma ning kajakas nukralt häälitsema surev päev viimane eluhetk hüvasti jätma .
30		" "" Jah ... rumalus , muidugi ... rumalus ... "	""" jah ... rumalus , muidugi ... rumalus ..."
30		" Kukkusin siin nüüd lobisema ... "" "	"kukkuma siin nüüd lobisema ... """
31		 Peab minema , mõtles Vladimir heitunult ning ilmselt reetis miski ta kehakeeles lahkumisemõtteid , sest seni liikumatult paigal seisnud poodnik võpatas end mõtetest lahti . 	pidama minema , mõtlema Vladimir heitunult ning ilmselt reetma miski tema kehakeel lahkumisemõte , sest seni liikumatult paigal seisma|seisnud poodnik võpatama ise mõte lahti .
32		" "" Oodake palun hetke , "" sõnas ta poekese tagumises nurgas kõrguvate riiulite poole tõtates üle õla . "	""" ootama paluma hetk , "" sõnama tema poeke tagumine nurk kõrguv riiul poole tõttama üle õlg ."
32		" "" Ma arvan , et mul on siiski teie jaoks midagi . "" "	""" mina arvama , et mina olema siiski sina jaoks miski . """
32		 Ta kiirustas , justkui võiks ootaja põgeneda , ent ta kärmetest liigutustes joonistus välja aeg-ajalt jõudu koguv kõhklus , mida ta pead raputades ning veelgi agaramalt otsima asudes alla suruda katsus . 	tema kiirustama , justkui võima ootaja põgenema , ent tema kärme liigutus joonistus välja aeg-ajalt jõud koguv kõhklus , mis tema pea raputama ning veelgi agaramalt otsima asuma alla suruma katsuma .
33		 Vladimir jälgis vaikides , kuidas hallipäine poodnik hoogsalt kogu seina katvaid sahtleid avades neisse pilgu heitis , siis Vladimirit silmadega kaalus ning midagi pettunult pomises , et sahtel jälle kinni lükata ja järgmise kallale asuda . 	Vladimir jälgima vaikima , kuidas hallipäine poodnik hoogsalt kogu sein kattev sahtel avama see pilk heitma , siis Vladimir silm kaaluma ning miski pettunult pomisema , et sahtel jälle kinni lükkama ja järgmine kallale asuma .
33		 Tegelikult kestis seda otsimist juba mitu minutit , ent Vladimir ei tundnud end sedamoodi , nagu tahaks lahkuda , polnud äraminekusoovi ärevust . 	tegelikult kestma see otsimine juba mitu minut , ent Vladimir ei tundma|tundnud ise sedamoodi , nagu tahtma lahkuma , olema äraminekusoov ärevus .
33		 Sees oli hoopis selline rahulik veendumus , et võiks oodata ka terve õhtu . 	sees olema hoopis selline rahulik veendumus , et võima ootama ka terve õhtu .
33		 Lihtsalt oli selline tunne . 	lihtsalt olema selline tunne .
33		 Hea tunne . 	hea tunne .
34		 Siis mühatas vanamees rahulolevalt ja naasis kannatliku ootaja juurde . 	siis mühatama vanamees rahulolevalt ja naasma kannatlik ootaja juurde .
34		 Poodniku käes oli väike must karbike , pisut ehk liiga suur , et mahutada sõrmust , ent samas liialt pisike , et sellesse mahuks ka midagi palju suuremat . 	poodnik käes olema väike must karbike , pisut ehk liiga suur , et mahutama sõrmus , ent samas liialt pisike , et see mahtuma ka miski palju suurem .
35		" "" Ma arvan , et see on teile , "" sõnas poeomanik kuidagi vaikselt , enam mitte kõheldes , ent ka ilma erilise innuta . "	""" mina arvama , et see olema sina , "" sõnama poeomanik kuidagi vaikselt , enam mitte kõhelema|kõhklema , ent ka ilma eriline ind ."
35		 Ta hoidis oma leidu kui kaaludes käes , kui veelkord juureldes , kas seda ikka tasub üle anda . 	tema hoidma oma leid kui kaaluma käsi , kui veelkord juurdlema , kas see ikka tasuma üle andma .
35		 Üldsegi mitte nii , nagu hoitakse kinni esemest , millest on kahju loobuda . 	üldsegi mitte nii , nagu hoidma kinni ese , mis olema kahju loobuma .
35		 Pigem oli ta kehahoiakus sarnast kõhklust , mida tunneb isa oma pojale puunoole voolimiseks nuga ulatades . 	pigem olema tema kehahoiak sarnane kõhklus , mis tundma isa oma poeg|poja puunool voolimine nuga ulatama .
36		 Vladimir ootas vaikides . 	Vladimir ootama vaikima .
36		 Oleks tahtnud küsida , ent millegipärast ei tundunud see õige olevat . 	olema tahtma|tahtnud küsima , ent millegipärast ei tunduma|tundunud see õige olema .
36		 Parem oli lihtsalt ära oodata . 	parem olema lihtsalt ära ootama .
36		 Lasta olukorral ise lahenduseni kulgeda . 	laskma olukord ise lahendus kulgema .
37		" "" Ma arvan , et see on teile , "" kordas vanamees mõttessevajunult ja naeratas Vladimiri sõnatut küsimust tabades kurvalt . "	""" mina arvama , et see olema sina , "" kordama vanamees mõttessevajunult ja naeratama Vladimir sõnatu küsimus taba kurvalt ."
37		" "" Näete isegi , et ma olen kahevahel , kas ma ikka peaksin teile selle andma . "	""" nägema isegi , et mina olema kahevahel , kas mina ikka pidama sina see andma ."
37		" Tegelikult pole mul muidugi kõhklusteks õigust , sest see ese ... ses karbis sisalduv kuulub tegelikult teile , Vladimir . "" "	"tegelikult olema mina muidugi kõhklus õigus , sest see ese ... see karp sisalduv kuuluma tegelikult sina , Vladimir . """
38		 Ma ei ütelnud talle oma nime , nentis Vladimir kuidagi kiretult . 	mina ei ütelnud|ütlema tema oma nimi , nentima Vladimir kuidagi kiretult .
38		 Ei tundunud see avastus hetkel millegipärast lihtsalt üldsegi oluline olevat . 	ei tunduma|tundunud see avastus hetk millegipärast lihtsalt üldsegi oluline olema .
39		" "" Miks te siis kõhklete ? "" küsis ta karbilt pilku tõstes . "	""" miks sina siis kõhklema ? "" küsima tema karp pilk tõstma ."
40		 Poodniku sinisilmade sügav vaade puuris uurivalt ta kasvavat segadust . 	Poodnik|Poodniku sinisilm sügav vaade puurima uurivalt tema kasvav segadus .
41		" "" Vaadake , mu sõber , vahest on nii , et ... asjad , mida me kaotame , millega meil side katkeb , lahkuksid me juurest kui omal soovil , omaenese tahtest . "	""" vaatama , mina sõber , vahest olema nii , et ... asi , mis mina kaotama , mis mina side katkema , lahkuma mina juurest kui oma soov , omaenese tahe ."
41		" Sellistel puhkudel selgub hiljem tihti , et kaotades oleme me leidnud hoopis midagi enamat , oleme läbi selle kaotuse võitnud . "" "	"selline puhk selguma hiljem tihti , et kaotama olema mina leidma|leidnud hoopis miski enam , olema läbi see kaotus võitma|võitnud . """
42		 Ta vaikis , et lasta külalisel end leida , mõtteid koguda . 	tema vaikima , et laskma külaline ise leidma , mõte koguma .
43		" "" Elus on olukordi , kus asjad , mille me oleme , ei , mitte unustanud , mitte igaveseks kaotanud , vaid eilsesse jätnud , uute meenutuste alla matnud , "" Poodnikule ei jäänud märkamata Vladimiri võpatus nende sõnade juures , veelgi enam , ta oleks kui seda oodanud , isegi lootnud . "	""" elu olema olukord , kus asi , mis mina olema , ei , mitte unustama|unustanud , mitte igaveseks kaotama|kaotanud , vaid eilne jätma|jätnud , uus meenutus alla matma|matnud , "" poodnik ei jääma|jäänud märkama Vladimir võpatus see sõna juures , veelgi enam , tema olema kui see oodanud|ootama , isegi lootma|lootnud ."
43		" "" Need meenutused , mida me oleme taas ja taas läbi elanud ning vaheldumisi neist valu ja rõõmu tundnud , need eilsete päevade varjud tuleks jätta sinna , kuhu nad kuuluvad — minevikku . "	""" see meenutus , mis mina olema taas ja taas läbi elama|elanud ning vaheldumisi see valu ja rõõm tundma|tundnud , see eilne päev vari tulema jätma sinna , kuhu tema kuuluma - minevik ."
43		" Olete minuga nõus ? "" "	"olema mina nõus ? """
44		" "" Ei , "" kuulis Vladimir end ütlevat . "	""" ei , "" kuulma Vladimir ise ütlema ."
44		 Trotsi ja viha laine , mis tal seejuures üle pea lõi , ehmatas teda ennastki — juba ammu polnud ta midagi sellist tundud - , tegelikult vaid teda ennast , sest ta vastaskõneleja reageeris sellele tundepuhangule juba tuttava mõistva naeratusega . 	trots ja viha|viht laine , mis tema seejuures üle pea looma|lööma , ehmatama tema ise - juba ammu olema tema miski selline tunduma - , tegelikult vaid tema ise , sest tema vastaskõneleja reageerima see tundepuhang juba tuttav mõistev naeratus .
45		" "" Hästi , "" ütles ta siis ja ulatas Vladimirile karbikese . "	""" hästi , "" ütlema tema siis ja ulatama Vladimir karbike ."
45		 See oli kerge ning sametise pinnaga . 	see olema kerge ning sametine pind .
45		 Ja nii ootamatult soe , et Vladimir oleks eseme peaaegu maha pillanud . 	ja nii ootamatult soe , et Vladimir olema ese peaaegu maha pillama|pillanud .
46		" "" Kõige parem oleks , kui te avaksite selle oma kodus , "" soovitas vanamees ning hüüatas Vladimiri põuetasku poole tõusvat kätt märgates kiiresti : "" Ei , ei , te ei võlgne mulle midagi . "	""" kõige parem olema , kui sina avama see oma kodu , "" soovitama vanamees ning hüüatama Vladimir põuetasku poole tõusev käsi märkama kiiresti : "" ei , ei , sina ei võlgnema mina miski ."
46		 Nagu ma juba ütlesin , kuulub see ese täie õigusega teile . 	nagu mina juba ütlema , kuuluma see ese täis õigus sina .
46		 Ja minge nüüd juba . 	ja minema nüüd juba .
46		 Kiirustage koju , mu sõber . 	kiirustama kodu , mina sõber .
46		 Ja karta pole vaja . 	ja kartma olema vaja .
46		 Karta pole midagi . 	kartma olema miski .
46		" Mis iganes ka ei juhtuks . "" "	"mis iganes ka ei juhtuma . """
47		 Kui Vladimir , hinges segadus , end taas külma kevadvihma vallas leidis seisvat , kuulis ta taas juba tuttavat imevaikset inglilaulu . 	kui Vladimir , hing|hinge segadus , ise taas külm kevadvihm vald leidma seisma , kuulma tema taas juba tuttav imevaikne inglilaul .
47		 Seekord ei tekitanud too imeline muusika temas enam sama tugevaid tundeid , kui esimesel korral , ent näis sedapuhku tulevat enam mitte salapärasest kauplusest , vaid taskussesurutud mustas karbikesest . 	seekord ei tekitama|tekitanud too imeline muusika tema enam sama tugev tunne , kui esimene kord , ent näima sedapuhku tulema enam mitte salapärane kauplus , vaid taskussesurutu must karbike .
47		 Kui ta kingituse oma avastuse kontrollimiseks kõrva vastu surus , olid imekaunid helid aga juba vaikusesse lahustunud , nagu poleks neid kunagi olemas olnudki . 	kui tema kingitus oma avastus kontrollimine kõrv vastu suruma , olema imekaunis heli aga juba vaikus lahustuma|lahustunud , nagu olema tema kunagi olema olema .
48		 Kui keegi oleks Vladimirilt küsinud , miks ta ostis tagasi oma vana korteri , tolle eneses nii valusaid mälestusi kandva elamise karbi , siis poleks ta osanud küsijale midagi mõistlikku kosta . 	kui keegi olema Vladimir küsima|küsinud , miks tema ostma tagasi oma vana korter , too ise nii valus mälestus kandev elamine karp , siis olema tema osanud|oskama küsija miski mõistlik kostma .
48		 Ja polnudki seda tõttöelda keegi küsimaski , sest eluaseme vahepeal ostnud perekond ei tundud teda ning oli turuhinnast märgatavalt kõrgema hinna eest valmis oma äsjasoetatud kinnisvarast ilma suuremate kõhklusteta ning küsimusi esitamata loobuma . 	ja olema see tõttöelda keegi küsima , sest eluase vahepeal ostma|ostnud perekond ei tunduma tema ning olema turuhind märgatavalt kõrgem hind eest valmis oma äsjasoetatud kinnisvara ilma suurem kõhklus ning küsimus esitama loobuma .
48		 Kõik Vladimiri sõbrad ning endised peretuttavad olid aga rasketel aegadel silmapiirilt kadunud ja neid polnud ta näinud juba aastaid . 	kõik Vladimir sõber ning endine peretuttav olema aga raske aeg silmapiir kaduma|kadunud ja see olema tema nägema|näima|näinud juba aasta .
49		 Oli isegi omamoodi veider , et kunagised koduseinad ei toonud enesega kohe kaasa talumatult valusat mälestuste tulva . 	olema isegi omamoodi veider , et kunagine kodusein ei tooma|toonud ise kohe kaasa talumatult valus mälestus tulv .
49		 Eks siin oli ka kõvasti remonti tehtud ja olemist ümber kujundatud ning see aitas olnut tuimestada . 	eks siin olema ka kõvasti remont tegema|tehtud ja olemine ümber kujundama|kujundatud ning see aitama olnu tuimestama .
49		 Ja nii jäigi esialgu peaaegu ainsaks sidemeks minevikuga allasurumatu südamepekslemine , mis tabas Vladimirit iga kord , kui ta koduust avamas oli — kui mingis hämaras ajusopis ikka veel elav meenutus ajast , mil ses korteris alati keegi tema saabumist oodanud oli . 	ja nii jääma esialgu peaaegu ainus side minevik allasurumatu südamepekslemine , mis tabama Vladimir iga kord , kui tema koduuks avama olema - kui mingi hämar ajusopp ikka veel elav meenutus aeg , mil see korter alati keegi tema saabumine oodanud|ootama olema .
49		 Ning kuigi Vladimir teadis , et nüüd võtavad ta tuleku vastu vaid kõle tühjus ja vaikus , tõmbus ta süda selle üksinduseseinaga kokku põrkudes alati valust kokku . 	ning kuigi Vladimir teadma , et nüüd võtma tema tulek vastu vaid kõle tühjus ja vaikus , tõmbuma tema süda see üksindusesein kokku põrkuma alati valu kokku .
50		 Viimastel nädalatel olid mälestused siiski Vladimiri taas üles otsinud . 	viimane nädal olema mälestus siiski Vladimir taas üles otsima|otsinud .
50		 Vaevalt , et see ainult vanasse elupaika naasmisest tulenes , sest siin oli ta elanud juba aastajagu päevi . 	vaevalt , et see ainult vana elupaik naasmine tulenema , sest siin olema tema elama|elanud juba aastajagu päev .
50		 Mälestused elasid lihtsalt oma , salajast ning inimmõistuse jaoks tabamatut elu , viibides mõne aja kusagil kättesaamatutes unustusesügavustes ja tõusid siis , kui elu keerdkäike tehes halbadel aegadel hingerahu põlvili surus , taas esile , et muserdatud hinges armistuda jõudnud haavad lahti rebida ja jälle ükskõikselt oma teed minna . 	mälestus elama lihtsalt oma , salajane ning inimmõistus jaoks tabamatu elu , viibima mõni aeg kusagil kättesaamatu unustusesügavus ja tõusma siis , kui elu keerdkäik tegema halb aeg hingerahu põlvili suruma , taas esile , et muserdama|muserdatud hing|hinge armistuma jõudma|jõudnud haab|haav lahti rebima ja jälle ükskõikselt oma tee minema .
51		 Vladimir istus küünarnukkidele toetudes köögilaua taga , millel auras teetass ning ootas avamist must karbike . 	Vladimir istuma küünarnukk toetuma köögilaud taga , mis aurama teetass ning ootama avamine must karbike .
51		 Oli väga vaikne ja ainsaks kuuldavaks heliks oli aknalauale põrkuvate vihmapiiskade jõudu koguv ja siis taas rahunev kui sissepäästmist anuv koputus . 	olema väga vaikne ja ainus kuuldav heli olema aknalaud põrkuv vihmapiisk jõud koguv ja siis taas rahunev kui sissepäästmine anuv koputus .
52		 Milline tuimus küll hinges on , mõtles Vladimir , milline väsimus , selline ränkraske jõuetus , et isegi nutta ei suuda . 	milline tuimus küll hing|hinge olema , mõtlema Vladimir , milline väsimus , selline ränkraske jõuetus , et isegi nutma ei suutma .
52		 Viimasel ajal oli ta taas hakanud mõtlema enesetapule , kuigi seegi mõte oli vaid võimetu ning tuim soovivare , sest eneselt elu võtta , teadis ta , ei suudaks ta kunagi . 	viimane aeg olema tema taas hakanud|hakkama mõtlema enesetapp , kuigi see mõte olema vaid võimetu ning tuim soovivare , sest ise elu võtma , teadma tema , ei suutma tema kunagi .
52		 Nii jäigi vaid üle unetutel öödel jumalat paluda , et talumatu olemise piin ometi kiiremini lõppeks . 	nii jääma vaid üle unetu öö jumal paluma , et talumatu olemine piin ometi kiiremini lõppeks .
52		 Ent jumal ei vastanud ta palvetel . 	ent jumal ei vastama|vastanud tema palve .
52		 Jumal ei lihtsalt kuulnud teda , polnud kuulnud ka siis , kui siin korteris hõljus veel värske surmahõng . 	jumal ei lihtsalt kuulma|kuulnud tema , olema kuulma|kuulnud ka siis , kui siin korter hõljuma veel värske surmahõng .
53		 Ehk oli ta sellesse leinast läbiimbunud korterissegi tagasi pöördunud seletamatus lootuses , et siin aastaid tagasi alguse saanud surmakeeris ta kasvõi poolkogemata enesega kaasa veab , oli Vladimir rasketel hetkedel enesest tõde välja kraapida üritanud . 	ehk olema tema see lein läbiimbunud korter tagasi pöörduma|pöördunud seletamatus lootus , et siin aasta tagasi algus saama|saanud surmakeeris tema kasvõi poolkogemata ise kaasa vedama , olema Vladimir raske hetk ise tõde välja kraapima üritama|üritanud .
54		 Sõõm kuuma , rinna alla põletava jälje jätvat teed tõi Vladimiri korraks süngeist mõtetest välja . 	sõõm kuum , rind alla põletav jälg jätma tee tooma Vladimir korraks sünge mõte välja .
54		 Ta hingas sügavalt sisse ja avas laual kannatlikult oma aega oodanud karbikese . 	tema hingama sügavalt sisse ja avama laud kannatlikult oma aeg oodanud|ootama karbike .
55		 Karp oli tühi . 	karp olema tühi .
55		 See oli nii ootamatu avastus , et Vladimir ei tundnud esmapilgul isegi pettumust . 	see olema nii ootamatu avastus , et Vladimir ei tundma|tundnud esmapilk isegi pettumus .
55		 Hinges oli tühjus ja karbis oli tühjus . 	hinges olema tühjus ja karp olema tühjus .
55		 Kaks tühjust olid lihtsalt kokku saanud . 	kaks tühjus olema lihtsalt kokku saama|saanud .
56		 Ent kui Vladimir valmistus laua tagant tõusma , täitis seni vaid vihmalaulust häiritud toavaikuse juba tuttavaks muutunud lauluviis , mis aina valjenedes pisikese köögi kõige varjatumadki nurgad vallutas , ta hellitavate lainevoogudega ümbritses ja Vladimir tundis , et ei suudaks enam püsti tõusta ka siis , kui ta seda väga sooviks , sest keha haaras magus , uinutav rammestus , mis leebelt enesega kaasa kiskus , ent hirmu ei olnud , ei olnud kübetki , sest aus poodnik , kellesse ta tõesti siiralt uskus , oli lubanud , et karta pole vaja ja teda kätel kiigutavad inglid sosistasid talle , et kõik on hästi ja hirmuks pole põhjust ja oli väga hea , imeliselt hea ning ta vajus aina sügavamale sellesse kaunidusse , kuni sulgunud silmad said taas nägema ja ... 	ent kui Vladimir valmistuma laud tagant tõusma , täitma seni vaid vihmalaul häirima|häiritud toavaikus juba tuttav muutuma|muutunud lauluviis , mis aina valjenema pisike|pisikene köök kõige varjatum nurk vallutama , tema hellitav lainevoog ümbritsema ja Vladimir tundma , et ei suutma enam püsti tõusma ka siis , kui tema see väga soovima , sest keha haarama magus , uinutav rammestus , mis leebelt ise kaasa kiskuma , ent hirm ei olema|olnud , ei olema|olnud kübe , sest aus poodnik , kes tema tõesti siiralt uskuma , olema lubama|lubanud , et kartma olema vaja ja tema käsi kiigutama ingel sosistama tema , et kõik olema hästi ja hirm olema põhjus ja olema väga hea , imeliselt hea ning tema vajuma aina sügavam see kaunidus , kuni sulguma|sulgunud silm saama taas nägema ja ...
57		 ... poleks kunagi arvanud , et üks inimene võib üldse nii pisike olla . 	... olema kunagi arvama|arvanud , et üks inimene võima üldse nii pisike olema .
57		 Nagu nukk . 	nagu nukk .
57		 Nagu sooja teki sisse mässitud , rahutult hingav ning ettevaatlikult , pisut hirmunultki selle uue maailma lõhnu ja värve uudistav nukk . 	nagu soe tekkima sisse mässima|mässitud , rahutult hingav ning ettevaatlikult , pisut hirmunult see uus maailm lõhn ja värv uudistav nukk .
57		 Minu laps . 	mina laps .
57		 Minu poeg . 	mina poeg .
58		" Ta hoiab imikut süles nii ettevaatlikult ja kartlikult , et mööda koridori ruttav haiglaõde naeratab ja ütleb : "" Julgemalt , isa , julgemalt , ega ta katki ei lähe . "	"tema hoidma imik süli nii ettevaatlikult ja kartlikult , et mööda koridor ruttav haiglaõde naeratama ja ütlema : "" julgemalt , isa , julgemalt , ega tema katki ei minema ."
58		" Ja ärge värsket ema liiga kauaks üksi jätke , eks ? "" "	"ja ära värske ema liiga kauaks üksi jätma , eks ? """
58		 Ja ta naeratab vastu ning see naeratus on nii kerge tulema , sest just nüüd on ta maailma kõige õnnelikum inimene ... 	ja tema naeratama vastu ning see naeratus olema nii kerge tulema , sest just nüüd olema tema maailm kõige õnnelikum inimene ...
59		 ... ei , see ei tohi veel kaduda , see õnnis hetk , see sõnulseletamatult reaalne taaskohtumine , see kindlus ja rahu , mis aegamisi kaugeneb , et anda teed ... 	... ei , see ei tohtima veel kaduma , see õnnis hetk , see sõnulseletamatult reaalne taaskohtumine , see kindlus ja rahu , mis aegamisi kaugenema , et andma tee ...
60		 ... istub pimedas toanurgas , käed tugevalt ümber põlvede põimitud ja nutab . 	... istuma pime toanurk , käsi tugevalt ümber põli|põlv põimima|põimitud ja nutma .
61		 Ta heidab kiire pilgu Annale , kes julgustavalt , ent samal ajal murelikult , noogutab , ning istub poisi kõrvale . 	tema heitma kiire pilk Anna , kes julgustavalt , ent sama aeg murelikult , noogutama , ning istuma poiss kõrvale .
61		 Võtab ta õlgade ümbert kinni . 	võtma tema õlg ümbert kinni .
62		 Poiss rahuneb aegamisi . 	poiss rahunema aegamisi .
62		 Toetab oma pisaraist märja põse isa õla vastu . 	toetama oma pisar märg põsk isa õlg vastu .
63		" "" Sina jääd ka ju kunagi vanaks , eks ju ? "" "	""" sina jääma ka ju kunagi vana , eks ju ? """
64		 Nii täiskasvanulik on see hääl , nii valu täis ja meeleheitel , ent samas nii vapper ... 	nii täiskasvanulik olema see hääl , nii valu täis ja meeleheide , ent samas nii vapper ...
65		" "" Jah . "" "	""" jah . """
66		" "" Ja sured ükskord ära ? "" "	""" ja surema ükskord ära ? """
67		 Kui raske on selliseid asju rääkida . 	kui raske olema selline asi rääkima .
67		 Kuidas küll ei tahaks seda öelda . 	kuidas küll ei tahtma see ütlema .
67		 Kuidas küll tahaks valetada või välja naerda , juttu mujale juhtida , pisikese lapse muret pisendada . 	kuidas küll tahtma valetama või välja naerma , jutt mujale juhtima , pisike|pisikene laps mure pisendama .
67		 Ei , ei saa , ei tohi , pole õigust . 	ei , ei saama , ei tohtima , olema õigus .
67		 Sellistes asjades ei tohi valetada . 	selline asi ei tohtima valetama .
67		 Sellistes asjades peab olema aus , ükskõik , kui raske see ka mõlemale poleks . 	selline asi pidama olema aus , ükskõik , kui raske see ka mõlema olema .
68		" "" Jah , nii on see seatud . "" "	""" jah , nii olema see seadma|seatud . """
69		 Valus võpatus . 	valus võpatus .
69		 Võitlus silma tungivate pisaratega . 	võitlus silm tungiv pisar .
69		 Raske . 	raske .
70		" "" Ja siis maetakse sind mulla alla , eks ? "	""" ja siis matma sina muld|mulla alla , eks ?"
70		" Ja sa oled päriselt surnud ja ma ei näe sind enam mitte kunagi ? "" "	"ja sina olema päriselt surema|surnud ja mina ei nägema sina enam mitte kunagi ? """
71		 Oh jumal , kui raske . 	oh jumal , kui raske .
71		 Ja ei muretse see pisike , rikkumatu hing ju mitte enese pärast ... 	ja ei muretsema see pisike , rikkumatu hing ju mitte ise pärast ...
72		" "" Kui ma saan suureks , siis teen ma sellise rohu , et mitte ükski inimene maailmas ei jää kunagi haigeks ja ei sure ära . "	""" kui mina saama suur , siis tegema mina selline rohi , et mitte üks inimene maailm ei jääma kunagi haige ja ei surema ära ."
72		 Sest surma ei peaks üldse olemas olema . 	sest surm ei pidama üldse olema olema .
72		 See on nii vale . 	see olema nii vale .
72		" Täiesti vale . "" "	"täiesti vale . """
73		" "" Jah ... "	""" jah ..."
74		 ... ja jälle kaob mälupilt , ent lõikavat kaotusehirmu enam ei ole , sest kohe ... 	... ja jälle kaduma mälupilt , ent lõikav kaotusehirm enam ei olema , sest kohe ...
75		 ... lapsed mängivad veepiiril . 	... laps mängima veepiir .
75		 Noorem poiss üritab vanemat liivalossi ehitamisel aidata , ent välja kukub see nii , nagu taolistel puhkudel ikka välja kukkuma kipub ja ta on juba valmis poolnaljatamisi tahtmatult lossiseintele varingut ette valmistavat abimeest korrale kutsudes luuravat õnnetust ennetama , kui Anna õrnalt ta juukseid sasides teda suudleb ning keelusõnad surevad enne , kui jõudsid sündida . 	noorem poiss üritama vanem liivaloss ehitamine aitama , ent välja kukkuma see nii , nagu taoline puhk ikka välja kukkuma kippuma ja tema olema juba valmis poolnaljatamisi tahtmatult lossisein varing ette valmistama abimees kord kutsuma luurav õnnetus ennetama , kui Anna õrnalt tema juus sasima tema suudlema ning keelusõna surema enne , kui jõudma sündima .
76		" "" Ära tee . "	""" ära tegema ."
76		" Lapsed näevad , "" sõnab ta kulmu kortsutades , suutmata samas naeratust tagasi hoida . "	"laps nägema , "" sõnama tema kulm kortsutama , suutma sama naeratus tagasi hoidma ."
77		" "" Las vaatavad , "" vastab Anna ja suudleb teda veel korra . "	""" las vaatama , "" vastama Anna ja suudlema tema veel kord ."
77		" "" On ses siis midagi halba , kui lapsed näevad , et nende isa ja ema teineteist armastavad ? "" "	""" olema see siis miski halb , kui laps nägema , et tema isa ja ema teineteise armastama ? """
78		" "" Ei , ses pole kindlasti midagi halba , "" ütleb ta ja vastab suudlusele . "	""" ei , see olema kindlasti miski halb , "" ütlema tema ja vastama suudlus ."
79		 Päike kiirgab soojalt . 	päike kiirgama soojalt .
79		 Liiv õhkab kuumust . 	liiv õhkama kuumus .
79		 Vesi suisa kutsub oma mängleva jahedusega . 	vesi suisa kutsuma oma mänglev jahedus .
80		" "" Hea on , "" ütleb ta end välja sirutades . "	""" hea olema , "" ütlema tema ise välja sirutama ."
81		" "" Jah , "" nõustub Anna . "	""" jah , "" nõustuma Anna ."
81		" "" Nii hea , et tahaks , et see päev ei lõppeks mitte kunagi . "	""" nii hea , et tahtma , et see päev ei lõppeks mitte kunagi ."
81		 Tahaks , et alati oleks nii . 	tahtma , et alati olema nii .
81		" Tahaks , et see ei lõppekski . "" "	"tahtma , et see ei lõppema . """
82		 Naine vaatab talle otsa , naeratus on nüüd kuhugi kadunud , ilme peaaegu tõsine . 	naine vaatama tema otsa , naeratus olema nüüd kuhugi kaduma|kadunud , ilme peaaegu tõsine .
83		" "" Tead , luba mulle midagi , eks ? "" "	""" teadma , lubama mina miski , eks ? """
84		" "" Luban , "" vastab ta laisalt , mõtetega mujal olles . "	""" lubama , "" vastama tema laisalt , mõte mujal olema ."
84		 Ettevaatamatult . 	ettevaatamatult .
85		" "" Ei , päriselt . "	""" ei , päriselt ."
85		 Ma mõtlen seda tõsiselt . 	mina mõtlema see tõsiselt .
85		" See on minu jaoks tähtis . "" "	"see olema mina jaoks tähtis . """
86		 Ta vaatab uurivalt naist . 	tema vaatama uurivalt naine .
86		 Tõsine , isegi pisikesed murekortsud olid kulmude vahele tekkinud . 	tõsine , isegi pisike|pisikene murekorts olema kulm vahele tekkima|tekkinud .
86		 Sellised ohutud ja väga armsad . 	selline ohutu ja väga armas .
87		" "" Luba , et me jääme alatiseks kokku , eks ? "	""" lubama , et mina jääma alatiseks kokku , eks ?"
87		 Et me ei jäta teineteist kunagi , et kumbki meist ei lahku . 	et mina ei jätma teineteise kunagi , et kumbki mina ei lahkuma .
87		" Lubad ? "" "	"lubama ? """
88		 Väga tõsine pilk . 	väga tõsine pilk .
88		 Usaldav . 	Usaldav .
88		 Ootav . 	Ootav .
88		 Uuriv . 	Uuriv .
89		" "" Jah , ma luban , "" ütleb ta siis ja teab , et mõtleb seda tõsiselt , sest usub praegu kindlalt , kogu südamest , et mitte miski siin ilmas ei suuda neid lahutada . "	""" jah , mina lubama , "" ütlema tema siis ja teadma , et mõtlema see tõsiselt , sest uskuma praegu kindlalt , kogu süda , et mitte miski siin ilm ei suutma see lahutama ."
89		 Mitte miski . 	mitte miski .
89		 Iial ... 	iial ...
90		 ... ja veel ja veel ja veel , lugematuid kordi , nii et tahaks selle kõige sisse uppuda ja ta upubki , sest end silmini purju juua , ja ta joobki , neid imelisi mälestusi ahnelt enesesse ahmida ja ta ahmibki ja veel ja veel ja veel ... 	... ja veel ja veel ja veel , lugematu kord , nii et tahtma see kõige sisse uppuma ja tema uppuma , sest ise silm purju jooma , ja tema jooma , see imeline mälestus ahnelt ise ahmima ja tema ahmima ja veel ja veel ja veel ...
91		 Vladimiri äratasid nägemustest ta palgeilt lauale langevad õnnepisarad . 	Vladimir äratama nägemus tema pale laud langema õnnepisar .
91		 Ja siis oleks kohe tahtnud karjuda , kogu jõuga nende imeliste ilmutuste külge klammerduda , et kiirelt silme eest olematusesse hajuv kaunis hetk jääks veel kasvõi viivuks , kasvõi üheks nõrgaks hingetõmbeks . 	ja siis olema kohe tahtma|tahtnud karjuma , kogu jõud see imeline ilmutus külge klammerduma , et kiirelt silm eest olematus hajuv kaunis hetk jääma veel kasvõi viiv , kasvõi üks nõrk hingetõmme .
91		 Kõik oma veel allesjäänud eluaastad oleks ta praegu selle eest ohverdanud , sedavõrd tõeline oli olnud kogetu , sedavõrd päris . 	kõik oma veel allesjäänud eluaasta olema tema praegu see eest ohverdama|ohverdanud , sedavõrd tõeline olema olema|olnud kogetu , sedavõrd päris .
92		 Nii raske on tõusta , nii neetult raske ... 	nii raske olema tõusma , nii neetult raske ...
93		 Vladimir ei mäletanud , kuidas ta oli vanalinna kitsasse tänavasse peitunud pisikese majakeseni jõudnud . 	Vladimir ei mäletama|mäletanud , kuidas tema olema vanalinn kitsas tänav peituma|peitunud pisike|pisikene majake jõudma|jõudnud .
93		 Tuikudes , valjult nuuksudes ja silmist pisaraid pühkides oli ta hiliste möödakäijate hirmunud pilkude poolt saadetuna silmist pimedana edasi rühkinud , kuni kiirustamisest väsinud jalad ta ise mööda paduvihma poolt poriseks mülkaks muudetud hämaraid linnatänavaid kohale olid toonud . 	tuik , valjult nuuks ja silm pisar pühkima olema tema hiline möödakäija hirmuma|hirmunud pilk poolt saadetud silm pime edasi rühkima|rühkinud , kuni kiirustamine väsima|väsinud jalg tema ise mööda paduvihm poolt porine mülgas muudetud|muutma hämar linnatänav kohale olema tooma|toonud .
93		 Hingeldades vajus ta viimaseid jõuriismeid kokku võttes poekese ukse vastu , mis ta külalislahkelt avanedes lahkelt sisse päästis . 	hingeldama vajuma tema viimane jõuriismed kokku võtma poeke uks vastu , mis tema külalislahkelt avanema lahkelt sisse päästma .
94		 Nukralt naeratav poodnik seisis , nagu oleks ta Vladimirit kogu selle aja kannatlikult oodanud , keset oma riiulitele laialipillatud varandust . 	nukralt naeratav poodnik seisma , nagu olema tema Vladimir kogu see aeg kannatlikult oodanud|ootama , keset oma riiul laialipillatud varandus .
95		" "" Rääkige mulle , "" ütles ta sõbralikult . "	""" rääkima mina , "" ütlema tema sõbralikult ."
95		" "" Lihtsalt rääkige , see aitab . "" "	""" lihtsalt rääkima , see aitama . """
96		 Ja siis voolas Vladimirist takistamatu joana välja kõik see , mis hinges kapseldununa juba ammu vabanemist anunud oli . 	ja siis voolama Vladimir takistamatu juga välja kõik see , mis hing|hinge kapseldunu juba ammu vabanemine anuma|anunud olema .
96		 Ta rääkis oma armastatud naisest ja kahest südamele kallist lapsest , kes olid olnud talle kõik ja kõiges , rääkis üheskoos veedetud ajast ning uskumatust õnnest , mis näis kestvat igavesti . 	tema rääkima oma armastama|armastatud naine ja kaks süda kallis laps , kes olema olema|olnud tema kõik ja kõik , rääkima üheskoos veedetud|veetma aeg ning uskumatus õnn , mis näima kestma igavesti .
96		 Vladimir karjus enesest välja tolle koletu päeva , mil ta oli koju jõudes politseinike ning tuletõrjujate segasummast läbi murdes eest leidnud tühjakspõlenud korteri ja põrandal lebava Anna söestunud laiba ning nähtut uskumast keeldudes , needusi röökides ja märjal põrandal libastuses tule poolt kui imekombel puutumata jäänud riidekapist leidnud kaks elutut lapsekeha , kes ka surmas vennalikult , kõige selle ilma kurja ja ebaõiglase eest teineteist kaitsta üritades üksteisest kõvasti kinni hoidsid . 	Vladimir karjuma ise välja too koletu päev , mil tema olema kodu jõudma politseinik ning tuletõrjuja segasumm|segasumma läbi murdma eest leidma|leidnud tühjakspõlenud korter ja põrand lebav andma söestuma|söestunud laip ning nähtu uskuma keeld , needus röökima ja märg põrand libastus tuli poolt kui imekombel puutumata jääma|jäänud riidekapp leidma|leidnud kaks elutu lapsekeha , kes ka surm vennalikult , kõige see ilma kuri ja ebaõiglane eest teineteise kaitsma üritama üksteise kõvasti kinni hoidma .
97		 Vladimir lasi enesest välja uurijate poolt ta enese meeleheitlikul nõudmisel viimaks välja öeldud karmi tõe — Annat oli enne tapmist jõhkralt vägistatud , piinatud , ent ta elas veel ilmselt , kui tundmatuks jäänudki koletised , jah , koletised , sest teisiti ei saa selliseid inimesi nimetada , korteri bensiiniga üle valasid , oli elanud veel mõnda aega , et elust tühjaks voolavana , valu ja jõuetuse poolt purustatuna põrandal lebades kuulda seinakappi lukustatud laste aegamisi vaibuvaid appikarjeid , kuni tuli ja suits viimaks kõigile kolmele halastasid ning nende eluküünlad kustutasid . 	Vladimir laskma ise välja uurija poolt tema ise meeleheitlik nõudmine viimaks välja öeldud|ütlema karm tõde|tõsi - anna olema enne tapmine jõhkralt vägistama|vägistatud , piinama|piinatud , ent tema elama veel ilmselt , kui tundmatu jääma koletis , jah , koletis , sest teisiti ei saama selline inimene nimetama , korter bensiin üle valama , olema elama|elanud veel mõni aeg , et elu tühi voolav , valu ja jõuetus poolt purustatu põrand lebama kuulma seinakapp lukustama|lukustatud laps aegamisi vaibuv appikarje , kuni tulema ja suits viimaks kõik kolm halastama ning tema eluküünal kustutama .
98		 Kolm kui vastu tahtmist käest visatud mulla alla mattuvat kirstu , paljude lohutamatute lohutavad õlelepatsutused ja siis üksindus ja üksindus ja üksindus ning kui painajaudusse uppunud märkamatult teineteise järel roomavad päevad täis enesesüüdistusi , viha , valu ja viljatut eitamist . 	kolm kui vastu tahtmine käsi visatud|viskama muld|mulla alla mattuv kirst , palju lohutamatu lohutav õlelepatsutus ja siis üksindus ja üksindus ja üksindus ning kui painajaudu uppuma|uppunud märkamatult teineteise järel roomav päev täis enesesüüdistus , viha , valu ja viljatu eitamine .
98		 Oli aeg , kus ta oli üritanud hingevalu viinaga ravida , ent tulu polnud sest tõusnud , sest valu vaid süvenes ning hing mädanes aina hullemini . 	olema aeg , kus tema olema üritama|üritanud hingevalu viin ravima , ent tulu olema sest tõusma|tõusnud , sest valu vaid süvenema ning hing mädanema aina hullemini .
99		 Päästev tuimus tuli äkki ning ootamatult pärast seda , kui Vladimir oli mitmeid päevi kodust kordagi väljumata ning silmatäitki magamata nagu puuris vabaduse järele kõdunev metsloom masinlikult nurgast nurka sammunud , et juba ta igapäevaseks varjuks saanud hingekraapivat ahastust pisutki alla suruda , sest harjuda sellise jäleda kaaslasega ei saanud . 	päästev tuimus tulema äkki ning ootamatult pärast see , kui Vladimir olema mitu päev kodune kord väljuma ning silmatäis magamata nagu puurima vabadus järele kõdunev metsloom masinlikult nurk nurk sammuma|sammunud , et juba tema igapäevane vari saama|saanud hingekraapiv ahastus pisut alla suruma , sest harjuma selline jäle kaaslane ei saama|saanud .
99		 Ühel hetkel murdus temas lihtsalt miski ning kadusid nii valu , ahastus kui ka enesesüüdistused , kadus kõik ning selle asemele tuli ükskõikne , päästev ja õnnis tühjus . 	üks hetk murduma tema lihtsalt miski ning kaduma nii valu , ahastus kui ka enesesüüdistus , kaduma kõik ning see asemele tulema ükskõikne , päästev ja õnnis tühjus .
100		 Kui poleks olnud tähelepanelikke naabreid , oleks see tuimus ilmselt ka Vladimiri elamise taagast vabastanud , ent naabrid olid ja mõistsid ja panid tähele ning läbi kurnatuseune hiljem häguselt vaid löökide all ragiseva uksepiida kaeblemist mäletav Vladimir turgutati haiglas üles , kuigi ta elamast väsinud südant tuli korduvalt taas tuksuma ehmatada ning tohtrid pidasid surma piiril edasi-tagasi pendeldanud mehe naasmist elavate ilma pisikeseks imeks . 	kui olema olema|olnud tähelepanelik naaber , olema see tuimus ilmselt ka Vladimir elamine taak vabastama|vabastanud , ent naaber olema ja mõistma ja panema tähele ning läbi kurnatuseuni hiljem häguselt vaid löök all ragisev uksepiit kaeblemine mäletav Vladimir turgutama haigla üles , kuigi tema elama väsima|väsinud süda tulema korduvalt taas tuksuma ehmatama ning tohter pidama surm piir edasi-tagasi pendeldama|pendeldanud mees naasmine elav ilm pisike|pisikene ime .
101		 Pärast haiglat tuli Vladimiril taas elama õppida ja ajapikku sai ta sellega ka hakkama . 	pärast haigla tulema Vladimir taas elama õppima ja ajapikku saama tema see ka hakkama .
101		 Tegelikult polegi inimesel igapäevaseks kulgemiseks palju vaja ning kui automaatpiloot oma ülesannetega hakkama saab , jõuavad päevad enamasti kenasti õhtusse ning hommikud ei jää saabumata . 	tegelikult olema inimene igapäevane kulgemine palju vaja ning kui automaatpiloot oma ülesanne hakkama saama , jõudma päev enamasti kenasti õhtu ning hommik ei jääma saabuma .
101		 Loomulikult oli paremaid ja halvemaid aegu , ent kellel neid poleks . 	loomulikult olema parem ja halvem aeg , ent kes tema olema .
101		 Kuigi , jah , viimasel ajal oli halvemaid aegu taas palju tihedamini ette tulnud . 	kuigi , jah , viimane aeg olema halvem aeg taas palju tihedamini ette tulema|tulnud .
102		 Kui Vladimir oli pihtimuse lõpetanud , seisis ta pikalt vaikides , selg vastu seina toetatud ja vaatas oma värisevaid käsi . 	kui Vladimir olema pihtimus lõpetama|lõpetanud , seisma tema pikalt vaikima , selg vastu sein toetama|toetatud ja vaatama oma värisev käsi .
102		 Justkui oleks kaugelt teekonnalt koju jõudnud , mõtles ta oma tundeid kaaludes . 	justkui olema kaugelt teekond kodu jõudma|jõudnud , mõtlema tema oma tunne kaaluma .
102		 Elus tunne oli tagasi tulnud . 	elus tunne olema tagasi tulema|tulnud .
102		 Hea oli taas valu tunda . 	hea olema taas valu tundma .
103		" "" Mis see oli , "" küsis ta viimaks tasakesi , peaaegu sosinal . "	""" mis see olema , "" küsima tema viimaks tasakesi , peaaegu sosinal ."
104		" "" Teie enese mälestused , mu sõber , "" vastas poodnik . "	""" sina ise mälestus , mina sõber , "" vastama poodnik ."
105		" "" Jah , "" nõustus Vladimir ja ei küsinud enamat . "	""" jah , "" nõustuma Vladimir ja ei küsima|küsinud enam ."
106		" "" Aitäh , "" ütles ta siis . "	""" aitäh , "" ütlema tema siis ."
107		 Vanamees raputas aeglaselt pead . 	vanamees raputama aeglaselt pea .
108		" "" Teil pole vaja mind tänada . "	""" sina olema vaja mina tänama ."
108		 Minult ei saanud te midagi peale ühe väärtusetu ja tühja karbi . 	mina ei saama|saanud sina miski peale üks väärtusetu ja tühi karp .
108		 Kõik , mis loeb , kõik , mis tegelikult tähendust omab , on teil alati enesega kaasas olnud . 	kõik , mis lugema , kõik , mis tegelikult tähendus omama , olema sina alati ise kaasas olema|olnud .
108		 Uskuge mind , miski siin ilmas ei kao , ei sure täielikult , kuni on neid , kes mäletavad . 	uskuma mina , miski siin ilm ei kaduma , ei surema täielikult , kuni olema tema , kes mäletama .
108		 Neid , kes mälestusi elus hoiavad ja neid kalliks peavad . 	see , kes mälestus elu hoidma ja see kallis pidama .
108		" Neid , kes pole otsustanud unustada . "" "	"see , kes olema otsustama|otsustanud unustama . """
109		" "" Ent ometi ... miks ... mille eest ... "" "	""" ent ometi ... miks ... mis eest ... """
109		 Käed tõmbasid rusikasse . 	käsi tõmbama rusikas .
110		 Vanamees astus Vladimiri poole , pani talle käe õlale . 	vanamees astuma Vladimir poole , panema tema käsi õlg .
111		" "" See on elu — vahest väga jõhker ja mõistmatu ja nii ebaõiglane , ent see on elu . "	""" see olema elu - vahest väga jõhker ja mõistmatu ja nii ebaõiglane , ent see olema elu ."
111		 Meie elu , soovime me seda või mitte . 	mina elu , soovima mina see või mitte .
111		 Ja isegi rasketel hetkedel ei ole meil õigust alla anda . 	ja isegi raske hetk ei olema mina õigus alla andma .
111		 Kasvõi nende nimel , keda enam ei ole . 	kasvõi tema nimel , kes enam ei olema .
111		 Ennekõike nende nimel . 	ennekõike tema nimel .
111		 Teisiti ei tohi . 	teisiti ei tohtima .
111		 Ei saa . 	ei saama .
111		 Pole õigust alla anda , sest siis pole sa enam inimene . 	olema õigus alla andma , sest siis olema sina enam inimene .
111		 Oled rämps . 	olema rämps .
111		" Oled kõdu . "" "	"olema kõdu . """
112		" "" Aga kui enam ei jaksa , kui lihtsalt pole enam jõudu edasi minna ? "	""" aga kui enam ei jaksama , kui lihtsalt olema enam jõud edasi minema ?"
112		 Kui kõik , mis midagi loeb , on jäänud seljataha ? 	kui kõik , mis miski lugema , olema jääma|jäänud seljataha ?
112		 Milleks siis enam võidelda ? 	milleks siis enam võitlema ?
112		" Kelle või mille nimel ? "" "	"kes või mis nimel ? """
113		 Poodnik ohkas ning oli ses ohkes nii palju tuttavat valu ja meeleheidet , et Vladimir tundis , kui oleksid nad sel hetkel tolle imelise inimesega üks ja üheks said sel viivul nii nende meenutused kui kaotused ja olid need kõige hingerebivamate peensusteni sarnased . 	poodnik ohkama ning olema see ohe nii palju tuttav valu ja meeleheide , et Vladimir tundma , kui olema tema see hetk too imeline inimene üks ja üks saama see viiv nii tema meenutus kui kaotus ja olema see kõige hingerebivam peensus sarnane .
113		 Ja oli ses viivus nii palju äratundmist ja alles oma aega ootavat mõistmist , et praegu veel ei olnud jõudu seda tunnistada , oli adumist , et ükski inimene ei saaks ja ei tohikski kogu ses avastuses peituvat tõde ühe sõõmuga tajuda , sest liialt suur oli too silme eest läbi vilksatanud mõistmine , liialt suur ühe väikese ja väeti inimolevuse jaoks , et tilluke tõeseeme kohe tärgata suudaks . 	ja olema see viiv nii palju äratundmine ja alles oma aega ootama mõistmine , et praegu veel ei olema|olnud jõud see tunnistama , olema adumine , et üks inimene ei saama ja ei tohtima kogu see avastus peituv tõde üks sõõm tajuma , sest liialt suur olema too silm eest läbi vilksatama|vilksatanud mõistmine , liialt suur ühe väike|väikene ja väeti inimolevus jaoks , et tilluke tõeseeme kohe tärkama suutma .
114		" "" Vahest olen ma mõtelnud , et ehk on nad kõik kusagil alles , need inimesed , keda me kunagi armastanud , kalliks pidanud oleme , Vladimir . "	""" vahest olema mina mõtelnud|mõtlema , et ehk olema tema kõik kusagil alles , see inimene , kes mina kunagi armastama|armastanud , kallis pidama|pidanud olema , Vladimir ."
114		 Ma ei tea seda . 	mina ei teadma see .
114		 Keegi ei tea . 	keegi ei teadma .
114		 Aga kui see tõepoolest nii on , ja ma tahaksin sellesse kogu südamest uskuda , siis jäävad nad tegelikult alati meiega , sellistena , nagu me neid mäletame , sellistena nagu nad olid ning meie mälestused headest aegadest , me eilsete päevade hetkedest , on sillaks , mis elavate ja siit ilmast lahkunute maailmu ühendavad . 	aga kui see tõepoolest nii olema , ja mina tahtma see kogu süda uskuma , siis jääma tema tegelikult alati mina , selline , nagu mina see mäletama , selline nagu tema olema ning mina mälestus hea aeg , mina eilne päev hetk , olema sild , mis elav ja siit ilm lahkunu maailm ühendama .
114		" Pole just palju asju , millesse siin ilmas enam uskuda tasuks , kas te ei leia ? "" "	"olema just palju asi , mis siin ilm enam uskuma tasu , kas sina ei leidma ? """
115		 Vladimir vaikis . 	Vladimir vaikima .
115		 Käed ei värisenud enam . 	käsi ei värisema|värisenud enam .
115		 Käed polnud enam rusikas . 	käsi olema enam rusikas .
116		" "" Inimvõimuses pole surnuid äratada , me ei suuda olnut oma soovi järgi ümber voolida , ent ma olen oma pika elu jooksul jõudnud arusaamiseni , et kui siin ilmas on olemas kasvõi kübeke õiglust , ja seda peab olema , sest muidu oleks elu tõepoolest väljakannatamatu , siis antakse mõnedele meie hulgast , väga vähestele ja imeharva , siiski võimalus pisut olemise kulgu muuta . "	""" inimvõimus olema surnu äratama , mina ei suutma olnu oma soov järgi ümber voolima , ent mina olema oma pikk elu jooksul jõudma|jõudnud arusaamine , et kui siin ilm olema olema kasvõi kübeke õiglus , ja see pidama olema , sest muidu olema elu tõepoolest väljakannatamatu , siis andma mõni mina hulgast , väga vähene ja imeharva , siiski võimalus pisut olemine kulg muutma ."
116		 Minna oma meenutustes tagasi . 	minema oma meenutus tagasi .
116		 Minna tagasi sellesse eilsesse , mida sa juba päästmatult kadunuks oled pidanud . 	minema tagasi see eilne , mis sina juba päästmatult kadunu olema pidama|pidanud .
116		 Aidata . 	Aidata .
116		 Toetada . 	toetama .
116		 Äratada . 	äratama .
116		" Kas te mõistate mind ? "" "	"kas sina mõistma mina ? """
117		" "" Ma väga tahaks . "	""" mina väga tahtma ."
117		" Ma tõesti väga tahaks . "" "	"mina tõesti väga tahtma . """
118		" "" Uskuge mind , see on väga hea algus . "" "	""" uskuma mina , see olema väga hea algus . """
119		 Vanamees võttis Vladimiril õlgadest kinni , vaatas sügavalt silma . 	vanamees võtma Vladimir õlg kinni , vaatama sügavalt silm .
120		" "" Minge nüüd koju , "" Õrnalt ja hoolitsevalt , justkui lapsele . "	""" minema nüüd kodu , "" õrnalt ja hoolitsevalt , justkui laps ."
120		 Julgustavalt . 	julgustavalt .
121		 Vladimir noogutas kõhklevalt , siis veel , juba julgemini , kindlamini , astus ukseni , langetas käe lingile , pöördus veelkord aeglaselt , mõtteisse vajunult ümber . 	Vladimir noogutama kõhklevalt , siis veel , juba julgemini , kindlamini , astuma uks , langetama käsi link , pöörduma veelkord aeglaselt , mõte vajunult ümber .
122		" "" Kui ma homme ... kas .. ? "" "	""" kui mina homme ... kas .. ? """
122		 Sõnad ei tulnud välja . 	sõna ei tulema|tulnud välja .
122		 Ega polnud tegelikult vajadustki . 	ega olema tegelikult vajadus .
123		 Poodnik ei vastanud . 	Poodnik ei vastama|vastanud .
123		 Ta vaid seisis , käsi hüvastijätuks tõstetud ning oli ses hetkes sellist soojust ja headust , et Vladimir mõtles , et las siis olla , las jääda pealegi , sest just nii ja just sellisena soovis ta seda imelist inimest mäletama jääda . 	tema vaid seisma , käsi hüvastijätt tõstetud|tõstma ning olema see hetk selline soojus ja headus , et Vladimir mõtlema , et las siis olema , las jääma pealegi , sest just nii ja just selline soovima tema see imeline inimene mäletama jääma .
123		 Nii ei öelnud ta enam sõnagi ja lahkus hüvasti jätmata . 	nii ei öelnud|ütlema tema enam sõna ja lahkuma hüvasti jätma .
124		 Salamisi jõudu kogunud kutse sai Vladimirist lõplikult võitu mõned päevad hiljem . 	salamisi jõud koguma|kogunud kutse saama Vladimir lõplikult võit mõni päev hiljem .
124		 Olles vanalinnas terve pärastlõuna ringi jalutanud , oli ta viimaks sunnitud enesele tunnistama , et ei suuda leida ei end talle ilmutanud poekest ega isegi tänavat , kus see asus . 	olema vanalinn terve pärastlõuna ringi jalutama|jalutanud , olema tema viimaks sundima|sunnitud ise tunnistama , et ei suutma leidma ei end tema ilmutama|ilmutanud poeke ega isegi tänav , kus see asuma .
124		 Ja polnudki see avastus tema jaoks suur üllatus , sest toda teadmist oli ta tegelikult eneses kandnud alates hetkest , mil ta hüvastijätusõnu lausumata mõttes poodnikuga jumalaga oli jätnud . 	ja olema see avastus tema jaoks suur üllatus , sest too teadmine olema tema tegelikult ise kandma|kandnud alates hetk , mil tema hüvastijätusõna lausuma mõte poodnik jumal olema jätma|jätnud .
125		 Pigem enese rahustuseks , kui lootuses midagi ka tegelikult saavutada , tüütas ta küsimustega tänavatel ringi jalutavaid möödujaid , kes aga ta segaste päringute peale midagi asjalikku kosta ei osanud ning vaatasid imestunult järele tollele veidrale võõrale , kel juustes juba omajagu halli , suul alatine nukker naeratus ning kelle sinisilmade sügav ja rahulik pilk jättis teda kohanutele mälestusena kaasa kes teab millest võrsunud veendumuse , et nad kohtasid inimest , kes on pikalt ja raskelt teekonnalt elutarkuse poolest rikkana koju tagasi jõudnud ning saanud sel viisil teadma üht lihtsat ja olulist tõde , millega vaid väheseid meist õnnistatud on . 	pigem ise rahustus , kui lootus miski ka tegelikult saavutama , tüütama tema küsimus tänav ringi jalutav mööduja , kes aga tema segane päring peale miski asjalik kostma ei osanud|oskama ning vaatama imestunult järele too veider võõras , kes juus juba omajagu hall , suu alatine nukker naeratus ning kes sinisilm sügav ja rahulik pilk jätma tema kohanu mälestus kaasa kes teadma mis võrsuma|võrsunud veendumus , et tema kohtama inimene , kes olema pikalt ja raskelt teekond elutarkus poolest rikas kodu tagasi jõudma|jõudnud ning saama|saanud see viis teadma üks lihtne ja oluline tõde , mis vaid vähene mina õnnistama|õnnistatud olema .
