par_nr	head	sentence	lemmas
1	 Surematus 	 Surematus 	surematus
2		 Toomas Raudam 	Toomas Raudam
3		 Peeter ärkas veidra hääle peale . 	Peeter ärkama veider hääl peale .
3		 Pikalt nagu jaamast lahkuva rongi vile kõlas see toas vastu – küllap tahtis vedurijuht nii oma oskustest märku anda , hääles oli uhkust ja rõõmu , aga ka kurbust , varjatud nukrust saavutusest , vägiteost , millel polnud teisi tunnistajaid peale vedurijuhi enda . 	pikalt nagu jaam lahkuv rong vile kõlama see tuba vastu - küllap tahtma vedurijuht nii oma oskus märk andma , hääl olema uhkus ja rõõm , aga ka kurbus , varjama|varjatud nukrus saavutus , vägitegu , mis olema teine tunnistaja peale vedurijuht ise .
4		 Pikkamööda sai Peeter aru , kust hääl tuleb . 	pikkamööda saama Peeter aru , kust hääl tulema .
4		 Ta pigistas tuharalihased kokku ja köhatas vabandavalt . 	tema pigistama tuharalihas kokku ja köhatama vabandavalt .
4		 Peeter oli unes näinud , et saab lapse . 	Peeter olema uni nägema|näima|näinud , et saama laps .
4		 See unenägu kordus tihti , kuid alati hääletult . 	see unenägu korduma tihti , kuid alati hääletult .
4		 Siiani oli tal õnnestunud oma luhtumist varjata , nüüd oli see avalikuks tulnud . 	siiani olema tema õnnestuma|õnnestunud oma luhtumine varjama , nüüd olema see avalik tulema|tulnud .
5		 Ja kuigi ümberringi polnud kedagi , kes Peetri õnnest või õnnetusest ( sest unigi oli reaalsus ) osa oleks saanud , tundis Peeter , et peab andeks paluma nii laes rippuvalt lambilt kui raamatult , mida ta õhtul enne magamajäämist oli lugenud . 	ja kuigi ümberringi olema keegi , kes Peeter|Peetri õnn või õnnetus ( sest uni olema reaalsus ) osa olema saama|saanud , tundma Peeter , et pidama andeks paluma nii laad|lagi rippuvalt lambilt kui raamat , mis tema õhtu enne magamajäämine olema lugema|lugenud .
5		 Nüüd tundis Peeter , et on ise nii lamp kui raamat ning nõudis endalt võimatut . 	nüüd tundma Peeter , et olema ise nii lamp kui raamat ning nõudma ise võimatu .
6		 Sünnituse juures oli õde . 	sünnitus juures olema õde .
6		 Ta käskis pingutada . 	tema käskima pingutama .
6		 Peeter pingutaski , kuid õde polnud rahul ja esitas üha uusi tingimusi , mille täitmise korral laps ( Peeter oli veendunud , et tüdruk ) tervelt ilmale võis tulla . 	Peeter pingutama , kuid õde olema rahul ja esitama üha uus tingimus , mis täitmine korral laps ( Peeter olema veenduma|veendunud , et tüdruk ) tervelt ilm võima tulema .
6		" "" Mitte kehaga , peaga ! "" "	""" mitte keha , pea ! """
6		 Peetrile tundus see käsk loomulik , kas ainult temast selle täitjat on ? 	Peeter|Peetri tunduma see käsk loomulik , kas ainult tema see täitja olema ?
6		 Peeter tahtis kõigest hingest , et laps sünniks , selle nimel oli ta valmis kõigeks , ka sellisteks kannatusteks , mida teistel emadel eales polnud tulnud üle elada . 	Peeter tahtma kõik hing|hinge , et laps sündima , see nimel olema tema valmima kõik , ka selline kannatus , mis teine ema eales olema tulema|tulnud üle elama .
6		 Ta võttis kogu oma jõu kokku , tõmbas ennast õhku täis ja tundis , kuidas nii pea kui alakeha selle tagajärjel paisuvad . 	tema võtma kogu oma jõud kokku , tõmbama ise õhk täis ja tundma , kuidas nii pea kui alakeha see tagajärg paisuma .
6		 Õde muigas , ju tegi Peeter kõik õigesti ning tema ponnistused ei erinenud teiste omadest . 	õde muigama , ju tegema Peeter kõik õigesti ning tema ponnistus ei erinema|erinenud teine oma .
6		 Kuid siis ta ärkas , sest õhku enam ei jätkunud , ja kuulis häält , mis temast vabanenult iseseisvana universumis ringi rändas . 	kuid siis tema ärkama , sest õhk enam ei jätkuma|jätkunud , ja kuulma hääl , mis tema vabanenult iseseisev universum ringi rändama .
7		 Enne voodist tõusmist pistis Peeter käe teki alla . 	enne voodi tõusmine pistma Peeter käsi tekk alla .
7		 Äkki ikka on ? 	äkki ikka olema ?
7		 Õnnis , nimetu laps ; tüdruk ? 	õnnis , nimetu laps ; tüdruk ?
7		 Lina oli veidi niiske , tõestus sellest , et Peeter oli kõigest väest püüdnud , tema keha oli eritanud mahlu ja arvatavasti ka lõhnu , millest ükski polnud see õige . 	lina olema veidi niiske , tõestus see , et Peeter olema kõik vägi püüdma|püüdnud , tema keha olema eritama|eritanud mahl ja arvatavasti ka lõhn , mis ükski olema see õige .
8		 Peeter võttis kapist uue lina , mõtles siis hetke ja vahetas ka padjapüüri ära . 	Peeter võtma kapp uus lina , mõtlema siis hetk ja vahetama ka padjapüür ära .
8		 Kui ta järgmine kord sünnitama hakkab , peab kõik puhas ja korras olema . 	kui tema järgmine kord sündima|sünnitama hakkama , pidama kõik puhas ja kord olema .
8		 See võis juhtuda millal tahes , kasvõi samal ööl , kui tal muidugi õnnestub und saada . 	see võima juhtuma millal tahes , kasvõi sama öö , kui tema muidugi õnnestuma uni saama .
8		 Avasilmi see ei saa juhtuda , see oli ainus asi , milles Peeter kindel oli . 	avasilmi see ei saama juhtuma , see olema ainus asi , mis Peeter kindel olema .
8		 Kuid juba pooletunnine tukastuski võis olla tulemuslik . 	kuid juba pooletunnine tukastus võima olema tulemuslik .
8		 Tulemuslik ? 	tulemuslik ?
8		 Peeter muigas selle peast läbi lipsanud sõna peale : ka see , nagu lapski , oli luhtumine , kuid ainult osaline , kehtiv juba möödunud ajas , iga järgmine hetk võis endaga kaasa tuua õnne , suurima inimliku õnne , mille täitumine võimalik vaid unes . 	Peeter muigama see pea läbi lipsama|lipsanud sõna peale : ka see , nagu laps , olema luhtumine , kuid ainult osaline , kehtiv juba mööduma|möödunud aeg , iga järgmine hetk võima ise kaasa tooma õnn , suurim inimlik õnn , mis täitumine võimalik vaid uni .
8		 Või raamatus . 	või raamat .
8		 Või lambis . 	või lamp .
9		 Lamp ja raamat olid unetoojad . 	lamp ja raamat olema unetooja .
9		 Mõnikord polnud vaja raamatut kätte võttagi , piisas lambistki . 	mõnikord olema vaja raamat käsi võtma , piisama lamp .
9		 Hommikuks oli lamp kustunud , aga Peeter ei mäletanud , et ta voodist välja oleks tulnud ja lülitile vajutanud . 	Hommikuks olema lamp kustuma|kustunud , aga Peeter ei mäletama|mäletanud , et tema voodi välja olema tulema|tulnud ja lüliti vajutama|vajutanud .
9		 ( Laualampi polnud ; ta tahtis , et kõik oleks nii , nagu kunagi kodus , kus kogu valgus tuli laest . ) 	( laualamp olema ; tema tahtma , et kõik olema nii , nagu kunagi kodu , kus kogu valgus tulema laad|lagi . )
9		 Tema ja toa vahel oli tekkinud teatav mõistmine , mis väljendus vaevumärgatavates üksikasjades . 	tema ja tuba vahel olema tekkima|tekkinud teatav mõistmine , mis väljenduma vaevumärgatav üksikasi .
9		 Tal pruukis vaid silmad kinni panna , kui asi , millele ta mõelnud oli – lamp , raamat – muutus emaks või isaks , kes tal uinuda aitasid . 	tema pruukima vaid silm kinni panema , kui asi , mis tema mõelnud|mõtlema olema - lamp , raamat - muutuma ema või isa , kes tema uinuma aitama .
10		 Peetri elu algas hetkest , kui teda kartma hakati . 	Peeter|Peetri elu algama hetk , kui tema kartma hakkama .
10		 Ta oli siis kümme . 	tema olema siis kümme .
10		 Ta oli peres ainus laps . 	tema olema pere ainus laps .
10		 Teist Peetrit ema ja isa endale ei tahtnud , kuigi selle eest , kes neil oli , olid nad valmis oma elu andma . 	teine Peeter|Peetri ema ja isa ise ei tahtma|tahtnud , kuigi see eest , kes tema olema , olema tema valmis oma elu andma .
10		 Nii oli ka siis , kui selgus , et Peeter pole päris tavaline . 	nii olema ka siis , kui selguma , et Peeter olema päris tavaline .
10		 Nad ei hüljanud Peetrit , nagu vähihaige lapse vanemad , kes oma lapsest ka siis lahti ei ütle , kui laps seda soovib . 	tema ei hülgama|hüljanud Peeter|Peetri , nagu vähihaige laps vanem , kes oma laps ka siis lahti ei ütlema , kui laps see soovima .
11		 Jaan oli Peetri sõber . 	Jaan olema Peeter|Peetri sõber .
11		 Ta oli Peetrist vanem . 	tema olema Peeter|Peetri vanem .
11		 Ema toitis teda härjaverega ja määris õhtuti maarohtudest tehtud võietega . 	ema toitma tema härjaveri ja määrima õhtuti maarohi tegema|tehtud võie .
11		 Jaani isa oli ema maha jätnud . 	Jaan|Jaani isa olema ema maha jätma|jätnud .
11		 Jaan teadis , et kui ta suureks kasvab ja ühel hetkel peeglisse vaatab , astub sealt välja ta isa . 	Jaan teadma , et kui tema suur kasvama ja üks hetk peegel vaatama , astuma sealt välja tema isa .
12		 Juba varakult hakkas ema Jaani pidudele saatma . 	juba varakult hakkama ema Jaan|Jaani pidu saatma .
12		 Kui Jaanil koolist oli vaja puududa , kirjutas ta Jaanile tõendi või kui sellest ei piisanud , tegi järele arsti viltust käekirja ja lõi selle alla kartulist tehtud templi . 	kui Jaan|Jaani kool olema vaja puuduma , kirjutama tema Jaan|Jaani tõend või kui see ei piisama|piisanud|piiskama , tegema järele arst viltune käekiri ja looma|lööma see alla kartul tegema|tehtud tempel .
12		 Pitsat sarnanes arsti templiga nagu kaks tilka vett , tähed , mis ema kartulisse sisse lõikas , läksid siniseks , kui neile peale hingata . 	pitsat sarnanema arst tempel nagu kaks tilk vesi , täht , mis ema kartul sisse lõikama , minema sinine , kui tema peale hingama .
12		 See võis tulla ema hingeõhust – kui Jaan seda ükskord teha proovis , ei tulnud midagi välja ; emal oli kartuliga salajane kokkulepe.Ükskord tuli Jaani ema ( tema nimi oli Magda ) Peetri vanemate juurde ja palus , et nad Jaani ööseks enda juurde võtaks , ta ise pidi linna oma õele külla minema . 	see võima tulema ema hingeõhk - kui Jaan see ükskord tegema proovima , ei tulema|tulnud miski välja ; ema olema kartul salajane kokkulepe . ükskord tulema Jaan|Jaani ema ( tema nimi olema Magda ) Peeter|Peetri vanem juurde ja paluma , et tema Jaan|Jaani ööseks ise juurde võtma , tema ise pidama linn oma õde küla|küll minema .
12		 Linn oli Tallinn , teisi linnu Eestis polnud ; tegelikult muidugi oli , aga see on vaid näilik – hirm suurema ees laastas linnu nagu lapsi . 	linn olema Tallinn , teine linn Eesti olema ; tegelikult muidugi olema , aga see olema vaid näilik - hirm suurem ees laastama linn nagu laps .
13		 Peetril oli hea meel . 	Peeter|Peetri olema hea meel .
13		 Talle oli alati tundunud , et nende sõprus vajab kinnitust . 	tema olema alati tunduma|tundunud , et tema sõprus vajama kinnitus .
13		 Ühistest mänguasjadest , raamatutest ja võib-olla ka mõtetest ei piisanud , et sõber olla . 	ühine mänguasi , raamat ja võib-olla ka mõte ei piisama|piisanud|piiskama , et sõber olema .
13		 Sõprus vajas pitsatit nagu õpilaspäevik , kus seisis tõend haiguse kohta . 	Sõprus vajama pitsat nagu õpilaspäevik , kus seisma tõend haigus kohta .
14		" "" Ema , "" ütles Peeter oma emale . "	""" ema , "" ütlema Peeter oma ema ."
14		" Ja siis veel teist kordagi : "" Ema ! "" "	"ja siis veel teine kord : "" ema ! """
15		 Sellest piisas . 	see piisama .
15		 Peetri ema ( tema nimi oli Aili ) mõistis poega ainsast sõnast – sõnast , mis oli ta ise ning kuhu Peeter oli pannud kogu oma hinge . 	Peeter|Peetri ema ( tema nimi olema Aili ) mõistma poeg ainus sõna - sõna , mis olema tema ise ning kuhu Peeter olema panema|pannud kogu oma hing .
15		 Kui ema poleks Jaani lubanud jääda , oleks Peeter endale otsa peale teinud . 	kui ema olema Jaan|Jaani lubama|lubanud jääma , olema Peeter ise otsa peale tegema|teinud .
15		 Või oleks oma ema elu aja teietanud . 	või olema oma ema elu aeg teietanu .
15		 Palju vahet polnud ; teie ja surm olid mõlemad võõrad . 	palju vahe olema ; sina ja surm olema mõlema võõras .
15		 Aili ja Magda olid ka võõrad . 	Aili ja Magda olema ka võõras .
15		" Kuid nad olid elus : kui Magda kaevule läks ja keegi juures juhtus olema , pani ta pange maha ja ütles : "" Mina pole midagi , mina olen vana lits , aga vaat Aili , tema on ingel ! "" "	"kuid tema olema elu : kui Magda kaev minema ja keegi juures juhtuma olema , panema tema pang maha ja ütlema : "" mina olema miski , mina olema vana lits , aga vaat Aili , tema olema ingel ! """
15		" Sellega oli ka Peeter nõus , aga tal oli pisut nagu häbi ka , sest järgmisena võttis Magda tal käest kinni , näpistas ja ütles : "" Millal küll minu laps selliseks saab ? "" "	"see olema ka Peeter nõus , aga tema olema pisut nagu häbi ka , sest järgmine võtma Magda tema käsi kinni , näpistama ja ütlema : "" millal küll mina laps selline saama ? """
15		 Peeter kahetses , et ta Jaani emaga ühel ajal kaevule oli sattunud . 	Peeter kahetsema , et tema Jaan|Jaani ema üks aeg kaev olema sattuma|sattunud .
16		 Peeter oli väga õnnelik ja emale ( ja isale , kes emaga nõus oli ) tänulik . 	Peeter olema väga õnnelik ja ema ( ja isa , kes ema nõus olema ) tänulik .
16		 Tal oli nüüd vend . 	tema olema nüüd vend .
16		 Nad mängisid natuke ja läksid siis magama . 	tema mängima natuke ja minema siis magama .
16		 Ema tegi neile aseme seina äärde kušetile . 	ema tegema tema ase sein äärde kušett .
16		 Uni tuli ruttu . 	uni tulema ruttu .
16		 Jaan lõhnas rahustavalt . 	Jaan lõhnama rahustavalt .
16		 Ema oli teda enne bussi peale minekut määrinud ja lusikatäie härjaverd andnud . 	ema olema tema enne buss peale minek määrima|määrinud ja lusikatäis härjaveri andma|andnud .
16		 Peetril oli kange tahtmine Jaani puutuda . 	Peeter|Peetri olema kange tahtmine Jaan|Jaani puutuma .
16		 Ta ei saanud ise ka aru , miks . 	tema ei saama|saanud ise ka aru , miks .
16		 Aga ta ei julgenud . 	aga tema ei julgema|julgenud .
16		 Julgus tuli unes . 	julgus tulema uni .
16		 Ta ei saanud ise ka aru , kuidas see juhtus . 	tema ei saama|saanud ise ka aru , kuidas see juhtuma .
17		 Kuid see , mis juhtus , oli halb – sellest algas Peetri elu . 	kuid see , mis juhtuma , olema halb - see algama Peeter|Peetri elu .
18		 Kui Peeter hommikul ärkas , oli voodi tühi . 	kui Peeter hommik ärkama , olema voodi tühi .
18		 Ta küsis emalt , kus Jaan on , kuid ema tegi sellise näo , nagu poleks Jaani ema eile Jaani toonudki . 	tema küsima ema , kus Jaan olema , kuid ema tegema selline nägu , nagu olema Jaan|Jaani ema eile Jaan|Jaani tooma .
18		 Nagu poleksid nad koos olnud . 	nagu poleks|poleksi tema koos olema|olnud .
19		 Peeter läks välja . 	Peeter minema välja .
19		 Ülalhoovis , kus elas Jaan ja veel mõned lapsed , polnud kedagi . 	Ülalhoov , kus elama Jaan ja veel mõni laps , olema keegi .
19		 Peeter seisis tükk aega keset hoovi ja ootas . 	Peeter seisma tükk aeg keset hoov ja ootama .
19		 Kaua see ei tohtinud kesta . 	kaua see ei tohtima|tohtinud kestma .
19		 Muidu oleks see olnud unenägu . 	muidu olema see olema|olnud unenägu .
19		 Siis läks ta sinna , kus oli kaev . 	siis minema tema sinna , kus olema kaev .
19		 Kaev oli nurga taga . 	kaev olema nurk taga .
19		 Peeter astus kaevu platvormile . 	Peeter astuma kaev platvorm .
19		 Siit nägi üle kardina tühja tuppa . 	siit nägema üle kardin tühi tuba .
19		 Toas elas Jaan oma emaga . 	tuba elama Jaan oma ema .
19		 Kus nad olid ? 	kus tema olema ?
19		 Võttis ema Jaani endaga linna kaasa ? 	võtma ema Jaan|Jaani ise linn kaasa ?
19		 Toas tiksus kell . 	tuba tiksuma kell .
19		 Peeter nägi aega , mida kell näitas . 	Peeter nägema aeg , mis kell näitama .
19		 Kellal oli kunagi olnud kägu , nüüd ei läinud enam luuk lahti ja kägu ei pääsenud välja . 	Kellal olema kunagi olema|olnud kägu , nüüd ei läinud|minema enam luuk lahti ja kägu ei pääsema|pääsenud välja .
19		 Kell rippus köögi seinal akna kõrval . 	kell rippuma köök sein aken kõrval .
19		 Peeter varem nagu ei teadnudki , et siit kella näeb . 	Peeter varem nagu ei teadma , et siit kell nägema .
19		 Nüüd teadis . 	nüüd teadma .
19		 Kuid aja unustas kohe . 	kuid aeg unustama kohe .
20		 Korraga ta tundis , et teda vaadatakse . 	korraga tema tundma , et tema vaatama .
20		 Kellegi silmad puurisid teda . 	keegi silm puurima tema .
20		 Peetril hakkas valus . 	Peeter|Peetri hakkama valus .
20		 Pilk põletas . 	pilk põletama .
20		 Nüüd nägi ta vaatajat . 	nüüd nägema tema vaataja .
20		 See oli Maret . 	see olema Maret .
20		 Mareti isa oli linna meister jalgrattakrossis . 	Maret isa olema linn meister jalgrattakross .
20		 Ka Maretist pidi saama jalgrattur . 	ka Maret pidama saama jalgrattur .
20		 Peeter oleks tahtnud Maretiga mängida . 	Peeter olema tahtma|tahtnud Maret mängima .
20		 Ta hüppas kaevult alla . 	tema hüppama kaev alla .
20		 Jalg nõksatas ja Peeter oleks peaaegu kukkunud . 	Jalg nõksatama ja Peeter olema peaaegu kukkuma|kukkunud .
20		 Talle tundus , et tema tasakaalu hoidmiseks õhku tõstetud käsi on nagu kaevu rullikäänatud metallsaba . 	tema tunduma , et tema tasakaal hoidmine õhk tõstetud|tõstma käsi olema nagu kaev rullikäänatud metallsaba .
21		 Peeter oleks tahtnud Maretiga mängida , kuid Maret taganes ehmunult . 	Peeter olema tahtma|tahtnud Maret mängima , kuid Maret taganema ehmunult .
21		 Nüüd nägi Peeter ka Jaani , kes oli Mareti selja taga ja sosistas Maretile midagi kõrva . 	nüüd nägema Peeter ka Jaan|Jaani , kes olema Maret selg taga ja sosistama Maret miski kõrv .
21		 Ilmselt andis ta tüdrukule nõu , kuidas käituda , kui Peeter ikkagi lähemale peaks tulema . 	ilmselt andma tema tüdruk nõu , kuidas käituma , kui Peeter ikkagi lähemale pidama tulema .
21		 Ta kirjeldas Peetri haigust . 	tema kirjeldama Peeter|Peetri haigus .
21		 See polnud tavaline haigus . 	see olema tavaline haigus .
21		 Nagu palavik . 	nagu palavik .
21		 Või isegi tuulerõuged . 	või isegi tuulerõuged .
21		 Või mumps . 	või mumps .
21		 Kui mumps , tuulerõuged või palavik oleksid kestnud elu-aja , siis oleks see olnud sama haigus , mis Peetril . 	kui mumps , tuulerõuged või palavik olema kestma|kestnud elu-aeg , siis olema see olema|olnud sama haigus , mis Peeter|Peetri .
21		 Küsimus oli ajas . 	küsimus olema aeg .
21		 Ajas , mis kestis algusest lõpuni . 	ajama , mis kestma algus lõpp .
22		 Peeter ei teadnud , mida teha . 	Peeter ei teadma|teadnud , mis tegema .
22		 Kuid üksi olla – isegi jääda – ta enam ei kartnud . 	kuid üksi olema - isegi jääma - tema enam ei kartma|kartnud .
22		 Nüüd , kus ta teadis , mida temast mõeldakse . 	nüüd , kus tema teadma , mis tema mõtlema .
22		 Teised unustasid , mis nad mõelnud olid . 	teine unustama , mis tema mõelnud|mõtlema olema .
22		 Isegi Jaan , jah , isegi tema . 	isegi Jaan , jah , isegi tema .
22		 Kuid Peeter ei unustanud . 	kuid Peeter ei unustama|unustanud .
22		 Isegi siis , kui teda enam ei peljatud – juba varsti , mõne päeva pärast . 	isegi siis , kui tema enam ei pelgama|peljatud - juba varsti , mõni päev pärast .
22		 Maret võttis tal jälle käest kinni , nad mängisid koos liivakastis , aga Peeter teadis , et pruugib tal vaid ennast lõdvaks lasta , unustada , kes ta on , kui Maret talle haiget teeb . 	Maret võtma tema jälle käsi kinni , tema mängima koos liivakast , aga Peeter teadma , et pruukima tema vaid ise lõtv laskma , unustama , kes tema olema , kui Maret tema haige tegema .
22		 Maret oli talle liiva silma visanud , kuid see polnud midagi selle kõrval , mis siis võis juhtuda . 	Maret olema tema liiv silm visanud|viskama , kuid see olema miski see kõrval , mis siis võima juhtuma .
22		 Peeter oli nagu poksija , kes ei kuku , kui näeb , kust löök tuleb . 	Peeter olema nagu poksija , kes ei kukkuma , kui nägema , kust löök tulema .
22		 Kuid selleks , et see ei juhtuks , pidi olema valvel . 	kuid see , et see ei juhtuma , pidama olema valve .
22		 See tuli loomulikult . 	see tulema loomulikult .
22		 Kuid mäng polnud enam mäng . 	kuid mäng olema enam mäng .
22		 Maret seda ei teadnud . 	Maret see ei teadma|teadnud .
22		 Kui see tal järsku meelde tuli , võis ta Peetrit karistada . 	kui see tema järsku meel tulema , võima tema Peeter|Peetri karistama .
22		 Nii nuhtleks ta iseennast unustuse eest . 	nii nuhtlema tema iseenese unustus eest .
22		" Mareti isa oli käskinud meeles pidada – "" Kõik haigused on nakkavad , ka need , mis on sügaval , need eriti ! "" "	"Maret isa olema käskima|käskinud meel pidama - "" kõik haigus olema nakkav , ka see , mis olema sügaval , see eriti ! """
22		 Seda öeldes oli tal käes jalgrattapump , ta pumpas kummi täis . 	see ütlema olema tema käsi jalgrattapump , tema pumpama kumm täis .
22		 Kui Maret tahtis meenutada , mida isa oli öelnud ( ta oli sõnakuulelik tütar ) , kerkis silme ette pilt kummi täis pumpavast isast , kuid mitte ainsatki sõna . 	kui Maret tahtma meenutama , mis isa olema öelnud|ütlema ( tema olema sõnakuulelik tütar ) , kerkima silm ette pilt kumm täis pumpav isa , kuid mitte ainus sõna .
22		 Sõnad olid kuhugi kadunud . 	sõna olema kuhugi kaduma|kadunud .
22		 Kuidas neid küll ütlema oleks pidanud ? 	kuidas tema küll ütlema olema pidama|pidanud ?
23		 Külm liiv oli nagu Jaani nahk . 	külm liiv olema nagu Jaan|Jaani nahk .
23		 Ainult lõhnatu . 	ainult lõhnatu .
23		 Kui Peeter üksinda liivakastis mängis , oli ta Jaaniga . 	kui Peeter üksinda liivakast mängima , olema tema Jaan|Jaani .
23		 Ta ajas oma ninasõõrmed laiali ja nuusutas . 	tema ajama oma ninasõõre laiali ja nuusutama .
23		 Ta oli nagu koer . 	tema olema nagu koer .
23		 Ta oli koer . 	tema olema koer .
24		 Jaan rääkis talle tüdrukutest , kellega ta tantsinud oli , näitas talle nende pilte . 	Jaan rääkima tema tüdruk , kes tema tantsima|tantsinud olema , näitama tema see pilt .
24		 Ta oli kõik unustanud . 	tema olema kõik unustama|unustanud .
24		 Ta mõtles , et see läheb üle . 	tema mõtlema , et see minema üle .
24		 Või lootis . 	või lootma .
24		 Lootis , nagu Peetri ema ja isa , kes teda pärast öist vahejuhtumit hellitustega üle külvasid . 	lootma , nagu Peeter|Peetri ema ja isa , kes tema pärast öö vahejuhtum hellitus üle külvama .
24		 Mida me küll valesti oleme teinud ? küsisid nad endalt . 	mis mina küll valesti olema tegema|teinud ? küsima tema ise .
24		 Kuid vastata ei osanud . 	kuid vastama ei osanud|oskama .
24		 Võib-olla olid kingitused , mida me sulle sünnipäevaks tegime , liiga väikesed ? 	võib-olla olema kingitus , mis mina sina sünnipäev tegema , liiga väike|väikene ?
24		 Niipea kui nad seda olid küsinud – nii koos kui eraldi – , kerkis nende ette sünnipäeval kinke vastu võtva Peetri rõõmu täis nägu , ning nad hakkasid nutma . 	niipea kui tema see olema küsima|küsinud - nii koos kui eraldi - , kerkima tema ette sünnipäev kinge vastu võttev Peeter|Peetri rõõm täis nägu , ning tema hakkama nutma .
24		 Ahastus ja süütunne viis neid selleni , et nad hakkasid Peetrile tagantjärele kingitusi tegema . 	ahastus ja süütunne viima tema see , et tema hakkama Peeter|Peetri tagantjärele kingitus tegema .
24		 Peeter leidis igal õhtul magama minnes padja alt kommikoti ja hommikul ärgates vaasist värske lille . 	Peeter leidma iga õhtu magama minema padi alt kommikott ja hommik ärkama vaas värske lill .
24		 Peeter oli prints , Peeter oli printsess . 	Peeter olema prints , Peeter olema printsess .
24		 Kingitused kulusid küll marjaks ära . 	kingitus kuluma küll mari ära .
24		 Ta kinkis need teistele , kellelt lootis vastutasuks igavest unustust . 	tema kinkima see teine , kes lootma vastutasu igavene unustus .
24		 Jalgratas läks Maretile , nukk Jaanile ( kes kinkis selle mõnele oma tüdrukule ) . 	jalgratas minema Maret , nukk Jaan|Jaani ( kes kinkima see mõni oma tüdruk ) .
24		 Ei saanud öelda , et Peeter oli õnnetu . 	ei saama|saanud ütlema , et Peeter olema õnnetu .
24		 Ta teadis , et tema tõelised sõbrad on poisid ja et kui ta kedagi armastama hakkab , siis pole see tüdruk . 	tema teadma , et tema tõeline sõber olema poiss ja et kui tema keegi armastama hakkama , siis olema see tüdruk .
25		 Peeter sai aru – tegelikult pole tema tõbi kellelgi meelest läinud . 	Peeter saama aru - tegelikult olema tema tõbi keegi meelest läinud|minema .
25		 Ka karistus mitte . 	ka karistus mitte .
25		 Karistus oli maksimaalne – surmanuhlus . 	karistus olema maksimaalne - surmanuhlus .
25		 Ükskord pidi see ka täide viidama . 	ükskord pidama see ka täis viima .
25		 Lõputult viivitada ei saanud . 	lõputult viivitama ei saama|saanud .
25		 Asja arutati nii kitsamas kui laiemas ringis , sellest võtsid osa need , kes Peetrit või tema vanemaid tundsid , kuid ka võhivõõrail oli sõnaõigus – piisas kuuldusest , poolikust sõnastki , et Peetri üle kohut mõista . 	asi arutama nii kitsam kui laiem ring , see võtma osa see , kes Peeter|Peetri või tema vanem tundma , kuid ka võhivõõras olema sõnaõigus - piisama kuuldus , poolik sõna , et Peeter|Peetri üle kohus mõistma .
25		 Kuid mingile otsusele ei jõutud . 	kuid mingi otsus ei jõudma|jõutud .
25		 Peetrile midagi ei räägitud , kuid Peeter sai kõigest aru – pruukis tal ennast vaid järsku , kannalt ringi pöörata , kui tõde oli tabatud . 	Peeter|Peetri miski ei räägitud|rääkima , kuid Peeter saama kõik aru - pruukima tema ise vaid järsku , kannalt ringi pöörama , kui tõde olema tabama|tabatud .
25		 Seal , kus hetk tagasi oli olnud sile pealispind – naeratus , lahke näoilme , sulnid sõnad – oli nüüd tigedus ja õud . 	seal , kus hetk tagasi olema olema|olnud sile pealispind - naeratus , lahke näoilme , sulnis sõna - olema nüüd tigedus ja õud .
26		 Muuseum oli naljakas sõna – natuke musi , natuke muu . 	Muuseum olema naljakas sõna - natuke musi , natuke muu .
26		 Võib-olla olid kõik sõnad naljakad ? 	võib-olla olema kõik sõna naljakas ?
26		 Sõnad muutusid naljakaks siis , kui keegi neid kõvasti kordas . 	sõna muutuma naljakas siis , kui keegi see kõvasti kordama .
26		 Vaikselt , omaette polnud ükski sõna naljakas . 	vaikselt , omaette olema üks sõna naljakas .
26		 Lugemine ( Peeter oli kõva lugeja ) oli tõsine tegevus , rääkimine oli midagi vahepealset – ei sitta ega saia , nagu Jaan ema ütles ja keegi aru ei saanud , mida ta sellega mõtleb . 	Lugemine ( Peeter olema kõva lugeja ) olema tõsine tegevus , rääkimine olema miski vahepealne - ei sittama ega sai , nagu Jaan ema ütlema ja keegi aru ei saama|saanud , mis tema see mõtlema .
26		 Ta võis sellega mõelda kõike . 	tema võima see mõtlema kõik .
26		 Aga kui ta sellele midagi ei lisanud , siis oli see naljakas . 	aga kui tema see miski ei lisama|lisanud , siis olema see naljakas .
26		 Nagu muuseumgi . 	nagu muuseum .
26		 Nad olid klassiga muuseumi läinud . 	tema olema klass muuseum läinud|minema .
26		 Pikas rivis . 	pikk rivi .
26		 Neid viis sinna ajalooõpetaja Lemmats . 	tema viima sinna ajalooõpetaja Lemmats .
26		 Lemmatsi nimi võinuks olla Tango – ta lonkas üht jalga , see tuli tantsimisest . 	Lemmats nimi võima olema tango - tema lonkama üks jalg , see tulema tantsimine .
26		 Kui palju tantsida , võisid jala kaotada . 	kui palju tantsima , võima jala kaotama .
26		 Kui palju rääkida – keele . 	kui palju rääkima - keel .
26		 Tango on tants , kus ühe jalaga astutakse rohkem ja pikalt . 	tango olema tants , kus ühe jalg astuma rohkem ja pikalt .
26		 See , et Lemmatsit Tangoks ei kutsutud , näitas , et temast peeti lugu . 	see , et Lemmats|Lemmatsi Tangoks ei kutsuma|kutsutud , näitama , et tema pidama lugu .
27		 Sõna tuli tagantpoolt . 	sõna tulema tagantpoolt .
27		 Kui ta Peetrini jõudis , oli ta vaid vaevu äratuntav . 	kui tema Peeter|Peetri jõudma , olema tema vaid vaevu äratuntav .
27		 Peetril oli temast veidi hale . 	Peeter|Peetri olema tema veidi hale .
27		 Sõna oli naljakas , tema üle naerdi . 	sõna olema naljakas , tema üle naerma .
27		 Need kaks asja korraga ei mahtunud Peetrile pähe . 	see kaks asi korraga ei mahtuma|mahtunud Peeter|Peetri pea .
27		 Kuid ta ei tahtnud , et tema vastuhakk – vaikus – sünnitab liigset tähelepanu . 	kuid tema ei tahtma|tahtnud , et tema vastuhakk - vaikus - sünnitama liigne tähelepanu .
27		 Ka Peeter naeris . 	ka Peeter naerma .
27		 Ütles ja naeris . 	ütlema ja naerma .
27		 Kuid tal oli tunne , et ta ei naera mitte ainult selle ühe sõna üle . 	kuid tema olema tunne , et tema ei naerma mitte ainult see üks sõna üle .
28		 Kõige ees läks – tantsis – Lemmats . 	kõik ees minema - tantsima - Lemmats .
28		 Äkitselt , nagu tantsuski , tangoski , pööras ta ennast kannal ringi ning tema huuled olid vahul . 	äkitselt , nagu tants , tango , pöörama tema ise kand|kanna ringi ning tema huul olema vahk|vaht .
28		 Üks tilk kukkus Peetri põsele . 	üks tilk kukkuma Peeter|Peetri põsk .
28		 Klass vakatas , ainult tema , Peeter , kelle suhu sõna viimasena oli sattunud , ütles . 	klass vakatama , ainult tema , Peeter , kes suu sõna viimane olema sattuma|sattunud , ütlema .
28		 Ütles viimasena , viimsena . 	ütlema viimane , viimne .
28		 See polnud sõna , mis ta suust välja tuli – nii läkastas koer pingul rihma otsas ! 	see olema sõna , mis tema suu välja tulema - nii läkastama koer pingul rihm otsas !
28		 Teda , koera , Peetrit ootas karistus . 	tema , koer , Peeter|Peetri ootama karistus .
28		 Karistus oli hiljaks jäänud , otsus selle kohta oli juba varem vastu võetud , selle täideviimist olid edasi lükanud mitmesugused asjaolud , mille hulgas Peetri enda käitumine polnud just mitte viimasel ( aga ka mitte esimesel ) kohal . 	karistus olema hiljaks jääma|jäänud , otsus see kohta olema juba varem vastu võetud|võtma , see täideviimine olema edasi lükanud|lükkama mitmesugune asjaolu , mis hulgas Peeter|Peetri ise käitumine olema just mitte viimane ( aga ka mitte esimene ) kohal .
29		 Peetri isa ( tema nimi oli Artur ) töötas muuseumis . 	Peeter|Peetri isa ( tema nimi olema Artur ) töötama muuseum .
29		 Ta oli muuseumi direktor , kuid tegi meelsasti ka giiditööd . 	tema olema muuseum direktor , kuid tegema meelsasti ka giiditöö .
29		 Ta oli väga lahke ja vastutulelik . 	tema olema väga lahke ja vastutulelik .
29		 Muuseum oli tema teine kodu . 	Muuseum olema tema teine kodu .
29		 Isal oli komme hüvastijätul käed kokku suruda ja külastajaid tummalt tänada . 	isa olema komme hüvastijätt käsi kokku suruma ja külastaja tummalt tänama .
29		 Nagu ka kodus – päris kodus . 	nagu ka kodu - päris kodu .
30		 Isa tegi , nagu ei tunneks Peetrit . 	isa tegema , nagu ei tundma Peeter|Peetri .
30		 Isa hõredad juuksed olid tihedalt vastu pead kammitud . 	isa hõre juus olema tihedalt vastu pea kammima|kammitud .
30		 Isa pea sarnanes pooliku kahurikuuliga – vitriinis sellist ei leidunud . 	isa pea sarnanema poolik kahurikuul - vitriin selline ei leiduma|leidunud .
30		 Kõneles see pool , mida polnud – silmad sügaval pealuus , väike nina ja kitsad , justkui vihaselt kokku surutud huuled . 	kõnelema see pool , mis olema - silm sügav pealuu , väike nina ja kitsas , justkui vihaselt kokku suruma|surutud huul .
30		 Isa tahtis just rääkima hakata , kui Lemmats kutsus ta enda juurde ja sosistas midagi kõrva . 	isa tahtma just rääkima hakkama , kui Lemmats kutsuma tema ise juurde ja sosistama miski kõrv .
30		 Isa noogutas , isegi naeratas . 	isa noogutama , isegi naeratama .
30		 Huulte liikumisest , kuid ka sellest , kuidas isa ennast põlvedest nõtkutas ( oli ta ju Lemmatsist peajagu pikem , sõnad võinuks muidu kõrvast mööda kukkuda ) , tajus Peeter , millest jutt . 	huul liikumine , kuid ka see , kuidas isa ise põli|põlv nõtkutama ( olema tema ju Lemmats peajagu pikem , sõna võima muidu kõrv mööda kukkuma ) , tajuma Peeter , mis jutt .
30		" "" Artur , sinu pojaga on nüüd nõnda , et ... "" "	""" Artur , sina poeg|poja olema nüüd nõnda , et ... """
30		 Lemmats ei öelnud lauset lõpuni , kuid seda polnud tarvis . 	Lemmats ei öelnud|ütlema lause lõpp , kuid see olema tarvis .
30		 Isa oli arvanud , et otsuse täideviijaks on tema – otse loomulikult ei saanudki see keegi teine olla . 	isa olema arvama|arvanud , et otsus täideviija olema tema - otse loomulikult ei saama see keegi teine olema .
30		 Ta oli selleks valmis . 	tema olema see valmis .
30		 Kuid ta oli valmis ka selleks , et ohverdab enda . 	kuid tema olema valmis ka see , et ohverdama ise .
30		 See oli ainult rõõm – anda poja elu eest enda oma . 	see olema ainult rõõm - andma poeg|poja elu eest ise oma .
30		 Nüüd selgus , et seda pole vaja . 	nüüd selguma , et see olema vaja .
30		 Karikas oli täis , seal oli üks sõna . 	karikas olema täis , seal olema üks sõna .
31		  	
32		 ( Jaanil oli nuga . 	( Jaan|Jaani olema nuga .
32		 Nuga ja peegel olid Jaani mänguasjad . 	nuga ja peegel olema Jaan|Jaani mänguasi .
32		 Need olid Jaanile sama mis raamatud Peetrile . 	see olema Jaan|Jaani sama mis raamat Peeter|Peetri .
32		 Peeglit ta Peetrile ei andnud . 	peegel tema Peeter|Peetri ei andma|andnud .
32		 Ta ei öelnud , miks , kuid Peeter teadis seda ilma ütlematagi . 	tema ei öelnud|ütlema , miks , kuid Peeter teadma see ilma ütlemata .
32		 Sellest peeglist , higisest ruudust , pidi ta ükskord oma isa ära tundma . 	see peegel , higine ruut , pidama tema ükskord oma isa ära tundma .
32		 Nuga oli väike , pruuni plastmasspeaga . 	nuga olema väike , pruun plastmasspea .
32		 Noal oli ainult üks tera . 	Noal olema ainult üks tera .
32		 Kuid väga terav . 	kuid väga terav .
32		 Kui Jaan sellega üle peopesa tõmbas , polnud esialgu midagi näha . 	kui Jaan see üle peopesa tõmbama , olema esialgu miski nägema .
32		 Siis läks jälg punaseks , kuid mitte palju – veri jäi kallaste taha , nagu vesi jões , ainult sirge . 	siis minema jälg punane , kuid mitte palju - veri jääma kallas taha , nagu vesi jõgi , ainult sirge .
32		" "" Miks sa seda teed ? "" tahtis Peeter küsida , kuid tuli kustus . "	""" miks sina see tegema ? "" tahtma Peeter küsima , kuid tulema kustuma ."
32		 Ema oli käe ukse vahelt sisse pistnud ja lülitile vajutanud . 	ema olema käsi uks vahelt sisse pistma|pistnud ja lüliti vajutama|vajutanud .
32		 Pilkasest pimedusest kostis ühtlane hingamine – sõber magas , tundus , nagu oleks ta nii , noaga peopessa jälge jättes , harjunudki magama minema . 	pilkane pimedus kostma ühtlane hingamine - sõber magama , tunduma , nagu olema tema nii , nuga peopesa jälg jätma , harjunud magama minema .
32		 Nagu ei saaks ta ilma selleta uinuda . ) 	nagu ei saama tema ilma see uinuma . )
33		 Peeter lahkus muuseumist viimasena . 	Peeter lahkuma muuseum viimane .
33		 Vitriinidesse kätketud aeg kütkestas teda . 	vitriin kätkema|kätketud aeg kütkestama tema .
33		 See aeg oli külm nagu liiv ja Jaani nahk . 	see aeg olema külm nagu liiv ja Jaan|Jaani nahk .
33		 Iga eksponaadi alla oli midagi kirjutatud . 	iga eksponaat alla olema miski kirjutama|kirjutatud .
33		 Osa asju oli isa leitud . 	osa asi olema isa leidma|leitud .
33		 Suviti käis isa väljakaevamistel . 	suviti käima isa väljakaevamine .
33		 Mõnikord kestsid need mitu kuud . 	mõnikord kestma see mitu kuu .
33		 Kui ta läks , olid tomatid veel rohelised . 	kui tema minema , olema tomat veel roheline .
33		 Kui ta tagasi tuli , ilutses valgel taldrikul punane tomat . 	kui tema tagasi tulema , ilutsema valge taldrik punane tomat .
33		 Selle oli sinna pannud Peeter . 	Selle olema sinna panema|pannud Peeter .
33		 Peeter oleks tahtnud , et isa teda kallistaks , võtaks ta korraks oma kaissu , sasiks pead . 	Peeter olema tahtma|tahtnud , et isa tema kallistama , võtma tema korraks oma kaiss , sasi pea .
33		 Kuid isa pani käed kokku ja kummardas Peetri poole . 	kuid isa panema käsi kokku ja kummardama Peeter|Peetri poole .
33		 See oli tema tänu . 	see olema tema tänu .
33		 See oli tema isa-märk . 	see olema tema isa-märk .
33		 Peeter oli kusagil kaugel , silmapiiril või pilve serval . 	Peeter olema kusagil kaugel , silmapiir või pilv serv .
33		 Ta ei tahtnud seal olla . 	tema ei tahtma|tahtnud seal olema .
34		 Samasuguse kummarduse tegi isa ka lastele . 	samasugune kummardus tegema isa ka laps .
34		 Lemmats kummardas tahtmatult vastu , kuid tõmbas ennast kohe kohkudes sirgu . 	Lemmats kummardama tahtmatult vastu , kuid tõmbama ise kohe kohkuma sirgu .
34		 Peeter nägi aknast , kuidas lasterivi kooli poole tagasi marssis . 	Peeter nägema aken , kuidas lasterivi kool poole tagasi marssima .
34		 Peeter teadis , et raudtee ülekäigu juures rivi laguneb . 	Peeter teadma , et raudtee ülekäik juures rivi lagunema .
34		 Siin Lemmatsi võim katkes , kilgates tormasid lapsed tõkkepuu taha . 	siin Lemmats võim katkema , kilkama tormama laps tõkkepuu taha .
34		 Lemmats jõudis sinna viimasena ja hingeldades , nagu pärast tormilist tangot , kuid temagi sai lehvitada mustas kuues ja punase randiga mütsiga vedurijuhile . 	Lemmats jõudma sinna viimane ja hingeldama , nagu pärast tormiline tango , kuid tema saama lehvitama must kuus ja punane rant müts vedurijuht .
34		 Vedurijuht ( tema nimi oli Väino ) kõrvale ei vaadanud , tema pilk oli suunatud sinna , kuhu jooksid rööpad , justkui sõltuks rööbaste suund ( ja paar looget lepavõsa taga linnast väljas ) tema vaatest . 	vedurijuht ( tema nimi olema Väino ) kõrvale ei vaadanud|vaatama , tema pilk olema suunama|suunatud sinna , kuhu jooksma rööbas , justkui sõltuma rööbas suund ( ja paar looge lepavõsa taga linn väljas ) tema vaade .
34		 Väino pilk sulatas rauda . 	Väino pilk sulatama raud .
35		 Sellest vaatepildist jäi Peeter ilma . 	see vaatepilt jääma Peeter ilma .
35		 Kuid ta kuulis häält – jõulist , värsket rööget , mille vastu ei saanud isegi pühadeaegse puhkpilliorkestri trummid ja taldrikud . 	kuid tema kuulma hääl - jõuline , värske rööge , mis vastu ei saama|saanud isegi pühadeaegne puhkpilliorkester trumm ja taldrik .
35		 Sellele järgnes teine , teravam heli : krkrk . 	see järgnema teine , teravam heli : krkrk .
35		 Peeter vaatas oma käsi . 	Peeter vaatama oma käsi .
35		 Sõrmenukid olid verised . 	sõrmenukk olema verine .
35		 Vitriini katva klaasruudu keskel oli sakiline auk . 	vitriin kattev klaasruut keskel olema sakiline auk .
35		 Ta oli lahtiste käelabadega klaasi katki surunud , kuid randmed olid terved . 	tema olema lahtine käelaba klaas katki suruma|surunud , kuid ranne olema terve .
35		 Peetri sõrmede vahel oli mitmetuhandeaastavanune õhukeseks kulunud rauast odaots . 	Peeter|Peetri sõrm vahel olema mitmetuhandeaastavanune õhuke kuluma|kulunud raud odaots .
35		 Isa oli sellest kindlasti midagi rääkinud , kuid Peeter ei mäletanud , mida . 	isa olema see kindlasti miski rääkima|rääkinud , kuid Peeter ei mäletama|mäletanud , mis .
35		 Võib-olla kirjeldanud seda , kuidas ta selle leidis . 	võib-olla kirjeldama|kirjeldanud see , kuidas tema see leidma .
35		 Ühelt väljakaevamiselt oli isa kaasa toonud haiguse , mille tagajärjeks oli see , et Peeter ei saanud enam lavast tomatit tuua . 	üks väljakaevamine olema isa kaasa tooma|toonud haigus , mis tagajärg olema see , et Peeter ei saama|saanud enam lava tomat tooma .
35		 Tomati toomiseks pidi olema põhjus . 	tomat toomine pidama olema põhjus .
35		 Põhjus oli isa minek ja tulek – ainult see . 	põhjus olema isa minek ja tulek - ainult see .
35		 Haigus tegi ema kurjaks . 	haigus tegema ema kuri .
35		" Ja kurvaks – "" Nii vana mees , aga ... "" "	"ja kurb - "" nii vana mees , aga ... """
35		 Rohkem ema midagi ei öelnud ja see oli sama naljakas kui sitt ja sai Jaani ema suust . 	rohkem ema miski ei öelnud|ütlema ja see olema sama naljakas kui sitt ja saama Jaan|Jaani ema suu .
35		 See oli viimane suvi , kui tomatid punaseks said . 	see olema viimane suvi , kui tomat punane saama .
36		 Muuseumist raudteeni viis papliallee . 	muuseum raudtee viima papliallee .
36		 Puid oli hõredalt , kuid koos varjudega oli see sein , millest ei saanud läbi astuda . 	puu olema hõredalt , kuid koos vari olema see sein , mis ei saama|saanud läbi astuma .
36		 Juba kaugelt nägi Peeter Lemmatsit . 	juba kaugelt nägema Peeter Lemmats|Lemmatsi .
36		 Allee oli Lemmatsi kodutee . 	allee olema Lemmats kodutee .
36		 Kui nad kohakuti jõudsid , jäi Lemmats seisma – vasakul , lühemal väljaastejalal – ning küsis : 	kui tema kohakuti jõudma , jääma Lemmats seisma - vasakul , lühem väljaastejalg - ning küsima :
37		" "" Tõid ? "" "	""" tooma ? """
38		 Peeter vastas sama sõnaga : 	Peeter vastama sama sõna :
39		" "" Tõin . "" "	""" tooma . """
40		 Lemmatsi parem jalg oli õhus , kogu raskus oli vasakul . 	Lemmats parem jalg olema õhk , kogu raskus olema vasakul .
40		 Õhk oli täis tinast vaikust . 	õhk olema täis tinane vaikus .
40		 Lemmats tantsitas tüdrukuid , kuid talle meeldisid poisid . 	Lemmats tantsitama tüdruk , kuid tema meeldima poiss .
40		 Kogu elu oli ta tantsinud selleks , et varjata oma pahet . 	kogu elu olema tema tantsima|tantsinud see , et varjama oma pahe .
40		 Mida ei leevendanud ükski ükskõik kui sügav ja siiras kummardus või käteklammerdus . 	mis ei leevendama|leevendanud ükski ükskõik kui sügav ja siiras kummarduma või käteklammerdus .
41		 Peeter ulatas Lemmatsile odaotsa . 	Peeter ulatama Lemmats odaots .
42		" "" Ma teen seda sinu isa eest . "" "	""" mina tegema see sina isa eest . """
43		 Lemmats valetas , kuid selle võis andeks anda . 	Lemmats valetama , kuid see võima andeks andma .
44		" "" Lepime nii kokku , et me ei räägi sellest kellelegi . "" "	""" leppima nii kokku , et mina ei rääkima see keegi . """
45		 Peeter imestas . 	Peeter imestama .
45		 Kas tõesti ta arvab , et pärast on veel midagi ? 	kas tõesti tema arvama , et pärast olema veel miski ?
45		 Midagi , mis pole see , mis juba on ? 	miski , mis olema see , mis juba olema ?
45		 Miks on timukad nõrgad ja ohvrid tugevad ? 	miks olema timukas nõrk ja ohver tugev ?
45		 Siis tundis ta , kuidas odaots nagu harpuun tema sisse tungib . 	siis tundma tema , kuidas odaots nagu harpuun tema sisse tungima .
45		 Tal polnud valus . 	tema olema valus .
45		 Isegi siis mitte , kui vedru harpuuni harud lahti päästis . 	isegi siis mitte , kui vedru harpuun haru lahti päästma .
46		 Peeter tegi silmad lahti – olen ma juba teises ilmas ? 	Peeter tegema silm lahti - olema mina juba teine ilm ?
46		 Lemmats seisis ikka veel ühel jalal tema ees . 	Lemmats seisma ikka veel üks jalg tema ees .
47		 Peeter ajas käed õieli ja hüppas niutsatades Tangole kaela . 	Peeter ajama käsi õieli ja hüppama niutsatades Tangole kael .
47		 Tango ( tema nimi on Lemmats ) oli muusika , Peeter armastas muusikat . 	tango ( tema nimi olema Lemmats ) olema muusika , Peeter armastama muusika .
47		 Nad kukkusid pehmetele varjudele , mis ennast puude vahelt välja sirutasid . 	tema kukkuma pehme vari , mis ise puu|puue vahelt välja sirutama .
47		 Peeter surus ennast kõigest jõust vastu Tangot . 	Peeter suruma ise kõik jõud vastu tango .
47		 Muusika juhtis teda , kuid Peeter tegi nii , et rütmide ja ribide vahele kiilunud terav odaots nihkus pikkamööda haava poole , mis nähtamatuna tema ihus juba sajandeid oli oodanud . 	muusika juhtima tema , kuid Peeter tegema nii , et rütm ja ribi vahele kiiluma|kiilunud terav odaots nihkuma pikkamööda haab|haav poole , mis nähtamatu tema ihk|ihu juba sajand olema oodanud|ootama .
48		 Surma polnud . 	Surm olema .
48		 Kõik oli , isegi elu , ainult surma mitte . 	kõik olema , isegi elu , ainult surm mitte .
48		 Surm oli kujutlus , viirastus . 	Surm olema kujutlus , viirastus .
48		 Peeter polnud surnud , ta oli elus . 	Peeter olema surema|surnud , tema olema elus .
48		 Kuid ta ei märganud seda mitte elutungidest , võimsast kirest , mis mõttetult ning tulutult keha ründas , vaid sellest , et tungid olid lakanud ning ta võis nüüd rahumeeli olla see , kes ta kogu aja oli tahtnud olla – kiretu vaatleja . 	kuid tema ei märganud|märkama see mitte elutung , võimas kirg , mis mõttetult ning tulutult keha ründama , vaid see , et tung olema lakanud|lakkama ning tema võima nüüd rahumeeli olema see , kes tema kogu aeg olema tahtma|tahtnud olema - kiretu vaatleja .
49		 Peeter võinuks nüüd , mil ta oma surematuses , järelikult ka valutuses ( just valu oli see , mida inimesed kartsid ) veendunud oli , endalt ka elu võtta , aga ta ei teinud seda . 	Peeter võima nüüd , mil tema oma surematus , järelikult ka valutus ( just valu olema see , mis inimene kartma ) veenduma|veendunud olema , ise ka elu võtma , aga tema ei tegema|teinud see .
49		 Kuid see , milles ta enda puhul surmkindel oli , ei pruukinud nii olla teistega . 	kuid see , mis tema ise puhul surmkindel olema , ei pruukima|pruukinud nii olema teine .
49		 Tõtt öelda hoidis teda tagasi hirm teiste pärast . 	tõtt ütlema hoidma tema tagasi hirm teine pärast .
49		 Kuni ta ei teadnud , et ka teistega on nii nagu temaga , ei pannud ta kätt oma elu külge . 	kuni tema ei teadma|teadnud , et ka teine olema nii nagu tema , ei panema|pannud tema käsi oma elu külge .
50		 Kahe elu , noore ja vana elu vahel oli kuristik . 	kaks elu , noor ja vana elu vahel olema kuristik .
50		 Kui tühine see kõik oli , mõtles Peeter . 	kui tühine see kõik olema , mõtlema Peeter .
50		 Nagu kõik lapsed , nii oli ka Peeter kohtunud võluriga ( täiesti juhuslikult ühel tänavanurgal ) , kuid see , mida ta temalt nii kirglikult , suisa põlvili palus , polnud soovimist väärt . 	nagu kõik laps , nii olema ka Peeter kohtuma|kohtunud võlur ( täiesti juhuslikult üks tänavanurk ) , kuid see , mis tema tema nii kirglikult , suisa põlvili paluma , olema soovimine väärt .
50		 Seda ju polnudki – surma . 	see ju olema - surm .
51		 Armastust ta paluda ei osanud , seda oli palju , liiga palju . 	armastus tema paluma ei osanud|oskama , see olema palju , liiga palju .
52		 Peeter istus kohvikus . 	Peeter istuma kohvik .
52		 Ta istus siin alati . 	tema istuma siin alati .
52		 Kohvik oli nagu akvaarium , kuhu möödujad vahel pilgu sisse heitsid . 	kohvik olema nagu akvaarium , kuhu mööduja vahel pilk sisse heitma .
52		 Peetrist vaadati läbi nagu tühjast kohast , ainult mõni pilk peatus temal , kuid libises siis kiiresti edasi . 	Peeter|Peetri vaatama läbi nagu tühi koha|koht , ainult mõni pilk peatuma tema , kuid libisema siis kiiresti edasi .
52		 Neid , keda Peeter tundnud oleks , jäi ikka vähemaks . 	see , kes Peeter tundma|tundnud olema , jääma ikka vähem .
52		 Nad olid surnud enne , kui Peeter enda jaoks surematuse avastas . 	tema olema surema|surnud enne , kui Peeter ise jaoks surematus avastama .
52		 Neid tagasi ei toonud . 	tema tagasi ei tooma|toonud .
52		 Nemad olid igaveseks surnud – taassünni lootuseta . 	tema olema igaveseks surema|surnud - taassünd lootus .
53		 Aknaklaasil oli ühes kohas viga . 	aknaklaas olema üks koha|koht viga .
53		 Kui sinna vaadata , ei paistnud enam õigesti . 	kui sinna vaatama , ei paistma|paistnud enam õigesti .
53		 Viga oli tegelikult klaasis . 	viga olema tegelikult klaas .
53		 Sees , mitte väljas , kust selle märja lapiga maha oleks saanud . 	sees , mitte väljas , kust see märg lapp maha olema saama|saanud .
53		 Veast vabanemine polnud võimalik , kuigi paljud külastajad ( kes nagu Peetergi oma aega aknast välja vaatamisega mööda saatsid ) olid kohviku omanikule oma rahulolematusest märku andnud . 	viga vabanemine olema võimalik , kuigi palju külastaja ( kes nagu Peeter oma aeg aken välja vaatamine mööda saatma ) olema kohvik omanik oma rahulolematus märk andma|andnud .
53		 Kohviku omanik oli iga kord erinev . 	kohvik omanik olema iga kord erinev .
53		 Või olid nad kõik vaid käsutäitjad ? 	või olema tema kõik vaid käsutäitja ?
53		 Ükskord oli punaseks värvitud juustega kelner teinud isegi paar kahtlevat sammu Peetri suunas . 	ükskord olema punane värvima|värvitu|värvitud juus kelner tegema|teinud isegi paar kahtlev samm Peeter|Peetri suunas .
54		 Peetrile viga meeldis . 	Peeter|Peetri viga meeldima .
54		 Tore oli vaadata , kuidas inimesed äkitselt kössi vajusid ning nende käed ja jalad välja venisid . 	tore olema vaatama , kuidas inimene äkitselt kössi vajuma ning tema käsi ja jalg välja venima .
54		 Kõik sõltus valgusest . 	kõik sõltuma valgus .
54		 Kui päike paistis , oli vaatepilt efektsem . 	kui päike paistma , olema vaatepilt efektsem .
54		 Peeter püüdis tabada seaduspära , valguse ja kehakuju lagunemine ja taastumise seost , kuid ei suutnud . 	Peeter püüdma tabama seaduspära , valgus ja kehakuju lagunemine ja taastumine seos , kuid ei suutma|suutnud .
54		 Võis vaid tähele panna , et figuur lagunes osadeks aeglasemalt , taastekkimine aga oli alati ootamatu ja äkiline . 	võima vaid tähele panema , et figuur lagunema osa aeglasemalt , taastekkimine aga olema alati ootamatu ja äkiline .
54		 Kuid peenemad seadused jäid tabamatuks . 	kuid peenem seadus jääma tabamatu .
54		 Võimatu oli ennustada , millist kehaosa väänutab valgus kõige rohkem . 	võimatu olema ennustama , milline kehaosa väänutama valgus kõige rohkem .
54		 Üksvahe hakkas Peetrile tunduma , et kõik oleneb kiirusest , millega mööduja mulli läbib . 	üksvahe hakkama Peeter|Peetri tunduma , et kõik olenema kiirus , mis mööduja mull läbima .
54		 Kuid see sõltus rohkem silmast . 	kuid see sõltuma rohkem silm .
54		 Ja vaatajast – Peetrist . 	ja vaataja - Peeter|Peetri .
54		 Peeter oleks tahtnud ise mullist – veast – läbi söösta . 	Peeter olema tahtma|tahtnud ise mull - viga - läbi sööstma .
54		 Kuid siis oleks pidanud leiduma keegi , kes teda vaataks . 	kuid siis olema pidama|pidanud leiduma keegi , kes tema vaatama .
54		 Jälgiks . 	Jälgiks .
54		 Ja katse tulemused üles kirjutaks . 	ja katse tulemus üles kirjutama .
54		" Ta ütleks talle , oma sõbrale ( sest vaid sõpra sai usaldada ) : "" Mul käis pea ringi "" , sõber aga vaataks stopperit , kirjutaks aja üles ja hiljem arutaksid nad selle üle , miks nii oli juhtunud . "	"tema ütlema tema , oma sõber ( sest vaid sõber saama usaldama ) : "" mina käima pea ringi "" , sõber aga vaatama stopper , kirjutama aeg üles ja hiljem arutama tema see üle , miks nii olema juhtuma|juhtunud ."
54		 Neil oleks kahepeale üks paks klade , kuhu kannaksid kõik oma tundmused . 	see olema kahepeale üks paks klade , kuhu kandma kõik oma tundmus .
54		 Sõpru paraku polnud . 	sõber paraku olema .
54		 Kuid isegi siis , kui oleks olnud , poleks Peeter ikkagi seda teha julgenud . 	kuid isegi siis , kui olema olema|olnud , olema Peeter ikkagi see tegema julgema|julgenud .
54		 Väliseid muutusi ta ei kartnud , need lõbustasid teda . 	väline muutus tema ei kartma|kartnud , see lõbustama tema .
54		 Küll oli ta hirmul sisemiste ees . 	küll olema tema hirm sisemine ees .
54		 Peeter pelgas , et viga teeb ta jälle nooreks . 	Peeter pelgama , et viga tegema tema jälle noor .
54		 Surelikuks . 	surelik .
55		 Oli veel üks lisapõhjus , miks Peeter kohvikus käis . 	olema veel üks lisapõhjus , miks Peeter kohvik käima .
55		 See oli seotud sõrmusega . 	see olema seotud|siduma sõrmus .
55		 Pärast ema surma oli Peeter hakanud kandma ema sõrmust . 	pärast ema surm olema Peeter hakanud|hakkama kandma ema sõrmus .
55		 Ema sõrmust ei kandnud – see oli kihlasõrmus . 	ema sõrmus ei kandma|kandnud - see olema kihlasõrmus .
55		 Sõrmus mahtus väikesesse sõrme . 	sõrmus mahtuma väike|väikene sõrm .
55		 Peetril olid väiksed käed , kuid suuremad kui emal . 	Peeter|Peetri olema väike käsi , kuid suurem kui ema .
55		 Sõrm oli sõrmuse jaoks kindel paik . 	sõrm olema sõrmus jaoks kindel paik .
55		 Ometi oli ta sealt ühel päeval läinud . 	ometi olema tema sealt üks päev läinud|minema .
55		 Kuhu ta läks ? 	kuhu tema minema ?
55		 Oli ta nagu lambi vari , mille all ema talle väiksena raamatut ette luges ? 	olema tema nagu lamp vari , mis all ema tema väike raamat ette lugema ?
55		 Vari oli suur , suurem kui ema , ema libises varju sisse ja jäi sinna , kuni raamat läbi sai . 	vari olema suur , suurem kui ema , ema libisema vari sisse ja jääma sinna , kuni raamat läbi saama .
55		 Või jõudis kohta , kus saabus uni . 	või jõudma koht , kus saabuma uni .
55		 Hommikul varju enam polnud , kuid esimene asi , millel ärkava lapse silm peatus , oli laes rippuva lambi pruun kuppel . 	hommik vari enam olema , kuid esimene asi , mis ärkav laps silm peatuma , olema laad|lagi rippuv lamp pruun kuppel .
56		 Peeter teadis , kelle käes sõrmus on . 	Peeter teadma , kes käes sõrmus olema .
56		 See oli sama kelner , kes teda peremeheks oli pidanud , tema poole paar sammu teinud , kuid siis ümber mõelnud . 	see olema sama kelner , kes tema peremees olema pidama|pidanud , tema poole paar samm tegema|teinud , kuid siis ümber mõelnud|mõtlema .
56		 Ta tahtis talle sõrmust tagasi anda ! 	tema tahtma tema sõrmus tagasi andma !
56		 Kelner oli kahekümne ringis noormees , punaseid juukseid hoidis kollane pael . 	kelner olema kakskümmend ringis noormees , punane juus hoidma kollane pael .
56		 Nüüd , kus ta sõrmust juba paar nädalat enda käes oli hoidnud , polnud tagastamine enam niisama lihtne . 	nüüd , kus tema sõrmus juba paar nädal ise käes olema hoidma|hoidnud , olema tagastamine enam niisama lihtne .
56		 Küsima Peeter ei hakanud . 	küsima Peeter ei hakanud|hakkama .
56		 See oleks kriipsu peale tõmmanud . 	see olema kriips peale tõmbama|tõmmanud .
56		 Ja mitte ainult sõrmusele , vaid sõbrale . 	ja mitte ainult sõrmus , vaid sõber .
56		 Kuid uut elu tuli hoida nagu tuld tuha all . 	kuid uus elu tulema hoidma nagu tuli tuhk all .
56		 Vaid siis ei pruukinud pettuda . 	vaid siis ei pruukima|pruukinud pettuma .
57		" "" Teil on ilus sõrmus . "" "	""" sina olema ilus sõrmus . """
57		 Ütles Peeter Peetrile . 	ütlema Peeter Peeter|Peetri .
57		 ( Nad mõlemad olid Peetrid . ) 	( tema mõlema olema Peeter . )
58		" "" Puhas kuld . "" "	""" puhas kuld . """
58		 Vastas Peeter Peetrile . 	vastama Peeter Peeter|Peetri .
59		 Kuid kenam kui kuld oli muster : kaks sümmeetrilist ovaali , kaks tiiba , mille sooned kokku murdes kattusid . 	kuid kenam kui kuld olema muster : kaks sümmeetriline ovaal , kaks tiib , mis soon kokku murre kattuma .
59		 Sõrmust kokku murda muidugi ei saanud – see sündis kujutluses . 	sõrmus kokku murdma muidugi ei saama|saanud - see sündima kujutlus .
59		 Sellest omakorda sündis iha . 	see omakorda sündima iha .
60		 Peetril olid peened näojooned . 	Peeter|Peetri olema peen näojoon .
60		 Näonahk oli õhuke nagu siid , mille alt paistis vaid mõni üksik soon . 	näonahk olema õhuke nagu siid , mis alt paistma vaid mõni üksik soon .
60		 Ninasõõrmed tukslesid , kõrvalestad olid teravad . 	ninasõõre tukslema , kõrvalest olema terav .
60		 Peeter ootas hetke , kui noormees talle selja pööras , võttis kiiresti sõrmuse sõrmest ja pistis sinna , kus kõigi eelduste järgi oli tasku . 	Peeter ootama hetk , kui noormees tema selg pöörama , võtma kiiresti sõrmus sõrm ja pistma sinna , kus kõik eeldus järgi olema tasku .
60		 Peeter kandis väikest põlle , tasku oli selle all . 	Peeter kandma väike|väikene põll , tasku olema see all .
60		 Nüüd ootas ta ( Peeter ) , millal pronkspoiss ( ta oli ka seda , täiesti kirjeldamatul , kordumatul moel ) häbelikult naeratades tema juurde tuleb ja sõrmuse tagastab . 	nüüd ootama tema ( Peeter ) , millal pronkspoiss ( tema olema ka see , täiesti kirjeldamatu , kordumatu mood ) häbelikult naeratama tema juurde tulema ja sõrmus tagastama .
60		" Siis , just siis ütleb Peeter : "" See oli mõeldud kingitusena , kallis . "	"siis , just siis ütlema Peeter : "" see olema mõeldud|mõtlema kingitus , kallis ."
60		" Võta see endale . "" "	"võtma see ise . """
60		 See on viimane päev , mil Peeter kohvikut külastab . 	see olema viimane päev , mil Peeter kohvik külastama .
60		 Ta ei taha surra . 	tema ei tahtma surema .
61		 Kohviku uksel seisis Jaan. 	kohvik uks seisma Jaan .
61		 Jaan oleks pidanud surnud olema . 	Jaan olema pidama|pidanud surema|surnud olema .
61		 Jaan oli hüpanud üle kuristiku , jättes selja taha liivakasti külma liiva , kitsa õue ja kaevu . 	Jaan olema hüpanud|hüppama üle kuristik , jätma selg taha liivakast külm liiv , kitsas õu ja kaev .
61		 Peeter tundis Jaani kohe ära . 	Peeter tundma Jaan|Jaani kohe ära .
61		 Jaan teda mitte . 	Jaan tema mitte .
61		 Otsis ta ikka teda ? 	otsima tema ikka tema ?
61		 Võib olla oli see keegi teine ? 	võima olema olema see keegi teine ?
61		 Peeter lasi silmad maha , kuid tõstis siis jälle üles . 	Peeter laskma silm maha , kuid tõstma siis jälle üles .
61		 Silmi polnud kuhugi panna , silmad polnud peidetavad . 	silm olema kuhugi panema , silm olema peidetav .
61		 Silmad paistsid unest , aknaklaasist . 	silm paistma uni , aknaklaas .
61		 Jaan polnud surnud . 	Jaan olema surema|surnud .
62		 Enne kui Peeter aru sai , oli Jaan ta ära tundnud . 	enne kui Peeter aru saama , olema Jaan tema ära tundma|tundnud .
62		 Vähe sellest – lugu sellest , kuidas Jaan vahepeal oli elanud , oli lõppemas . 	vähe see - lugu see , kuidas Jaan vahepeal olema elama|elanud , olema lõppema .
62		 Ajas olid augud . 	ajama olema auk .
62		 Või olid need Peetri mälus ? 	või olema see Peeter|Peetri mälu ?
63		 Jaan nuttis . 	Jaan nutma .
63		 See oli kokkuvõtte sellest , mida polnud – ajast . 	see olema kokkuvõte see , mis olema - aeg .
63		 Jaanil oli olnud naine , kes tegi ta elu põrguks . 	Jaan|Jaani olema olema|olnud naine , kes tegema tema elu põrgu .
63		 Ta ei valetanud ; vale oli nutt . 	tema ei valetama|valetanud ; vale olema nutt .
63		 Tal polnud põhjust nutta . 	tema olema põhjus nutma .
63		 Jaani naine suri . 	Jaan|Jaani naine surema .
63		 Neil oli väike laps . 	tema olema väike laps .
63		 Laps oli kurt . 	laps olema kurt .
63		 Jaani pisararad läikisid nagu Lemmatsi sülg . 	Jaan|Jaani pisararg läikima nagu Lemmats sülg .
63		 Pisarad jooksid Jaanile suhu ja Peetrile tuli meelde , et lapsena oli Jaanil olnud suur suu . 	pisar jooksma Jaan|Jaani suu ja Peeter|Peetri tulema meel , et laps olema Jaan|Jaani olema|olnud suur suu .
63		 Poleks ta nutnud ja pisaraid neelanud , poleks see Peetrile meenunud . 	olema tema nutma|nutnud ja pisar neelama|neelanud , olema see Peeter|Peetri meenuma|meenunud .
64		" "" See on veider , kuidas ma sind ära ei tundnud , "" ütles Jaan. "" Väljast tundsin , seest mitte . "" "	""" see olema veider , kuidas mina sina ära ei tundma|tundnud , "" ütlema Jaan . "" väljast tundma , seest mitte . """
65		" "" Seest võtab aega , "" vastas Peeter . "	""" seest võtma aeg , "" vastama Peeter ."
65		" Ning siis , lootes , et see Jaani jälle surnute sekka peletab – "" Seest võtab alati aega . "" "	"ning siis , lootma , et see Jaan|Jaani jälle surnu sekka peletama - "" seest võtma alati aeg . """
66		 Kuid Jaan ei teinud vihjest välja . 	kuid Jaan ei tegema|teinud vihje välja .
66		 Ta oli lihtne poiss . 	tema olema lihtne poiss .
66		 Ta oli ema tehtud – härjavere ja kalamaksaõliga . 	tema olema ema tegema|tehtud - härjaveri ja kalamaksaõli .
66		 Peeter ei tundnud tema vastu midagi . 	Peeter ei tundma|tundnud tema vastu miski .
66		 Jaan oli nagu raudteejaam , mis kandis Peetri nime . 	Jaan olema nagu raudteejaam , mis kandma Peeter|Peetri nimi .
66		 Tänu temale ta teadis , kes ta on . 	tänu tema tema teadma , kes tema olema .
66		 Teadis ka haigutav vedurijuht . 	teadma ka haigutav vedurijuht .
66		 Kuid tema magas . 	kuid tema magama .
66		 Ja vedur vilistas . 	ja vedur vilistama .
67		 Bussis oli vähe rahvast . 	Bussis olema vähe rahvas .
67		 Kuid Peeter ei istunud . 	kuid Peeter ei istuma|istunud .
67		 Talle meeldis püsti seista . 	tema meeldima püsti seisma .
67		 Bussis oli vaikne . 	Bussis olema vaikne .
67		 Ukse kõrval istus karkudega naine . 	uks kõrval istuma kark naine .
67		 Ta tuli samast peatusest peale , kust Peetergi . 	tema tulema sama peatus peale , kust Peeter .
67		 Peeter oli teda ükskord püüdnud aidata . 	Peeter olema tema ükskord püüdma|püüdnud aitama .
67		 Kuid naine polnud seda sallinud . 	kuid naine olema see sallima|sallinud .
67		 Ta ei tahtnud , et teda aidatakse . 	tema ei tahtma|tahtnud , et tema aitama .
67		 Ma võin tasakaalu kaotada , kui te mind puudutate , ütles naine . 	mina võima tasakaal kaotama , kui sina mina puudutama , ütlema naine .
67		 Ja tal oli õigus . 	ja tema olema õigus .
67		 Igaks juhuks hoidis Peeter ennast siiski naise lähedusse . 	iga juht hoidma Peeter ise siiski naine lähedus .
67		 Pealegi oli naine rase . 	pealegi olema naine rase .
67		 Mõttes pani Peeter ennast naise olukorda . 	mõte panema Peeter ise naine olukord .
67		 See oli kerge – ennast vihkas ta nagunii . 	see olema kerge - ise vihkama tema nagunii .
67		 Või õigemini oma noorust . 	või õigemini oma noorus .
67		 Olematuse nähtamatut kuristikku . 	olematus nähtamatu kuristik .
67		 Naise nahas oleks Peeter ennast täpselt samuti tundnud . 	naine nahk olema Peeter ise täpselt samuti tundma|tundnud .
67		 Ka tema oleks abistava käe kõrvale lükanud . 	ka tema olema abistav käsi kõrvale lükanud|lükkama .
67		 Kuid kui tema ja naise lapsepõlv mingis ükspuha kui tühises või tahmases üksikasjas või seigas sarnanesid – selles polnud vähimatki kahtlust ! – , siis kiitnuks Peeter südames tolle veidra abipakkuja teguviisi heaks . 	kuid kui tema ja naine lapsepõlv mingi ükspuha kui tühine või tahmane üksikasi või seik sarnanema - see olema vähim kahtlus ! - , siis kiitma Peeter süda too veider abipakkuja teguviis heaks .
67		 Peeter tundis , kuidas teda pole , kuidas ta muutub mõneks naisele meelepäraseks märkamatuks asjaks . 	Peeter tundma , kuidas tema olema , kuidas tema muutuma mõni naine meelepärane märkamatu asi .
67		 Ta ei teadnud , mis need asjad olla võisid . 	tema ei teadma|teadnud , mis see asi olema võima .
67		 Ta teadis – ja muutus selle järgi – asju , mis olid talle endale armsad : lamp , raamat . 	tema teadma - ja muutuma see järgi - asi , mis olema tema ise armas : lamp , raamat .
67		 Neid asju oli rohkemgi : surematus sünnitas sõpru juurde . 	see asi olema rohkem : surematus sünnitama sõber juurde .
68		 Peeter oli naine . 	Peeter olema naine .
68		 Mida rohkem ta mees oli , seda enam ta naiseks muutus . 	mis rohkem tema mees olema , see enam tema naine muutuma .
68		 Ja vastupidi . 	ja vastupidi .
69		 Kuid Peeter oli ka laps . 	kuid Peeter olema ka laps .
69		 Veel sündimata , kuid juba surnud . 	veel sündimata , kuid juba surema|surnud .
70		 Buss peatus . 	buss peatuma .
71		 Peeter ja naine olid nagu kaev ja pangega poiss . 	Peeter ja naine olema nagu kaev ja pang poiss .
71		 Vesi loksus üle ääre . 	vesi loksuma üle äär .
72		 Naine läks Peetri ees . 	naine minema Peeter|Peetri ees .
72		 Nad mõlemad olid bussist väljunud – Peeter distantsil , naine omaette . 	tema mõlema olema buss väljuma|väljunud - Peeter distants , naine omaette .
73		 Naine lõhnas lapse järel . 	naine lõhnama laps järel .
73		 See laps oli Peeter . 	see laps olema Peeter .
73		 Ta ei tohtinud teada , mida teadis . 	tema ei tohtima|tohtinud teadma , mis teadma .
73		 Kuid veel vähem tohtis seda naine . 	kuid veel vähem tohtima see naine .
73		 Peeter kartis tema pärast . 	Peeter kartma tema pärast .
73		" Ometi kuulis ta , kuidas naine ( oli vaikne õhtu ) sosistab – "" Surma ei ole , surma ei ole . "" "	"ometi kuulma tema , kuidas naine ( olema vaikne õhtu ) sosistama - "" surm ei olema , surm ei olema . """
74		 Viimasel ajal oli nii , et Peeter ei mäletanud enam , kuhu ta oma asjad pani . 	viimane aeg olema nii , et Peeter ei mäletama|mäletanud enam , kuhu tema oma asi panema .
74		 Kuid veelgi hullem oli siis , kui ta täpselt teadis – siis jäi kaotsiläinud asi kindla peale kadunuks . 	kuid veelgi hullem olema siis , kui tema täpselt teadma - siis jääma kaotsiläinud asi kindel peale kadunu .
74		 Põhjus oli väga lihtne – asja polnud seal kunagi olnud . 	põhjus olema väga lihtne - asi olema seal kunagi olema|olnud .
74		 Kuid just siis hakkas kujutlus tööle . 	kuid just siis hakkama kujutlus töö .
74		 Kahe või kolme koha vahel , kus asi võis peidus olla , tekkisid ühendusteed , asi liikus kohast kohta , paigast paika . 	kaks või kolm koha|koht vahel , kus asi võima peit olema , tekkima ühendustee , asi liikuma kohane koht , paik paik .
74		 Nii tekkisid terved lood ja lugude kangelased . 	nii tekkima terve lood|loog|lugu ja lugu kangelane .
74		 Mõnel lool tundus olevat otsene side Peetri eluga , kuid rohkem oli neid , kus valitses puhas fantaasia . 	mõni lood|loog|lugu tunduma olema otsene side Peeter|Peetri elu , kuid rohkem olema see , kus valitsema puhas fantaasia .
74		 Peeter oli selle üle üllatunud , sest kujutlusvõime lopsakusega polnud ta kunagi hiilanud . 	Peeter olema see üle üllatuma|üllatunud , sest kujutlusvõime lopsakus olema tema kunagi hiilama|hiilanud|hiilgama .
74		 Kõik oli nii tavaline . 	kõik olema nii tavaline .
74		 Isegi elu . 	isegi elu .
74		 Isegi armastus . 	isegi armastus .
74		 Mõlemad pidid kaduma . 	mõlema pidama kaduma .
74		 Kuid kui armastus kadus , siis elu tuli tagasi . 	kuid kui armastus kaduma , siis elu tulema tagasi .
74		 Armastus polnud elu . 	armastus olema elu .
74		 Kuid elu oli palju muud kui armastus . 	kuid elu olema palju muu kui armastus .
74		 Armastus oli haigus : mida kauem ta kestis , seda vähem oli elu . 	armastus olema haigus : mis kauem tema kestma , see vähem olema elu .
74		 Armastusest oli Peeter tervenenud . 	armastus olema Peeter tervenema|tervenenud .
74		 Ta elas nüüd ainsat tõelist elu – surematust . 	tema elama nüüd ainus tõeline elu - surematus .
75		 Peeter oli juba mitmendat päeva ametis sellega , et teha oma korterist paik , kuhu surm võib tulla , kuid loomulikult . 	Peeter olema juba mitmes päev amet see , et tegema oma korter paik , kuhu surm võima tulema , kuid loomulikult .
75		 Ta ei kartnud enda pärast . 	tema ei kartma|kartnud ise pärast .
75		 Tema elu oli igavene . 	tema elu olema igavene .
75		 Pärast ema ja isa matuseid oli ta selles veendunud . 	pärast ema ja isa matus olema tema see veenduma|veendunud .
75		 Matused oli maskeraad . 	matus olema maskeraad .
75		 Kusjuures nii halvasti korraldatud ja läbinähtavalt võltsilt ja ebausutavalt mängitud , et jäi üle imestada , kuidas teised seda ei märganud . 	kusjuures nii halvasti korraldama|korraldatud ja läbinähtavalt võltsilt ja ebausutavalt mängima|mängitud , et jääma üle imestama , kuidas teine see ei märganud|märkama .
75		 Kuid kui polnud matuseid , siis polnud ka elu . 	kuid kui olema matus , siis olema ka elu .
75		 Polnud vanemaid . 	olema vanem .
75		 Polnud kunagi olnud . 	olema kunagi olema|olnud .
75		 Nii see oli . 	nii see olema .
75		 Peeter oli neile ainus ja armas laps , kuid nemad Peetrile vaid kahetsusväärsed varjud . 	Peeter olema tema ainus ja armas laps , kuid tema Peeter|Peetri vaid kahetsusväärne vari .
76		 Peeter rebis laest ja seinast konkse . 	Peeter rebima laad|lagi ja sein konks .
76		 Konkse oli palju . 	Konkse olema palju .
76		 Neid konkse . 	see konks .
76		 Kõiki konkse polnud tarvis puutuda . 	kõik konks olema tarvis puutuma .
76		 Ainult neid . 	ainult see .
76		 Konksude kõrvaldamine oli hea . 	konks kõrvaldamine olema hea .
76		 Ainus halb asi oli see , et korteri seinad , kus varem olid rippunud pildid , muutusid kõledaks . 	ainus halb asi olema see , et korter sein , kus varem olema rippuma|rippunud pilt , muutuma kõle .
76		 Kuid Peeter lubas endale , et muretseb piltidega tapeedi . 	kuid Peeter lubama ise , et muretsema pilt tapeet .
76		 Piltidel on mets , võib olla üks suur mets , mis katab terve seina , kogu tapeedi . 	pilt olema mets , võima olema üks suur mets , mis katma terve sein , kogu tapeet .
76		 Mets on nii päris , maastik nii tõeline , et ei teki mingit tahtmist sinna ise minna . 	mets olema nii päris , maastik nii tõeline , et ei tekkima mingi tahtmine sinna ise minema .
77		 Siis tuli see , kelle jaoks ta seda kõike oli teinud . 	siis tulema see , kes jaoks tema see kõik olema tegema|teinud .
78		 Ta seisis ukse taga . 	tema seisma uks taga .
78		 Kui Peeter ukse avas , hoidis ta kätt ikka veel kellanupul . 	kui Peeter uks avama , hoidma tema käsi ikka veel kellanupp .
78		 Peeter tundis oma südames sellist õrnust , mis võinuks ta tappa . 	Peeter tundma oma süda selline õrnus , mis võima tema tapma .
79		" "" Kas sa ei kuule ? "" "	""" kas sina ei kuulma ? """
80		" "" Kuulen . "" "	""" kuulma . """
81		" "" Miks sa siis helistad ? "" "	""" miks sina siis helistama ? """
82		" "" Kell ei tööta . "" "	""" kell ei töötama . """
83		 Alles nüüd sai ka Peeter aru , et seljataga toas oli vaikne . 	alles nüüd saama ka Peeter aru , et seljataga tuba olema vaikne .
83		 Kuidas ta siis teadis , et keegi on ukse taga ? 	kuidas tema siis teadma , et keegi olema uks taga ?
84		" "" Mida sa tahad ? "" "	""" mis sina tahtma ? """
85		" "" Surra . "" "	""" surema . """
86		" "" Miks sa arvad , et mina sind surra aitan ? "" "	""" miks sina arvama , et mina sina surema aitama ? """
87		" "" Sa ise oled juba surnud . "	""" sina ise olema juba surema|surnud ."
87		" Sa tead . "" "	"sina teadma . """
88		" "" Kust sa seda võtad ? "" "	""" kust sina see võtma ? """
89		" "" Isa ütles . "" "	""" isa ütlema . """
90		" "" Kes su isa on ? "" "	""" kes sina isa olema ? """
91		" "" Jaan. "	""" Jaan ."
91		" Sa rääkisid talle . "" "	"sina rääkima tema . """
92		" "" Ah siis sina oledki Eugen ... "" "	""" ah siis sina olema Eugen ... """
93		 Eugen oli väike ja kõhn . 	Eugen olema väike ja kõhn .
93		 Ta polnud kurt . 	tema olema kurt .
93		 Miks isa siis valetas ? 	miks isa siis valetama ?
94		" "" Muidu ei tule pisarad . "	""" muidu ei tulema pisar ."
94		 Pisarad ei tule , kui midagi ei ütle . 	pisar ei tulema , kui miski ei ütlema .
94		 Vahel ta ütleb , et olen surnud . 	vahel tema ütlema , et olema surema|surnud .
94		 Või raskelt haige . 	või raskelt haige .
94		" Siis on lörin taga . "" "	"siis olema lörin taga . """
95		" "" Ma sain sellest kohe aru . "" "	""" mina saama see kohe aru . """
96		" "" Millest ? "" "	""" mis ? """
97		" "" Sellest , et isa valetab . "" "	""" see , et isa valetama . """
98		 Vaikus . 	vaikus .
99		" "" Ma jään paariks päevaks . "	""" mina jääma paar päev ."
99		" Kui sa lubad . "" "	"kui sina lubama . """
100		 Eugen magas nagu loode , käed jalgade vahel . 	Eugen magama nagu loe|loode , käsi jalg vahel .
100		 Eugeni pea oli nagu muna . 	Eugen pea olema nagu muna .
100		 Ta magas hääletult . 	tema magama hääletult .
100		 Riided olid korralikult toolileenil , püksid säärtpidi kokku murtud , kulunud pintsak peal . 	riie olema korralikult toolileen , püks säärtpidi kokku murdma|murtud , kuluma|kulunud pintsak peal .
100		 Pintsaku nööbid helkisid pimeduses nagu lambid – aknast paistis tuppa täiskuu . 	pintsak nööp helkima pimedus nagu lamp - aken paistma tuba täiskuu .
100		 Narmendavad botased oli Eugen pannud tooli ette . 	narmendav botas olema Eugen panema|pannud tool ette .
100		 Teki serva alt paistsid villased sokid . 	tekk serv alt paistma villane sokk .
100		 Poiss oli need jalga jätnud . 	poiss olema see jalga jätma|jätnud .
100		 Oli tal külm ? 	olema tema külm ?
101		 Klomp tõusis kurku , hellus lämmatas . 	klomp tõusma kurk , hellus lämmatama .
101		 Oli näha , et Eugen peab enda eest ise hoolitsema . 	olema nägema , et Eugen pidama ise eest ise hoolitsema .
101		 Tal polnud kedagi . 	tema olema keegi .
102		 Peetril oli hea meel , et on surnud . 	Peeter|Peetri olema hea meel , et olema surema|surnud .
102		 Muidu oleks võinud juhtuda midagi hirmsat . 	muidu olema võima|võinud juhtuma miski hirmus .
102		 Surematutel on ükspuha , kas olla elus või surnud . 	Surematu olema ükspuha , kas olema elu või surema|surnud .
102		 Kuid nad ei saa armastada . 	kuid tema ei saama armastama .
102		 Ei saa ega taha . 	ei saama ega tahtma .
103		 Nad istusid köögis . 	tema istuma köök .
103		 Peeter pakkus Eugenile süüa . 	Peeter pakkuma Eugen sööma .
103		 Mitte liiga innukalt . 	mitte liiga innukalt .
103		 Justkui muuseas . 	justkui muuseas .
104		" "" Mul jalad haisevad , "" ütles Eugen "	""" mina jalg haisema , "" ütlema Eugen"
105		 Peeter võpatas . 	Peeter võpatama .
105		 Teadis ta sellest , et Peeter öösel tema voodi kõrval istus ? 	teadma tema see , et Peeter öösel tema voodi kõrval istuma ?
105		 Kuidas muidu ta nii öelda oskas ? 	kuidas muidu tema nii ütlema oskama ?
105		 Või luges ta mõtteid ? 	või lugema tema mõte ?
106		" "" Ma ei võta kunagi sokke jalast . "	""" mina ei võtma kunagi sokk jalg ."
106		 Kui võtaks , ei saaks ma öösel magada . 	kui võtma , ei saama mina öösel magama .
106		" Lõhn ajaks üles . "" "	"lõhn aeg üles . """
107		 Peeter ohkas kergendatult . 	Peeter ohkama kergendatult .
108		" "" Kas sul ka lõhnavad ? "" "	""" kas sina ka lõhnav ? """
109		" "" Miks sa seda arvad ? "" "	""" miks sina see arvama ? """
110		" "" Ohkasid . "	""" ohkama ."
110		" Kui inimene ohkab , on tal mure . "" "	"kui inimene ohkama , olema tema mure . """
111		" "" Ei , muret mul pole . "" "	""" ei , mure mina olema . """
112		" "" Nojah , oled ju surnud . "	""" nojah , olema ju surema|surnud ."
112		" Räägi , kuidas sa surnud oled . "" "	"rääkima , kuidas sina surema|surnud olema . """
113		" "" Mul on nii lihtsam . "" "	""" mina olema nii lihtsam . """
114		" "" Kuidas lihtsam ? "" "	""" kuidas lihtsam ? """
115		" "" Ma ei armasta enam kedagi . "" "	""" mina ei armastama enam keegi . """
116		" "" Mina ka ei armasta . "	""" mina ka ei armastama ."
116		" Mina pole surnud . "" "	"mina olema surema|surnud . """
117		" "" Ütlesid , et tahad surra ? "" "	""" ütlema , et tahtma surema ? """
118		" "" Sa poleks muidu sisse lasknud . "" "	""" sina olema muidu sisse laskma|lasknud . """
119		" "" See on tõsi . "	""" see olema tõsi ."
119		" Ilma peeglita poleks lasknud . "" "	"ilma peegel olema laskma|lasknud . """
120		" "" Sulle meeldivad peeglid ? "" "	""" sina meeldima peegel ? """
121		" "" Veaga . "" "	""" Veaga . """
122		 Eugen õngitses pintsaku rinnataskust kandilise peegli . 	Eugen õngitsema pintsak rinnatasku kandiline peegel .
122		 Peegel oli tasku põhja vajunud , läks aega , enne kui ta selle sealt kätte sai . 	peegel olema tasku põhi vajuma|vajunud , minema aeg , enne kui tema see sealt käsi saama .
123		" "" Minul viga pole . "" "	""" mina viga olema . """
124		" "" Siis on hästi . "" "	""" siis olema hästi . """
125		" "" See on isa oma . "	""" see olema isa oma ."
125		 Kinkis mulle ükskord . 	kinkima mina ükskord .
125		 Vaata , ütles , mina olen väsinud . 	vaatama , ütlema , mina olema väsima|väsinud .
125		 Kui mul vähegi jõudu oleks , vaataks edasi . 	kui mina vähegi jõud olema , vaatama edasi .
125		" Aga ma ei jõua . "" "	"aga mina ei jõudma . """
126		" "" Sa vaatad ? "" "	""" sina vaatama ? """
127		" "" Ei . "	""" ei ."
127		 See on esimene kord pärast kinkimist , kui ma ta välja võtan . 	see olema esimene kord pärast kinkimine , kui mina tema välja võtma .
127		" Kust sa teadsid , et mul peegel on ? "" "	"kust sina teadma , et mina peegel olema ? """
128		" "" Taskust . "	""" tasku ."
128		 Ääred paistsid läbi riide . 	äär paistma läbi riie .
128		" Mulle tuli meelde üks väike poiss , kes seisis kaevurakmeil , käes raske pang . "" "	"mina tulema meel üks väike poiss , kes seisma kaevurakmed , käsi raske pang . """
129		" "" Sa armastasid teda ? "" "	""" sina armastama tema ? """
130		" "" Väga . "" "	""" väga . """
131		" "" Siis sa polnud veel surnud . "" "	""" siis sina olema veel surema|surnud . """
132		" "" Ei , siis veel mitte . "" "	""" ei , siis veel mitte . """
133		" "" Millal sa surid ? "" "	""" millal sina surema ? """
134		" "" Ammu . "" "	""" ammu . """
135		" "" Sa ei taha öelda . "" "	""" sina ei tahtma ütlema . """
136		" "" Pole mõtet . "" "	""" olema mõte . """
137		" "" Millel on ? "" "	""" mis olema ? """
138		 Eugenil olid sõbrad . 	Eugen olema sõber .
138		 Peeter nägi neid aknast . 	Peeter nägema see aken .
138		 Tundus , nagu oleksid nad tummad . 	tunduma , nagu olema tema tumm .
138		 Ainuke , kes rääkis , oli Eugen . 	ainuke , kes rääkima , olema Eugen .
138		 Peetrile tuli meelde , et Jaan oli talle öelnud , et tema laps ei kuule . 	Peeter|Peetri tulema meel , et Jaan olema tema öelnud|ütlema , et tema laps ei kuulma .
138		 Jaan pidi nutma . 	Jaan pidama nutma .
138		 Ta ei saanud teisiti . 	tema ei saama|saanud teisiti .
138		 Nutmine oli tema teine loomus . 	Nutmine olema tema teine loomus .
138		 Kuid neid asju , mis nutma ajasid , jäi ikka vähemaks ja vähemaks . 	kuid see asi , mis nutma ajama , jääma ikka vähem ja vähem .
138		 Varsti olid nad maailmast päriselt kadunud . 	varsti olema tema maailm päriselt kaduma|kadunud .
138		 Kui ütlesid , et on , siis ka olid . 	kui ütlema , et olema , siis ka olema .
138		 Ja võisid nutta . 	ja võima nutma .
138		 Kui Peeter aknast Eugeni sõpru nägi , oli tal kahju , et Jaani tema kõrval polnud . 	kui Peeter aken Eugen sõber nägema , olema tema kahi|kahju , et Jaan|Jaani tema kõrval olema .
138		 Eugen oli nende juht . 	Eugen olema tema juht .
138		 Nad kuulasid Eugenit . 	tema kuulama Eugen .
138		 Kuid Eugenil oli raske ennast neile arusaadavaks teha . 	kuid Eugen olema raske ise tema arusaadav tegema .
138		 Kord oli asi , mida ta neile selgitada üritas , suur . 	kord olema asi , mis tema see selgitama üritama , suur .
138		 Siis ajas Eugen käed laiali . 	siis ajama Eugen käsi laiali .
138		 Jäi mulje , nagu tahaks ta kedagi emmata . 	jääma mulje , nagu tahtma tema keegi embama .
138		 Kord oli asi väike . 	kord olema asi väike .
138		 See oli kas sama asi väiksemal kujul või uus asi – näiteks kanamuna . 	see olema kas sama asi väiksem kuju või uus asi - näide kanamuna .
138		 Sõbrad , kaks poissi ja üks tüdruk , küürutasid ennast Eugeni käte kohale . 	sõber , kaks poiss ja üks tüdruk , küürutama ise Eugen käsi kohale .
138		 Tüdruk oli kiirem , tugevam ja taibukam , nagu kana teri , napsas ta poiste eest teadmisi , mille ühtlane jaotamine tundus olevat Eugeni eesmärk . 	tüdruk olema kiirem , tugevam ja taibukam , nagu kana tera , napsama tema poiss eest teadmine , mis ühtlane jaotamine tunduma olema Eugen eesmärk .
138		 Selle omapärase mänguga – kui see ikka oli mäng – liitus ka ümbrus . 	see omapärane mäng - kui see ikka olema mäng - liituma ka ümbrus .
138		 Oli mingi imelik , sõnades väljendamatu kooskõla tallatud rohu ( maja ees oli muru ) , irvakil suuga prügikasti , lõhutud pinkide , pesukuivatamispostide ja selle vahel , kuidas Eugen energiliste , sõnu asendavate viibetega oma sõpru suunas ja veenis . 	olema mingi imelik , sõna väljendamatu kooskõla tallama|tallatud rohi ( maja ees olema muru ) , irvakil suu prügikast , lõhkuma|lõhutud pink , pesukuivatamispost ja see vahel , kuidas Eugen energiline , sõna asendav viibe oma sõber suund ja veenma .
138		 Mõnikord tundus , et see läks korda . 	mõnikord tunduma , et see minema kord .
138		 Kuid siis , äkitselt , justkui oleks tirisenud mingi nähtamatu kell , oli kõik läbi ja lapsed ( kui nad ikka olid lapsed ) läksid lahku , nagu poleks nad üksteist kunagi tundnud . 	kuid siis , äkitselt , justkui olema tirisema|tirisenud mingi nähtamatu kell , olema kõik läbi ja laps ( kui tema ikka olema laps ) minema lahku , nagu olema tema üksteise kunagi tundma|tundnud .
138		 See oli hääl , mis neid kutsus . 	see olema hääl , mis tema kutsuma .
138		 Hääl tuli ülalt – kaheksandalt korruselt või kõrgemalt . 	hääl tulema ülalt - kaheksas korrus või kõrgemalt .
138		 Osa aknaid oli lahti . 	osa aken olema lahti .
138		 Eugenit see vihastas , ta raputas rusikat ja lõi jalaga vastu maad . 	Eugen see vihastama , tema raputama rusikas ja looma|lööma jalg vastu maa .
138		 Kuid sellest polnud kasu – lapsed läksid . 	kuid see olema kasu - laps minema .
138		 Aga nad tulid tagasi . 	aga tema tulema tagasi .
139		 Öösel istus Peeter jälle Eugeni voodi kõrval . 	öösel istuma Peeter jälle Eugen voodi kõrval .
139		 Lämmatav õrnus kurgus ja hinges , jälgis ta helendavatelt õlanukkidelt , udusulis kaelalt ning kokkupigistatud sõrmedelt nagu teleekraanilt päevasi sündmusi , uusimaid uudiseid , mida Peeter juba teadis , kuid mis teda endiselt erutasid . 	Lämmatav õrnuma kurk ja hing|hinge , jälgima tema helendav õlanukk , udusuli kael ning kokkupigistatud sõrm nagu teleekraan päevasi sündmus , uusim uudis , mis Peeter juba teadma , kuid mis tema endiselt erutama .
139		 Ta tundis vastupandamatut igatsust heita Eugeni kõrvale . 	tema tundma vastupandamatu igatsus heitma Eugen kõrvale .
139		 Suruda ennast tema vastu . 	suruma ise tema vastu .
139		 Kaitsta teda kilbina . 	kaitsma tema kilp .
139		 Olla talle tekiks ja padjaks . 	olema tema tekkima ja padi .
139		 Aga ta suutis ennast taltsutada . 	aga tema suutma ise taltsutama .
139		 Tema aknas polnud viga . 	tema aken olema viga .
139		 Ta polnud teadnud , et tal on – veatu aken . 	tema olema teadma|teadnud , et tema olema - veatu aken .
139		 Ja see tegi talle rõõmu . 	ja see tegema tema rõõm .
140		 Iga päev , alates teisest , palus Eugen endale pikendust . 	iga päev , algama teisene , paluma Eugen ise pikendus .
140		 Ta ei saavat koju minna . 	tema ei saama kodu minema .
140		 Ning kuigi põhjused olid iga kord erinevad , uskumatudki ( kuidas uskuda seda , et isa on äkitselt surnud ? ) , sidus Peeter need ühte kimpu . 	ning kuigi põhjus olema iga kord erinev , uskumatu ( kuidas uskuma see , et isa olema äkitselt surema|surnud ? ) , siduma Peeter see ühte kimpu .
140		 Ühte lukku . 	ühe lugu|lukk .
140		 Mille võti oli Peetri käes – tundis ta ju Jaani , mäletas tühja tuba ja hoovi , kaevu ja liivakasti . 	mis võti olema Peeter|Peetri käsi - tundma tema ju Jaan|Jaani , mäletama tühi tuba ja hoov , kaev ja liivakast .
141		 Peeter lubas ja Eugen elas . 	Peeter lubama ja Eugen elama .
141		 Edasi . 	edasi .
142		 Kuuendal päeval tüdrukut ei tulnud . 	kuues päev tüdruk ei tulema|tulnud .
142		 Oli laupäev . 	olema laupäev .
142		 Eugen ja poisid mängisid liivakasti serval kaarte . 	Eugen ja poiss mängima liivakast serv kaart .
142		 Mõlemad poisid olid tõmmud . 	mõlema poiss olema tõmmu .
142		 Pikem kandis prille . 	Pikem kandma prill .
142		 Kui teised lapsed liiga lähedale tulid , heitis pikk üle prillide pilgu lähenejate poole , kes kohe aupaklikult ohutusse kaugusse taganesid . 	kui teine laps liiga lähedale tulema , heitma pikk üle prill pilk läheneja poole , kes kohe aupaklikult ohutu kaugus taganema .
142		 Lapsi oli hoovis vähe ja neil oli igav . 	laps olema hoov vähe ja tema olema igav .
142		 Nähes , et nende soovidele ei vastata – vähe sellest , neid võis oodata karistus – tõmbusid nad oma urgastesse tagasi ja jälgisid Eugeni ja tema sõprade tegevust eemalt , valmis vähimagi märguande peale saba liputades liivakasti poole jooksma . 	nägema , et tema soov ei vastama - vähe see , see võima ootama karistus - tõmbuma tema oma urgas tagasi ja jälgima Eugen ja tema sõber tegevus eemalt , valmis vähim märguanne peale saba liputama liivakast poole jooksma .
143		 Peeter ei tahtnud , et Eugen tema vaatlustest teada saab . 	Peeter ei tahtma|tahtnud , et Eugen tema vaatlus teadma saama .
143		 Kuid teda piinas teadmatus . 	kuid tema piinama teadmatus .
143		 Mis oli saanud tüdrukust ? 	mis olema saama|saanud tüdruk ?
143		 Paraku oli küsimus , mida ta ühtviisi nii varjata kui välja karjuda tahtis , igal pool . 	paraku olema küsimus , mis tema ühtviisi nii varjama kui välja karjuma tahtma , iga pool .
143		 Oli isegi seal , kus Peetrit ennast polnud . 	olema isegi seal , kus Peeter|Peetri ise olema .
143		 Külmutuskapis , lauanõudel , kahvlis ja noas . 	külmutuskapp , lauanõu , kahvel ja nuga .
143		 Ning metsas , mille Peeter oli lasknud tapeedi asemel üles riputada . 	ning mets , mis Peeter olema laskma|lasknud tapeet asemel üles riputama .
143		 Eugen sai kohe aru , mis Peetrit piinab . 	Eugen saama kohe aru , mis Peeter|Peetri piinama .
143		 Kuna aga Peetri juures elatud päevad olid talle õpetanud taktitunnet ( näiteks ei rääkinud ta enam nii tihti oma isa surmast ) , siis ei prahvatanud ta uudist kohe välja , vaid tegi seda justkui muuseas . 	kuna aga Peeter|Peetri juures elama|elatud|elatuma päev olema tema õpetama|õpetanud taktitunne ( näide ei rääkima|rääkinud tema enam nii tihti oma isa surm ) , siis ei prahvatama|prahvatanud tema uudis kohe välja , vaid tegema see justkui muuseas .
143		 Sõnad langesid Peetrile nagu uduvihm . 	sõna langema Peeter|Peetri nagu uduvihm .
143		 Nagu läbi udu – ja vihma – kuulis ta – ja nägi ! – , kuidas tüdruk ( tema nimi oli Eli ) ära viidi . 	nagu läbi udu - ja vihm - kuulma tema - ja nägema ! - , kuidas tüdruk ( tema nimi olema Eli ) ära viima .
143		 See juhtus viiendal päeval . 	see juhtuma viies päev .
143		 Hoovi sõitis auto , autost tuli välja ... 	hoov sõitma auto , auto tulema välja ...
144		" "" Ma tunnen teda , "" ütles Eugen . "	""" mina tundma tema , "" ütlema Eugen ."
144		" "" Tal on vanalinnas litsimaja . "	""" tema olema vanalinn litsimaja ."
144		 Tema nimi on Aleksander . 	tema nimi olema Aleksander .
144		 Kuid tal on ka vangla . 	kuid tema olema ka vangla .
144		" Kõik oleneb sellest , kuhu ta Eli viis . "" "	"kõik olenema see , kuhu tema Eli viis . """
145		" "" Kas võib juhtuda , et Eli enam tagasi ei tule ? "" "	""" kas võima juhtuma , et Eli enam tagasi ei tulema ? """
146		" "" Võib , "" sõnas Eugen ning lisas siis elutargalt – "" juhtuda . "" "	""" võima , "" sõnama Eugen ning lisama siis elutargalt - "" juhtuma . """
147		" "" Milles ta süüdi oli ? "" "	""" mis tema süüdi olema ? """
148		 Eugen kehitas õlgu ja ei vastanud . 	Eugen kehitama õlg ja ei vastama|vastanud .
149		" "" Me karjusime "" ema "" . "	""" mina karjuma "" ema "" ."
149		 Kas sa ei kuulnud ? 	kas sina ei kuulma|kuulnud ?
149		" Terve hoov rõkkas . "" "	"terve hoov rõkkama . """
150		" "" Ei ... "" "	""" ei ... """
151		" "" See on Sassi alati vedalaks teinud . "	""" see olema sassi alati vedalaks tegema|teinud ."
151		" Nüüd mitte . "" "	"nüüd mitte . """
152		" "" Kas Eli oli ema ? "" "	""" kas Eli olema ema ? """
153		" "" Loomulikult . "" "	""" loomulikult . """
154		 Peetri elul polnud mõtet . 	Peeter|Peetri elu olema mõte .
154		 Kuid surematuna ei saanud ta surra . 	kuid surematu ei saama|saanud tema surema .
154		 Kui ta teada saab , kuidas on teistega , alles siis . 	kui tema teadma saama , kuidas olema teine , alles siis .
154		 Ta elab nende pärast . 	tema elama tema pärast .
154		 Rohkemgi – nende nimel ! 	rohkem - see nimel !
154		 Ta mõtles , et kui surm tuleb – ettevalmistatud ruumi , ettevalmistatud ellu – ja on loomulik , siis on ka tema kord tulnud . 	tema mõtlema , et kui surm tulema - ettevalmistatud ruum , ettevalmistatud elu - ja olema loomulik , siis olema ka tema kord tulema|tulnud .
154		 Loobuda surematusest . 	loobuma surematus .
155		 Kuid seda ei juhtunud . 	kuid see ei juhtuma|juhtunud .
156		 Kui Peeter pühapäeva õhtul koju jõudis , lamas Eugen laelambi all . 	kui Peeter pühapäev õhtu kodu jõudma , lamama Eugen laelamp all .
156		 Ta oli alasti , ainult sokid olid jalas . 	tema olema alasti , ainult sokk olema jalg .
156		 Eugeni nahk helkis punakalt . 	Eugen nahk helkima punakalt .
156		 Nöör oli katki läinud . 	nöör olema katki läinud|minema .
156		 Lisavalu , mida kukkumine talle teha võis , ta ei tundnud . 	lisavalu , mis kukkumine tema tegema võima , tema ei tundma|tundnud .
156		 Peeter tõstis tooli püsti . 	Peeter tõstma tool püsti .
156		 Tool oli teel ukse juurde . 	tool olema tee uks juurde .
156		 Ka Eugeni riided olid tuba mööda laiali , põgenemise kaoses pilla-palla . 	ka Eugen riie olema tuba mööda laiali , põgenemine kaos pilla-palla .
156		 Üldse tundusid kõik asjad , lauast ja voodist alates ja maalitud metsaga lõpetades , olevat tummas sihitus liikumises . 	üldse tunduma kõik asi , laud ja voodi alates ja maalima|maalitud mets lõpetama , olema tumm sihitu liikumine .
157		 Peeter ronis toolile . 	Peeter ronima tool .
157		 Kui ta nöörijuppi lahti sõlmis , hakkas lamp liikuma . 	kui tema nöörijupp lahti sõlmima , hakkama lamp liikuma .
157		 Kuplist kukkus midagi kõlisedes põrandale . 	Kuplist kukkuma miski kõlisema põrand .
158		 See oli ema . 	see olema ema .
158		 See oli sõrmus . 	see olema sõrmus .
158		 Kuidas sõrmus sinna sattus ? 	kuidas sõrmus sinna sattuma ?
159		 See on üks neist lukkudest , millel pole võtit . 	see olema üks see lukk , mis olema võti .
159		 Küsimus , mida ei saa küsida . 	küsimus , mis ei saama küsima .
159		 Sest surma pole . 	sest surm olema .
160		 Peeter polnud kunagi tajunud lampi kui valguse andjat . 	Peeter olema kunagi tajuma|tajunud lamp kui valgus andja .
160		 Vari tuli enne valgust . 	vari tulema enne valgus .
160		 Toosama suur ja rahustav vari , mida ema oma õlgade ümber hoidis , kui Peetrile õhtuti ette luges . 	toosama suur ja rahustav vari , mis ema oma õlg ümber hoidma , kui Peeter|Peetri õhtuti ette lugema .
161		" Nüüd sai Peeter aru , miks pronkspoiss Peeter täna kohvikus politsei kutsuda lubas , kui ta talle kõrva sosistas : "" Jäta sõrmus endale . "	"nüüd saama Peeter aru , miks pronkspoiss Peeter täna kohvik politsei kutsuma lubama , kui tema tema kõrv sosistama : "" jätma sõrmus ise ."
161		" See on kingitus ! "" "	"see olema kingitus ! """
162		 Sel ööl magab Peeter rahulikult ja ilma unenägudeta . 	see öö magama Peeter rahulikult ja ilma unenägu .
162		 Ta teab , et kui ta hommikul ärkab , pole ta üksi . 	tema teadma , et kui tema hommik ärkama , olema tema üksi .
