par_nr	head	sentence	lemmas
1	 Sealtmaalt 	 Sealtmaalt 	sealtmaalt
2		 Karen Orlau 	Karen Orlau
3		 Neid , kes surevad noorelt , armastab jumal . 	see , kes surema noorelt , armastama jumal .
4		 Etso surus otsaesise vastu vihmast märga kivi . 	Etso suruma otsaesine vastu vihmane märg kivi .
4		 Selle jahedus leevendas tuikamist meelekohtades , kuid ei summutanud hääli : 	see jahedus leevendama tuikamine meelekoht , kuid ei summutama|summutanud hääl :
5		" "" Etso , tule ujuma ! "	""" Etso , tulema ujuma !"
5		 Ma ei taha üksi minna ! 	mina ei tahtma üksi minema !
5		" Tahan koos sinuga ! "" "	"tahtma koos sina ! """
6		" "" Kuidas see ometi juhtus ? ! "	""" kuidas see ometi juhtuma ? !"
6		 Nad olid ju kahekesi ! 	tema olema ju kahekesi !
6		" Annike ei läinud poisist sammugi eemale ... "" "	"Annike ei läinud|minema poiss samm eemale ... """
7		 Kõige valjemini kõlas Annikese isa vaikimine . 	kõige valjemini kõlama annike isa vaikimine .
8		 Annike oli Etso parim sõber . 	annike olema Etso parim sõber .
8		 Ainuke sõber . 	ainuke sõber .
8		 Nad mängisid koos , ehitasid onne ja parvetasid mõnikord salaja Hülgesaarele . 	tema mängima koos , ehitama onn ja parvetama mõnikord salaja hülgesaar .
8		 Külas nendevanuseid ei olnud , nad olid kahekesi ja kuulusid üksteisele . 	küla nendevanune ei olema|olnud , tema olema kahekesi ja kuuluma üksteise .
8		 Peaaegu nagu vend ja õde , aga nende vahel oli midagi enamat . 	peaaegu nagu vend ja õde , aga tema vahel olema miski enam .
9		 Etso oli tänulik , et Annikese isa ja ema nende salajastest mängudest ei teadnud . 	Etso olema tänulik , et annike isa ja ema tema salajane mäng ei teadma|teadnud .
9		 Need lõid erilise lähedusetunde , mida saladuse hoidmine süvendas . 	see looma|lööma eriline lähedusetunne , mis saladus hoidmine süvendama .
9		 Annike oli tema oma ... üleni . 	annike olema tema oma ... üleni .
10		 Kalda talu vanas küünis oli neil heina sees pesa . 	Kalda|Kallas talu vana küün olema tema hein sees pesa .
10		 Seal oli nii soe , et riideid ei läinud vajagi . 	seal olema nii soe , et riie ei läinud|minema vaja .
11		 Poiss mõtles heinalõhnalistele sosinatele , sellele , kuidas Annikese keha hõõgus . 	poiss mõtlema heinalõhnaline sosin , see , kuidas annike keha hõõgus .
11		 Kujutluspilt oli nii elav , et ta võis tüdruku naeru peaaegu kuulda . 	kujutluspilt olema nii elav , et tema võima tüdruk naer peaaegu kuulma .
12		 Annike ei näinud surnud välja , kui ta kaldale toodi . 	Annike ei nägema|näima|näinud surema|surnud välja , kui tema kallas tooma .
12		 Isa võttis tüdruku sülle ja viis ta mööda karjamaad üles , koju . 	isa võtma tüdruk süli ja viima tema mööda karjamaa üles , kodu .
13		 Etso tajus , et see äraviimine oli lõplik , sellisena ei kuulunud Annike enam talle . 	Etso tajuma , et see äraviimine olema lõplik , selline ei kuuluma|kuulunud annike enam tema .
13		 Üks päev maailmas , kus Annikest ei olnud , oli talumatu . 	üks päev maailm , kus annike ei olema|olnud , olema talumatu .
13		 Selliseid päevi oli ees hirmutavalt palju , üksteise järel ootamas , et oma hallis mõttetuses üle Etso veereda . 	selline päev olema ees hirmutavalt palju , üksteise järel ootama , et oma hall mõttetus üle Etso veerema .
14		 Kivi kriimustas otsaesist . 	Kivi kriimustama otsaesine .
14		 Valu viis mõtted mujale . 	valu viima mõte mujale .
14		 Etso lõi peaga vastu kivi . 	Etso looma|lööma pea vastu kivi .
14		 Veel kord . 	veel kord .
14		 Ja siis veel kord . 	ja siis veel kord .
14		 Esimene verepiisk , mis otsaesiselt voolas , segunes esimeste pisaratega . 	esimene verepiisk , mis otsaesiselt voolama , segunema esimene pisar .
14		 Ema ütles , et mehed ei nuta , aga Etso ei nutnudki , vaid karjus nagu loom ja rand kajas hirmunult vastu . 	ema ütlema , et mees ei nutma , aga Etso ei nutma , vaid karjuma nagu loom ja rand kajama hirmunult vastu .
15		 Peale raevukat vastuhakku tuli tuimus . 	peale raevukas vastuhakk tulema tuimus .
15		 Poiss kulges uimases äraolekus ja klammerdus pisiasjadesse : märkas üllatusega , mis maitse on vanal leival ja mõtles selle üle , istus veeämbrite ees ja silmitses kopsiku emaileeritud vart , unustas ennast terveks pärastlõunaks aknaklaasil jooksvaid vihmaniresid vaatama . 	poiss kulgema uimane äraolek ja klammerduma pisiasi : märkama üllatus , mis maitse olema vana leib ja mõtlema see üle , istuma veeämber ees ja silmitsema kopsik emaileerima|emaileeritud vars , unustama ise terve pärastlõuna aknaklaas jooksev vihmanire vaatama .
15		 Matusepäeva saabumist ta ei märganudki . 	matusepäev saabumine tema ei märkama .
16		 Etso alistus äraolevalt , kui ema talle tärgeldatud valge särgi ja piduliku ülikonna selga pani . 	Etso alistuma äraolevalt , kui ema tema tärgeldama|tärgeldatud valge särk ja pidulik ülikond selg panema .
16		 Kui ema poisi juukseid kammis , oli peeglist vastuvaatav nägu oma hajameelsuses peaaegu tõsine . 	kui ema poiss juus kammima , olema peegel vastuvaatav nägu oma hajameelsus peaaegu tõsine .
17		 Siis sai ta korraga aru , mida nad tegema lähevad . 	siis saama tema korraga aru , mis tema tegema minema .
17		 Tuimuse kaitsekiht kadus ja reaalsus muutus jälle peaaegu talumatuks . 	tuimus kaitsekiht kaduma ja reaalsus muutuma jälle peaaegu talumatu .
18		 Esimesel omapead jäetud hetkel põgenes Etso metsa . 	esimene omapead jäetud|jätma hetk põgenema Etso mets .
18		 Jooksis mööda põllutaguseid kaasikuid Kalda heinaküüni ja puges seal pessa . 	jooksma mööda põllutagune kaasik Kalda|Kallas heinaküün ja pugema seal pesa .
19		" "" Annike ... "" "	""" annike ... """
19		 Sosin oli harras palve . 	sosin olema harras palve .
19		" "" Annike , palun , ära sure ! "" "	""" annike , paluma , ära surema ! """
19		 Ta kordas seda algul läbi kurgus valutava nutu , pärast üha unisemalt , kuni magama jäi . 	tema kordama see algul läbi kurk valutav nutt , pärast üha unisemalt , kuni magama jääma .
20		 Kui ta ärkas , oli juba öö . 	kui tema ärkama , olema juba öö .
20		 Annike oli maetud . 	annike olema maetud|matma .
20		 Pesa aga oli soe ja täis tüdruku lõhna . 	pesa aga olema soe ja täis tüdruk lõhn .
20		 Etso kargas püsti . 	Etso kargama püsti .
20		 Annikese lõhn oli nii elav ja hõõguv , see tähendas midagi ! 	annike lõhn olema nii elav ja hõõguv , see tähendama miski !
20		 Lõhn ei saanud ilma tüdruku eneseta nii elus olla ... 	lõhn ei saama|saanud ilma tüdruk ise nii elus olema ...
21		 Siis korraga tuli selgus : Okasroosike ! 	siis korraga tulema selgus : Okasroosike !
21		 Annike ei olnud surnud , ta ainult magas ja ootas printsi , kes teda päästma tuleks . 	Annike ei olema|olnud surema|surnud , tema ainult magama ja ootama prints , kes tema päästma tulema .
21		 Etso pidi kiirustama . 	Etso pidama kiirustama .
22		 Tegutsemises oli tohutu kergendus . 	tegutsemine olema tohutu kergendus .
22		 Lootuses veel suurem . 	lootus veel suurem .
23		 Küüniuks kääksatas , kui Etso suveöösse sukeldus nagu säravate silmadega nirk . 	küüniuks kääksatama , kui Etso suveöö sukelduma nagu särav silm nirk .
24		 Rohutirtsud siristasid läbilõikavalt . 	rohutirts siristama läbilõikavalt .
24		 Leesi surnuaia õhk oli angervaksade ja elupuude lõhnast raske , aga jahe ja sõbralik . 	Leesi surnuaed õhk olema angervaks ja elupuu lõhn raske , aga jahe ja sõbralik .
24		 Meretuul silitas Etso nägu . 	meretuul silitama Etso nägu .
24		 Ta oli ärevil ja kummaliselt rõõmus ning see rõõm peegeldus vastu isegi surnuaiamaastikult . 	tema olema ärevil ja kummaliselt rõõmus ning see rõõm peegelduma vastu isegi surnuaiamaastik .
24		 Suveöölõhnad rääkisid temaga selgelt ja tungivalt . 	suveöölõhn rääkima tema selgelt ja tungivalt .
25		 Tööriistakuuri uks ei olnud lukus , seda hoidis ainult puupöör . 	tööriistakuur uks ei olema|olnud lukk , see hoidma ainult puupöör .
25		 Etso leidis lühikese varrega istutamislabida . 	Etso leidma lühike vars istutamislabidas .
25		 See oli poisi jaoks jõukohasem kui hauakaevajate tööriist , mis oli peaaegu sama pikk kui ta ise . 	see olema poiss jaoks jõukohasem kui hauakaevaja tööriist , mis olema peaaegu sama pikk kui tema ise .
26		 Annikese hauda ei olnud raske leida : värske lillekuhil paistis kaugele silma . 	annike haud ei olema|olnud raske leidma : värske lillekuhil paistma kaugele silm .
27		 Etso ladus pärjad hoolikalt haua kõrvale virna , paljastas liiva ja hakkas seda otse valge puuristi alt kühveldama . 	Etso laduma pärg hoolikalt haud kõrvale virn , paljastama liiv ja hakkama see otse valge puurist alt kühveldama .
28		 Pealtpoolt oli liiv pehmem ja Etso polnud väsinud . 	pealtpoolt olema liiv pehmem ja Etso olema väsima|väsinud .
28		 Mida edasi , seda raskemaks läks . 	mis edasi , see raskem minema .
28		 Labidavars hõõrus pöidlakülgedele villid ja need hakkasid valutama , kui liiv marrasnahale kogunes ja kaevamisel hõõrus . 	labidavars hõõruma pöidlakülg vill ja see hakkama valuma|valutama , kui liiv marrasnahk kogunema ja kaevamine hõõruma .
29		 Väljas läks aina valgemaks . 	väljas minema aina valgem .
29		 Linnud hakkasid laulma . 	lind hakkama laulma .
30		 Kui Etso labidas vastu kirstukaant lõi , oli poiss rampväsinud . 	kui Etso labidas vastu kirstukaas looma|lööma , olema poiss rampväsinud .
30		 Õõnes kopsatus andis jõudu juurde ja ta puhastas palavikulise kiirusega kirstu liivast , surus sõrmed kaane alla ja tõmbas . 	õõnes kopsatus andma jõud juurde ja tema puhastama palavikuline kiirus kirst liiv , suruma sõrm kaas alla ja tõmbama .
31		 Annike lebas valgete läikivate pitside vahel , seljas pidulik kleit , mida Etso polnud varem näinud . 	annike lebama valge läikiv pits vahel , selg pidulik kleit , mis Etso olema varem nägema|näima|näinud .
31		 Tüdruk oli nii võõras , et Etso sattus hämmeldusse . 	tüdruk olema nii võõras , et Etso sattuma hämmeldus .
31		 Mängukaaslase tavaliselt õhetav nägu , mille ilme oli muutlik nagu kevadine ilm , oli liikumatu ja sinakasvalge nagu oleks see savist voolitud ja üle värvitud . 	mängukaaslane tavaliselt õhetav nägu , mis ilme olema muutlik nagu kevadine ilm , olema liikumatu ja sinakasvalge nagu olema see savi voolima|voolitud ja üle värvima|värvitu|värvitud .
32		 Ometi olid nad jälle koos . 	ometi olema tema jälle koos .
32		 Ja ta oli ikkagi Okasroosike . 	ja tema olema ikkagi okasroosike .
32		 Etso sirutas käe välja ja puudutas Annikese nägu . 	Etso sirutama käsi välja ja puudutama annike nägu .
32		 See oli ootamatult külm . 	see olema ootamatult külm .
32		 Ta pigistas silmad kinni ja surus huuled surnu põsele . 	tema pigistama silm kinni ja suruma huul surnu põsk .
32		 See oli niiske , ja hirmutava maitsega , mis tuletas meelde rasket haigust ja kibedate rohtude lõhna . 	see olema niiske , ja hirmutav maitse , mis tuletama meel raske haigus ja kibe rohi lõhn .
32		 Poiss vaatas tüdrukule pingsalt otsa ning hetkeks tundus , et surnu ripsmed liigahtasid . 	poiss vaatama tüdruk pingsalt otsa ning hetk tunduma , et surnu ripse liigahtama .
32		 Või siiski mitte ? 	või siiski mitte ?
33		 Paistis , et põsemusist ei piisanud Okasroosikese äratamiseks . 	paistma , et põsemusi ei piisama|piisanud|piiskama okasroosike äratamine .
34		" Nad olid muuhulgas ka "" seda "" varem proovinud , aga midagi head selles ei olnud . "	"tema olema muuhulgas ka "" see "" varem proovima|proovinud , aga miski hea see ei olema|olnud ."
34		 Keelele jäi veider vesine maitse ja pealegi purskas Annike naerma ja puhus Etsole naeru kurku . 	keel jääma veider vesine maitse ja pealegi purskama annike naerma ja puhuma Etsole naer kurk .
35		 Aga kui see oli Okasroosikese äratamise reegel , siis tuli seda täita . 	aga kui see olema okasroosike äratamine reegel , siis tulema see täitma .
35		 Ja kuigi Annike tookord naerma hakkas , oli selles ikkagi olnud midagi erilist . 	ja kuigi annike tookord naerma hakkama , olema see ikkagi olema|olnud miski eriline .
35		 Ainult et nüüd olid ta huuled külmad ja niisked nagu tükk poest toodud sealiha . 	ainult et nüüd olema tema huul külm ja niiske nagu tükk pood toodud|tooma sealiha .
35		 Ja see lõhn ... 	ja see lõhn ...
35		 Üle Etso kukla lendas tahtmatu värin . 	üle Etso kukal lendama tahtmatu värin .
36		 Ta sulges silmad ja puudutas huultega Annikese suud . 	tema sulgema silm ja puudutama huul annike suu .
37		 Midagi ei juhtunud . 	miski ei juhtuma|juhtunud .
38		 Ja siis juhtus kõik . 	ja siis juhtuma kõik .
39		 Kui Etso järgmisel päeval koju jõudis , pidulik ülikond määrdunud , vaikides , kuid aeg-ajalt veidralt naeratades , viis ema ta linna . 	kui Etso järgmine päev kodu jõudma , pidulik ülikond määrduma|määrdunud , vaikima , kuid aeg-ajalt veidralt naeratama , viima ema tema linn .
40		 Etso harjus heasoovlikkust õhkuvate arstitädidega , mõne aja pärast oskas ta neile päris hästi vastata . 	Etso harjuma heasoovlikkus õhkuv arstitädi , mõni aeg pärast oskama tema tema päris hästi vastama .
40		 Põhiliselt selleks , et ema rahustada . 	põhiliselt see , et ema rahustama .
40		 Ema oli murelik ja see tegi Etso kurvaks . 	ema olema murelik ja see tegema Etso kurb .
40		 Samas ei osanud poiss emale seletada enda üksindust , rääkimata sellest , mida ta iga päev ootas . 	samas ei osanud|oskama poiss ema seletama ise üksindus , rääkima see , mis tema iga päev ootama .
40		 See oleks pannud kõik need heatahtlikud arstitädid heatahtlikkusest üle keema ja muutnud ema veelgi murelikumaks . 	see olema panema|pannud kõik see heatahtlik arstitädi heatahtlikkus üle keema ja muutma|muutnud ema veelgi murelikum .
41		 Etso ei kavatsenud sellest kunagi kellelegi rääkida . 	Etso ei kavatsema|kavatsenud see kunagi keegi rääkima .
41		 See polnud teadlik otsus , vaid enesestmõistetav tabu . 	see olema teadlik otsus , vaid enesestmõistetav tabu .
41		 Saladus , mis hoidis end ise salajas . 	saladus , mis hoidma ise ise salajas .
42		 Ta teadis , et saab õhtul Annikesega kokku . 	tema teadma , et saama õhtu annike kokku .
42		 Oli tarvis ainult oodata , kuni kõik teised magama jäävad , ja ta leiab Annikese enda kõrvalt . 	olema tarvis ainult ootama , kuni kõik teine magama jääma , ja tema leidma annike ise kõrvalt .
43		" "" Sa oled päriselt tagasi ? "" "	""" sina olema päriselt tagasi ? """
44		" "" Muidugi päriselt . "" "	""" muidugi päriselt . """
44		 Annike näpistab Etsot , nii et hommikul on poisi käsivarrel sinine plekk . 	annike näpistama Etsot , nii et hommik olema poiss käsivars sinine plekk .
45		" "" Aga mitte päris päriselt ? "	""" aga mitte päris päriselt ?"
45		" Hommikul lähed sa ju jälle ära ? "" "	"hommik minema sina ju jälle ära ? """
46		" "" Nii on lihtsam . "" "	""" nii olema lihtsam . """
46		 Annike on hetkeks kurb , aga see kaob ta näolt järgmise naeratusega . 	annike olema hetk kurb , aga see kaduma tema nägu järgmine naeratus .
47		 Aga ta oli tõesti tagasi ja nii igal öösel , mil Etso teda igatses . 	aga tema olema tõesti tagasi ja nii iga öösel , mil Etso tema igatsema .
47		 Etso igatses alati . 	Etso igatsema alati .
47		 Annike oli Etsole kõik , mida sõber ja tüdruk võib ühele poisile olla . 	annike olema Etsole kõik , mis sõber ja tüdruk võima üks poiss olema .
47		 Ja veel midagi , aga selle kohta ei olnud sõnu . 	ja veel miski , aga see kohta ei olema|olnud sõna .
47		 Nagu aitaksid tabud end ka õigete sõnade puudumisega saladuses hoida . 	nagu aitama tabu ise ka õige sõna puudumine saladus hoidma .
48		 Etso vastupanust hoolimata otsustasid vanemad arstide soovitusi kuulda võtta ja linna jääda . 	Etso vastupanu hoolimata otsustama vanem arst soovitus kuulma võtma ja linn jääma .
48		 Et poiss saaks omavanustega suhelda ja leiaks uued sõbrad . 	et poiss saama omavanune suhtlema ja leidma uus sõber .
49		 Etso ei suhelnud omavanustega ega leidnud uusi sõpru . 	Etso ei suhelnud|suhtlema omavanune ega leidma|leidnud uus sõber .
50		 Linn rusus Etsot , kes oli harjunud vaikuse , vabaduse ja rahuga , mida pakkusid rand ning ümberkaudsed sood ja metsad . 	linn rusuma Etsot , kes olema harjuma|harjunud vaikus , vabadus ja rahu , mis pakkuma rand ning ümberkaudne soo|sugu ja mets .
50		 Seal oli kõik enesestmõistetav , ta kuulus sinna ja oli oluline , linnas oli ta mitte keegi . 	seal olema kõik enesestmõistetav , tema kuuluma sinna ja olema oluline , linn olema tema mitte keegi .
50		 Ta ei leidnud ühist keelt ühegagi oma neljakümnest uuest klassikaaslasest , tõmbus endasse ega suhelnud lõpuks üldse kellegagi . 	tema ei leidma|leidnud ühine keel üks oma nelikümmend uus klassikaaslane , tõmbuma ise ega suhelnud|suhtlema lõpuks üldse keegi .
50		 Mõned korrad anti talle selle eest peksa . 	mõni kord andma tema see eest peksma .
50		 Ta lõi vastu äkilise ja hoolimatu raevuga , mis ajas tülinorijatele tavaliselt hirmu nahka , ning ka kaklejad õppisid temast eemale hoidma . 	tema looma|lööma vastu äkiline ja hoolimatu raev , mis ajama tülinorija tavaliselt hirm nahk , ning ka kakleja õppima tema eemale hoidma .
51		 Tihti juhtus , et Etso ei läinud kooli , vaid sõitis bussiga linnaserva ja hulkus seal , kuni oli aeg koju tagasi minna . 	tihti juhtuma , et Etso ei läinud|minema kool , vaid sõitma buss linnaserv ja hulkuma seal , kuni olema aeg kodu tagasi minema .
51		 Linnaäärne mets mõjus koduselt , kuigi polnud siiski puutumatu ; kuuskede all vedeles prahti , mis muutis metsa võlujõu haavatavaks , kohati peaaegu olematuks . 	linnaäärne mets mõjuma koduselt , kuigi olema siiski puutumatu ; kuusk all vedelema praht , mis muutma mets võlujõud haavatav , kohati peaaegu olematu .
51		 Tihti tõi tuul temani maanteel sõitvate autode hääli . 	tihti tooma tuul tema maantee sõitev auto hääl .
51		 Ta ihkas sügavat laant , mis oleks linnast nii kaugel , et miski sealt temani ei ulataks . 	tema ihkama sügav laas , mis olema linn nii kaugel , et miski sealt tema ei ulama .
52		 Etso oli õnnelik , kui sai nädalavahetuseks maale , ja tõmbus kurjavõitu kaitsekihi alla , kui pere pühapäeva õhtul tagasi linna jõudis . 	Etso olema õnnelik , kui saama nädalavahetus maa , ja tõmbuma kurjavõitu kaitsekiht alla , kui pere pühapäev õhtu tagasi linn jõudma .
52		 Linn oli vaenlane . 	linn olema vaenlane .
52		 Kõik , kellega ta pidi seal kokku puutuma , olid vaenlased . 	kõik , kes tema pidama seal kokku puutuma , olema vaenlane .
53		 Õnneks olid ööd ja õnneks oli temaga Annike . 	Õnneks olema öö ja õnn olema tema annike .
53		 Annikesega koos oli lihtne leida kunagist vabadust . 	annike koos olema lihtne leidma kunagine vabadus .
54		 Siis avastas Etso raamatud ning põgenes nendesse . 	siis avastama Etso raamat ning põgenema tema .
54		 Ta ei nõudnud enam nii sageli , et nad maale tagasi läheksid , ja vanemad arvasid , et poiss hakkab kohanema . 	tema ei nõudma|nõudnud enam nii sageli , et tema maa tagasi minema , ja vanem arvama , et poiss hakkama kohanema .
54		" Tegelikult käis ta raamatuid lugedes lihtsalt "" ära "" ja linn ei seganud teda enam nii väga . "	"tegelikult käima tema raamat lugema lihtsalt "" ära "" ja linn ei segama|seganud tema enam nii väga ."
55		 Raamatud olid veel üks tee Annikeseni . 	raamat olema veel üks tee Annike .
55		 Piisas sellest , et reaalsuse piirid lagunesid , kui Annike oli sealsamas . 	piisama see , et reaalsus piir lagunema , kui annike olema sealsamas .
55		 Mõnes raamatus oli maagia , mis lõi samasuguse silla Sinna , nagu unigi . 	mõni raamat olema maagia , mis looma|lööma samasugune sild sinna , nagu uni .
55		 Annike tuli alati , kui Etso silla avas . 	annike tulema alati , kui Etso sild avama .
56		 Nüüd ei hulkunud ta poppi tehes enam linnaservas , vaid ronis keldrisse ja võttis poolelioleva raamatu kaasa . 	nüüd ei hulkuma|hulkunud tema popp tegema enam linnaserv , vaid ronima kelder ja võtma pooleliolev raamat kaasa .
56		 Ta peitis end kastide taha ning luges madalast aknast langeva valguse paistel . 	tema peitma ise kast taha ning lugema madal aken langev valgus paiste .
57		 Annike seisis sealsamas ta selja taga — Etso tundis juba lõhnast , millal ta tuli — ja pani talle käed ümber kaela . 	annike seisma sealsamas tema selg taga - Etso tundma juba lõhn , millal tema tulema - ja panema tema käsi ümber kael .
58		 Raamatute lummus viis Etso loogilise jätkuna Taaralinna kooli . 	raamat lummus viima Etso loogiline jätk Taaralinn kool .
58		 Sealt leidis ta endalegi üllatuseks mõttekaaslaseid ning avastas , et tema üksindus ei olnud enam nii jäägitu . 	sealt leidma tema ise üllatus mõttekaaslane ning avastama , et tema üksindus ei olema|olnud enam nii jäägitu .
58		 Oli inimesi , tõeliseid , elavaid inimesi , kellega ta oskas ja tahtis suhelda . 	olema inimene , tõeline , elav inimene , kes tema oskama ja tahtma suhtlema .
59		 Ann oli üks neist . 	Ann olema üks tema .
60		 Ann tundus oma heledate juuste ja hallide silmadega metsikuvõitu haldjana . 	Ann tunduma oma hele juus ja hall silm metsikuvõitu haldjas .
60		 Ta oli energiline , etteaimamatu ja sageli lausa väsitavalt tujukas , aga see meeldis Etsole . 	tema olema energiline , etteaimamatu ja sageli lausa väsitavalt tujukas , aga see meeldima Etsole .
60		 Erinevalt Annikesest , kes jäi nukulokkidega plikatirtsuks , oli Ann oma värskeltpuhkenud naiselikkuses salapärane ja ligitõmbav . 	erinevalt annike , kes jääma nukulokk plikatirts , olema Ann oma värskeltpuhkenud naiselikkus salapärane ja ligitõmbav .
60		 Ta viis Etso mõtted ikka ja jälle valusale teemale : Annike oli endiselt väike tüdruk , samal ajal kui Etso polnud ammu enam laps . 	tema viima Etso mõte ikka ja jälle valus teema : annike olema endiselt väike tüdruk , sama aeg kui Etso olema ammu enam laps .
60		 Nad olid nii lähedased , et varem ei pannud nad seda tähelegi , aga nüüd , kui poiss Anni nägi ... veelgi enam , temaga iga päev kokku sai : loengus , raamatukogus , kohvikus . 	tema olema nii lähedane , et varem ei panema|pannud tema see tähele , aga nüüd , kui poiss Anni nägema ... veelgi enam , tema iga päev kokku saama : loeng , raamatukogu , kohvik .
60		 Mõnikord käisid nad kinos ja üha sagedamini Toomemäel jalutamas . 	mõnikord käima tema kino ja üha sagedamini Toomemäe|Toomemägi jalutama .
61		 Pahatihti juhtus , et Etso öösel Annikest ei kutsunud . 	pahatihti juhtuma , et Etso öösel annike ei kutsuma|kutsunud .
61		 Soovis küll talle mõelda , aga vaimusilma ette joonistus Anni nägu . 	soov küll tema mõtlema , aga vaimusilm ette joonistus Anni nägu .
61		 Nagu iseenesest hakkas Etso keha kuumama . 	nagu iseenesest hakkama Etso keha kuumama .
61		 Ta fantaasiates segunesid kujutluspildid Anni naiselikust kehast mälestustega Annikese lähedusest , Kalda heinaküüni soojusest ja lõhnadest ning lapsepõlvesaladuse erutusest . 	tema fantaasia segunema kujutluspilt Anni naiselik keha mälestus annike lähedus , Kalda|Kallas heinaküün soojus ja lõhn ning lapsepõlvesaladus erutus .
61		 Uni tuli pärast kiiresti , kuid oli rahutu : ta nägi , et hulgub mööda metsa , aga ei olnud kindel , kas Anni või Annikest otsides , ning kartis , et kui ta kedagi kohtab , on see just see , keda ta ei otsinud . 	uni tulema pärast kiiresti , kuid olema rahutu : tema nägema , et hulkuma mööda mets , aga ei olema|olnud kindel , kas Anni või annike otsima , ning kartma , et kui tema keegi kohtama , olema see just see , kes tema ei otsima|otsinud .
62		 Unemaailm tundus esimest korda ohtlikuna . 	unemaailm tunduma esimene kord ohtlik .
63		 Nad jalutasid Toomemäel . 	tema jalutama Toomemäe|Toomemägi .
63		 Ilm oli jahe . 	ilm olema jahe .
63		 Tibutas kerget seenevihma . 	tibutama kerge seenevihm .
63		 Anni külmad sõrmed olid Etso pihus soojas . 	Anni külm sõrm olema Etso pihk|pihu soe .
63		 Nad ei olnud juba pikka aega lausunud ühtegi sõna , sest õhus oli midagi , mis muutis iga hetke maagiliseks . 	tema ei olema|olnud juba pikk aeg lausuma|lausunud ühe sõna , sest õhk olema miski , mis muutma iga hetk maagiline .
64		 Etso oli lugenud , kuidas see käib . 	Etso olema lugema|lugenud , kuidas see käima .
64		 Pikas vaikuses sisaldus väljaütlemata sõnade eelaimus , tüdruku lähedus pani vere kiiremini käima , see kõik oli nii , nagu ta seda ette kujutas . 	pikk vaikus sisalduma väljaütlemata sõna eelaimus , tüdruk lähedus panema veri kiiremini käima , see kõik olema nii , nagu tema see ette kujutama .
64		 Ainult hääl tundus selles vaikuses nii vääritu , et ta ei saanud sõnagi suust ja häbenes köhatada . 	ainult hääl tunduma see vaikus nii vääritu , et tema ei saama|saanud sõna suu ja häbenema köhatama .
65		 Etso oli tänulik , et peale nende polnud mäel kedagi . 	Etso olema tänulik , et peale see olema mägi keegi .
66		" "" Selle puu all seal , "" mõtles ta , aga lükkas sinna jõudes otsustava hetke edasi — järgmise ja siis ülejärgmise pargipuuni , kuni märkas allee teises otsas vanameest , kes neile vastu jalutas . "	""" see puu all seal , "" mõtlema tema , aga lükkama sinna jõudma otsustav hetk edasi - järgmine ja siis ülejärgmine pargipuu , kuni märkama allee teine otsas vanamees , kes tema vastu jalutama ."
66		 See otsustas asja . 	see otsustama asi .
67		" "" Annike ! "" puterdas Etso ja surus tugevasti tüdruku kätt . "	""" Annike ! "" puterdama Etso ja suruma tugevasti tüdruk käsi ."
67		" "" Ann ! "" parandas ta ennast ruttu ja punastas veel rohkem . "	""" Ann ! "" parandama tema ise ruttu ja punastama veel rohkem ."
67		 Õnneks ei teadnud tüdruk , et ta Annikese all kedagi teist silmas pidas . 	Õnneks ei teadma|teadnud tüdruk , et tema annike all keegi teine silm pidama .
68		 Et see pidi nii raske olema ! 	et see pidama nii raske olema !
69		" "" Ann ! "	""" Ann !"
69		" Ma armastan sind ! "" "	"mina armastama sina ! """
69		 See kõlas abitult ja vabandavalt ja Etso oli valmis sealsamas maa alla vajuma . 	see kõlama abitult ja vabandavalt ja Etso olema valmis sealsamas maa alla vajuma .
69		 Ta peaaegu lootis , et Ann ta välja naerab , kuid too hüppas pealtnägijatest hoolimata talle hoopis kaela . 	tema peaaegu lootma , et Ann tema välja naerma , kuid too hüppama pealtnägija hoolimata tema hoopis kael .
69		 Jahmununa heitis Etso kõõrdpilgu lähenevale jalutajale . 	jahmunud heitma Etso kõõrdpilk lähenev jalutaja .
70		 Ilmnes , et neid oli nüüd kaks . 	ilmnema , et tema olema nüüd kaks .
70		 Esimene , taamal nähtud vanem mees , jätkas muheledes oma teed . 	esimene , taamal nägema|nähtud|nähtuma vanem mees , jätkama muhelema oma tee .
71		 Teine peatus Etso kõrval . 	teine peatuma Etso kõrval .
72		 Väikese tüdruku näol oli vihagrimass . 	väike|väikene tüdruk näol olema vihagrimass .
72		 Kaame nägu , huuled paljastatud hammaste kohal kitsasteks kriipsudeks tõmbunud , silmad ... nagu kaks kiiskavat kivikildu . 	kaame nägu , huul paljastama|paljastatud hammas kohal kitsas kriips tõmbuma|tõmbunud , silm ... nagu kaks kiiskav kivikild .
73		" "" Sa kutsusid mind ! "" sosistas lummutis ja Etso mõistis alles nüüd , et tema ees seisis Annike . "	""" sina kutsuma mina ! "" sosistama lummutis ja Etso mõistma alles nüüd , et tema ees seisma annike ."
73		 Lapsepõlvekallima nägu oli moondunud kiskjamaskiks . 	lapsepõlvekallim nägu olema moonduma|moondunud kiskjamask .
74		 Õudusunenägu , kus Etso otsis ühte , aga leidis teise , oli tõeks saanud . 	õudusunenägu , kus Etso otsima ühte , aga leidma teine , olema tõde|tõsi saama|saanud .
74		 Ta oli küll märganud , et õhk oli muutunud maagiliseks , kuid polnud sellest õieti aru saanud . 	tema olema küll märganud|märkama , et õhk olema muutuma|muutunud maagiline , kuid olema see õieti aru saama|saanud .
74		 Alati ei olnud raamatuid vajagi , et Sinnamaale silda luua , mõnikord piisas selleks ka lihtsalt millestki ... . 	alati ei olema|olnud raamat vaja , et sinnamaale sild looma , mõnikord piisama see ka lihtsalt miski ... .
74		 Ta oli teadmatult silla avanud ja lisaks Annikest kogemata nimepidi kutsunud ... 	tema olema teadmatult sild avama|avanud ja lisa annike kogemata nimepidi kutsuma|kutsunud ...
75		" "" Ma ... ma eksisin , "" sosistas Etso haledalt . "	""" mina ... mina eksima , "" sosistama Etso haledalt ."
76		" "" Mi-da ? "" "	""" Mi-da ? """
76		 See oli hoopis Ann , kes neid sõnu kuuldes Etso kaelast lahti lasi . 	see olema hoopis Ann , kes see sõna kuulma Etso kael lahti laskma .
76		" "" Mis sa sellega öelda tahad ? "" "	""" mis sina see ütlema tahtma ? """
76		 Annikest nägemata vaatas ta tüdrukust lihtsalt läbi . 	annike nägema vaatama tema tüdruk lihtsalt läbi .
76		 Tema nägu oli üksainus õnnetus ja etteheide . 	tema nägu olema üksainus õnnetus ja etteheide .
77		" "" Sa ... eksisid ! ? "	""" sina ... eksima ! ?"
77		" Sa ... sa oled lihtsalt siga ! "" "	"sina ... sina olema lihtsalt siga ! """
77		 Ann pööras selja ja jooksis üle Inglisilla . 	Ann pöörama selg ja jooksma üle inglisild .
78		" "" Kas sa tuleksid talle ka järele , kui temaga nüüd midagi juhtuks ? "" sisistas Annike ja kadus . "	""" kas sina tulema tema ka järele , kui tema nüüd miski juhtuma ? "" sisistama annike ja kaduma ."
78		 Aga hetk enne seda pööras ta näo Inglisilla poole ja Etso teadis , et ta ei läinud Sinna tagasi . 	aga hetk enne see pöörama tema nägu inglisild poole ja Etso teadma , et tema ei läinud|minema sinna tagasi .
79		" "" Ann ! "	""" Ann !"
79		" Oota ! "" "	"ootama ! """
79		 Koos kõnevõime taastumisega vabanes Etso tardumusest ja sööstis tüdrukule järele . 	koos kõnevõime taastumine vabanema Etso tardumus ja sööstma tüdruk järele .
79		 Ta sai Anni kätte , haaras tal kõvasti ümbert kinni ja ei jätnud enne , kui tüdruk oli andeks andnud . 	tema saama Anni käsi , haarama tema kõvasti ümbert kinni ja ei jätma|jätnud enne , kui tüdruk olema andeks andma|andnud .
80		" "" Kelle viirastust sa siis ikkagi nägid ? "" "	""" kes viirastus sina siis ikkagi nägema ? """
81		 Ann lebas Etso kõrval ja oli õnnetuseks nii ärkvel kui olla saab . 	Ann lebama Etso kõrval ja olema õnnetus nii ärkvel kui olema saama .
81		 Tiigi ühika pisike tuba oli peaaegu üleni nende voodit täis , kuuvalgus muutis kõik värvid hallikassinisteks ning alasti tüdruk valgete linade vahel oli nagu marmorskulptuur Veenusest , kes on kivilainete vahel ellu ärganud . 	Tiig|Tiigi|Tiik ühikas pisike tuba olema peaaegu üleni see voodi täis , kuuvalgus muutma kõik värv hallikassinine ning alasti tüdruk valge lina vahel olema nagu marmorskulptuur veenus , kes olema kivilaine vahel elu ärganud|ärkama .
82		 See ei olnud esimene kord , kui Ann seda küsis . 	see ei olema|olnud esimene kord , kui Ann see küsima .
82		 Etso oli andekspalumise tuhinas ennast unustanud ja öelnud , et nägi Anni selja taga viirastust . 	Etso olema andekspalumine tuhin ise unustama|unustanud ja öelnud|ütlema , et nägema Anni selg taga viirastus .
82		" "" Kelle ? "" oli Ann rivaaliohtu tundes kohe pärinud , endal silmad uudishimust selged . "	""" kes ? "" olema Ann rivaalioht tundma kohe pärima|pärinud , ise silm uudishimu selge ."
82		 Etso kuulus Annile ja ta ei kavatsenud teda kellegagi jagada . 	Etso kuuluma and ja tema ei kavatsema|kavatsenud tema keegi jagama .
83		" "" Kust mina tean , keda ! "" pomises Etso , aga Anni polnud niisama lihtne petta . "	""" kust mina teadma , kes ! "" pomisema Etso , aga Anni olema niisama lihtne petma ."
84		" "" Ütle ikka ! "" "	""" ütlema ikka ! """
84		" Ann puges Etsole kaissu nagu kassipoeg ja tihkus õnnetult : "" Sa lihtsalt ei saa minu eest midagi varjata , muidu rikud sa kõik ära . "" "	"Ann pugema Etsole kaiss nagu kassipoeg ja tihkuma õnnetult : "" sina lihtsalt ei saama mina eest miski varjama , muidu rikkuma sina kõik ära . """
85		 Etso surus tüdruku enda vastu . 	Etso suruma tüdruk ise vastu .
85		 Kui ta Annist kõvasti kinni hoidis , leevendus kaotusehirm ja ta tundis ennast peaaegu rahulolevana . 	kui tema and kõvasti kinni hoidma , leevenduma kaotusehirm ja tema tundma ise peaaegu rahulolev .
86		 Koos . 	koos .
86		 Kahekesi . 	kahekesi .
86		 Naisega , kes näeb välja peaaegu selline , nagu Annike oleks võinud olla . 	naine , kes nägema välja peaaegu selline , nagu annike olema võima|võinud olema .
86		 See tähendas korraga nii palju , et Etso otsustas rääkida . 	see tähendama korraga nii palju , et Etso otsustama rääkima .
87		 Ta alustas kobavalt , otsides sõnu ja sobitades neid loosse , mida ei olnud varem kordagi jutustatud , aga pikapeale leidsid sõnad endale õige koha või Etso lihtsalt leppis nende piiratusega . 	tema alustama kobavalt , otsima sõna ja sobitama tema lood|loog|lugu , mis ei olema|olnud varem kord jutustama|jutustatud , aga pikapeale leidma sõna ise õige koha|koht või Etso lihtsalt leppima see piiratus .
88		" "" Ma arvan , et ma ei kartnud . "	""" mina arvama , et mina ei kartma|kartnud ."
88		 Tegin seda kohuse pärast , sest olin kindel , et ta selle peale ellu ärkab . 	tegema see kohus pärast , sest olema kindel , et tema see peale elu ärkama .
88		 Aga kohusetunne oli ainult alguses 	aga kohusetunne olema ainult algus
88		 .... 	....
88		 see venis pikemaks , sest ... ma lihtsalt 	see venima pikem , sest ... mina lihtsalt
88		 .... 	....
88		 ei tahtnud lõpetada . 	ei tahtma|tahtnud lõpetama .
88		 	
88		 Mingil hetkel muutusid ta huuled soojaks . 	mingi hetk muutuma tema huul soe .
88		 	
88		 Siis märkasin , et ta suudles vastu . 	siis märkama , et tema suudlema vastu .
88		 	
88		 Ja nii me siis ... 	ja nii mina siis ...
88		 	
88		 Ei , ausalt , see kõlab veidralt . 	ei , ausalt , see kõlama veidralt .
88		 	
89		 Ma ei tea , kaua see kestis . 	mina ei teadma , kaua see kestma .
89		 Mõnikümmend sekundit võib-olla , aga võib-olla tund ... 	mõnikümmend sekund võib-olla , aga võib-olla tund ...
89		 Siis sirutas ta käe välja ja puudutas mu pead . 	siis sirutama tema käsi välja ja puudutama mina pea .
89		 Tegi silmad lahti . 	tegema silm lahti .
89		 Ta oli täiesti olemas — see polnud mingi mõttelage zombi , vaid Annike ise . 	tema olema täiesti olema - see olema mingi mõttelage zombi , vaid annike ise .
90		 Ta hoidis kätt vastu mu pead ja kõverdas sõrmi . 	tema hoidma käsi vastu mina pea ja kõverdama sõrm .
90		 Nagu käsi ei tahaks sõna kuulata . 	nagu käsi ei tahtma sõna kuulama .
90		 Lõpuks sai ta ühe juuksetuti pihku ja tõmbas selle pea küljest lahti . 	lõpuks saama tema üks juuksetutt pihk ja tõmbama see pea küljest lahti .
90		 See pidi valus olema , aga ausõna , ma ei mäleta seda . 	see pidama valus olema , aga ausõna , mina ei mäletama see .
90		 Ilmselt ei pannud tähele . 	ilmselt ei panema|pannud tähele .
91		 Siis pani ta silmad kinni ja kõik oli nagu enne . 	siis panema tema silm kinni ja kõik olema nagu enne .
91		 Kuidagi ma teadsin , et pean kirstu kinni panema ja mulla peale kühveldama . 	kuidagi mina teadma , et pidama kirst kinni panema ja muld|mulla peale kühveldama .
91		 Ma ei mõelnud mitte kui midagi ega mäleta isegi seda , kuidas ma sealt koju sain . 	mina ei mõelnud|mõtlema mitte kui miski ega mäletama isegi see , kuidas mina sealt kodu saama .
92		 Ja siis ... järgmisel õhtul oli ta olemas , niipea , kui ma üksi jäin . 	ja siis ... järgmine õhtu olema tema olema , niipea , kui mina üksi jääma .
92		 Hommikul ütles ta , et peab midagi paluma . 	hommik ütlema tema , et pidama miski paluma .
92		 Et ei saa muidu enam tagasi tulla . 	et ei saama muidu enam tagasi tulema .
92		 No ja ma siis andsingi . 	no ja mina siis andma .
92		 Ma oleks aasta otsa pea peal seisnud , kui ta oleks palunud , kolm veretilka oli selle kõrval köömes . 	mina olema aasta otsa pea peal seisma|seisnud , kui tema olema paluma|palunud , kolm veretilk olema see kõrval köömes .
93		 Sellest alates olime me peaaegu igal öösel koos . 	see alates olema mina peaaegu iga öösel koos .
94		" Aga nüüd oled mul sina ja ma ei taha midagi muud . "" "	"aga nüüd olema mina sina ja mina ei tahtma miski muu . """
95		 Ann usaldas neis asjus oma sisetunnet ja uskus seetõttu iga ta sõna . 	Ann usaldama see asi oma sisetunne ja uskuma seetõttu iga tema sõna .
95		 Välja arvatud ühte : et Annike enam Etso juures ei käi . 	välja arvama|arvatud ühe : et annike enam Etso juures ei käima .
95		 Kahtlus kurnas ta peagi lõplikult ära . 	kahtlus kurnama tema peagi lõplikult ära .
96		" "" Ma ei suuda seda rohkem kannatada ! "" teatas ta järjekordse tujuhoo lõpetuseks . "	""" mina ei suutma see rohkem kannatama ! "" teatama tema järjekordne tujuhoog lõpetus ."
96		" "" Temast tuleb lahti saada , kas mõistad ? "	""" tema tulema lahti saama , kas mõistma ?"
96		 Ta on ju mingi jubetis . 	tema olema ju mingi jubetis .
96		 Kummitus . 	kummitus .
96		 Luupainaja ! 	luupainaja !
96		 Ta on ammuilma surnud ja sina oled suureks kasvanud ! 	tema olema ammuilma surema|surnud ja sina olema suur kasvama|kasvanud !
96		" Sa kas oled selles asjas minuga või jääd üldse ilma minuta ja jutul lõpp . "" "	"sina kas olema see asi mina või jääma üldse ilma mina ja jutt lõpp . """
96		 See oli ultimaatum ja Etso pidi nõustuma , kui ta sellise valiku ette seati . 	see olema ultimaatum ja Etso pidama nõustuma , kui tema selline valik ette seadma .
97		 Nad ootasid , kuni läks täiesti pimedaks ning tuled ümberkaudsete talude akendes kustusid . 	tema ootama , kuni minema täiesti pime ning tuli ümberkaudne talu aken kustuma .
97		 Öö oli kõle ja tuuline , segamist ei olnud neil karta . 	öö olema kõle ja tuuline , segamine ei olema|olnud tema kartma .
97		 Ainult hullud hulguvad sellise ilmaga öösiti ringi . 	ainult hull hulkuma selline ilm öösiti ringi .
98		 Leesi surnuaia raudvärava ees seisis raske tabalukk , kuid kiviaed oli nii madal , et sellest võis ilma suurema vaevata üle ronida . 	Leesi surnuaed raudvärav ees seisma raske tabalukk , kuid kiviaed olema nii madal , et see võima ilma suurem vaev üle ronima .
99		 Iidsed pärnad sirutasid oma raagus oksi vana kiriku poole , mis mustas surnuaiatee lõpul nagu hoiatus . 	iidne pärn sirutama oma raagus oks vana kirik poole , mis mustama surnuaiatee lõpp nagu hoiatus .
99		 Vasakut kätt paistsid viltused raudristid : Etso vanavanemate ja nendegi vanavanemate hauad läbisegi Annikese esivanemate haudadega . 	vasak käsi paistma viltune raudrist : Etso vanavanem ja tema vanavanem haud läbisegi annike esivanem haud .
99		" Need ei tervitanud Etsot , nagu varem , vaid hoiatasid : "" Vaata ette , poiss , omadele ei lase me liiga teha . "" "	"see ei tervitama|tervitanud Etsot , nagu varem , vaid hoiatama : "" vaatama ette , poiss , oma ei laskma mina liiga tegema . """
100		 Ta leidis Annikese haua kohe üles , kuigi oli seal ainult ühe korra käinud . 	tema leidma annike haud kohe üles , kuigi olema seal ainult üks kord käima|käinud .
100		 Väike kivi oli sammaldunud ja haud hooldamata . 	väike kivi olema sammalduma|sammaldunud ja haud hooldama .
100		 See tegi haiget . 	see tegema haige .
100		 Siis tuli talle meelde , et ka tema on ju tulnud minevikuga lõpparvet tegema . 	siis tulema tema meel , et ka tema olema ju tulema|tulnud minevik lõpparve tegema .
101		 Tööriistakuuri puupöör kriuksus samamoodi , nagu kolmteist aastat tagasi . 	tööriistakuur puupöör kriuksuma samamoodi , nagu kolmteist aasta tagasi .
101		 Labidad seisid samas kohas . 	labidas seisma sama koha|koht .
101		 Ainult et nüüd ei vajanud Etso enam väikest labidat , hauakaevaja tööriist oli palju käepärasem . 	ainult et nüüd ei vajama|vajanud Etso enam väike|väikene labidas , hauakaevaja tööriist olema palju käepärasem .
102		 Nad kaevasid vaikides — Etso sügavalt mõttes , Anni närimas veider armukadedus ja uudishimu . 	tema kaevama vaikima - Etso sügavalt mõte , Anni närima veider armukadedus ja uudishimu .
103		 Uudishimu tõukas tagant , nagu oleks see täiesti juhitamatu . 	uudishimu tõukama tagant , nagu olema see täiesti juhitamatu .
103		 Hetkeks sosistas miski alateadvuses , et parem kogu see lugu sinnapaika jätta ja unustada , kuid see polnud enam tema võimuses — see painas meeli nagu tõeline needus . 	hetk sosistama miski alateadvus , et parem kogu see lugu sinnapaika jätma ja unustama , kuid see olema enam tema võimus - see painama meel nagu tõeline needus .
104		 Labidas puutus vastu sisselangenud kirstulaudu . 	labidas puutuma vastu sisselangenud kirstulaud .
104		 Liivane pind oli hoidnud neid täielikust kõdunemisest , aga lauad olid siiski nii pehmed , et need tuli ettevaatlikult kõrvale pühkida . 	liivane pind olema hoidma|hoidnud see täielik kõdunemine , aga laud olema siiski nii pehme , et see tulema ettevaatlikult kõrvale pühkima .
105		 Teadmine , mis laudade alt nähtavale tulla võib , ei vähendanud vaatepildi koledust . 	teadmine , mis laud alt nähtavale tulema võima , ei vähendama|vähendanud vaatepilt koledus .
105		 Tilluke luukere , hambad irevil , liha olematuks mädanenud , aga veidi riidekudet kontide vahel ikka veel alles . 	tilluke luukere , hammas irevil , liha olematu mädanema|mädanenud , aga veidi riidekudet kont vahel ikka veel alles .
106		 Ann tundis , et hakkab kohe oksele . 	Ann tundma , et hakkama kohe okse .
106		 Ent siis märkas ta , et luukere parema käe ämbliksõrmede vahelt paistis tume tomp ja see mõjus kainestavalt . 	ent siis märkama tema , et luukere parem käsi ämbliksõrm vahelt paistma tume tomp ja see mõjuma kainestavalt .
106		 Miks ta oli arvanud , et juuksesalk mulla all kolmeteistkümne aastaga ei määndu ? 	miks tema olema arvama|arvanud , et juuksesalk muld|mulla all kolmteist aasta ei määnduma ?
107		 Esimene puudutus oli võimatult jälk , aga kuidagi sai ta selle tombu siiski kätte . 	esimene puudutus olema võimatult jälk , aga kuidagi saama tema see tomp siiski käsi .
107		 Uhtus kontsõrmed nõia käest küsitud veega üle ja surus nende vahele kuivatatud koirohuõisiku , nagu õpetatud , toppis siis tombu värisevate kätega kilekotti ja ronis hauast välja . 	uhtuma kontsõrm nõid käest küsima|küsitud vesi üle ja suruma tema vahele kuivatama|kuivatatud koirohuõisik , nagu õpetama|õpetatud , toppima siis tomp värisev käsi kilekott ja ronima haud välja .
108		 Esimesed labidatäied , mis ta luudele lennutas , olid kantud põlevast soovist need kiiremini kinni katta . 	esimene labidatäis , mis tema luu lennutama , olema kandma|kantud põlev soov see kiiremini kinni katma .
108		 Miks ta neid küll näha tahtnud oli ? 	miks tema see küll nägema tahtma|tahtnud olema ?
108		 Anni pilku vältiv Etsogi tundus kaugem kui kunagi varem — kahvatu , sünge ja vaikiv . 	Anni pilk vältiv Etsogi tunduma kaugem kui kunagi varem - kahvatu , sünge ja vaikiv .
109		 Tegelikult polnud neil kummalgi sel hetkel teise jaoks sõnu . 	tegelikult olema tema kumbki see hetk teine jaoks sõna .
110		" "" Etso , ära nüüd vedele , tule ujuma ! "" "	""" Etso , ära nüüd vedelema , tulema ujuma ! """
110		 Ann prantsatas liivale ja pani oma märja käe Etso kõhule . 	Ann prantsatama liiv ja panema oma märg käsi Etso kõht .
111		" "" Vesi on vapustavalt soe ! "" "	""" vesi olema vapustavalt soe ! """
112		 Nojah , Etso teadis seda niigi . 	nojah , Etso teadma see niigi .
112		 Täna lihtsalt ei viitsinud . 	täna lihtsalt ei viitsima|viitsinud .
113		" "" Pa-alun tule siis nüüd ! "" "	""" Pa-alun tulema siis nüüd ! """
113		 Ann püüdis teda külili nügida — ta oli masendavalt järjekindel , kui ta midagi tahtis . 	Ann püüdma tema külili nügima - tema olema masendavalt järjekindel , kui tema miski tahtma .
113		 Aga Etso oli õppinud lihtsalt mitte tähele panema . 	aga Etso olema õppima|õppinud lihtsalt mitte tähele panema .
113		 Pikapeale väsis isegi Ann . 	pikapeale väsima isegi Ann .
113		 Nagu seegi kord — ohkas teatraalselt , mossitas hetke ja jooksis siis vette . 	nagu see kord - ohkama teatraalselt , mossitama hetk ja jooksma siis vesi .
114		 Etso kuulis plartsatust ja solistamist ning sulges päikesest rammetuna silmad . 	Etso kuulma plartsatus ja solistamine ning sulgema päike|päikene rammetu silm .
115		 Soojus silitas keha ja andis vaevatud ajule puhkust . 	Soojus silitama keha ja andma vaevama|vaevatud aju puhkus .
115		 Oli hea lebada ja mitte millelegi mõelda . 	olema hea lebama ja mitte miski mõtlema .
115		 Mõtlemine tähendas mäletamist , eneseõigustusi ja kahetsemist . 	mõtlemine tähendama mäletamine , eneseõigustus ja kahetsemine .
115		 Ta oli sellest väsinud . 	tema olema see väsima|väsinud .
115		 Parem lihtsalt silmad sulgeda ja olla ... niisama . 	parem lihtsalt silm sulgema ja olema ... niisama .
116		 Korraga tajus ta , et juba mõnda aega oli ümberringi täiesti vaikne . 	korraga tajuma tema , et juba mõni aeg olema ümberringi täiesti vaikne .
117		 Päikeserammestus kadus ja Etso kargas jalule . 	päikeserammestus kaduma ja Etso kargama jalule .
117		 Ta ei näinud esimese hooga Anni , kuid silmas siis vees ujuja peanuppu . 	tema ei nägema|näima|näinud esimene hoog Anni , kuid silm siis vesi ujuja peanupp .
118		 Ann oli kaldast kaugele läinud , kuigi polnud hea ujuja . 	Ann olema kallas kaugele läinud|minema , kuigi olema hea ujuja .
118		 Aga seal ta nüüd oli ja liikus üha edasi avamere poole . 	aga seal tema nüüd olema ja liikuma üha edasi avameri poole .
119		 Korraga kuulis Etso hääli : 	korraga kuulma Etso hääl :
120		" "" Ta ei läinud poisi juurest ju sammugi eemale ! "" "	""" tema ei läinud|minema poiss juurest ju samm eemale ! """
121		" "" Nad olid alati koos ! "	""" tema olema alati koos !"
121		" Poiss hoidis Annikesel ilusti silma peal , ma olin tema pärast päris mureta . "" "	"poiss hoidma annike ilusti silm peal , mina olema tema pärast päris mure . """
122		" "" Kus Etso siis oli ? "	""" kus Etso siis olema ?"
122		" Miks ta ei aidanud ? "" "	"miks tema ei aidanud|aitama ? """
123		 Ta mäletas , et Annike oli järsult vee alla kadunud . 	tema mäletama , et annike olema järsult vesi alla kaduma|kadunud .
123		 Ta ei näinud tüdrukut , ta sukeldus , aga vesi oli hägune . 	tema ei nägema|näima|näinud tüdruk , tema sukelduma , aga vesi olema hägune .
123		 Ta otsis . 	tema otsima .
123		 Ta tõusis pinnale , hüüdis , sukeldus jälle ... 	tema tõusma pind , hüüdma , sukelduma jälle ...
123		 Ta ju ei teadnud , et hoovus on tüdruku lihtsalt järgmisesse muuli kandnud ning et too oli seal peaaegu põlvekõrguses vees ... nägu allapoole , nagu siis kui nad pommi mängisid . 	tema ju ei teadma|teadnud , et hoovus olema tüdruk lihtsalt järgmine muul kandma|kandnud ning et too olema seal peaaegu põlvekõrgune vesi ... nägu allapoole , nagu siis kui tema pomm mängima .
124		 Ja siis Annikese hääl : 	ja siis annike hääl :
125		" "" Etso ! "	""" Etso !"
125		 Me jääme alati kokku . 	mina jääma alati kokku .
125		" Sinuga on kõige parem . "" "	"sina olema kõige parem . """
126		 Annikesega oli kõige parem . 	annike olema kõige parem .
126		 Annike oli ainuke ja oma . 	annike olema ainuke ja oma .
127		 Selles , kuidas sügavust kartev Ann avamerele ujus , oli midagi veidrat . 	see , kuidas sügavus kartev Ann avameri ujuma , olema miski veider .
128		 Etso istus liivale ja ootas . 	Etso istuma liiv ja ootama .
128		 Meri sillerdas varaõhtuses päikeses ning liivas ja kivides oli igavikuline rahu . 	Meri sillerdama varaõhtune päike|päikene ning liiv ja kivi olema igavikuline rahu .
129		 Ujuja peanupp sulas silmapiiri , võib-olla kadus selle taha . 	ujuja peanupp sulama silmapiir , võib-olla kaduma see taha .
130		 Päike loojus . 	päike loojuma .
131		 Kui pimenes , kuulis Etso veesolinat : kalda poole ujunud naine tõusis jalule ja tuli veest välja . 	kui pimenema , kuulma Etso veesolin : kallas poole ujuma|ujunud naine tõusma jalule ja tulema vesi välja .
131		 Ta lõdises üleni ja ta keha oli sinakasvalge , kuid kaheldamatult elus . 	tema lõdisema üleni ja tema keha olema sinakasvalge , kuid kaheldamatult elu .
131		 Anni ihaldusväärne , naiselike kumerustega keha , kuid tulija ei olnud Ann . 	Anni ihaldusväärne , naiselik kumerus keha , kuid tulija ei olema|olnud Ann .
132		" "" Kas ma olen nii ilusam ? "" küsis ta . "	""" kas mina olema nii ilusam ? "" küsima tema ."
133		" "" Sama ilus kui enne ! "" vastas Etso ja naeris . "	""" sama ilus kui enne ! "" vastama Etso ja naerma ."
133		" "" Ma olen tõbras . "" "	""" mina olema tõbras . """
134		 Naine naeratas säravalt , nagu oleks Etso öelnud midagi väga meelitavat . 	naine naeratama säravalt , nagu olema Etso öelnud|ütlema miski väga meelitav .
135		 Surnuaia tagumises nurgas pigistas üks kõdunev luukere vasemas rusikas kolme pikka heledat juuksekarva . 	surnuaed tagumine nurk pigistama üks kõdunev luukere vasem rusikas kolm pikk hele juuksekarv .
135		 Ann ei olnud märganudki , et need tal peast tõmmati . 	Ann ei olema|olnud märkama , et see tema pea tõmbama .
