par_nr	head	sentence	lemmas
1	 Õpetus surnutest 	 Õpetus surnutest 	õpetus surnu
2		 Maniakkide Tänav 	maniakk tänav
3		 ELUL POLE SIHTI KAS SEDA SIIS ON SURMALGI ? 	elu olema siht kas see siis olema Surmalgi ?
3		 ELU JA SURM KAKS ERINEVAT KIHTI KUID MÕTET POLE KUMMALGI . 	elu ja surm kaks erinev kiht kuid mõte olema kumbki .
4		 NAD ON ÜKS — EHKKI ÜKS ON VAIT JA TEINE LÄRMAB , TÕDE ON ÜKS ! 	tema olema üks - ehkki üks olema vait ja Teine lärmama , tõde olema üks !
4		 VAHET POLE , ELAD SA VÕI KÄRVAD . 	vahe olema , elama sina või kärvama .
5		 KUI NII ... 	kui nii ...
5		 SIIS TEEME NEIST KOMPLEKTI : SEGAN KOKKU JA SAAN SURMELAVA OBJEKTI . 	siis tegema see komplekt : segama kogu ja saan surmelav objekt .
6	 1 . 	 1 . 	1 .
7		 BMW peatus puulippidest kokkulöödud värava taga . 	BMW peatuma puulipp kokkulöödud värav taga .
7		 Siim suretas mootori ja astus masinast välja . 	Siim suretama mootor ja astuma masin välja .
7		 Aia taha tormas metsikult kilades mingi hundi- ja lambakoera segu . 	aed taha tormama metsikult kila mingi hunt ja lambakoer segu .
7		 Esimese hooga kartis mees , et elukas üle aia kalpsab ja valmistus kähku autosse varju pagema kuid koer jäi siiski aia najale pidama . 	esimene hoog kartma mees , et elukas üle aed kalpsama ja valmistuma kähku auto vari pagema kuid koer jääma siiski aed najale pidama .
7		 Siim lähenes ettevaatlikult väravale ja jäi ootama . 	Siim lähenema ettevaatlikult värav ja jääma ootama .
7		 Värava taga traataia sees asusid kaks hoonet . 	värav taga traataed sees asuma kaks hoone .
7		 Otse ees mööda betoonist valatud jalgrada oli väike tellistest hütt , mida pooleldi varjas paari plangu jagu eterniitaeda , mis oli ehitatud nähtavasti ainult selleks , et aia tagant poleks võimalik hüti aknasse piiluda , sest eterniit oli vaid akna ees . 	otse ees mööda betoon valama|valatud jalgrada olema väike tellis hütt , mis pooleldi varjama paar plank jagu eterniitaed , mis olema ehitama|ehitatud nähtavasti ainult see , et aed tagant olema võimalik hütt aken piiluma , sest eterniit olema vaid aken ees .
7		" Onni rohelisele uksele oli punase aerosooliga lohakalt värvitud "" Pärjad "" . "	"onn roheline uks olema punane aerosool lohakalt värvima|värvitu|värvitud "" Pärg|Pärja|Pärjad "" ."
7		 Hüti akna ees plangu tagant paistis kaevurake . 	hütt aken ees plank tagant paistma kaevurake .
7		 Betoonraja kõrval oli L-kujuline elumaja , mille tagakülg oli pööratud värava poole . 	betoonrada|betoonraja kõrval olema L-kujuline elumaja , mis tagakülg olema pöörama|pööratud värav poole .
7		 Lõpuks ilmus koera klähvimise peale maja nuka tagant nähtavale 22-23- aastane noormees . 	lõpuks ilmuma koer klähvimine peale maja nukk tagant nähtavale 22-23- aastane noormees .
8		" "" Puzzle , "" hõikas ta kutsuvalt koera . "	""" Puzzle , "" hõikama tema kutsuvalt koer ."
8		" "" Tule ära , jää vait . "" "	""" tulema ära , jääma vait . """
8		 Noormees kandis helerohelist kortsus ja auke täis rebitud T-särki ja näritud põlvedega teksaseid . 	noormees kandma heleroheline kortsus ja auk täis rebima|rebitud T-särk ja närima|näritud põli|põlv teksased .
8		 Pea oli tal erepuna-sini-roheliseks värvitud . 	pea olema tema erepuna-sini-roheline värvima|värvitu|värvitud .
9		" "" Tere , "" hõikas Siim üle koera lõugamise . "	""" tere , "" hõikama Siim üle koer lõugamine ."
10		" "" Tereeee , "" venitas noormees . "	""" Tereeee , "" venitama noormees ."
10		" "" Kas sa kurat jääd vait ! "" käratas ta siis koerale . "	""" kas sina kurat jääma vait ! "" käratama tema siis koer ."
11		" "" Ma sooviksin rääkida härra Kurgiga , "" ütles Siim . "	""" mina soovima rääkima härra kurk , "" ütlema Siim ."
11		 Puzzleks hüütud koera ristsugutis oli vait jäänud ja haugatas ainult mõned korrad nagu ennast meelde tuletades . 	Puzzleks hüüdma|hüütud koer ristsugutis olema vait jääma|jäänud ja haugatama ainult mõni kord nagu ise meel tuletama .
12		" "" Väga armas , "" ütles punkar . "	""" väga armas , "" ütlema punkar ."
12		" "" Räägi siis minuga . "" "	""" rääkima siis mina . """
13		 Siim noogutas , justkui oleks saanud kinnitust arvamusele isiku identiteedi suhtes . 	Siim noogutama , justkui olema saama|saanud kinnitus arvamus isik identiteet suhtes .
14		" "" Ma olen reporter ajalehe juurest . "	""" mina olema reporter ajaleht juurest ."
14		" Siim , kutsutakse ka Skriptiks , sellepärast et ma pidevalt kirjutan , kusjuures ainult käsitsi . "" "	"Siim , kutsuma ka skript , sellepärast et mina pidevalt kirjutama , kusjuures ainult käsitsi . """
14		 Skript tõstis fakti toonitamiseks näpu värava kõrval kasvava kase võra poole . 	skript tõstma fakt toonitamine näpp värav kõrval kasvav kask võra poole .
14		 Ta ei pannud tähelegi , et tema kohal , ühel jämedal oksal kükitas must läikiva karvaga kass , kellele oli kõrvade vahele punutud pikematest karvadest ja võltsjuustest roosakas pats . 	tema ei panema|pannud tähele , et tema kohal , üks jäme oks kükitama must läikiv karv kass , kes olema kõrv vahele punuma|punutud pikem karv ja võltsjuus roosakas pats .
15		" "" Jaa-jahh , "" tähendas Kurk äraootavalt . "	""" jaa-jahh , "" tähendama kurk äraootavalt ."
15		 Ta toppis käed püksitaskutesse ja vahtis Skriptile ootavalt näkku . 	tema toppima käsi püksitasku ja vahtima skript ootavalt nägu .
15		 Ehkki ajakirjanik seisis lõõskava päikese eest kase varjus , tundis ta , nagu istuks ta kuuma lõkke ääres . 	ehkki ajakirjanik seisma lõõskav päike|päikene eest kask varjus , tundma tema , nagu istuma tema kuum lõke ääres .
15		 Tuul liigutas Kurgi erepunaseid juuksesalke ja Skriptile viirastus , nagu oleks teisel leegid juustena hubisenud . 	tuul liigutama kurk erepunane juuksesalk ja Skriptile viirastuma , nagu olema teine leek juus hubisema|hubisenud .
15		" Skript tõmbas käega üle näo , et lummusest vabaneda ning jätkas reipalt : "" Vaata ( ta valis familiaarse lähenemise ) , ma kogun materjale artikli jaoks , mis käsitleb satanismi eesti noorte seas , no ja üldse , vanemate seas ka , aga eriti noortekultuuris , no ja mind juhatati sinu juurde . "" "	"skript tõmbama käsi üle nägu , et lummus vabanema ning jätkama reipalt : "" vaatama ( tema valima familiaarne lähenemine ) , mina koguma materjal artikkel jaoks , mis käsitlema satanism eesti noor seas , no ja üldse , vanem seas ka , aga eriti noortekultuur , no ja mina juhatama sina juurde . """
16		" "" Minu ? "" üllatus Kurk Tema näolt paistis siiras hämmeldus . "	""" mina ? "" üllatus kurk tema nägu paistma siiras hämmeldus ."
16		" "" Kes ? "" "	""" kes ? """
17		" "" Noh , "" Skript pühkis jälle higi . "	""" noh , "" skript pühkima jälle higi ."
17		" "" Pea iga teine Tallinna satanistlik noor nimetas sinu nime . "	""" pidama iga teine Tallinn satanistlik noor nimetama sina nimi ."
17		" Nagu ma aru sain oled sa neile nagu midagi guru taolist . "" "	"nagu mina aru saama olema sina see nagu miski guru taoline . """
18		 Kurk hakkas lõbusalt kõõksuma . 	kurk hakkama lõbusalt kõõksuma .
18		" "" See , "" mõtles Skript endamisi , "" on naer . "" "	""" see , "" mõtlema Skript endamisi , "" olema naer . """
19		" "" Õõh-õõh-õõh , suur juht ja õpetaja , "" kilkas Kurk kõõksumise vahele . "	""" õõh-õõh-õõh , suur juht ja õpetaja , "" kilkama kurk kõõksumine vahele ."
20		 Kuna koer oli vahepeal kuhugi minema töllerdanud , julges Skript aiale naalduda . 	kuna koer olema vahepeal kuhugi minema töllerdama|töllerdanud , julgema skript aed naalduma .
20		" "" Nad väitsid , et neil olla isegi mingeid okultseid satanistlikke tekste , mis on sinu poolt kirja pandud . "" "	""" tema väitma , et tema olema isegi mingi okultne satanistlik tekst , mis olema sina poolt kiri pandud|panema . """
21		" Kurk naeris , "" Usun , et küllap need on tavalised õudusjutud . "	"kurk naerma , "" uskuma , et küllap see olema tavaline õudusjutt ."
21		" Ilukirjandus . "" "	"ilukirjandus . """
22		" "" Tavaline ilukirjandus ? "	""" tavaline ilukirjandus ?"
22		" Need noormehed paistsid neid päris tõsiselt võtvat , "" mainis Skript . "	"see noormees paistma see päris tõsiselt võtma , "" mainima Skript ."
23		" "" Noored inimesed , tahtmist on , võtku pealegi , mul pohhui . "" "	""" noor inimene , tahtmine olema , võtma pealegi , mina pohhui . """
24		 Sellega paistis jutuajamine lõppenud olevat . 	see paistma jutuajamine lõppema|lõppenud olema .
24		 Skript ajas siiski veel näpu üles , kassi poole püsti . 	skript ajama siiski veel näpp üles , kass poole püsti .
24		" "" Äkki saate mulle mõnd oma juttu näidata . "" "	""" äkki saama mina mõni oma jutt näitama . """
25		" Kurk kehitas õlgu , "" ega eriti ei viitsi küll , mul tosin toimetust teha . "" "	"kurk kehitama õlg , "" ega eriti ei viitsima küll , mina tosin toimetus tegema . """
26		 Skript noogutas , lehvitas ja istus autosse . 	skript noogutama , lehvitama ja istuma auto .
26		 Kassi enam puu otsas ei olnud . 	kass enam puu otsas ei olema|olnud .
27	 2 . 	 2 . 	2 .
28		 Skript sõitis kohaliku ajalehe toimetusse . 	skript sõitma kohalik ajaleht toimetus .
28		" Kui Kurk kirjutas tõesti ilukirjanduslikku lugusid , siis oli ta neid võib-olla ka "" Vooremaale "" pakkunud ja neil võis mõni ta käsikiri alles olla . "	"kui kurk kirjutama tõesti ilukirjanduslik lugu , siis olema tema see võib-olla ka "" Vooremaale "" pakkuma|pakkunud ja tema võima mõni tema käsikiri alles olema ."
29		 Linn oli külast , kus Kurk elas , vaevalt poole kilomeetri kaugusel , külast teisele poole umbes sama kaugele jäi Jõgeva alevik . 	linn olema küla , kus kurk elama , vaevalt pool kilomeeter kaugusel , küla teine poole umbes sama kaugele jääma Jõgeva alevik .
30		" Skripti õnneks olid inimesed "" Vooremaa "" toimetuses ametivennale üsnagi vastutulelikud ja mõningase viivituse järel tõid nad talle Kurgi järjejutuna ilmunud loo "" Surm on lahti "" . "	"skript õnn olema inimene "" Vooremaa "" toimetus ametivend üsna vastutulelik ja mõningane viivitus järel tooma tema tema kurk järjejutt ilmuma|ilmunud lood|loog|lugu "" surm olema lahti "" ."
30		 Vahepeal , niikaua kuni käsikirja alles otsiti , uuris Skript kohalikku ajalehte . 	vahepeal , niikaua kuni käsikiri alles otsima , uurima skript kohalik ajaleht .
30		 Ta silmad jäid pidama politseikroonika veerul . 	tema silm jääma pidama politseikroonika veer|veerg .
30		 Sõnum oli lühike : 	sõnum olema lühike :
31		 Ööl vastu reedet vandaalitseti Siimusti surnuaial.Poolenisti lahti oli kaevatud eelmisel päeval maetudM.T haud , hauakivi oli purustatud ning pärgadelt olidnopitud kõik lilled . 	öö vastu reede vandaalitsema Siimusti surnuaed . poolenisti lahti olema kaebama|kaevama|kaevatud eelmine päev maetudM.T haud , hauakivi olema purustama|purustatud ning pärg olidnopitud kõik lill .
32		" "" Ohoo , "" mõtles Skript . "	""" ohoo , "" mõtlema Skript ."
32		" "" Paistab , et ka siinkandis võib esialgsest ebaõnnestumisest hoolimata mingit materjali olla . "" "	""" paistma , et ka siinkandis võima esialgne ebaõnnestumine hoolimata mingi materjal olema . """
32		 Ta tänas kolleegi ja paljundanud omale käsikirja , suundus politseiprefektuuri . 	tema tänama kolleeg ja paljundama|paljundanud oma käsikiri , suunduma politseiprefektuur .
32		 Seal polnud kahjuks selle juhtumiga tegelejat parajasti kohal ning politseiametnike umbmääraste vastuste ning segase jutu põhjal jäi Skriptile mulje , et ega keegi sellega vist õieti ei tegelegi . 	seal olema kahjuks see juhtum tegeleja parajasti koha|koht ning politseiametnik umbmäärane vastus ning segane jutt põhjal jääma Skriptile mulje , et ega keegi see vist õieti ei tegelema .
32		 Teed küsides pööras ta masina Siimusti poole , mis asus mõned head kilomeetrid Tartu pool . 	tee küsima pöörama tema masin Siimusti poole , mis asuma mõni hea kilomeeter Tartu pool .
33		" "" Ega see pole neil esimene kord siin möllata , "" mökitas surnuaiavaht ärajoonud tämbril . "	""" ega see olema see esimene kord siin möllama , "" mökitama surnuaiavaht ärajoonud tämber ."
34		" "" Ah , nii , "" tegi Skript huvitatud häält . "	""" ah , nii , "" tegema Skript huvitama|huvitatud hääl ."
35		" "" Viimasel ajal on tervel hulgalt hauaplatsidelt pärjalilled läinud . "	""" viimane aeg olema terve hulk hauaplats pärjalill läinud|minema ."
35		 Mitte kõik , ainult kõige ilusamatelt pärgadelt . 	mitte kõik , ainult kõige ilusam pärg .
35		" Vahest mõni üksik kord on võtmata jäänud . "" "	"vahest mõni üksik kord olema võtmata jääma|jäänud . """
35		 Vanamees silus lõuga . 	vanamees siluma lõug .
35		" "" Ja lindid kah . "" "	""" ja lint kah . """
36		 Nad jõudsid M.T hauani . 	tema jõudma M.T haud .
36		 Plats oli koristatud ja korda tehtud . 	plats olema koristama|koristatud ja kord tegema|tehtud .
36		 Hauakivilt võis lugeda omaniku nime , surma ja sünniaega . 	hauakivi võima lugema omanik nimi , surm ja sünniaeg .
37		" "" Hoi-hoi ? "" hüüdis Skript küsivalt . "	""" hoi-hoi ? "" hüüdma skript küsivalt ."
37		" "" Ma sain aru , et hauakivi oli puruks löödud ? "" "	""" mina saama aru , et hauakivi olema puruks löödud|lööma ? """
37		 Vanamees ei öelnud midagi , pomises niisama midagi habemesse . 	vanamees ei öelnud|ütlema miski , pomisema niisama miski habe .
38		" "" Mis ? "	""" mis ?"
38		" Ah ? "" torkis ajakirjanik kui taat ei vastanud . "	"ah ? "" torkima ajakirjanik kui taat ei vastama|vastanud ."
39		" "" Oli jah , "" vastas taat järsult . "	""" olema jah , "" vastama taat järsult ."
39		 Ta oli kuidagi sõnaahtraks jäänud . 	tema olema kuidagi sõnaaher jääma|jäänud .
40		" "" Noo aga see on ju terve !! "" "	""" noo aga see olema ju terve !! """
41		" "" Terve jah , terve nagu purikas . "" "	""" terve jah , terve nagu purikas . """
42		" "" Vahetati välja või ? "	""" vahetama välja võima ?"
42		 Mis ? 	mis ?
42		" Ah ? "" "	"ah ? """
43		" "" Ei vahetatud , ise paranes ära ! "" vihastas vanamees , "" mis sa tühja torgid ! "" "	""" ei vahetama|vahetatud , ise paranema ära ! "" vihastama vanamees , "" mis sina tühi torkima ! """
44		" "" Ega ma tühja torgigi , ma uurin satanismi , "" seletas Skript lahkelt . "	""" ega mina tühi torkima , mina uurima satanism , "" seletama Skript lahkelt ."
45		" "" Satanismi , "" tusatses ätt , "" sa poisijuss ei teagi , misasi see satanismus õieti on ! "" "	""" Satanismi , "" tusatsema ätt , "" sina poisijuss ei teadma , misasi see satanismus õieti olema ! """
46		" "" Sellepärast ma uuringi , et ei tea , "" provotseeris Skript . "	""" sellepärast mina uurima , et ei teadma , "" provotseerima Skript ."
46		" "" Saan teada , võin sullegi selgitada . "" "	""" saama teadma , võima sina selgitama . """
47		 Taat vaatas teda põlastavalt . 	taat vaatama tema põlastavalt .
47		" "" Hähh , selgitada . "	""" hähh , selgitama ."
47		" No tule selgita siis , "" ja hakkas ees mööda jalgrada tagasi astuma . "	"no tulema selgitama siis , "" ja hakkama ees mööda jalgrada tagasi astuma ."
48		 Jõudnud surnuaiavahi majani , viis taat Skripti kuuri alla ja võttis seal seinalt pärjalindi . 	jõudma|jõudnud surnuaiavaht maja , viima taat skript kuur alla ja võtma seal sein pärjalint .
48		" "" Säh , selgita seda siin . "" "	""" säh , selgitama see siin . """
49		 Ehkki kuur oli üsna hämar , helendasid tähed mustal taustal sinakalt , Skriptile paistis nagu hoiaks ta käes mitte linti vaid ainult tähti . 	ehkki kuur olema üsna hämar , helendama täht must taust sinakalt , Skriptile paistma nagu hoidma tema käsi mitte lint vaid ainult täht .
49		 Lause ees ja taga veretasid kolm erkpunast nelki . 	lause ees ja taga veretama kolm erkpunane nelk .
49		 Lint tundus levitavat mingit vastikut vibratsiooni . 	lint tunduma levima|levitama mingi vastik vibratsioon .
50		" "" Mis see on ? "" küsis Skript . "	""" mis see olema ? "" küsima skript ."
50		 Ta hääl kostis hämaras ruumis jõu kaotanult ja õõnsalt . 	tema hääl kostma hämar ruum jõud kaotanult ja õõnsalt .
50		 Kuuri uks , mis pidi olema siinsamas sammu kaugusel selja taga , kumas vaevaliselt tunneli kauges otsas . 	kuur uks , mis pidama olema siinsamas samm kaugusel selg taga , kumama vaevaliselt tunnel kauge ots .
50		 Surnuaiavaht tundus kössis ja vanana , tema pale oleks nagu kahestunud jagades kummassegi näkku ühe silma , ühe ninasõõrme ja pooliku suu . 	surnuaiavaht tunduma köss ja vana , tema pale olema nagu kahestuma|kahestunud jagama kumbki nägu ühe silm , üks ninasõõre ja poolik suu .
50		 Silmad mõlemast näost sihtisid helendavaid tähti . 	silm mõlema nägu sihtima helendav täht .
51		" "" Ma põletasin lõkkeplatsil rämpsu , muu hulgas ka vanu pärgi . "	""" mina põletama lõkkeplats rämps , muu hulgas ka vana pärg ."
51		" Ühel pärjal , millele oli valge lint ja sellel tekst "" Me hulgast surm sind ei vii ! "" "	"üks pärg , mis olema valge lint ja see tekst "" mina hulgast surm sina ei viima ! """
51		" Hakkas lint äkki sädemeid pildudes leegitsema , see kestis vaid hetke ning lint moondus mustaks , vaat selleks samuseks siin . "" "	"hakkama lint äkki säde pilduma leegitsema , see kestma vaid hetk ning lint moonduma must , vaat see samune siin . """
52		" "" Lähme välja , "" kärises Skript . "	""" minema välja , "" kärisema Skript ."
52		 Ühe sammuga olid nad uksest väljas päikesepaistes . 	üks samm olema tema uks väljas päikesepaiste .
53		" "" See oli üks neist pärgadest , millelt tavaliselt lilled ja lindid hommikuks kadunud on , "" seletas taat . "	""" see olema üks see pärg , mis tavaliselt lill ja lint hommik kaduma|kadunud olema , "" seletama taat ."
54		 Valges märkas Skript , et sõnade vahel tumedast riidest veelgi tumedamalt olid mingid märgid ning nelkide varred olid inimluudest , lehtedeks pikkade küüntega näpud . 	valge märkama skript , et sõna vahel tume riie veelgi tumedamalt olema mingi märk ning nelk vars olema inimluu , leht pikk küüs näpp .
54		 Nelgi õite värvus meenutas tuleleeke . 	nelk õis värvus meenutama tuleleek .
55		 Skriptil hakkas palav , talle tundus taas nagu seisaks ta kuumava lõkke ääres . 	skript hakkama palav , tema tunduma taas nagu seisma tema kuumav lõke ääres .
55		 Mees voltis lindi aeglaselt kokku . 	mees voltima lint aeglaselt kokku .
55		 Tähed sellel olid tuhmunud . 	Tähe|Tähed|Täht see olema tuhmuma|tuhmunud .
56		" "" Ma ei tea mis see on , "" tunnistas Skript nõtkuval häälel , "" aga kui sa selle mulle annad , siis ma uurin välja . "" "	""" mina ei teadma mis see olema , "" tunnistama Skript nõtkuv hääl , "" aga kui sina see mina andma , siis mina uurima välja . """
57		" "" Minupärast võta , "" ütles vanamees kuidagi kergendatult . "	""" minupärast võtma , "" ütlema vanamees kuidagi kergendatult ."
57		 Ta elavnes silmnähtavalt . 	tema elavnema silmnähtavalt .
57		" "" Kui sa tahad näha pärgi , mille sarnaselt see pärit on , siis praegu on kabelis ärasaatmine . "	""" kui sina tahtma nägema pärg , mis sarnaselt see pärit olema , siis praegu olema kabel ärasaatmine ."
57		" Kindlasti on sellelgi matusel mõned sihukesed . "" "	"kindlasti olema see matus mõni sihuke|sihukene . """
58	 3 . 	 3 . 	3 .
59		 Skript poetas ennast kabelisse , kus avatud kirstu ümber seisid paarkümmend leinalist ja kuulasid ärasaatmisjuttu . 	skript poetama ise kabel , kus avama|avatud kirst ümber seisma paarkümmend leinaline ja kuulama ärasaatmisjutt .
59		 Skript libistas endki nende hulka . 	skript libistama ise tema hulka .
59		 Kirstus lebas umbes kolmekümnendates aastates mees . 	Kirstus lebama umbes kolmekümnes aasta mees .
59		 Skript ei osanud välja pakkuda millesse ta surnud võis olla . 	Skript ei osanud|oskama välja pakkuma mis tema surema|surnud võima olema .
60		 Teenistus lõppes ja kuus kirstukandjat haarasid sarga ning ristikandja kõige ees , asus protsessioon tühja haua poole teele . 	teenistus lõppema ja kuus kirstukandja haarama sark ning ristikandja kõige ees , asuma protsessioon tühi haud poole tee .
61		 Poisinaga , kes risti kandis oli umbes kümneaastane . 	poisina , kes risti kant olema umbes kümneaastane .
61		 Rist oli tema jaoks vist veidi raske ning ta hoidis seda pooleldi õla najal nagu sõdur püssi . 	rist olema tema jaoks vist veidi raske ning tema hoidma see pooleldi õlg najal nagu sõdur püss .
61		 Ühtepuhku pooluhkelt-pooluudishimulikult üle õla tagasi vahtides oli tal vaevalt aega teed vaadata ning seepärast komistas ta pidevalt ühest rajaservast teise . 	ühtepuhku pooluhkelt-pooluudishimulikult üle õlg tagasi vahtima olema tema vaevalt aeg tee vaatama ning seepärast komistama tema pidevalt üks rajaserv teine .
61		 Skriptil oli tükk tegemist , et teda jälgides mitte naerma puhkeda , seetõttu ei pöörand ta ka pärgadele enne suuremat tähelepanu , kui nendega kalmuküngast katma hakati . 	skript olema tükk tegemine , et tema jälgima mitte naerma puhkema , seetõttu ei pöörand tema ka pärg enne suurem tähelepanu , kui see kalmuküngas katma hakkama .
61		 Ajakirjanik tundis otsitava silmapilk ära . 	ajakirjanik tundma otsitav silmapilk ära .
61		" Talle tundus , et hetkel kui see kääpale asetati , vajus lint ebaloomulikult sirgeks ja sellelt võis lugeda : "" Ei jäta me sind unustuse hõlma ... "" "	"tema tunduma , et hetk kui see kääbas asetama , vajuma lint ebaloomulikult sirge ja see võima lugema : "" ei jätma mina sina unustus hõlmama ... """
62		 Kiskus juba õhtupoole , kui Skript Siimustist Jõgevale jõudis . 	kiskuma juba õhtupoole , kui skript Siimusti Jõgeva jõudma .
62		" Ta võttis "" Virtuses "" endale toa , sest kavatses veel üheks päevaks siia jääda . "	"tema võtma "" Virtuses "" ise tuba , sest kavatsema veel üks päev siia jääma ."
63		 Toas istus ta voodile . 	tuba istuma tema voodi .
63		 Talle meenus kuidas ta oli pärast matusetalituse lõppu astunud ühe vanema naisterahva juurde , kes oli Selle pärja toonud . 	tema meenuma kuidas tema olema pärast matusetalitus lõpp astuma|astunud ühe vanem naisterahvas juurde , kes olema see pärg tooma|toonud .
63		 Skript kiitis pärast kaastundeavaldust pärga ning küsis siis selle päritolu kohta . 	skript kiitma pärast kaastundeavaldus pärg ning küsima siis see päritolu kohta .
63		 Naine oli andnud talle visiitkaardi . 	naine olema andma|andnud tema visiitkaart .
63		 Sellel seisis : 	see seisma :
64		 KURKPärjad , kimbud , lindid . 	kurkpärg , kimp , lint .
65		 Skript tõusis püsti ja hakkas rahutult toas edasi-tagasi käima . 	skript tõusma püsti ja hakkama rahutult tuba edasi-tagasi käima .
65		 Visiitkaart oli teda mingil määral rööpast välja viinud . 	visiitkaart olema tema mingi määr rööbas välja viima|viinud .
65		 Eriti kui talle meenus mis oli juhtunud surnuaiavahi kuuris . 	eriti kui tema meenuma mis olema juhtuma|juhtunud surnuaiavaht kuur .
65		 Skript kobas tasku järgi , kus lebas must lint . 	skript kobama tasku järgi , kus lebama must lint .
65		 Ta tundis , et läheb higiseks . 	tema tundma , et minema higine .
65		 Toa seinad tundusid teda rõhuvat kuidagi vastikult . 	tuba sein tunduma tema rõhuma kuidagi vastikult .
65		 Linti ta taskust välja ei võtnud . 	lint tema tasku välja ei võtma|võtnud .
65		 Selleks ei jätkunud tal julgust . 	see ei jätkuma|jätkunud tema julgus .
65		 Oleks ometi keegi veel siin . 	olema ometi keegi veel siin .
65		 Ja mitte ruumis . 	ja mitte ruum .
65		 Siit ei saa nii lihtsalt välja astuda nagu tollest kuurist . 	siit ei saama nii lihtsalt välja astuma nagu too kuur .
65		 Õue on pikk tee ja õhtu ka juba . 	õue olema pikk tee ja õhtu ka juba .
65		 Närviliselt sügas mees higist kipitavat keha . 	närviliselt sügama mees higi kipitav keha .
66		 Tuleb selle Kurgiga uuesti rääkida , ja tema naabritega . 	tulema see kurk uuesti rääkima , ja tema naaber .
66		 Enne naabritega . 	enne naaber .
66		 Kannatamatult kratsis Skript oma pööraselt kihelevat kaela . 	kannatamatult kratsima skript oma pööraselt kihelev kael .
66		 Tuba tundus iga hetkega üha lämmatavam . 	tuba tunduma iga hetk üha lämmatavam .
66		 Seinad paistsid madala lae all veelgi enam tema kohale koolduvat . 	sein paistma madal laad|lagi all veelgi enam tema kohale koolduma|koolma .
66		 Skript seisatas järsult , ise raskelt hingeldades . 	skript seisatama järsult , ise raskelt hingeldama .
66		 Midagi oli mäda ! 	miski olema mäda !
66		 Hüsteeriliselt toksis ta sõrmega lauaservale . 	hüsteeriliselt toksima tema sõrm lauaserv .
66		 Ta peab siit välja saama . 	tema pidama siit välja saama .
66		 Ruumiga oli midagi kapitaalselt korrast ära . 	ruum olema miski kapitaalselt kord ära .
66		 See ahenes kohutava kiirusega . 	see ahenema kohutav kiirus .
66		 Tuba oli äkitselt vaid kapisuurune ja ta tundis füüsiliselt kuidas see teda õlgadest pitsitab . 	tuba olema äkitselt vaid kapisuurune ja tema tundma füüsiliselt kuidas see tema õlg pitsitama .
67		" "" Kas mul enam ongi piisavalt ruumi ümber keerata , et ukseni jõuda või litsutakse mind enne lödiks , "" vilksatas Skripti hirmunud ajus . "	""" kas mina enam olema piisavalt ruum ümber keerama , et uks jõudma või litsuma mina enne lödi , "" vilksatama skript hirmuma|hirmunud aju ."
67		 Paanikas sööstis mees käheda karjatusega ukse juurde ja tormas koridori . 	paanika sööstma mees kähe karjatus uks juurde ja tormama koridor .
67		 See oli pigem käik kui koridor . 	see olema pigem käik kui koridor .
67		 Välisukse poole joostes pidi ta pead allapoole kössitama , et seda mitte ära lüüa . 	välisuks poole jooksma pidama tema pea allapoole kössitama , et see mitte ära lööma .
67		 Õue sööstis ta nagu püssikuul , joostes hoonest meeletuna eemale . 	õue sööstma tema nagu püssikuul , jooksma hoone meeletu eemale .
68		 Alles paarisaja meetri pärast , tajudes enese ümber avarust , aeglustas Skript sammu . 	alles paarsada meeter pärast , tajuma ise ümber avarus , aeglustama skript samm .
68		 Ümberringi valitses hämarus ja öö . 	ümberringi valitsema hämarus ja öö .
68		 Skriptil hakkas läbihigistatud riietes jahe . 	Skriptil hakkama läbihigistatud riie jahe .
68		 Nahk oli valus ja marraskil . 	nahk olema valus ja marraskil .
68		 Tundus , et ta oli ennast ise seda märkamata verele kratsinud . 	tunduma , et tema olema ise ise see märkama veri kratsima|kratsinud .
68		 Pea oli nüüd klaar . 	pea olema nüüd klaar .
68		 Ta oli oma käitumisest vapustatud . 	tema olema oma käitumine vapustama|vapustatud .
69		" "" Millest selline hirmusööst ? "" küsis Skript eneselt . "	""" mis selline hirmusööst ? "" küsima skript ise ."
69		 Ma pole iialgi klaustrofoobiat tundnud . 	mina olema iialgi klaustrofoobia tundma|tundnud .
70		 Ta mõtted naasid mustale lindile , mida ta endiselt taskus kandis . 	tema mõte naasma must lint , mis tema endiselt tasku kandma .
70		 Tunded kuuris ja toas ? 	tunne kuur ja tuba ?
70		 Vahest on siin mingi seos ? 	vahest olema siin mingi seos ?
70		 Käsi tõrkus ka praegu , siin pimedas öös riidetükki välja võtmast . 	käsi tõrkuma ka praegu , siin pime öö riidetükk välja võtma .
70		" "" Pean surnuaiavahti veelkord külastama , "" mõtles Skript . "	""" pidama surnuaiavaht veelkord külastama , "" mõtlema Skript ."
70		" "" Tunnen , et midagi jättis ta päeval rääkimata . "" "	""" tundma , et miski jätma tema päev rääkima . """
70		 Skript läks oma auto juurde ja istus sellesse kerge ebamugavustundega . 	skript minema oma auto juurde ja istuma see kerge ebamugavustunne .
70		 Hetke piinelnud keris ta kärmesti kõigil ustel klaasid alla . 	hetk piinelnu kerima tema kärmesti kõik uks klaas alla .
70		 Pead pooleldi aknast välja hoides võttis Skript kergelt iiveldust tundes suuna taas Siimusti poole . 	pea pooleldi aken välja hoidma võtma Skript kergelt iiveldus tundma suund taas Siimusti poole .
70		 Auto tundus kuidagi kitsas ja lämbe . 	auto tunduma kuidagi kitsas ja lämbe .
71		 Jõudes vaevalt linna piiridest välja , pidi ta äärepealt mingi hullu alla ajama , kes lillesületäiega külmalt auto eest üle tee jooksis . 	jõudma vaevalt linn piir välja , pidama tema äärepealt mingi hull alla ajama , kes lillesületäis külmalt auto eest üle tee jooksma .
71		" "" Kuradi värdjas ! "" kirus Skript ja sikutas rooli . "	""" kurat värdjas ! "" kiruma skript ja sikutama rool ."
71		 Mees oleks tal peaaegu vasakpoolse peegli küljest löönud . 	mees olema tema peaaegu vasakpoolne peegel küljest lööma|löönud .
71		 Pead pööramata sörkis hull üle tee maanteekraavi ja kadus seal pimedusse . 	pea pöörama sörkima hull üle tee maanteekraav ja kaduma seal pimedus .
71		 Skript seisis autoga põiki tee peal . 	skript seisma auto põiki tee peal .
71		 Ta oli mehe ära tundnud . 	tema olema mees ära tundma|tundnud .
71		 Tüüp lilledega oli lamanud päeval kirstus ja lasknud sama külma kõhuga , nagu ta praegu auto ette jooksis , end maha matta . 	tüüp lill olema lamama|lamanud päev kirst ja laskma|lasknud sama külm kõht , nagu tema praegu auto ette jooksma , ise maha matma .
71		 Skript vaarus autost välja . 	skript vaaruma auto välja .
71		 Tal oli üle kere palavaks löönud . 	tema olema üle kere palav lööma|löönud .
72		" "" Nonii , nonii , "" rahustas ta ennast . "	""" Nonii , nonii , "" rahustama tema ise ."
72		" "" Nonii , nonii ! "	""" Nonii , nonii !"
72		" Ma võin ju ka eksida "" Ometi teadis ta täpselt , et oli selgesti märganud ka seda , millesse see punt nelke oli mähitud . "	"mina võima ju ka eksima "" ometi teadma tema täpselt , et olema selgesti märganud|märkama ka see , mis see punt nelk olema mähitud|mähkima ."
72		 Musta , heledate tähtedega linti . 	must , hele täht lint .
72		 Skript istus auto kõrvale maha ja toetas pea kätele . 	skript istuma auto kõrvale maha ja toetama pea käsi .
72		" "" Said , mis tahtsid , "" mõtles ta väsinult . "	""" saama , mis tahtma , "" mõtlema tema väsinult ."
72		" "" Tahtsid sataniste , "	""" tahtma satanist ,"
72		 .... 	....
72		" palun väga . "" "	"paluma väga . """
72		 	
73		 Skript tundis kuidas ööõhk oli järjekordse higikorra ta kehal jahutanud . 	skript tundma kuidas ööõhk olema järjekordne higikord tema keha jahutama|jahutanud .
73		" "" Noh igatahes , enam ma seda nii jätta ka ei saa , "" ajakirjaniku uurijavaim tõstis temas jälle pead . "	""" noh igatahes , enam mina see nii jätma ka ei saama , "" ajakirjanik uurijavaim tõstma tema jälle pea ."
73		 Ainus koht kuhu see ... 	ainus koht kuhu see ...
73		" ( Skript neelatas ja julgus temas taandus ) ee .. võis minna , oli Kurgi pesa . "" "	"( skript neelatama ja julgus tema taanduma ) esi .. võima minema , olema kurk pesa . """
74		 Kergelt taas higistama hakates istus mees masinasse . 	kergelt taas higistama hakkama istuma mees masin .
74		" "" Närvid läbi nagu politseikoeral , "" virgutas ta ennast . "	""" närv läbi nagu politseikoer , "" virgutama tema ise ."
74		" "" Olen materialist või mitte , ah ? "" "	""" olema materialist või mitte , ah ? """
75		 Auto käivitus ja keeras otsa ringi . 	auto käivituma ja keerama otsa ringi .
75		" "" Igatahes ei pea ma üksi jääma , "" kobas ta püksivärvlilt mobiiltelefoni . "	""" igatahes ei pidama mina üksi jääma , "" kobama tema püksivärvel mobiiltelefon ."
75		 Julgus tõusis taas paari kraadi võrra . 	julgus tõusma taas paar kraad|kraat võrra .
75		" "" Igatahes jõuan kohale rutem kui see lillepoiss , "" itsitas Skript , püüdes vaprust alal hoida . "	""" igatahes jõudma koha|koht rutem kui see lillepoiss , "" itsitama Skript , püüdma vaprus ala hoidma ."
75		" "" Olgu mis on , püstol mul on ! "" "	""" olema mis olema , püstol mina olema ! """
76		 Skript kihutas Kurgi maja poole . 	skript kihutama kurk maja poole .
76		 Hoolimata sellest , et auto kõik aknad ammuli olid ja masinas möllas kui pööristorm , ahistas kinnine ruum meest , litsudes teda aeglaselt ent kindlalt lapikumaks . 	hoolimata see , et auto kõik aken ammuli olema ja masin möllama kui pööristorm , ahistama kinnine ruum mees , litsuma tema aeglaselt ent kindlalt lapikum .
76		 Vastusõitev auto pimestas korraks ta silmi ning Skript tundis end kui lõksuaetud loom . 	vastusõitev auto pimestama korraks tema silm ning skript tundma ise kui lõksuaetud loom .
76		 Kriisates tallas ta pidurit ja rebis veel liikumise ajal ust lahti . 	kriiskama tallama tema pidur ja rebima veel liikumine ajal uks lahti .
76		 Pidurdamisel tekkinud inerts rapsas ukse tagurpidi ning käänas hinged kõveraks . 	pidurdamine tekkima|tekkinud inerts rapsama uks tagurpidi ning käänama hing|hinge kõver .
76		 Kummilohinal keeras bemar kraavi , raksatades vastu suurt kivijurakat . 	kummilohin keerama bemar kraav , raksatama vastu suur kivijurakas .
77		 Öökides kiskus Skript poova turvavöö lahti ning koperdas autost välja . 	öök kiskuma skript poov turvavöö lahti ning koperdama auto välja .
77		 Vastikus- ja õõvatundega tõmbas mees taskust musta lindi ja sidus riidetüki sellele pilku heitmata autopeegli külge . 	vastikus ja õõvatunne tõmbama mees tasku must lint ja siduma riidetükk see pilk heitma autopeegel külge .
77		 Skript oli kindel , et just see ese on tema klaustrofoobias süüdi . 	skript olema kindel , et just see ese olema tema klaustrofoobia süüdi .
77		 Tuikudes ja ikka veel ennast verele kratsides jooksis ajakirjanik Kurgi maja poole . 	tuik ja ikka veel ise veri kratsima jooksma ajakirjanik kurk maja poole .
78		" "" Alustatu tuleb lõpuni viia , "" pomises ta , arutlemata selle üle , mida ta üleüldse saavutada tahtis . "	""" alustatu tulema lõpp viima , "" pomisema tema , arutlema see üle , mis tema üleüldse saavutama tahtma ."
78		 Praegu polnud mehel muud eesmärki kui sihtkohta jõuda . 	praegu olema mees muu eesmärk kui sihtkoht jõudma .
79		" "" Üks asi korraga , "" rahustas ta ennast . "	""" üks asi korraga , "" rahustama tema ise ."
79		" "" Üks asi korraga ! "" "	""" üks asi korraga ! """
80		 Kuu kallas oma hõbedast valgust maastikule , lastes kõigel üsna selgelt paista . 	Kuu kallama oma hõbe valgus maastik , laskma kõik üsna selgelt paistma .
80		 Kui Kurgi maja paistma hakkas , märkas Skript eespool lilledega jooksjat . 	kui kurk maja paistma hakkama , märkama skript eespool lill jooksja .
80		 Viimast jõudu kokku võttes spurtis ta , et vähendada vahemaad ning näha ligemalt , mis edasi saab . 	viimane jõud kokku võtma spurtima tema , et vähendama vahemaa ning nägema ligemalt , mis edasi saama .
81		 Koolnu keeras otseteele üle põllu . 	koolnu keerama otsetee üle põld .
81		 Kartulipealsed ragisesid ta jalgade all kui tundetu kuju neist ükskõikselt üle tallas . 	kartulipealne ragisema tema jalg all kui tundetu kuju tema ükskõikselt üle tallama .
81		 Ka Skript sumatas talle järele , kuid oma väsinud jalgadel koperdas ta igale vaole , pealsed keerdusid mehe säärte ümber . 	ka skript sumatama tema järele , kuid oma väsima|väsinud jalg koperdama tema iga vagu , pealne|pealsed keerduma mees säär ümber .
81		 Vandudes nägi Skript kuidas tume vari põllu ületas , kriiksuvast väravast sisse läks ja maja ees valitsevasse hämarusse kadus . 	vanduma nägema skript kuidas tume vari põld ületama , kriiksuv värav sisse minema ja maja ees valitsev hämarus kaduma .
81		 Hetkeks tungis hoonest välja kohutav lärm , mis järgmisel hetkel maha vaigistus . 	hetk tungima hoone välja kohutav lärm , mis järgmine hetk maha vaigistus .
81		 Süda meeletult kloppimas seisis Skript keset põldu ja kuulas vere kohinat kõrvus . 	süda meeletult kloppima seisma skript keset põld ja kuulama veri kohin kõrv .
81		 Nüüd kui ta enam ringi ei sahminud , tabas mehe kõrv majast kostvat marulist rütmi . 	nüüd kui tema enam ringi ei sahmima|sahminud , tabama mees kõrv maja kostev maruline rütm .
81		 Elektrikitarr , trummid ja viimsepäevapasunat meenutav saksofon moodustasid põrguliku trio , mis oma meeletu tempoga korinat meenutades tal juuksed peas püsti tõstsid . 	elektrikitarr , trumm ja viimsepäevapasun meenutav saksofon moodustama põrgulik trio , mis oma meeletu tempo korin meenutama tema juus pea püsti tõstma .
81		 Hämarus ümberringi tundus tihenevat . 	hämarus ümberringi tunduma tihenema .
82		 Trah-trah-trah-trah-trah-ühüüüüüü ( kisendas saksofon ) . 	Trah-trah-trah-trah-trah-ühüüüüüü ( kisendama saksofon ) .
83		 Trah-trah-trah-trah-trah-ühüüüüüü . 	Trah-trah-trah-trah-trah-ühüüüüüü .
84		 Ennast kummargile lastes hakkas Skript uuesti liikuma hoone poole , millest kostvad helid selle põrgu eeskojaks muutsid . 	ise kummargile laskma hakkama skript uuesti liikuma hoone poole , mis kostev heli see põrgu eeskoda muutma .
84		 Juba märkas mees ka aknaid , kuid jumala eest , need olid veel pimedamad , kui ümberringi valitsev öö . 	juba märkama mees ka aken , kuid jumal eest , see olema veel pimedam , kui ümberringi valitsev öö .
84		 Jõudes värava ligi , hakkas Skript eristama ka häältekõma . 	jõudma värav ligi , hakkama Skript eristama ka häältekõma .
84		 Surnud , elutud hääled kisendasid ( kuivõrd elutud hääled saavad kisendada ) kuulipildujaina sõnu : 	surema|surnud , elutu hääl kisendama ( kuivõrd elutu hääl saama kisendama ) kuulipilduja sõna :
85		 Ei usu ma teadusmehi , vihmaussid ei söö mulda , õgivad nad surnukehi , näksivad neil hambaist kulda , öösiti on selgelt näha , surnuaias liigub maa , on inimesed maetud maha , kuid rahu hauaski ei saa . 	ei uskuma mina teadusmees , vihmauss ei sööma muld , õgima tema surnukeha , näksima tema hammas kuld , öösiti olema selgelt nägema , surnuaed liikuma maa , olema inimene maetud|matma maha , kuid rahu haud ei saama .
86		 Mees avas kriiksuva värava . 	mees avama kriiksuv värav .
86		 Metsik muusika ja laul kostsid täiesti selgesti , Skript eristas iga pisematki saksofonikiunatust ja basstrummi müdinat . 	metsik muusika ja laul kostma täiesti selgesti , skript eristama iga pisem saksofonikiunatus ja basstrumm müdin .
87		 Tunaeile mind elusalt maeti , nii ussidest teada sain tõe , kirst mullakihiga kaeti , eestvedajaks kirjanik Poe . 	tunaeile mina elusalt matma , nii uss teadma saama tõde|tõsi , kirst mullakiht kaema|katma , eestvedaja kirjanik Poe .
87		 Hauas lebanud olin vaid hetke , siis tundsin kuis müdises maa , vihmaussid taas olid retkel , nende survest purunes kaas . 	haud lebama|lebanud olema vaid hetk , siis tundma kuis müdisema maa , vihmauss taas olema retk , tema surve purunema kaas .
88		 Skript oli täielikult depressiivse ja saatanliku põrgumuusika mõju all ning ei pannud tähele kuidas ümber maja nurga sööstis süsimust lõukoer nagu õlitatud välk . 	skript olema täielikult depressiivne ja saatanlik põrgumuusika mõju all ning ei panema|pannud tähele kuidas ümber maja nurk sööstma süsimust lõukoer nagu õlitama|õlitatud välk .
88		 Alles hetk enne kui röögatu sarviline monstrum talle kõrri kargas märkas Skript ta määrdunudkollaseid leegitsevaid silmi . 	alles hetk enne kui röögatu sarviline monstrum tema kõri kargama märkama skript tema määrdunudkollane leegitsev silm .
88		 Instinktiivselt tõstis ta käed kaela kaitseks . 	instinktiivselt tõstma tema käsi kael kaitse .
88		 Kihvad laksatasid ohvri küünarnuki ümber kokku . 	kihv laksatama ohver küünarnukk ümber kokku .
88		 Metsiku rapsakuga heitis koletis mehe justkui kaltsunuku marjapõõsastesse . 	metsik rapsak heitma koletis mees justkui kaltsunukk marjapõõsas .
88		 Kahmanud seejärel jalast sööstis ta meest järel vedades pöörasele galopile ümber maja . 	kahmama|kahmanud seejärel jalg sööstma tema mees järel vedama pöörane galopp ümber maja .
88		 Terava selgusega tungisid Skripti ajju kohutava laulu viimased salmid : 	Terav|Terava selgus tungima skript aju kohutav laul viimane salm :
89		 Kalmus pime , ma miskit ei näinud , kuid tundsin hammaste ridu . 	kalmus pime , mina miski ei nägema|näima|näinud , kuid tundma hammas rida .
89		 Uue ohvri need limukad leidnud , mu kehas möllas usside pidu . 	uus ohver see limukas leidma|leidnud , mina keha möllama uss pidu .
89		 Nende olemust mõistsin vaid viivu , siis tükkideks rebitult surin , hing lahkust must linnutiivul , saatjaks raipesööjate urin . 	tema olemus mõistma vaid viiv , siis tükk rebitult surin , hing lahkus must linnutiivul , saatja raipesööja urin .
90		 Siis kaotas kaltsunukk teadvuse . 	siis kaotama kaltsunukk teadvus .
91	 4 . 	 4 . 	4 .
92		 Skript tuli teadvusele hämaras telliskivitapeediga toas , mille lagi oli mustaks värvitud , välja arvatud väike peegel voodi kohal , milles Skript lamas . 	skript tulema teadvus hämar telliskivitapeet tuba , mis lagi olema must värvima|värvitu|värvitud , välja arvama|arvatud väike peegel voodi kohal , mis skript lamama .
92		 Põrandal , keset tuba põles üksik küünal . 	põrand , keset tuba põlema üksik küünal .
92		 Teisel pool seina mürises saatanlik kontsert . 	teine pool sein mürisema saatanlik kontsert .
92		 Skript katsus ennast üles ajada . 	skript katsuma ise üles ajama .
92		 See õnnestus ilma suurema vaevata . 	see õnnestuma ilma suurem vaev .
92		 Paistis , et haavad , mis talle tõsist valu valmistasid , polnud siiski eriti tõsised . 	paistma , et haab|haav , mis tema tõsine valu valmistama , olema siiski eriti tõsine .
92		 Seevastu hirmutas teda lähisaatus . 	seevastu hirmutama tema lähisaatus .
92		 Skript kobas kaenla alt , kuid püstol oli kadunud . 	skript kobama kaenal alt , kuid püstol olema kaduma|kadunud .
93		 Väike ruum oli pime ja sisendas õudu . 	väike ruum olema pime ja sisendama õud .
93		 Neelatades tunnistas Skript enesele , et ei julge jalgu voodist maha panna . 	neelatama tunnistama skript ise , et ei julgema jalg voodi maha panema .
93		 Ainus , mis talle veidigi lootust andis , oli fakt , et ta oma klaustrofoobiast üle oli saanud . 	ainus , mis tema veidi lootus andma , olema fakt , et tema oma klaustrofoobia üle olema saama|saanud .
93		 Sellest piisakese julgust saanud lükkas Skript jalad üle serva . 	see piisake julgus saama|saanud lükkama skript jalg üle serv .
93		 Muusika teisel pool seina katkes kui noaga lõigatud ning välkkiirelt tõmbas Skript jalad tagasi ja mässis ennast tekipalakasse . 	muusika teine pool sein katkema kui nuga lõigatud|lõikama ning välkkiirelt tõmbama skript jalg tagasi ja mässima ise tekipalakas .
93		 Vaikus süvenes ja süvenes . 	vaikus süvenema ja süvenema .
93		 Mehe hingamine kajas seintelt õõnsalt tagasi , võimendudes iga korraga . 	mees hingamine kajama sein õõnsalt tagasi , võimenduma iga kord .
93		 Iga hingetõmme elas omaette edasi . 	iga hingetõmme elama omaette edasi .
93		 Paistis , nagu hingeldaks toas kümneid inimesi . 	paistma , nagu hingeldama tuba kümme inimene .
93		 Skript pistis röökima ja kattis kätega kõrvad . 	skript pistma röökima ja katma käsi kõrv .
93		 Pea samal hetkel avanes hämaruses uks ja hingeldamine lakkas . 	pea sama hetk avanema hämarus uks ja hingeldamine lakkama .
93		 Reipal sammul astus Kurk küünlavalgusesse . 	reibas samm astuma kurk küünlavalgus .
93		 Tal oli seljas neetidega kaunistatud roheline presentmantel . 	tema olema selg neet kaunistama|kaunistatud roheline presentmantel .
93		 Kõrvas õõtsusid kirjaklamber , haaknõel ja tükk traati . 	Kõrvas õõtsuma kirjaklamber , haaknõel ja tükk traat .
94		" "" Noh , mõistuse juures tagasi , mu noor sõber , "" irvitas ta sõbralikult . "	""" noh , mõistus juures tagasi , mina noor sõber , "" irvitama tema sõbralikult ."
94		 Alt langev valgus muutis noormehe näo kooljaluu sarnaseks . 	alt langev valgus muutma noormees nägu kooljaluu sarnane .
94		 Kurk istus seina äärde põrandale ja kõkutas naerda . 	kurk istuma sein äärde põrand ja kõkutama naerma .
94		" "" Ega meie muusika sind ei häirinud ? "" uuris ta ja irvitas vastikult . "	""" ega mina muusika sina ei häirima|häirinud ? "" uurima tema ja irvitama vastikult ."
94		" "" Misasja sa siin üldse luusisid ? "	""" misasja sina siin üldse luusima ?"
94		 Keset ööd ? 	keset öö ?
94		" Võeh ! "" "	"võeh ! """
94		 Kurk võbistas tehtult õlgu . 	kurk võbistama tehtult õlg .
94		" "" Tahtsid midagi varastada või , eh ? "" "	""" tahtma miski varastama või , eh ? """
95		" "" Kuulge Kurk , "" katkestas Skript teda . "	""" kuulma kurk , "" katkestama Skript tema ."
96		" "" Jeh ? "" "	""" Jeh ? """
97		" "" Kas te olete nekrofiil ? "" "	""" kas sina olema nekrofiil ? """
98		" Kurk muigas : "" Nekrofiil ? "" "	"kurk muigama : "" Nekrofiil ? """
98		 Ta naeratas omaette . 	tema naeratama omaette .
98		" "" Jah , seda võib öelda küll , seda ka , aga kõige täpsem oleks minu kohta öelda vast nekrosotsioloog , nekroloog , kui lühemalt väljenduda . "" "	""" jah , see võima ütlema küll , see ka , aga kõige täpsem olema mina kohta ütlema vast nekrosotsioloog , nekroloog , kui lühemalt väljenduma . """
99		" "" Nekroloog ? "	""" nekroloog ?"
99		" Sa oled sellele sõnale uue tähenduse andnud ? "" "	"sina olema see sõna uus tähendus andma|andnud ? """
100		" "" Imestad ? "" "	""" imestama ? """
101		" "" Kardan ! "" mõtles Skript . "	""" kartma ! "" mõtlema skript ."
102		" "" Ka surnutel on nekropolides oma algeline ühiskond . "	""" ka surnu olema nekropol oma algeline ühiskond ."
102		" See toimib küll erinevalt kui meie oma , kuid , sorry , nende elu ... "" "	"see toimima küll erinevalt kui mina oma , kuid , sorry , see elu ... """
102		 Kurk kõkutas . 	kurk kõkutama .
102		" "" Pardon , nende surm . "	""" Pardon , see surm ."
102		 See on erinev meie elust . 	see olema erinev mina elu .
102		 Väga , väga erinev . 	väga , väga erinev .
102		" Sul tõuseksid juuksed peas püsti , kui teaksid kui erinev . "" "	"sina tõusma juus pea püsti , kui teadma kui erinev . """
103		 Kurk ei naernud enam . 	kurk ei naerma|naernud enam .
103		 Ta hääl oli muutunud jahedaks , peaaegu kalgiks . 	tema hääl olema muutuma|muutunud jahe , peaaegu kalk .
103		" "" Pool inimkonda läheks hirmust lolliks , kui nad vaid aimaksid , kui košmaarselt erinev see on . "" "	""" pool inimkond minema hirm loll , kui tema vaid aimama , kui košmaarselt erinev see olema . """
104		 Skript seedis kuuldut . 	skript seedima kuuldu .
104		 Kui temaga poleks juhtunud seda , mis oli juhtunud , siis oleks ta rääkijat püstihulluks pidanud . 	kui tema olema juhtuma|juhtunud see , mis olema juhtuma|juhtunud , siis olema tema rääkija püstihull pidama|pidanud .
105		" "" Ja sina uurid neid ? "" "	""" ja sina uurima tema ? """
106		" "" Jah , mina uurin neid . "" "	""" jah , mina uurima see . """
107		" "" Tulemuslikult ? "" "	""" tulemuslikult ? """
108		" "" On valminud minu uurimustöö esimene vili — "" Õpetus Surnutest "" . "	""" olema valmima|valminud mina uurimustöö esimene vili - "" Õpetus surnu "" ."
109		 Kurk lausus seda tuntava uhkusega . 	kurk lausuma see tuntav uhkus .
109		" "" Praegu töötan uue teose kallal , mille esialgne nimi on "" Nekropol ehk ligem tutvustus surnute gruppidest "" . "" "	""" praegu töötama uus teos kallal , mis esialgne nimi olema "" nekropol ehk ligem tutvustus surnu grupp "" . """
110		" "" Ja kuidas seostub selle kõigega too saatanlik muusika ? "" "	""" ja kuidas seostuma see kõik tooma saatanlik muusika ? """
111		" "" Oh väike lisalõbu . "	""" oh väike lisalõbu ."
111		" Me andsime oma ansambliga "" Ülim vaikus "" surnutele taas kord kontserdi . "	"mina andma oma ansambel "" ülim vaikus "" surnu taas kord kontsert ."
111		" See on ainus muusika , mida need vaesekesed tajuvad . "" "	"see olema ainus muusika , mis see vaeseke|vaesekene tajuma . """
112		" "" Zombide kontsert ? "" "	""" zombi kontsert ? """
113		" "" Aitab muideks nende ühiskonda sisse sulanduda ! "" "	""" aitama mui tema ühiskond sisse sulanduma ! """
114		" "" Järelikult pole sa üksi ? "" "	""" järelikult olema sina üksi ? """
115		" "" Oh ei , loomulikult . "	""" oh ei , loomulikult ."
115		 Meid on neli . 	mina olema neli .
115		 Ainult , et ülejäänud tegelevad vaid muusika ja surnunautimisega . 	ainult , et ülejäänu tegelema vaid muusika ja surnunautimine .
115		" Teadus on ainult minu pärusmaa . "" "	"teadus olema ainult mina pärusmaa . """
116		" "" See on üks sitane teadus ! "	""" see olema üks sitane teadus !"
116		 Ja sa ise oled koletis ! 	ja sina ise olema koletis !
116		 Teid tuleb hullumajja panna . 	sina tulema hullumaja panema .
116		 Ei , teid tuleb tuleriidal põletada ! 	ei , sina tulema tuleriit põletama !
116		" Just ! "" "	"just ! """
117		 Kurk oli sellest purskest üllatunud . 	kurk olema see purse üllatuma|üllatunud .
118		" "" Kuidas ? "	""" kuidas ?"
118		" Ma lootsin , et te ühinete meiega . "" "	"mina lootma|lootsima , et sina ühinema mina . """
119		" "" Mina ! "	""" mina !"
119		 Nekrofiilidest pervertidega ! 	Nekrofiil|Nekrofiili pervert !
119		" Satanistidega ! "" "	"Satanist ! """
120		" "" Meie ei ole satanistid ! "" "	""" mina ei olema satanist ! """
120		 Kurgi hääl oli terav . 	kurk hääl olema terav .
121		" "" Põletada tuleks teid ! "" "	""" põletama tulema sina ! """
122		" "" Meie ei ole perverdid ! "" "	""" mina ei olema pervert ! """
123		" "" Kuradi neetud värdjad ! "	""" kurat needma|neetud värdjas !"
123		" Põletada ! "" "	"põletama ! """
124		" "" Ise tead . "" "	""" ise teadma . """
125		 Kurk astus ukse juurde ja viipas veel kolm tüüpi sisse . 	kurk astuma uks juurde ja viipama veel kolm tüüp sisse .
125		" "" Tule kaasa . "" "	""" tulema kaasa . """
126		" "" Käige põrgusse ! "" "	""" käima põrgu ! """
127		" "" Tule , tule "" "	""" tulema , tulema """
128		" "" Otsige oma koolnud kaunitarid üles , jätke mind rahule ! "	""" otsima oma koolma|koolnud kaunitar üles , jätma mina rahule !"
128		" Tahate mind tappa ! "" "	"tahtma mina tapma ! """
129		" "" Seda luksust me sulle juba ei võimalda . "" "	""" see luksus mina sina juba ei võimaldama . """
130		 Nad haarasid vasturabeleva mehe kinni ja tassisid ta õue , värava taga ootavasse autosse . 	tema haarama vasturabelev mees kinni ja tassima tema õu , värav taga ootav auto .
130		 Seal sidusid nad ta silmad kinni . 	seal siduma tema tema silm kinni .
131		 Pärast mitte eriti pikka autosõitu visati ta masinast kuhugi liivale ja jäeti sinna . 	pärast mitte eriti pikk autosõit viskama tema masin kuhugi liiv ja jätma sinna .
131		 Skript ei suutnud oma õnne uskuda . 	Skript ei suutma|suutnud oma õnn uskuma .
131		 Nii lihtsalt ta nende käest pääseski . 	nii lihtsalt tema tema käest pääsema .
131		 Ta rebis sideme silmadelt . 	tema rebima side silm .
131		 Südantlõhestav hirmuröögatus vallandus mehe kurgust . 	südantlõhestav hirmuröögatus vallanduma mees kurk .
131		 Meeletu pilk ühele poole — sadade kilomeetrite viisi kihutasid talle vastu metsad , majad , teed — iga viimane kui pilv ja rohulible . 	meeletu pilk üks poole - sada kilomeeter viisi kihutama tema vastu mets , maja , tee - iga viimane kui pilv ja rohulible .
131		 Vasemal — röögatu avarus keset aleveid , külasid , linnu . 	Vasem - röögatu avarus keset alev , küla , linn .
131		 Skript varises liivale , peites pea kätega . 	skript varisema liiv , peide pea käsi .
131		 See neetud avarus . 	see needma|neetud avarus .
131		 Hirmuhigi kehalt voolamas , pilutas mees üht pungis silma ja heitis pilgu öötaeva poole . 	hirmuhigi keha voolama , pilutama mees üks pungis silm ja heitma pilk öötaevas poole .
131		 Miljardite kilomeetrite viisi tühjust , TÜHJUST , TÜHJUST . 	miljard kilomeeter viisi tühjus , tühjus , tühjus .
131		 Ulguva röögatuse saatel kukkus Skript kätega jõe kaldaliivas kraapima . 	Ulguv|Ulguva röögatus saatel kukkuma skript käsi jõgi kaldaliiv kraapima .
131		 Peitu , varjuda , eemale sellest tapvast universumist , kus sa oled kui tolmukübe — iga tuulehoog tõstab või lömastab su . 	peit , varjuma , eemale see tappev universum , kus sina olema kui tolmukübe - iga tuulehoog tõstma või lömastama sina .
132		 Küüned murdunud , kraevahe mulla-liivasegu täis , pressis Skript end kitsasse urgu , seda pidevalt pikemaks , sügavamaks kaevates . 	küüs murduma|murdunud , kraevahe mulla-liivasegu täis , pressima skript ise kitsas urg , see pidevalt pikem , sügavam kaebama|kaevama .
132		 Kaitsvad seinad ümberringi külgi riivamas mõjusid turvaliselt . 	kaitsev sein ümberringi külg riivama mõjuma turvaliselt .
132		 Paari-kolme meetrise käigu lõppu uuristas mees endale pisut suurema pesa , kus sai end hädavaevu kerra tõmmata . 	paari-kolm meetrine käik lõpp uuristama mees ise pisut suurem pesa , kus saama ise hädavaevu kera tõmbama .
132		 Keha oli kui tuld täis , sinine , verine . 	keha olema kui tuli täis , sinine , verine .
132		 Ta polnud hommikust saadik midagi söönud , närvipinge ja füüsiline töö muutsid söögivajaduse kohutavaks ihaks . 	tema olema hommik saadik miski sööma|söönud , närvipinge ja füüsiline töö muutma söögivajadus kohutav iha .
132		 Need mõned vihmaussid , mis ta leidis , kõhtu ei täitnud . 	see mõni vihmauss , mis tema leidma , kõht ei täitma|täitnud .
132		 Värisedes ja meeltesegaduses jäi Skript vastu hommikut rahutusse ja painajalikku unne . 	värisema ja meeltesegadus jääma skript vastu hommik rahutu ja painajalik uni .
133	 5 . 	 5 . 	5 .
134		 Ta ärkas kellegi äreva sosistamise peale . 	tema ärkama keegi ärev sosistamine peale .
135		" "" Vahi , mingi käik . "" "	""" vahtima , mingi käik . """
136		" "" Kust see siia sai ? "" "	""" kust see siia saama ? """
137		" "" Mai tea . "" "	""" Mai teadma . """
138		 Skripti peas ujus meeletu udu ja virrvarr . 	skript pea ujuma meeletu udu ja virrvarr .
138		 Nälg tahtis silmanägemist ära võtta . 	nälg tahtma silmanägemine ära võtma .
138		 Hüsteeriliselt vahtis ta ähmaste silmadega käigusuudme poole . 	hüsteeriliselt vahtima tema ähmane silm käigusuue poole .
138		 Iga krõpsatus pani teda võpatama , iga võpatus lõikas nagu noaga tema räsitud ihu , sundides teda hambaid kiristama . 	iga krõpsatus panema tema võpatama , iga võpatus lõikama nagu nuga tema räsima|räsitud ihu , sundima tema hammas kiristama .
138		 Keegi väike poiss ronis ettevaatlikult käiku . 	keegi väike poiss ronima ettevaatlikult käik .
139		" "" Kas sul tikke on ? "" küsis too kelleltki oma selja tagant . "	""" kas sina tikk olema ? "" küsima too keegi oma selg tagant ."
139		 Poiss sikutas käe tagasi ning saanud toosi , tõmbas tiku põlema 	poiss sikutama käsi tagasi ning saama|saanud toos , tõmbama tikk põlema
140		 Leek valgustas tunnelit ja selle taga sadu-sadu kilomeetreid kohutavalt avarat ilmaruumi . 	leek valgustama tunnel ja see taga sadu-sadu kilomeeter kohutavalt avar ilmaruum .
140		 Urahtades sööstis Skript edasi ja rabas kindla haardega poisi kõrist . 	urahtama sööstma skript edasi ja rabama kindel haare poiss kõri .
140		 Karjatust lämmatades lõi Skript teise käe näppudega poisile silma , üritades jõuda ajuni . 	karjatus lämmatama looma|lööma Skript teine käsi näpp poiss silm , üritama jõudma aju .
140		 Tõmmeldes ja korisedes kadus laps sõbra vaateväljast . 	tõmblema ja korisema kaduma laps sõber vaateväli .
140		 Kisades pani see alevi poole jooksu . 	kisa panema see alev poole jooks .
140		 Näljas Skript lõi hambad surnud poisile kätte ja rebis näljakustutuseks suutäite kaupa verist liha . 	Näljas Skript looma|lööma hammas surema|surnud poiss käsi ja rebima näljakustutus suutäis kaupa verine liha .
141		 LÕPP 	lõpp
