par_nr	head	sentence	lemmas
1	 Viimane ülesanne 	 Viimane ülesanne 	viimane ülesanne
2		 Veiko Belials 	Veiko Belials
3		" "" Daamid ja härrad . "	""" daam ja härra ."
4		 Pöördun järgmise palve/ettepanekuga . 	pöörduma järgmine palve / ettepanek .
4		 Tuli kange tahtmine kirjutada mõni paroodia ja ühe saingi valmis ( Berg ) . 	tulema kange tahtmine kirjutama mõni paroodia ja ühe saama valmis ( Berg ) .
4		 Ja läks mõte vähe suurema projekti peale . 	ja minema mõte vähe suurem projekt peale .
4		 Nii et kõigepealt tahaks paroodiate subjektide käest nõusolekut paluda , et ega kellelgi midagi vastu pole . 	nii et kõigepealt tahtma paroodia subjekt käest nõusolek paluma , et ega keegi miski vastu olema .
4		 Olen mõelnud nii , et on raam ( Belialsi/Simpsoni Existerion ) , mille sisse paigutuksid lühemad lood ( 1-2 lk ) . 	olema mõelnud|mõtlema nii , et olema raam ( Belialsi / Simpsoni Existerion ) , mis sisse paigutuma lühem lood|loog|lugu ( 1-2 lk ) .
4		 Ja kavatsengi parodeerida Orlaud , Veskimeest , Caini , Bergi . 	ja kavatsema parodeerima Orlau|Orlaud , Veskimeest , Cain|Caini , Berg .
4		 Aga mure on veel selles , et äkki viitsiks keegi ka Hargalt parodeerida , et siis saaks need asjad kokku kleepida . 	aga mure olema veel see , et äkki viitsima keegi ka Hargalt parodeerima , et siis saama see asi kokku kleepima .
4		" "" "	""""
5		 Nii kirjutas Indrek Hargla 24. mail . 	nii kirjutama Indrek Hargla 24. maa|mai .
5		 Ja sellest kirjast ajendatuna sündis järgmine lugu , mis loodetavasti sisaldub selles Indreku suuremas projektis , nagu ka lugu , mille ma Indreku eelnevale palvele vastu tulles Grpowski kohta kirjutasin . 	ja see kiri ajendatu sündima järgmine lugu , mis loodetavasti sisalduma see Indrek suurem projekt , nagu ka lugu , mis mina Indrek eelnev palve vastu tulema Grpowsk|Grpowski kohta kirjutama .
6		" "" Peatus ! "" kamandas Willard , WSA turvateenistuse erirühma juht , väsinult . "	""" Peatus ! "" kamandama Willard , WSA turvateenistus erirühm juht , väsinult ."
6		" "" Jacks , Ricardo , hoidke ümbrusel silm peal . "	""" Jacks , Ricardo , hoidma ümbrus silm peal ."
6		" "" "	""""
7		 Mehed noogutasid vaikides ja kadusid hääletult rohekasse hämarusse , teised toetasid end kergendustundega väänlevate tüvede vastu , pühkisid higi ja üritasid puhata . 	mees noogutama vaikima ja kaduma hääletult rohekas hämarus , teine toetama ise kergendustunne väänlev tüvi vastu , pühkima higi ja üritama puhkama .
7		 Nad sumpasid teist päeva selles neetud mülkas , mis meenutas mangroovisood , ning maskeerimismaalinguid , mis nad eelmisel hommikul näole olid kandnud , polnud enam tarvis /mdash ; nad olid niikuinii pealaest jalatallani sopaga koos . 	tema sumpama teine päev see needma|neetud mülgas , mis meenutama mangroovisoo , ning maskeerimismaaling , mis tema eelmine hommik nägu olema kandma|kandnud , olema enam tarvis / mdash ; tema olema niikuinii pealagi jalatald sopp koos .
8		" "" Kuule , pealik , mida või keda me seekord otsime ? "" päris Olafsen , viikingikasvu norralane , tülpinult . "	""" kuulma , pealik , mis või kes mina seekord otsima ? "" pärima Olafsen , viikingikasv norralane , tülpinult ."
9		 Willard õngitses pluusitaskust filtrita Cameli ja klõpsas vanamoodsa bensiinitulemasinaga põlema . 	Willard õngitsema pluusitasku filter Cameli ja klõpsama vanamoodne bensiinitulemasin põlema .
10		" "" Pole aimugi , "" raputas ta suitsu pahvides pead . "	""" olema aim , "" raputama tema suits pahv pea ."
10		" "" Ei peetud vajalikuks seletada . "	""" ei peetud|peetuma|pidama vajalik seletama ."
10		 Ainus , mida ma tean , on see , et mingi eksperiment on jälle kontrolli alt väljunud ja et me peame silmad lahti hoidma . 	ainus , mis mina teadma , olema see , et mingi eksperiment olema jälle kontroll alt väljuma|väljunud ja et mina pidama silm lahti hoidma .
10		 Kõrgem salastatuse aste . 	kõrgem salastatus aste .
10		 Kõrgem ohu aste . 	kõrgem oht aste .
10		 Ja kõrgem tasustamise aste . 	ja kõrgem tasustamine aste .
10		" "" "	""""
11		" "" Hobusepask ! "" pomises Olafsen . "	""" Hobusepask ! "" pomisema Olafsen ."
12		 Planter ja Davidson vahetasid murelikke pilke . 	Planter ja Davidson vahetama murelik pilk .
12		 Nemad , nagu ka poolakas Pozniewsky , keda kõik Pan'iks kutsusid , kõhetu korealane Li-jen ja Switsky , kelle rahvust keegi ära ei osanud arvata , olid rühmas uued . 	tema , nagu ka poolakas Pozniewsky , kes kõik pan ’ iks kutsuma , kõhetu korealane Li-jen ja Switsky , kes rahvus keegi ära ei osanud|oskama arvama , olema rühm uus .
12		" "" Rohelised "" , nagu Dutch rahulolevalt märkis . "	""" roheline "" , nagu Dutch rahulolevalt märkima ."
13		 Jacks ilmus välja nagu lummutis . 	Jacks ilmuma välja nagu lummutis .
13		 Willard ei suutnud ikka veel lõpuni harjuda indiaaniküti verd kaaslase hääletu oleku ja erakordse ohutajuga , mis tegi ta piiluri ja valvurina asendamatuks . 	Willard ei suutma|suutnud ikka veel lõpp harjuma indiaanikütt veri kaaslane hääletu olek ja erakordne ohutaju , mis tegema tema piilur ja valvur asendamatu .
14		 Willard kustutas suitsu ja vaatas Jacksile küsivalt otsa . 	Willard kustutama suits ja vaatama Jacksile küsivalt otsa .
15		 Too raputas tummalt pead , nii et kotkasulg ta juustes pendeldama hakkas . 	too raputama tummalt pea , nii et kotkasulg tema juus pendeldama hakkama .
16		" "" Ei meeldi see kõik mulle , seeru , "" lausus ta sosinal , kasutades Willardi kunagist , sõjaväeaegset , auastet . "	""" ei meeldima see kõik mina , seeru , "" lausuma tema sosinal , kasutama Willard|Willardi|Willart kunagine , sõjaväeaegne , auaste ."
16		" "" Kuula ! "	""" kuulama !"
16		 Kuuled sa midagi ? 	kuulma sina miski ?
16		 Vaata ringi ! 	vaatama ringi !
16		 Näed sa midagi ? 	nägema sina miski ?
16		" Ei meeldi mulle see hääletu ja liikumatu maailm ! "" "	"ei meeldima mina see hääletu ja liikumatu maailm ! """
17		 Willard vaatas ringi . 	Willard vaatama ringi .
17		 Seda , et soos oli vaikne , oli ta juba ammu märganud . 	see , et soo|sugu olema vaikne , olema tema juba ammu märganud|märkama .
17		 Nüüd pani ta aga tähele , et vaikus oli tõepoolest kõikehaarav . 	nüüd panema tema aga tähele , et vaikus olema tõepoolest kõikehaarav .
17		 Ei ühtegi heli peale nende , mis mehed tekitasid . 	ei üks heli peale see , mis mees tekitama .
17		 Ja ka need sumbusid kohe . 	ja ka see sumbuma kohe .
17		 Ja mis veelgi kummalisem /mdash ; kogu maastik oli liikumatu . 	ja mis veelgi kummalisem / mdash ; kogu maastik olema liikumatu .
17		 Päikese viltused kiired , mis läbi puude võrade soo liikumatut pinda valgustama küündisid , seisid paigal . 	päike|päikene viltune kiir , mis läbi puu|puue võra soo|sugu liikumatu pind valgustama küündima , seisma paigal .
17		 Ei värelust , ei võbinat . 	ei värelus , ei võbin .
17		 Ükski oks , ükski leht ei liikunud . 	üks oks , üks leht ei liikuma|liikunud .
17		 Ja ka kiired ise ... 	ja ka kiir ise ...
17		 Päeva edenedes oleksid need pidanud suunda muutma . 	päev edenema olema see pidama|pidanud suund muutma .
17		 Ja langemisnurka ... 	ja langemisnurk ...
18		 Willard nipsas koni minema ja jälgis selle lendu . 	Willard nipsama koni minema ja jälgima see lend .
18		 See kukkus mustavasse vette ja kadus . 	see kukkuma mustav vesi ja kaduma .
18		 Hääletult . 	hääletult .
18		 JA RINGE JÄTMATA ! 	ja Ringe Jätmata !
19		" "" Raisk ! "" vandus ta ja haaras oma 9-millimeetrise Star Z-84 tüüpi püstolkuulipilduja . "	""" Raisk ! "" vanduma tema ja haarama oma 9millimeetrine Star Z-84 tüüp püstolkuulipilduja ."
19		 Mehed vabastasid tema eeskujul oma MAC-id kaitseriividest ja koondusid ringi . 	mees vabastama tema eeskuju oma MAC kaitseriiv ja koonduma ringi .
20		" "" Mis me teeme , Will , "" päsis Olafsen sosinal . "	""" mis mina tegema , Will , "" päsima Olafsen sosinal ."
21		" "" Me peame sellest neetud soost välja pääsema . "	""" mina pidama see needma|neetud soo|sugu välja pääsema ."
21		 Jacks , sina juhid . 	Jacks , sina juht .
21		" Kus Ricardo on ? "" "	"kus Ricardo olema ? """
22		" "" Patrullib , "" vastas Jacks ja huikas vaikselt . "	""" patrullima , "" vastama Jacks ja huikama vaikselt ."
22		 Hääl sumbus kohe , kuid ilmselt oli mehhiklane seda siiski kuulnud , sest ta ilmus kohale , automaat laskevalmis . 	hääl sumbuma kohe , kuid ilmselt olema mehhiklane see siiski kuulma|kuulnud , sest tema ilmuma kohale , automaat laskevalmis .
23		" "" Olaf /mdash ; sina katad Ricardoga tagalat . "	""" Olaf / mdash ; sina katma Ricardo tagala ."
23		" "" Rohelised "" keskele . "	""" roheline "" keskele ."
23		 Ja sina , Dutch , hoia neil silma peal . 	ja sina , Dutch , hoidma tema silm peal .
23		 Igaks juhuks . 	iga juht .
23		" "" "	""""
24		 Dutchi kirikuõpetaja-ilme väändus hapukasse grimassi . 	Dutch|Dutchi kirikuõpetaja-ilme väänduma hapukas grimass .
25		" "" Lähme , lasteaed ! "" pomises ta löödult . "	""" minema , lasteaed ! "" pomisema tema löödult ."
26		 Nad sumpasid minema ja nende sammud ei tekitanud soo liikumatusse pinda vähimatki lainetust . *** 	tema sumpama minema ja tema samm ei tekitama|tekitanud soo|sugu liikumatus pind vähim lainetus . ***
27		 Põrgu läks lahti pisut pärast lõunat . 	põrgu minema lahti pisut pärast lõuna .
27		 Willard oli just harjumuse sunnil pilgu päikese poole tõstnud , et kellaaega ja asukohta määrata ( see oli kiirem ja mugavam moodus , kui kella ja kompassiga jamamine ) , kui tardunud valgusvihkude nägemine talle nende olukorda meenutas . 	Willard olema just harjumus sunnil pilk päike|päikene poole tõstma|tõstnud , et kellaaeg ja asukoht määrama ( see olema kiirem ja mugavam moodus , kui kell ja kompass jamamine ) , kui tarduma|tardunud valgusvihk nägemine tema see olukord meenutama .
27		 Ta vandus vaikselt ja samal hetkel lülitati päike nagu suur lamp välja . 	tema vanduma vaikselt ja sama hetk lülitama päike nagu suur lamp välja .
27		 Korrapealt valitses ümberringi pilkane pimedus . 	korrapealt valitsema ümberringi pilkane pimedus .
28		" "" Öise nägemise seadeldised ! "" kamandas ta sekundikski enesevalitsust kaotamata ja tõmbas elektroonikat täispikitud optika ette . "	""" Öine|Öise nägemine seadeldis ! "" kamandama tema sekund enesevalitsus kaotama ja tõmbama elektroonika täispikitud optika ette ."
28		 Soe vesi läikis läbi seadeldise rohekalt , puud moondusid mustavateks varjudeks . 	soe vesi läikima läbi seadeldis rohekalt , puu|puud moonduma mustav vari .
28		 Mehed jätkasid Jacksi juhtimisel teed , kui Davidson ootamatult mülkasse sattus . 	mees jätkama Jacks|Jacksi juhtimine tee , kui Davidson ootamatult mülgas sattuma .
28		 Olafsen oli esimene , kes teda välja tõmmates mõistis , et midagi on valesti . 	Olafsen olema esimene , kes tema välja tõmbama mõistma , et miski olema valesti .
29		" "" Will , jalad ! "" hüüatas ta äkki hoiatavalt . "	""" Will , jalg ! "" hüüatama tema äkki hoiatavalt ."
30		 Willard pööras pilgu allapoole . 	Willard pöörama pilk allapoole .
30		 Esimene asi , mida ta märkas , oli halvenenud nähtavus . 	esimene asi , mis tema märkama , olema halvenema|halvenenud nähtavus .
30		 Esimese hooga mõtles ta , et seadeldise toide jupsib , kuid taipas siis . 	esimene hoog mõtlema tema , et seadeldis toide jupsima , kuid taipama siis .
30		 Ta oli juba mõnda aega tundnud , et jalgu liigutada on üha raskem . 	tema olema juba mõni aeg tundma|tundnud , et jalg liigutama olema üha raskem .
30		 Esialgu oli ta selle mülka arvele kirjutanud ja muretsenud vaid , et keegi teine peale Davidsoni sisse ei vajuks . 	esialgu olema tema see mülgas arvele kirjutama|kirjutanud ja muretsema|muretsenud vaid , et keegi teine peale Davidsoni sisse ei vajuma .
30		 Nüüd äkki taipas ta , mis tegelikult teoksil on . 	nüüd äkki taipama tema , mis tegelikult teoksil olema .
30		 Soo jahtus . 	Soo jahtuma .
30		 Ja kiiresti . 	ja kiiresti .
31		" "" Soo hangub ! "" röögatas ta . "	""" Soo hanguma ! "" röögatama tema ."
31		" "" Jalad käima , kui te kinni ei taha jääda ! "" "	""" jalg käima , kui sina kinni ei tahtma jääma ! """
32		 Mehed sikutasid jalad üha tahenevast pinnasest välja ja tammusid nagu kari pühvleid . 	mees sikutama jalg üha tahenev pinnas välja ja tammuma nagu kari pühvel .
32		 See oleks olnud naljakas . 	see olema olema|olnud naljakas .
32		 Aga ei olnud . 	aga ei olema|olnud .
32		 Jalgu välja sikutada oli üha raskem , aga kui tekkis esimene kirmetis , läks kergemaks . 	jalg välja sikutama olema üha raskem , aga kui tekkima esimene kirmetis , minema kergem .
32		 Nad ei vajunud enam kohe läbi ning pikapeale õnnestus neil esialgu veel haprale pinnale püsima jääda . 	tema ei vajuma|vajunud enam kohe läbi ning pikapeale õnnestuma tema esialgu veel habras pind püsima jääma .
32		 Vaid Li-jen oli ühte jalga pidi kergelt kinni jäänud . 	vaid Li-jen olema ühte jalga pidama kergelt kinni jääma|jäänud .
32		 Ja loomulikult Davidson , kelle nad selle müttamise käigus olid unustanud . 	ja loomulikult Davidson , kes tema see müttamine käigus olema unustama|unustanud .
32		 Davidson istus vööst saadik sees ja ainus hea asi oli see , et ta enam ei vajunud . 	Davidson istuma vöö saadik sees ja ainus hea asi olema see , et tema enam ei vajuma|vajunud .
32		 Aga teda ei saanud ka välja tõmmata . 	aga tema ei saama|saanud ka välja tõmbama .
33		 Willard lükkas kasutuks muutunud öise nägemise seadeldise otsmikule ja süütas sellesse monteeritud tillukese prožektori . 	Willard lükkama kasutu muutuma|muutunud öine nägemine seadeldis otsmik ja süütama see monteerima|monteeritud tilluke prožektor .
33		 Sile must pind jalge all meenutas asfalti . 	sile must pind jalg all meenutama asfalt .
33		 Ta põrutas paar korda prooviks jalaga ja noogutas siis . 	tema põrutama paar kord proov jalg ja noogutama siis .
34		" "" Labidad ! "" kamandas ta . "	""" Labida|Labidad|Labidas ! "" kamandama tema ."
34		" "" Kang oleks parem , kuid seda meil pole . "	""" kang olema parem , kuid see mina olema ."
34		" "" "	""""
35		 Veel mõned prožektorid süttisid ning Switsky ja Pan , kes olid varustuse hulgast kokkupandavad sapöörilabidad välja otsinud , asusid Davidsoni lahti päästma . 	veel mõni prožektor süttima ning Switsky ja Pan , kes olema varustus hulgast kokkupandav sapöörilabidas välja otsima|otsinud , asuma Davidsoni lahti päästma .
35		 Pinnas oli rabe ja murdus kergesti ning näis juba , et Davidsoniga rohkem probleeme ei teki . 	pinnas olema rabe ja murduma kergesti ning näima juba , et Davidson|Davidsoni rohkem probleem ei tekkima .
35		 Nad eksisid . 	tema eksima .
35		 Dutch oli just käe sirutanud , et Davidson välja tõmmata , kui too äkki nagu šampusepudeli kork avardatud august välja lendas . 	Dutch olema just käsi sirutama|sirutanud , et Davidson välja tõmbama , kui too äkki nagu šampusepudel kork avardama|avardatud august välja lendama .
35		 Tema järel purskus august välja simipimestava valguse voog , mis Dutchi sõrmeotsad minema viis ja Li-jeni , kellel ainsana öise nägemise seadeldis veel ees oli , pimedaks tegi . 	tema järel purskuma august välja simipimestav valgus voog , mis Dutch|Dutchi sõrmeots minema viima ja Li-jeni , kes ainus öine nägemine seadeldis veel ees olema , pime tegema .
35		 Ka teistel tulitasid silmad veel pikalt pärast seda , kui valgussammas juba kadunud oli ja nägemine taastus . 	ka teine tulitama silm veel pikalt pärast see , kui valgussammas juba kaduma|kadunud olema ja nägemine taastuma .
36		" "" Kas sa nägid sama , mida minagi ? "" sosistas Olafsen , kes oli Willardile külje alla nihkunud . "	""" kas sina nägema sama , mis mina ? "" sosistama Olafsen , kes olema Willardile külg alla nihkuma|nihkunud ."
37		 Willard noogutas süngelt . 	Willard noogutama süngelt .
37		 Ta oli arvanud , et nägemine teda petab , liialt jube oli vaatepilt , mis talle enne pimestumist valgussambas avanes . 	tema olema arvama|arvanud , et nägemine tema petma , liialt jube olema vaatepilt , mis tema enne pimestumine valgussamba|valgussammas avanema .
37		 Davidson tõmbles hääletult karjudes valgusvoos ja teda oleks nagu läbi valgustatud /mdash ; keha oli kadunud ning skelett paistis . 	Davidson tõmblema hääletult karjuma valgusvoog ja tema olema nagu läbi valgustama|valgustatud / mdash ; keha olema kaduma|kadunud ning skelett paistma .
37		 Siis nägemine kadus ja see säästis teda edasisest . 	siis nägemine kaduma ja see säästma tema edasine .
38		 Olafsen osutas silmadega jalge ette . 	Olafsen osutama silm jalg ette .
38		 Willard vaatas ja nägi paari konti , siledat , otsekui poleeritut . 	Willard vaatama ja nägema paar kont , sile , otsekui poleeritu .
39		" "" Pask , "" pomises ta Olafseni lemmikväljendit laenates ning taipas alles siis , et näeb ilma öise nägemise seadeldiseta . "	""" pask , "" pomisema tema Olafsen lemmikväljend laenama ning taipama alles siis , et nägema ilma öine nägemine seadeldis ."
39		 Päikest polnud endiselt , kuid puutüved olid hakanud kergelt helendama . 	Päike|Päikene|Päikes olema endiselt , kuid puutüvi olema hakanud|hakkama kergelt helendama .
39		 Sellest piisas , et ümbrust eristada . 	see piisama , et ümbrus eristama .
40		" "" Läksime ! "" hüüatas ta . "	""" minema ! "" hüüatama tema ."
40		" "" Eluga ! "" "	""" Elu ! """
41		 Mehed hakkasid sõnagi lausumata liikuma . 	mees hakkama sõna lausuma liikuma .
41		 Tahkunud soo oli sile nagu asfaltplats ja peagi lasid kõik kerget sörki , isegi Li-jen . 	tahkuma|tahkunud soo|sugu olema sile nagu asfaltplats ja peagi laskma kõik kerge sörk , isegi Li-jen .
41		 Soo kõmas , nagu jookseksid nad suurel trummil ja see kõmin kasvas . 	Soo kõmama , nagu jooksma tema suur trumm ja see kõmin kasvama .
41		 Maapind jalge all hakkas sammude rütmis võnkuma ja enne kui Willard mehi hoiatada jõudis , hakkas see pragunema . 	maapind jalg all hakkama samm rütm võnkuma ja enne kui Willard mees hoiatama jõudma , hakkama see pragunema .
41		 Kiiresti laienedes ning lõhanguid ja kuristikke moodustades jooksid praod raginal laiali . 	kiiresti laienema ning lõhang ja kuristik moodustama jooksma pragu raginal laiali .
41		 Willard , kes kartis , et pragudest ilmub taas see seletamatu ja tappev valgus , hingas kergendatult /mdash ; praod olid küll ohtlikud ja ähvardasid neid üksteisest eraldada , kuid mingit valgust sealt enam ei paistnud . 	Willard , kes kartma , et pragu ilmuma taas see seletamatu ja tappev valgus , hingama kergendatult / mdash ; pragu olema küll ohtlik ja ähvardama see üksteise eraldama , kuid mingi valgus sealt enam ei paistma|paistnud .
42		 Pani karjatus sundis Willardi ümber pöörduma . 	panema karjatus sundima Willard|Willardi|Willart ümber pöörduma .
42		 Poolakas oli hetkeks seisma jäänud , et ohutumat suunda valida , kui pragu otse ta jalge all avanes . 	poolakas olema hetk seisma jääma|jäänud , et ohutum suund valima , kui pragu otse tema jalg all avanema .
42		 Willard jõudis veel näha ta kätt , mis serva külge üritas klammerduda , siis kadus seegi . 	Willard jõudma veel nägema tema käsi , mis serv külge üritama klammerduma , siis kaduma see .
42		 Ta hüppas lähemale ja kummardus üle ääre vaatama , kuid põrkus siis pööritust tundes tagasi . 	tema hüppama lähemale ja kummarduma üle äär vaatama , kuid põrkuma siis pööritus tundma tagasi .
42		 Hetkeks tundus talle , et ta on hulluks läinud , nii võimatu näis pilt , mis silmadele avanes . 	hetk tunduma tema , et tema olema hull läinud|minema , nii võimatu näima pilt , mis silm avanema .
42		 Kuristikust ta jalge all paistis sügavmust lõpmatus , mis oli tähti täis . 	kuristik tema jalg all paistma sügavmust lõpmatus , mis olema täht täis .
42		 Kõle kosmiline tühjus näis kutsuvat ning Willard taganes pikkamisi , näidates kaaslastele , et nood eemale hoiaksid . 	kõle kosmiline tühjus näima kutsuv ning Willard taganema pikkamisi , näitama kaaslane , et too eemale hoidma .
43		 Alles kümnekonna sammu kaugusel andis tühjuse tõmme niipalju järele , et Willard sai end ümber pöörata . 	alles kümnekonn samm kaugusel andma tühjus tõmme niipalju järele , et Willard saama ise ümber pöörama .
43		 Olafseni küsiva pilgu peale raputas ta vaid pead ja norralane ei hakanud rohkem pärima . 	Olafsen|Olafseni küsiv pilk peale raputama tema vaid pea ja norralane ei hakanud|hakkama rohkem pärima .
43		 Willard lasi pilgul hindavalt ringi käia . 	Willard laskma pilk hindavalt ringi käima .
43		 Pragunemine oli lõppenud ja väike salk seisis otsekui keset hiiglaslikku ämblikuvõrku , mis neil tee igas suunas ära lõikas . 	pragunemine olema lõppema|lõppenud ja väike salk seisma otsekui keset hiiglaslik ämblikuvõrk , mis tema tegema iga suund ära lõikama .
43		 Siiski ... mitte igas suunas . 	siiski ... mitte iga suund .
43		 Lõuna pool avanes kitsuke läbikäik.Willard krimpsutas nägu . 	Lõuna pool avanema kitsuke läbikäik . Willard krimpsutama nägu .
43		 Talle ei meeldinud , kui talle midagi peale sunniti . 	tema ei meeldima|meeldinud , kui tema miski peale sundima .
43		 Nüüd ei olnud neil aga valikut ja ainus tee võis tähendada lõksu . 	nüüd ei olema|olnud tema aga valik ja ainus tee võima tähendama lõks .
43		 Ta ohkas ja viipas käega . 	tema ohkama ja viipama käsi .
43		 Mehed läksid liikvele . *** 	mees minema liikvele . ***
44		 See oli lõks . 	see olema lõks .
44		 Rada lõppes ovaalse platsiga , millel hiiglaslikele puudele sarnanevad sambad pööristena ringi kihutasid . 	rada lõppema ovaalne plats , mis hiiglaslik puu|puue sarnanema samba|sammas pööris ringi kihutama .
44		 Rada nende selja taga hakkas pragunema , sundides neid aina edasi , vastu nendele hullunud titaanlikele vurridele . 	rada see selg taga hakkama pragunema , sundima tema aina edasi , vastu see hulluma|hullunud titaanlik vurr .
44		 Nagu vari , vilksatas Willardi teadvuses korraks midagi tuttavlikku , kuid tal polnud aega järele mõelda , mis see oli . 	nagu vari , vilksatama Willard|Willardi|Willart teadvus korraks miski tuttavlik , kuid tema olema aeg järele mõtlema , mis see olema .
44		 Üks sammastest sööstis otse Li-jeni poole ja korealane , kelle nägemine ikka veel polnud taastunud , pööras end välkkiirelt ümber , laskus ühele põlvele ning tõstis raketiheitja . 	üks sammas sööstma otse Li-jen|Li-jeni poole ja korealane , kes nägemine ikka veel olema taastuma|taastunud , pöörama ise välkkiirelt ümber , laskuma üks põli|põlv ning tõstma raketiheitja .
45		" "" Ei ! "" hüüatas Willard , kuid oli juba hilja . "	""" ei ! "" hüüatama Willard , kuid olema juba hilja ."
45		 Ta oli alati imetlenud korealase võitluskunstidega treenitud meeli ja reaktsioonikiirust . 	tema olema alati imetlema|imetlenud korealane võitluskunst treenima|treenitud meel ja reaktsioonikiirus .
45		 Mürsk tabas samba alumist kolmandikku ja lõi sinna suure , siledate servadega augu . 	mürsk tabama samba|sammas alumine kolmandik ja looma|lööma sinna suur , sile serv auk .
45		 Korraga näis , nagu oleks tohutu tolmuimeja tööle lülitatud . 	korraga näima , nagu olema tohutu tolmuimeja töö lülitama|lülitatud .
45		 Kord ühte ülesannet täites oli lennuk , millega Willard lendas , tabamuse saanud ja väljas valitseva alarõhu tõttu olid nad kurja vaeva näinud , et neid lennukist koos asjadega välja ei imetaks . 	kord ühte ülesanne täitma olema lennuk , mis Willard lendama , tabamus saama|saanud ja väljas valitsev alarõhk tõttu olema tema kuri vaev nägema|näima|näinud , et tema lennuk koos asi välja ei imetama .
45		 Nüüd juhtus midagi samalaadset . 	nüüd juhtuma miski samalaadne .
45		 Li-jen , kes oli sambale kõige lähemal , karjatas , kui õhuvool ta kaasa viis ja samba sisse vedas . 	Li-jen , kes olema samba|sammas kõige lähemal , karjatama , kui õhuvool tema kaasa viis ja samba|sammas sisse vedama .
45		 Siis kärgatas plahvatus , sammas paiskus kildudeks ning jalge all olev kummaline pind sulas ainsa hetkega . 	siis kärgatama plahvatus , sammas paiskuma kild ning jalg all olev kummaline pind sulama ainus hetk .
45		 Sambad tardusid puudeks ja Willardi rühm leidis end seismas põlvist saadik tuttavas soos . 	samba|sammas tarduma puu|puue ja Willard|Willardi|Willart rühm leidma ise seisma põli|põlv saadik tuttav soo|sugu .
46		 Eespool hakkas maapind tõusma ning Willard juhtis mehed puudega kaetud künkale . 	eespool hakkama maapind tõusma ning Willard juhtima mees puu|puue kaema|kaetud|katma küngas .
46		 Jacks ja Ricardo vaatsid koha üle ja noogutasid /mdash ; plats oli puhas . 	Jacks ja Ricardo vaats|vaatsi|vaatsid koha|koht üle ja noogutama / mdash ; plats olema puhas .
47		" "" Puhkus ! "" kamandas Willard . "	""" Puhkus ! "" kamandama Willard ."
47		" "" Öö veedame siin . "	""" öö veetma siin ."
47		 Homme liigume edasi . 	homme liikuma edasi .
47		 Olafsen /mdash ; valvad teisena , minu järel . 	Olafsen / mdash ; valvama teine , mina järel .
47		 Siis Jacks , Dutch , Ricardo , Switsky . 	siis Jacks , Dutch , Ricardo , Switsky .
47		" Ja nüüd vaikust /mdash ; ma tahan mõelda ! "" "	"ja nüüd vaikus / mdash ; mina tahtma mõtlema ! """
48		 Ükski leht ei liikunud , kui tohutu vari künka kohale kerkis . 	üks leht ei liikuma|liikunud , kui tohutu vari küngas kohale kerkima .
48		 Näha polnud midagi , vaid õhk väreles vaevumärgatavalt ning tähed paistsid veidi tuhmimalt seal , kus varju heitev keha oleks pidanud asuma . 	nägema olema miski , vaid õhk värelema vaevumärgatavalt ning täht paistma veidi tuhmimalt seal , kus vari heitev keha olema pidama|pidanud asuma .
48		 See seisis hetke puude kohal ja prantsatas siis alla nii et ümbrus rappus . 	see seisma hetk puu|puue kohal ja prantsatama siis alla nii et ümbrus rappuma .
48		 Künka harjale tekkis ruudukujuline jälg , kus maapind oli jala sügavuselt sisse pressitud . 	küngas hari tekkima ruudukujuline jälg , kus maapind olema jala sügavus sisse pressima|pressitud .
48		 Näha polnud endiselt midagi ja ainult õhk väreles seal , kus oli olnud laager . *** 	nägema olema endiselt miski ja ainult õhk värelema seal , kus olema olema|olnud laager . ***
49		 Lew.R. 	Lew.R .
49		 Berg pani punkti ja luges jutu üle . 	Berg panema punkt ja lugema jutt üle .
49		 Willardi sari oli ennast juba ammendanud ja oli paras aeg asi ära lõpetada . 	Willard|Willardi|Willart sari olema ise juba ammendama|ammendanud ja olema paras aeg asi ära lõpetama .
49		 Lõpetada nii , et Willard ei saakski aru , millega ta seekord kokku puutus , lõpetada müstiliselt ja saladuslikult . 	lõpetama nii , et Willard ei saama aru , mis tema seekord kokku puutuma , lõpetama müstiliselt ja saladuslikult .
49		" Berg noogutas rahulolevalt ja kirjutas pealkirja : "" Viimane ülesanne "" . "	"Berg noogutama rahulolevalt ja kirjutama pealkiri : "" viimane ülesanne "" ."
49		 Siis kustutas ta tule . *** 	siis kustutama tema tulema . ***
50		 Willard lükkas lehed kõrvale ja piilus ettevaatlikult välja . 	Willard lükkama leht kõrvale ja piiluma ettevaatlikult välja .
50		 Kõik oli vaikne , ainult õhk väreles vaevumärgatavalt seal , kus nad laagris olid olnud . 	kõik olema vaikne , ainult õhk värelema vaevumärgatavalt seal , kus tema laager olema olema|olnud .
50		 Ta lasi lehtedel tagasi langeda ja roomas meeste juurde . 	tema laskma leht tagasi langema ja roomama mees juurde .
51		" "" Te nägite , mis juhtus , "" sõnas ta sosinal . "	""" sina nägema , mis juhtuma , "" sõnama tema sosinal ."
51		" "" Mul oli õigus . "	""" mina olema õigus ."
51		 Ma tean , kus me oleme ja mis teoksil on . 	mina teadma , kus mina olema ja mis teoksil olema .
51		 See pidi olema meie viimane ülesanne ja ma tean täpselt , kes siin kontrolli alt on väljunud . 	see pidama olema mina viimane ülesanne ja mina teadma täpselt , kes siin kontroll alt olema väljuma|väljunud .
51		" "" "	""""
52		 Jah , tal oli tekkinud kahtlus kohe , kui ta nägi sambaid . 	jah , tema olema tekkima|tekkinud kahtlus kohe , kui tema nägema sammas .
52		 Midagi oli neis tuttavlikku , kuid alles siis , kui nad olid laagrisse jäänud ja tal oli aega selle peale mõelda , meenus talle , miks . 	miski olema tema tuttavlik , kuid alles siis , kui tema olema laager jääma|jäänud ja tema olema aeg see peale mõtlema , meenuma tema , miks .
52		 Ta oli midagi sellist lugenud . 	tema olema miski selline lugema|lugenud .
52		 Berg , meenus talle . 	Berg , meenuma tema .
52		 Lew . 	Lew .
52		 R. Berg . 	R. Berg .
52		 Ja halba aimates oli ta mehed laagrist välja viinud . 	ja halb aimama olema tema mees laager välja viima|viinud .
52		 Viinud vaikselt , märkamatult , vähimagi krõbinata . 	viima|viinud vaikselt , märkamatult , vähim krõbin .
52		 Ja tal oli õigus olnud . 	ja tema olema õigus olema|olnud .
53		" "" On üks mees , kes kirjutab jutte /mdash ; Berg . "	""" olema üks mees , kes kirjutama jutt / mdash ; Berg ."
53		 Me oleme tema loodud maailmas , tema fantaasias . 	mina olema tema loodud|looma maailm , tema fantaasia .
53		" "" "	""""
54		" "" Mis , see on siis mingi tindisolkija unenägu või ? "" vahutas Olfsen . "	""" mis , see olema siis mingi tindisolkija unenägu või ? "" vahutama Olfsen ."
54		" "" Hobusepask ! "" "	""" Hobusepask ! """
55		" "" Tss ! "" sisistas Willard ja noogutas . "	""" tss ! "" sisistama Willard ja noogutama ."
55		" "" See ongi see "" eksperiment "" , mis kontrolli alt väljus . "	""" see olema see "" eksperiment "" , mis kontroll alt väljuma ."
55		" "" "	""""
56		" "" Mis edasi ? "" päris Dutch asjalikult . "	""" mis edasi ? "" pärima Dutch asjalikult ."
57		" "" Töö ootab , "" mühatas Olafsen . "	""" töö ootama , "" mühatama Olafsen ."
57		" "" Ülesanne on ju veel täitmata . "	""" ülesanne olema ju veel täitma ."
57		" "" "	""""
58		" "" Viimane ülesanne , "" noogutas Willard . "	""" viimane ülesanne , "" noogutama Willard ."
58		" "" Aga mitte sel põhjusel , mis tema arvates . "	""" aga mitte see põhjus , mis tema arvama ."
58		" "" "	""""
59		 Ta tõmbas kuuli rauda ning muigas süngelt . 	tema tõmbama kuul raud ning muigama süngelt .
60		" "" Lähme vaatame , mis puust see Berg õige ise tehtud on ! "" "	""" minema vaatama , mis puu see Berg õige ise tegema|tehtud olema ! """
