par_nr	head	sentence	lemmas
1	 warcraft n_thousand 	 warcraft n_thousand 	warcraft nthousand
2		 Tegelikult oli see igati loogiline , et survaivalid virtuaalsusse kolisid . 	tegelikult olema see igati loogiline , et survaival|survaivali virtuaalsus kolima .
2		 Linnaäärne võserik jäi kanofiilidele , kes nagu nende lemmikudki ei pidanud enam juhuslike laserikiirte või värvilirakate pärast muretsema . 	linnaäärne võserik jääma kanofiil , kes nagu tema lemmik ei pidama|pidanud enam juhuslik laserikiir või värvilirakas pärast muretsema .
2		 Mitte et see mulle kuidagi korda oleks läinud . 	mitte et see mina kuidagi kord olema läinud|minema .
2		 Võserik tuli mulle ainult seepärast meelde , et ma siin ise ühe säärasega pean tegelema . 	Võserik tulema mina ainult seepärast meel , et mina siin ise ühe säärane pidama tegelema .
2		 Kirves käes . 	kirves käsi .
2		 Siin , muideks , on kusagil Dalaranis , peoonile ei hakka keegi üksikasju täpsustama . 	siin , mui , olema kusagil Dalaran|Dalarani , peoon ei hakkama keegi üksikasi täpsustama .
2		 Kakskümmend korda kirvega vastu puud . 	kakskümmend kord kirves vastu puu|puud .
2		 Siis kukub puu maha . 	siis kukkuma puu maha .
2		 Ma võtan selle otsapidi õlale ja punun saeveskisse . 	mina võtma see otsapidi õlg ja punuma saeveski .
2		 Või longin . 	või lonkima .
2		 Kui grunt ei näe . 	kui grunt ei nägema .
2		 Kõik see on täiesti illusoorne , kuid väga väsitav . 	kõik see olema täiesti illusoorne , kuid väga väsitav .
2		 Ja vasak õlg valutab . 	ja vasak õlg valutama .
2		 Üsna realistlikult . 	üsna realistlikult .
2		 Kui me siia saarele jõudsime , valvas seda metsatukka griffin . 	kui mina siia saar jõudma , valvama see metsatukk griffin .
2		 Ma ei jõudnud kohe plehku panna . 	mina ei jõudma|jõudnud kohe plehku panema .
2		 Mitte et ta mind oleks sihtinud , aga tulepahvakas ikkagi riivas mind . 	mitte et tema mina olema sihtima|sihtinud , aga tulepahvakas ikkagi riivama mina .
2		 Ilgelt vastik . 	ilgelt vastik .
2		 Tegelikult olen ma mitu korda surmagi saanud , mis on veel vastikum . 	tegelikult olema mina mitu kord surm saama|saanud , mis olema veel vastikum .
2		 Kohe päris , päris vastik . 	kohe päris , päris vastik .
2		 Mis siis , et illusoorne . 	mis siis , et illusoorne .
2		 Kui ikka on . 	kui ikka olema .
2		 Oma hooletus muidugi . 	oma hooletus muidugi .
2		 Oleks mailifiltrit pidanud rangemaks sättima . 	olema mailifilter pidama|pidanud rangem sättima .
2		 Aga mille järgi ? 	aga mis järgi ?
2		 Proge lasi läbi kõned neilt , kellelt ma kõnet ootasin . 	Proge laskma läbi kõne tema , kes mina kõne ootama .
2		 Ja neilt , kellega tehtud äri ma seni edukaks olin pidanud . 	ja tema , kes tegema|tehtud äri mina seni edukas olema pidama|pidanud .
2		 BJGroup ? vaatas proge . 	BJGroup ? vaatama proge .
2		 Üks tellimus , mõned kuud tagasi täidetud , korralikult makstud . 	üks tellimus , mõni kuu tagasi täidetud|täitma , korralikult maksma|makstud .
2		 Siis - kui ma õieti mäletan - piilus proge korraks firmade registrisse . 	siis - kui mina õieti mäletama - piiluma proge korraks firma register .
2		 Et ega asjaosaline vahepeal pankrotti pole läinud . 	et ega asjaosaline vahepeal pankrot olema läinud|minema .
2		 Kus sa sellega , mõned prisked miljonid kasumit . 	kus sina see , mõni priske miljon kasum .
2		 Nii et : piiks ! 	nii et : piiks !
2		 Mina , loll , võtsin vastu . 	mina , loll , võtma vastu .
2		 Ja siin ma nüüd olen . 	ja siin mina nüüd olema .
2		 Raiun puid . 	raiuma puu .
3		 Jutt oli pealtnäha täiesti tavaline äripakkumine - legaalsuse piiril . 	jutt olema pealtnäha täiesti tavaline äripakkumine - legaalsus piir .
3		 Et on vaja lahti murda üks programm . 	et olema vaja lahti murdma üks programm .
3		 Täpsemalt mäng . 	täpsemalt mäng .
3		 Ja et tulemust kasutab BJGroup firmasiseselt ning kommertslike eesmärkideta . 	ja et tulemus kasutama BJGroup firmasiseselt ning kommertslik eesmärk .
3		 Eks ma nõustusin edasiste läbirääkimistega . 	eks mina nõustuma edasine läbirääkimine .
3		 Meenutades , et see ainud varasem töö neile oli vindi taastamine . 	meenutama , et see ainu varasem töö tema olema vint taastamine .
3		 Väike , mõnegigane vint , mis neil kokku oli jooksnud ja millest nad ühel või teisel põhjusel oma teenindusfirmaga rääkida ei tahtnud . 	väike , mõnegigane vint , mis tema kokku olema jooksma|jooksnud ja mis tema üks või teine põhjus oma teenindusfirma rääkima ei tahtma|tahtnud .
3		 Tavaline põhjus on see , et suurel teenindusfirmal on palju töötajaid , kellel omakorda on palju tuttavaid , räägitagu siis konfidentsiaalsusgarantiidest mis tahes . 	tavaline põhjus olema see , et suur teenindusfirma olema palju töötaja , kes omakorda olema palju tuttav , rääkima siis konfidentsiaalsusgarantii mis tahes .
3		 Üksiküritaja - nagu mina - ei teagi , kellele leitud infi müüa , ja kui talle hästi maksta , siis ta ei proovigi . 	üksiküritaja - nagu mina - ei teadma , kes leidma|leitud inf müüma , ja kui tema hästi maksma , siis tema ei proovima .
3		 Nii oligi : tuletasin meelde , et seda tüüpi vindil võib elektroonika petta , ja lootsin , et fretti lõputute varude hulgas võiks midagi leiduda . 	nii olema : tuletama meel , et see tüüp vint võima elektroonika petma , ja lootma|lootsima , et frett|fretti lõputu varu hulgas võima miski leiduma .
3		 Leiduski , ja füüsiliselt sai draivi jälle liikuma . 	leidus , ja füüsiliselt saama draiv jälle liikuma .
3		 Nagu tavaliselt juhtub , oli ka loogika segi jooksnud . 	nagu tavaliselt juhtuma , olema ka loogika segi jooksma|jooksnud .
3		 Raporteerisin , et oma 78% on taastatav . 	raporteerima , et oma 78 % olema taastatav .
3		 Krimpsutati nägu . 	krimpsutama nägu .
3		 Ütlesin , et võib ka üle formaatida , ja siis on jälle suur tükk tühja ketast käepärast võtta . 	ütlema , et võima ka üle formaatida , ja siis olema jälle suur tükk tühi ketas käepärast võtma .
3		 Nagu arvata võis , lubati iga prossa pealt progresseeruvalt tasuda ja ega ma ennustusega väga mööda pannudki . 	nagu arvama võima , lubama iga prossa pealt progresseeruvalt tasuma ja ega mina ennustus väga mööda panema .
3		 Läks kaks ööd-päeva , mõni unetund sekka : Jolieti tabel , FAT , failitüüpide määramine ja kogu see moos . 	minema kaks ööd-päev , mõni unetund sekka : Joliet|Jolieti tabel , FAT , failitüüp määramine ja kogu see moos .
3		 Ning kui sul on mõni tuhat faili taastada , siis sa eriti nagu ei viitsigi neid kõiki läbi uurida , liiatigi jäi mõne tüüp mulle arusaamatuks . 	ning kui sina olema mõni tuhat fail taastama , siis sina eriti nagu ei viitsima see kõik läbi uurima , liiatigi jääma mõni tüüp mina arusaamatu .
3		 Mingi ports pornot ja mõnede boxide numbrid oli kõik , mis mulle sealt silma hakkas , nii et ärisaladuste hoidmise koha pealt võib mind tõepoolest usaldada . 	mingi ports porno ja mõni box|boxi|boxide number olema kõik , mis mina sealt silm hakkama , nii et ärisaladus hoidmine koha|koht pealt võima mina tõepoolest usaldama .
3		 Kaks ööpäeva pusimist , ja keskmine õpetaja rabeleb sama raha eest üle kahe kuu - ma ei viitsi mõelda , miks ma õpetajaid eriti ei salli . 	kaks ööpäev pusimine , ja keskmine õpetaja rabelema sama raha eest üle kaks kuu - mina ei viitsima mõtlema , miks mina õpetaja eriti ei sallima .
4		 Kops , kops , kops , ja palk selga . 	kops , kops , kops , ja palk selg .
4		 Grunt põrnitseb ja nohiseb . 	Grunt põrnitsema ja nohisema .
4		 Mitte et ta meid kaitseks . 	mitte et tema mina kaitse .
4		 Griffinite ees on grunt sama abitu kui meiegi . 	Griffin|Griffinite ees olema grunt sama abitu kui mina .
4		 Tema ülesanne on märksa vastikum . 	tema ülesanne olema märksa vastikum .
4		 Selles tüütult reaalsena tunduvas illusoorses maailmas sõltub väejuhi käsutuses olevate üksuste hulk farmide arvust . 	see tüütult reaalne tunduv illusoorne maailm sõltuma väejuht käsutus olev üksus hulk farm arv .
4		 Ja kui hästi kähku on vaja uut draakonit või lahingulaeva , aga farmid rohkem välja ei kanna , lüüakse mõni oma vähemtähtis vend mättasse . 	ja kui hästi kähku olema vaja uus draakon või lahingulaev , aga farm rohkem välja ei kandma , lööma mõni oma vähemtähtis vend mätas .
4		 Nagu näiteks kõrvalisel saarel rahmeldav peoon . 	nagu näide kõrvaline saar rahmeldav peoon .
4		 See tähendab , mina . 	see tähendama , mina .
4		 On juhtunud , üldiselt . 	olema juhtuma|juhtunud , üldiselt .
4		 Mitte et meeldiks meenutada . 	mitte et meeldima meenutama .
4		 Hea , et ma grunt ei ole - või kuidas võtta . 	hea , et mina grunt ei olema - või kuidas võtma .
4		 See rohelisel hobuse luukerel ratsutav tüüp , kes muideks siit metsa kohalt griffini alla võttiski , on lausa ilge . 	see roheline hobune luukere ratsutav tüüp , kes mui siit mets kohalt griffin|griffini alla võtma , olema lausa ilge .
4		 Kui ma kramplikult endale meelde ei tuleta , et see siin on vaid virtuaalsus - mitte et ma näeksin siit pääsemisvõimalust - , siis ma lausa kardan teda . 	kui mina kramplikult ise meel ei tuletama , et see siin olema vaid virtuaalsus - mitte et mina nägema siit pääsemisvõimalus - , siis mina lausa kartma tema .
4		 Huvitav , kes ta eraelus võiks olla ? 	huvitav , kes tema eraelu võima olema ?
4		 BJGroupi pearaamatupidaja ? 	BJGroup|BJGroupi pearaamatupidaja ?
4		 Ambitsioonikas ekspediitor ? 	ambitsioonikas ekspediitor ?
4		 Surnud hobusega ringi traavida ja needusi lugeda ... 	surema|surnud hobune ringi traavima ja needus lugema ...
4		 Aga avaldab muljet küll . 	aga avaldama mulje küll .
4		 Ja griffini võttis maha . 	ja griffini võtma maha .
4		 Sellesama , kes mu õla ära kõrvetas . 	seesama , kes mina õlg ära kõrvetama .
4		 Selles elus ... 	see elu ...
5		 Hea küll . 	hea küll .
5		 Firma nimega BJGroup , kelle finantsasjad olid korras ja kellega mul oli varasem edukalt lõppenud äriline partnerlus , pakkus mulle tööd . 	firma nimi BJGroup , kes finantsasi olema kord ja kes mina olema varasem edukalt lõppema|lõppenud äriline partnerlus , pakkuma mina töö .
5		 Ma nõustusin täpsustama . 	mina nõustuma täpsustama .
5		 Nad saatsid auto järele . 	tema saatma auto järele .
5		 Must Daewoo , mis haises naha järele tugevamini kui mis tahes ehtne nahk . 	Must Daewoo , mis haisema nahk järele tugevamini kui mis tahes ehtne nahk .
5		 Nagu nad reklaamivadki : meie mersu on veel mersum kui mersu enda mersu . 	nagu tema reklaamima : mina mersu olema veel mersum kui mersu ise mersu .
5		 Kena kontor , netid näitsikud , kohe eriti kõbusad noored mehed . 	kena kontor , net|neti|netid|nett näitsik , kohe eriti kõbus noor mees .
5		 Lõunat ? 	Lõunat ?
5		 Tänan , ei . 	tänama , ei .
5		 Aga midagi kergemat ? 	aga miski kergem ?
5		 Miks mitte ... 	miks mitte ...
5		 Klaas veini pudelist , mille silt mulle minu kohutava ignorantsuse tõttu midagi ei öelnud - aga nurga peal selvehallis ma säärast pudelit polnud näinud küll ; tükike forelliga pirukat jne. 	Klaas vein pudel , mis silt mina mina kohutav ignorantsus tõttu miski ei öelnud|ütlema - aga nurk peal selvehall mina säärane pudel olema nägema|näima|näinud küll ; tükike forell pirukas jne .
5		 Võimalik , et see oli BJ ise , kes minuga vestles . 	võimalik , et see olema BJ ise , kes mina vestlema .
5		 Et nende pisukese firma ühiseks hobiks on survaivalit mängida . 	et see pisuke|pisukene firma ühine hobi olema survaival|survaivali mängima .
5		 Hoiab füüsiliselt vormis , arendab reaktsiooni ja on igatepidi heaks elukooliks . 	hoidma füüsiline vorm , arendama reaktsioon ja olema igatepidi hea elukool .
5		 Et enne jooksid nad värvipüstolitega reaalses metsas ringi , aga kuna nüüd on virtuaalsuseski loodud eriti realistlikud tingimused ka taoliste harrastuste jaoks , siis osalevad nad nüüd kollektiivselt seal . 	et enne jooksma tema värvipüstol reaalne mets ringi , aga kuna nüüd olema virtuaalsus loodud|looma eriti realistlik tingimus ka taoline harrastus jaoks , siis osalema tema nüüd kollektiivselt seal .
5		 Et ühes teatavas masinas on selline võistlussari , kunagise populaarse arvutimängu ainetel . 	et üks teatav masin olema selline võistlussari , kunagine populaarne arvutimäng aine .
5		 Pisikesed preemiad ja puha . 	pisike|pisikene preemia ja puha .
5		 Ning nad kangesti tahaksid võita . 	ning tema kangesti tahtma võitma .
5		 Muskleid , rammu ja osavust on neil küllaga , aga et kui oleks üks arvutispets kah kambas . 	muskel , ramm ja osavus olema tema küllaga , aga et kui olema üks arvutispets kah kamp .
5		 Kes oma spetsiifiliste oskustega võiks kaalukeelt vähekese kallutada , kui asi kriitiliseks läheb . 	kes oma spetsiifiline oskus võima kaalukeel väheke kallutama , kui asi kriitiline minema .
5		 Muidugi olen ma mänge kräkkinud . 	muidugi olema mina mäng kräkkinud .
5		 Kes ei oleks ? 	kes ei olema ?
5		 Nii et ma nõustusin ettepanekut kaaluma . 	nii et mina nõustuma ettepanek kaaluma .
6		 Raisk , dessant ! 	raisk , dessant !
6		 Kogu aeg olen ma tasahilju üle õla piilunud , et jõuaks griffini eest võssa pageda , aga nüüd on nad siia terve laevatäie toonud ! 	kogu aeg olema mina tasahilju üle õlg piiluma|piilunud , et jõudma griffin|griffini eest võsa pagema , aga nüüd olema tema siia terve laevatäis tooma|toonud !
6		 Kellel seda saaretühja vaja on ? 	kes see saaretühi vaja olema ?
6		 Ja kes peab minema põlevat vahitorni kustutama ? 	ja kes pidama minema põlev vahitorn kustuma|kustutama ?
6		 Ega ometi ? 	ega ometi ?
6		 Seda ma kartsingi ... 	see mina kartma ...
6		 Grunt vehib kirvega päris tublilt , ühe helkivas raudrüüs tüübi on ta igatahes lõhki raiunud ja lahmib nüüd järgmist , aga tema rindkerest turritab välja paar pikka noolt ... 	Grunt vehkima kirves päris tublilt , ühe helkiv raudrüü tüüp olema tema igatahes lõhki raiuma|raiunud ja lahmima nüüd järgmine , aga tema rindkere turritama välja paar pikk nool ...
6		 Põleva vahitorni kustutamine on tülikas isegi rahus ja vaikuses , aga kui ümberringi vihisevad nooled ning kahtlaselt kõikuvast ehitisest pudeneb pähe mitte ainult tukke , vaid terveid palke ... 	põlev vahitorn kustutamine olema tülikas isegi rahu ja vaikus , aga kui ümberringi vihisema nool ning kahtlaselt kõikuv ehitis pudenema pea mitte ainult tukk , vaid terve palk ...
6		 Ja meie nõid oma hobuseimitatsioonil , selle asemel et midagi mõistlikku ette võtta , pageb metsa poole - mitte et see tal õnnestuks , üks nool , teine , kolmas , neljas - ja ta plärtsatab rohelist löga pritsides lõhki . 	ja mina nõid oma hobuseimitatsioon , see asemel et miski mõistlik ette võtma , pagema mets poole - mitte et see tema õnnestuma , üks nool , teine , kolmas , neljas - ja tema plärtsatama roheline löga pritsima lõhki .
6		 Ning torni riismed kukuvad mulle pähe . 	ning torn riismed kukkuma mina pea .
7		 Surnud olla on vastik . 	surema|surnud olema olema vastik .
7		 Võibolla päriselt ja üldse mitte enam olla on lihtsam , aga praegu käib mingi värelus . 	võibolla päriselt ja üldse mitte enam olema olema lihtsam , aga praegu käima mingi värelus .
7		 Umbes ühe sajandikosa sekundist olen ma olemas . 	umbes üks sajandikosa sekund olema mina olema .
7		 Istun laua taga mingis mugavas kontoris . 	istuma laud taga mingi mugav kontor .
7		 Jah , BJGroupi kontoris , kus mujal . 	jah , BJGroup|BJGroupi kontor , kus mujal .
7		 Ülejäänud sajandikud on pimedad , lõhnatud , maitsetud jne. 	ülejäänud sajandik olema pime , lõhnatu , maitsetu jne .
7		 Ja see värelus toimub nii kiiresti , et ma ei jõua - seal kontoris - millelegi keskenduda . 	ja see värelus toimuma nii kiiresti , et mina ei jõudma - seal kontor - miski keskenduma .
7		 Noh , et jooks uut väljakutset oodates kohvi , loeks lehti ja hullaks sekretäridega . 	noh , et jooks uus väljakutse ootama kohv , lugema leht ja hullama sekretär .
7		 Ma ei jõua õieti märgatagi , kus või mis ma olen ehk mis mind ümbritseb , kõik väreleb nii kiiresti . 	mina ei jõudma õieti märkama , kus või mis mina olema ehk mis mina ümbritsema , kõik värelema nii kiiresti .
7		 Samas ei lase see värelus keskenduda ka pimedusele . 	samas ei laskma see värelus keskenduma ka pimedus .
7		 Surnud olemisele . 	surema|surnud olemine .
7		 Ju ma siis olen zombi . 	ju mina siis olema zombi .
7		 Elektronide möll mingis arvutis . 	elektron möll mingi arvuti .
8		 Mul ei olnud seda ju tarvis . 	mina ei olema|olnud see ju tarvis .
8		 Kohe päris kindlasti ei olnud . 	kohe pärima kindlasti ei olema|olnud .
8		 Mul ei ole tegelikult Esherwoodi koodi ka tarvis , kuigi see oli esimene asi , mille peale ma tööpakkumisest kuuldes mõtlesin . 	mina ei olema tegelikult Esherwood|Esherwoodi|Esherwoot kood|koot ka tarvis , kuigi see olema esimene asi , mis peale mina tööpakkumine kuulma mõtlema .
8		 Mul ju oli raha - kokkuhoidlikult elades oleks paar kuud vastu pidanud ja selle ajaga oleks midagi ikka leidnud . 	mina ju olema raha - kokkuhoidlikult elama olema paar kuu vastu pidama|pidanud ja see aeg olema miski ikka leidma|leidnud .
8		 Ma oleks võinud endale isegi uue tooli osta , kui juba priiskamisele mõelda . 	mina olema võima|võinud ise isegi uus tool ostma , kui juba priiskamine mõtlema .
8		 Aga ei , oli vaja ahnitseda . 	aga ei , olema vaja ahnitsema .
8		 Muidugi , esimesel pilgul paistis ülesanne piisavalt jabur , et seda tõsiselt võtta . 	muidugi , esimene pilk paistma ülesanne piisavalt jabur , et see tõsiselt võtma .
8		 Mingi survaivali-fänn on virtuaalsuses karjääri teinud , osavate manöövritega hõimupealikust vaata et kogu sõjakäiku juhtima tõusnud , oma võimed ammendanud - aga kangesti tahaks võita . 	mingi survaivali-fänn olema virtuaalsus karjäär tegema|teinud , osav manööver hõimupealik vaatama et kogu sõjakäik juhtima tõusma|tõusnud , oma võime ammendama|ammendanud - aga kangesti tahtma võitma .
8		 Ja mina lasen end mingi kaheksateistkümnenda peoonina kampa võtta - et mis see siis ära ei ole . 	ja mina laskma ise mingi kaheksateistkümnes peoon kamp võtma - et mis see siis ära ei olema .
8		 Üksikasjadest BJ mind ei valgustanud ja ma ei teadnud ju , et Besheri hüpotees on ära realiseeritud ja selle asemel , et mängust endale link haarata , downloaditakse sind ennast ka kogu selleks ajaks , mil kaheksateistkümnendat peooni parajasti tarvis ei ole või siis juhtub ta parajasti surnud olema ... 	üksikasi BJ mina ei valgustama|valgustanud ja mina ei teadma|teadnud ju , et Besher|Besheri hüpotees olema ära realiseerima|realiseeritud ja see asemel , et mäng ise link haarama , downloadima|downloatima sina ise ka kogu see aeg , mil kaheksateistkümnes peoon parajasti tarvis ei olema või siis juhtuma tema parajasti surema|surnud olema ...
8		 Ega ma ei olnud ainuke , kes ei teadnud . 	ega mina ei olema|olnud ainuke , kes ei teadma|teadnud .
8		 Ma ju lasin maili ringi - tuttavate hulgas . 	mina ju laskma mail ringi - tuttav hulgas .
8		 Et kes teab midagi n_thousandi kohta . 	et kes teadma miski nthousand|nthousant kohta .
8		 Mingi muda , arvasid need , kes arvata viitsisid . 	mingi muda , arvama see , kes arvama viitsima .
8		 Keegi polnud ise näinud - survaivalite rida , eks ole . 	keegi olema ise nägema|näima|näinud - survaival|survaivalite rida , eks olema .
8		" Ainult ggnoso
univ.za võttis miskipärast visuaalse kontakti ja päris pahaselt , et miks ma arvan , nagu võiks ta wcnt-koodist midagi teada . "	ainult ggnoso univ.za võtma miskipärast visuaalne kontakt ja päris pahaselt , et miks mina arvama , nagu võima tema wcnt-kood|wcnt-koot miski teadma .
8		 Rahustasin ta kuidagi maha . 	rahustama tema kuidagi maha .
8		 Kuuldes , et töö käib tellija masinas , pakkus frett , et seob mulle peileri sappa . 	kuule , et töö käima tellija masin , pakkuma frett , et siduma mina peiler saba .
8		 Siis tundus see eriti jabur idee ... 	siis tunduma see eriti jabur idee ...
9		 Mingil hetkel käib vile . 	mingi hetk käima vile .
9		 Mitte eriti vile , tähendab , aga ma torman raekojast/vallavolikogust/lihtsalt ühest neetud punkrist välja , uut elujõudu täis , ja mul on järjekordselt käsk puid raiuda . 	mitte eriti vile , tähendama , aga mina tormama raekoda / vallavolikogu / lihtsalt ühest needma|neetud punker välja , uus elujõud täis , ja mina olema järjekordselt käsk puu raiuma .
9		 Esimese hooga ei saa isegi aru , kas see on sama saar , kus ma viimati surma sain . 	esimene hoog ei saama isegi aru , kas see olema sama saar , kus mina viimati surm saama .
9		 Ei pruugi olla . 	ei pruukima olema .
9		 Vist ei olegi . 	vist ei olema .
9		 Või olin ma vahepeal nii pikka aega surnud , et kõik sedavõrd muutuda on jõudnud . 	või olema mina vahepeal nii pikk aeg surema|surnud , et kõik sedavõrd muutuma olema jõudma|jõudnud .
9		 Rannajoon küll vaevalt ... 	rannajoon küll vaevalt ...
9		 Hea küll , puud siis puud , ikka parem kui - nojah , surnud olla . 	hea küll , puu|puud siis puu|puud , ikka parem kui - nojah , surema|surnud olema .
10		 Umbes kaheksanda või kaheksateistkümnenda või n-kümnenda puu järele minnes nägin metsa vahel maas midagi imelikkuk . 	umbes kaheksas või kaheksateistkümnes või n-kümnes puu järele minema nägema mets vahel maas miski imelikkuk .
10		 Midagi , mis nägi välja nagu note . 	miski , mis nägema välja nagu note .
10		 Mis isegi käega katsudes oli nagu note - sihuke tavaline , ilma mingite firmasiltideta , hädapärane väike arvuti , kuhu eriti palju ei mahu , aga mille võid moblaga võrku lasta , kui raha on . 	mis isegi käsi katsuma olema nagu note - sihuke tavaline , ilma mingi firmasilt , hädapärane väike arvuti , kuhu eriti palju ei mahtuma , aga mis või moblaga võrk laskma , kui raha olema .
10		 See ei saanud tõsi olla , aga ei olnudki , oli vaid virtuaalsus . 	see ei saama|saanud tõsi olema , aga ei olema , olema vaid virtuaalsus .
10		 Krahmasin note pihku , peitsin end puude vahele ja lükkasin käima . 	krahmama note pihk , peitma|peitsima ise puu|puue vahele ja lükkama käima .
10		 Kõige naljakam , et see oli peaaegu nagu minu käe järgi hääles . 	kõige naljakam , et see olema peaaegu nagu mina käsi järgi hääl .
10		 Mitte nagu mu pärisarvuti , aga nagu mu väljaskäimise superzaurus - just et kõige hädapärasem peal . 	mitte nagu mina pärisarvuti , aga nagu mina väljaskäimine superzaur - just et kõige hädapärasem peal .
10		 Ja kuigi mingit reaalset linki ju polnud , oli ühendus mingi serveriga . 	ja kuigi mingi reaalne link ju olema , olema ühendus mingi server .
10		 Drive G : , at your service . 	Drive G : , at your service .
10		 Serveriga , mis jooksutas muuhulgas ja ennekõike alamsüsteemi wcnt . 	server , mis jooksutama muuhulgas ja ennekõike alamsüsteem wcnt .
10		 Mitte et ma sellele kohe ligi oleksin pääsenud . 	mitte et mina see kohe ligi olema pääsema|pääsenud .
11		 Nüüd ma jäin mõtlema . 	nüüd mina jääma mõtlema .
11		 Ma isegi raiusin ühe puu ning tassisin ära ja ise kogu aeg mõtlesin . 	mina isegi raiuma üks puu ning tassima ära ja ise kogu aeg mõtlema .
11		 See värk ei saanud juhuslikuult metsas olla . 	see värk ei saama|saanud juhuslikuult mets olema .
11		 Keegi oli selle ekstra minu jaoks sinna sättinud . 	keegi olema see ekstra mina jaoks sinna sättima|sättinud .
11		 Aga see oli ka kõik - edasi pidin ise hakkama saama . 	aga see olema ka kõik - edasi pidama ise hakkama saama .
11		 Tuli süsteemi sisse minna , ja see oli iseenesest võimalik . 	tulema süsteem sisse minema , ja see olema iseenesest võimalik .
11		 Mul olid vahendid jälgimisproge tegemiseks ja siis ka , ütleme , mõne faili muutmiseks , aga ma pidin kõigepealt leidma võimaluse oma proge sidumiseks . 	mina olema vahend jälgimisproge tegemine ja siis ka , ütlema , mõni fail muutmine , aga mina pidama kõigepealt leidma võimalus oma proge sidumine .
11		 Tavalistes oludes ma oleksin soodsamad IRQd kellast alates läbi proovinud . 	tavaline olu mina olema soodsam IRQ kell alates läbi proovima|proovinud .
11		 Et kas annab kätte või ei - ja kui ei anna , tekib hullemal juhul system crash . 	et kas andma käsi või ei - ja kui ei andma , tekkima hullem juht system crash .
11		 Arvuti uuesti tööle ja uuele ringile . 	arvuti uuesti töö ja uus ring .
11		 Aga ma ei olnud päris kindel , mis saab minust , kui tekib crash masinas , mis kogu mu teadvuse/hinge/või-mis-iganes parajasti downloadinud on . 	aga mina ei olema|olnud päris kindel , mis saama mina , kui tekkima crash masin , mis kogu mina teadvus / hing / või-mis-iganema parajasti downloadinud olema .
11		 Tõenäoliselt leitakse BJGroupi kontorist minu maine keha , mis on just niisama ergas , sügavmõtteline ja kaval nagu keskmine kapsas . 	tõenäoliselt leidma BJGroup|BJGroupi kontor mina maine keha , mis olema just niisama ergas , sügavmõtteline ja kaval nagu keskmine kapsas .
12		 Teades , kui kiivalt kella katkestust tavaliselt jälgitakse , tegin panuse vindile . 	teadma , kui kiivalt kell katkestus tavaliselt jälgima , tegema panus vint .
12		 Õigusega , nagu selgus . 	õigus , nagu selguma .
12		 Edasi oli juba rutiin , aga ma tahtsin ainult rõhutada , et ma ei tundnud end iga hetk crashi oodates just eriti kindlalt . 	edasi olema juba rutiin , aga mina tahtma ainult rõhutama , et mina ei tundma|tundnud ise iga hetk crash ootama just eriti kindlalt .
12		 Varsti sain selgeks , kus puudevaru kirjas on - kullaga oli kehvem , sest seda samal saarekesel ei kaevandatud ja vaenlase varakambri täitmine polnud nagu eesmärgiks . 	varsti saama selge , kus puudevaru kiri olema - kuld olema kehvem , sest see sama saareke ei kaevandama|kaevandatud ja vaenlane varakamber täitmine olema nagu eesmärk .
12		 Panin proge - esialgu vaikselt - puid juurde tiksuma ja läksin täiesti omal initsiatiivil farmi ehitama . 	panema proge - esialgu vaikselt - puu juurde tiksuma ja minema täiesti oma initsiatiiv farm ehitama|ehtima .
12		 Esiteks nägin ära , milliselt aadressilt sel hetkel vastav raha maha arvati , ja teiseks pidi farme nagunii varsti massiliselt tarvis minema . 	esiteks nägema ära , milline aadress see hetk vastav raha maha arvama , ja teine pidama farm nagunii varsti massiliselt tarvis minema .
12		 Grunt hakkas mu omavoli peale muidugi urisema . 	Grunt hakkama mina omavoli peale muidugi urisema .
12		 Hea veel , et ma kohe draakonipesast ei alustanud ... 	hea veel , et mina kohe draakonipesa ei alustama|alustanud ...
12		 Nüüd läks virtuaalsuses lahti igavesti tüütu võimlemine . 	nüüd minema virtuaalsus lahti igavesti tüütu võimlemine .
12		 Püüdsin grundile selgeks teha , et mul oleks vaja kontakti ülemjuhatajaga - kes see siis iganes ka poleks . 	püüdma grund|grundi|grunt selge tegema , et mina olema vaja kontakt ülemjuhataja - kes see siis iganes ka olema .
12		 Esiteks polnud grundil endalgi sidet kaugemale kui mingi piirkondliku trollini ja teiseks arvas ta minu käes kummalist aparaati nähes , et võib ka ise leiust raporteerima minna . 	esiteks olema grundil ise side kaugemale kui mingi piirkondlik troll|trolli ja teiseks arvama tema mina käsi kummaline aparaat nägema , et võima ka ise leid raporteerima minema .
12		 Lõpuks ma oma tahtmise siiski sai , mind sõidutati ( kahtlaselt kööbaka ) paadiga mandrile , siis sain ühenduse mingi väepealikuga , palusin tal varude olukorda jälgida ja vajutasin nupule , mis panka miljoni lisas . 	lõpuks mina oma tahtmine siiski saama , mina sõidutama ( kahtlaselt kööbaka ) paat mander|manner , siis saama ühendus mingi väepealik , paluma tema varu olukord jälgima ja vajutama nupp , mis pank miljon lisama .
12		 Juhtisin ta tähelepanu sellele , et nüüd võiks päris mitu draakonit juurde tellida ja et kui väheks jääb , võin ma oma liigutust korrata . 	juhtima tema tähelepanu see , et nüüd võima päris mitu draakon juurde tellima ja et kui väheks jääma , võima mina oma liigutus kordama .
12		 Tormiline ülesehitustöö läkski lahti , muide kippus hingedest puudus tulema ja mullegi tehti ettepanek , et kui mind nüüd kirvega maha lüüa , siis võiksin ma järgmises elus draakonina sündida . 	tormiline ülesehitustöö minema lahti , muide kippuma hing puuduma tulema ja mina tegema ettepanek , et kui mina nüüd kirves maha lööma , siis võima mina järgmine elu draakon sündima .
12		 Vaidlesin vastu , et sellises olekus ei saaks ma vajaduse korral nupule vajutada , ja see osutus võimsaks argumendiks . 	vaidlema vastu , et selline olek ei saama mina vajadus korral nupp vajutama , ja see osutuma võimas argument .
12		 Nüüd polnud mul enam muud teha kui sadamas logeleda ning jälgida merelainete loksumist ja kauguses silmapiiri poole vuhisevaid draakoniparvi . 	nüüd olema mina enam muu tegema kui sadam logelema ning jälgima merelaine loksumine ja kaugus silmapiir poole vuhisev draakoniparv .
13		 Siis tegin ma silmad lahti juba BJGroupi kontoris ja minu ümber oli hulk reipaid-rõõmsaid ametnikke . 	siis tegema mina silm lahti juba BJGroup|BJGroupi kontor ja mina ümber olema hulk reipaid-rõõmus ametnik .
13		 Esialgu patsutasid nad oma võidujoovastuses ka mind veidi , siis aga unustasid ja ma sain minema hiilida . 	esialgu patsutama tema oma võidujoovastus ka mina veidi , siis aga unustama ja mina saama minema hiilima .
13		 Ega ma väga ei imestanudki , kui maja ees fretti vana Subarut märkasin . 	ega mina väga ei imestama , kui maja ees frett vana Subaru märkama .
14		 Et saidki nagu tulema , uuris tema . 	et saama nagu tulema , uurima tema .
14		 Kuidas sa selle sinna panid , küsisin vastu . 	kuidas sina see sinna panema , küsima vastu .
14		 Defineerisin objekti ja määrasin selle asukoha , mis seal siis ikka rohkemat vaja , teatas ta õlgu kehitades . 	defineerima objekt ja määrama see asukoht , mis seal siis ikka rohkem vaja , teatama tema õlg kehitama .
14		 Aga kuhu ? ei saanud ma aru . 	aga kuhu ? ei saama|saanud mina aru .
14		 Panid mulle imepeileri sappa , et kui see mul Dallaranis helisema hakkab , siis sa kuuled ära , millises maailmanurgas õige server on ? 	panema mina imepeiler saba , et kui see mina Dallaran|Dallarani helisema hakkama , siis sina kuulma ära , milline maailmanurk õige server olema ?
14		 Peileri järgi leidsin ma üles ainult selle kontori siin . 	peiler järgi leidma mina üles ainult see kontor siin .
14		 Ütlesin , et tulin sulle võileibu tooma ja sain muuhulgas ka arvuti poole piiluda . 	ütlema , et tulema sina võileib tooma ja saama muuhulgas ka arvuti poole piiluma .
14		 Sinu pool vaatasin su posti üle ja leidsin ühe imeliku sõnumi ... ggnoso ? taipasin nüüd ise ka . 	sina pool vaatama sina post üle ja leidma üks imelik sõnum ... ggnoso ? taipama nüüd ise ka .
14		 Nojah , noogutas frett . 	nojah , noogutama frett .
14		 Oleks sul rohkem aega olnud , oleksid sa ise ka ära taibanud , kus see värk toimub . 	olema sina rohkem aeg olema|olnud , olema sina ise ka ära taibanud|taipama , kus see värk toimuma .
15		 Ma olin fretti kogu aeg rohkem raua-tüübiks pidanud ja seetõttu ei jõudnud asi mulle esialgu pärale . 	mina olema frett kogu aeg rohkem raua-tüüp pidama|pidanud ja seetõttu ei jõudma|jõudnud asi mina esialgu pärale .
15		 Ajavahe ka veelo ... 	ajavahe ka veelo ...
15		 Kuule , sa lüpsid seda serverit ju nagu ... ei tulnud mul isegi sobivat võrdlust pähe . 	kuulma , sina lüpsma see server ju nagu ... ei tulema|tulnud mina isegi sobiv võrdlus pea .
15		 Miks sa siis ise mängu ära ei lõpetanud ? 	miks sina siis ise mäng ära ei lõpetama|lõpetanud ?
15		 Esteks ma ei teadnud su lepingutingimusi . 	Esteks mina ei teadma|teadnud sina lepingutingimus .
15		 Teiseks ma ei eadnud , mis juhtub , kui ma süsteemi õhku lasen . 	teiseks mina ei eadnud|eadnuma , mis juhtuma , kui mina süsteem õhk laskma .
16		 Ma olin tükk aega vait . 	mina olema tükk aeg vait .
16		 Ma ei jaksanud isegi enam imestada selle üle , et ma tobedast virtuaalsusest siiski pääsenud olin - pigem mõtlesin ma , miks frett juba sõitma ei hakka . 	mina ei jaksama|jaksanud isegi enam imestama see üle , et mina tobe virtuaalsus siiski pääsema|pääsenud olema - pigem mõtlema mina , miks frett juba sõitma ei hakkama .
16		 Umbes viie minuti pärast ta seletas , et noh , kui sul peaks olema mingi hüvitis saada , siis katsu see asi kähku ära klaarida või nii ... 	umbes viis minut pärast tema seletama , et noh , kui sina pidama olema mingi hüvitis saama , siis katsuma see asi kähku ära klaarima või nii ...
17		 Tahad poolt endale , pakkusin suuremeelselt . 	tahtma poolt ise , pakkuma suuremeelselt .
17		 Sinu leping , sinu raha , vastas ta üsna ükskõikselt . 	sina leping , sina raha , vastama tema üsna ükskõikselt .
17		 Aga kui sealt on midagi saada , siis varsti ei ole enam midagi võtta . 	aga kui sealt olema miski saama , siis varsti ei olema enam miski võtma .
17		 Ega sa ju uudiseid suuremat ei jälginud - aga mis sa arvad , kust mingi mängu jaoks boonus võetakse ? 	ega sina ju uudis suurem ei jälgima|jälginud - aga mis sina arvama , kust mingi mäng jaoks boonus võtma ?
17		 Seda ma ei teadnud tõesti . 	see mina ei teadma|teadnud tõesti .
17		 Vaata , ma ei ole päris kindel , aga mingid liinid sealt paistsid jooksvat , ma ju kõike ka ei riskinud uurida , päris rasked militaarsed blokeeringud olid peal . 	vaatama , mina ei olema päris kindel , aga mingi liin sealt paistma jooksev , mina ju kõik ka ei riskima|riskinud uurima , päris raske militaarne blokeering olema peal .
17		 Et miskid urdud või mis nad olidki sõdivad parajasti teise hõimu urdudega . 	et miski urdud|urduma või mis tema olema sõdima parajasti teine hõim urdu .
17		 Ja server , kus wcnt jookseb , analüüsib mängus toimuvat ning söödab urdudele võitvat strateegiat ette . 	ja server , kus wcnt jooksma , analüüsima mäng toimuv ning söötma urdu võitma strateegia ette .
17		 Nagu ma viimati kuulsin , on üks pool alustanud massiivset rünnakut . 	nagu mina viimati kuulma , olema üks pool alustama|alustanud massiivne rünnak .
17		 Kui neil pole reaalsuses meest , kes iga minuti tagant nende pangaarvele täiendava miljoni pumpaks - või mis sa seal tegidki - , siis ei pea nad kaua vastu . 	kui tema olema reaalsus mees , kes iga minut tagant see pangaarve täiendav miljon pumpama - või mis sina seal tegema - , siis ei pidama tema kaua vastu .
17		 Varsti pole neid endidki , rääkimata rahast , millest nad boonust pidid maksma ... 	varsti olema see ise , rääkima raha , mis tema boonus pidama maksma ...
18		 Siis oli tõesti õigem oma tasu BJGroupilt sisse kasseerida , kuni nad veel heas tujus on . 	siis olema tõesti õigem oma tasu BJGroup|BJGroupi sisse kasseerima , kuni tema veel hea tuju olema .
18		 Õiendagu pärast urdudega ise . 	õiendama pärast urdu ise .
18		 Ühte asja tahtsin ma enne siiski teada saada . 	üks asi tahtma mina enne siiski teadma saama .
18		 Kuule , uurisin , muidugi me oleme mõneski töös partnerid olnud ja nii edasi , aga miks sa mu ikkagi välja päästsid . 	kuulma , uurima , muidugi mina olema mõni töö partner olema|olnud ja nii edasi , aga miks sina mina ikkagi välja päästma .
18		 Ah , tead , vastas frett , ma tahaks su ühte teise mängu saata . 	ah , teadma , vastama frett , mina tahtma sina ühe teine mäng saatma .
