par_nr	head	sentence	lemmas
1	 Vend Rus 	 Vend Rus 	vend Rus
2		 Indrek Hargla 	Indrek Hargla
3		 Diobolus superior qui homo est 	Diobolus superior qui homo est
4		" "" Moto Kopenhaageni Kuninglikus Raamatukogus säilitatava tundmatu autori teosest "" "	""" moto Kopenhaagen kuninglik raamatukogu säilitatav tundmatu autor teos """
5		 Vend Rus oli tulnud Esrumi kloostrisse ühel tuulisel septembripäeval seksti ajal , mil mungad parasjagu esimest einet võtsid . 	vend Rus olema tulema|tulnud Esrum|Esrumi klooster üks tuuline septembripäev sekst ajal , mil munk parasjagu esimene eine võtma .
5		 Ta tuli jalgsi , lõunast , järve ja Graestvedi poolt , üle kuppelmaastiku , suur , mehine kogu pikas kulunud ürbis , jalad kammitsetud räbaldunud sandaalidesse ja ilmatuma suur nurgeline kott üle õla ; koputas väärikalt , ent paluvalt väravale ja jäi ootama , kuni keegi tema jaoks aega leiab . 	tema tulema jalgsi , lõuna , järv ja Graestved|Graestvedi poolt , üle kuppelmaastik , suur , mehine kogu pikk kuluma|kulunud ürp , jalg kammitsema|kammitsetud räbalduma|räbaldunud sandaal ja ilmatuma suur nurgeline kott üle õlg ; koputama väärikalt , ent paluvalt värav ja jääma ootama , kuni keegi tema jaoks aeg leidma .
5		 Tsellaarius Heicko käskis ta sisse lasta , kuulas ära , mis oli mehel öelda ja leidis , et pole midagi , mis takistaks Rusil ilmikvennana teiste tsistertslaste sekka asumast , seda enam , et mees ütles enda kokakunstiga tuttav olevat ning endine kloostri kokk oli mõned nädalad tagasi kopsupõletikku surnud . 	Tsellaarius Heicko käskima tema sisse laskma , kuulama ära , mis olema mees ütlema ja leidma , et olema miski , mis takistama Rus|Rusi ilmikvend teine tsistertslane sekka asuma , see enam , et mees ütlema ise kokakunst tuttav olema ning endine klooster kokk olema mõni nädal tagasi kopsupõletik surema|surnud .
6		 Talle näidati kätte köök ja ase dormitooriumis . 	tema näitama käsi köök ja ase dormitoorium .
6		 Rus kõneles , et on pärit mandrilt ja et nooruses palju ringi rännanud , ent nüüd — ära tundnuna , et jumalast kaugel olev elu ei suuda teda enam köita — sooviks ta oma elupäevad veeta vagade müüride vahel . 	Rus kõnelema , et olema pärit mander|manner ja et noorus palju ringi rändama|rännanud , ent nüüd - ära tundnu , et jumal kaugel olev elu ei suutma tema enam köitma - soovima tema oma elupäev veetma vaga müür vahel .
6		 Abt Sven oli nõus ja Rus võeti Esrumi kloostri hingekirjas arvele . 	Abt Sven olema nõus ja Rus võtma Esrum|Esrumi klooster hingekiri arve .
7		 Ühe ilmikvenna tulek ei peaks küll kloostri elurütmi ega selle asukate rutiini mõjutama . 	Ühe ilmikvend tulek ei pidama küll klooster elurütm ega see asukas rutiin mõjuma|mõjutama .
7		 Ja alguses ei mõjutanudki . 	ja algus ei mõjutama .
7		 Põhja Sjællandi tsistertslased elasid samal kombel edasi , täitsid oma püha kohust — harisid maad , kasutasid vesiveskit , kasvatasid vilja , lugesid , palvetasid , olid ranged enda ja teiste vastu . 	põhi Sjælland|Sjællandi|Sjællant tsistertslane elama sama komme edasi , täitma oma püha kohus - harima maa , kasutama vesiveski , kasvatama vili , lugema , palvetama , olema range ise ja teine vastu .
7		 Karm kehaline töö toob lunastuse , sest ka apostlid elasid oma töö viljadest . 	karm kehaline töö tooma lunastus , sest ka apostel elama oma töö vili .
7		 Kuus tundi und , kuus tundi tööd , viis tundi lugemist ja seitse tundi teenistust kirikus — nii päevast päeva , aastast aastasse . 	kuus tund uni , kuus tund töö , viis tund lugemine ja seitse tund teenistus kirik - nii päev päev , aasta aasta .
7		 Ilmikvennad pidid muidugi palvetama vähem ja töötama rohkem . 	ilmikvend pidama muidugi palvetama vähem ja töötama rohkem .
8		 Rusi esimese kloostris veedetud aasta jooksul ei pannud õieti keegi tähele , et vennad olid hakanud rohkem ja maitsvamat toitu sööma . 	Rusi esimene klooster veedetud|veetma aasta jooksul ei panema|pannud õieti keegi tähele , et vend olema hakanud|hakkama rohkem ja maitsvam toit sööma .
8		 Parem söök pikendab aga puhketunde ; teeb laisaks . 	parem söök pikendama aga puhketund ; tegema laisk .
8		 Kui vesiveski läks järgmisel kevadel rikki , ei tehtud seda nädal aega korda . 	kui vesiveski minema järgmine kevad|kevade rikki , ei tegema|tehtud see nädal aeg kord .
8		 Tsellaarius Heicko oli raevus , kuuldes , et vee-energia kunsti tundvatele vendadele oli Rus töö kõrvale köögist vaid paremaid palasid saatnud . 	Tsellaarius Heicko olema raev , kuulma , et vee-energia kunst tundev vend olema Rus töö kõrvale köök vaid parem pala saatma|saatnud .
8		 Tigedalt läks ta Rusi juurde ja nõudis seletust . 	tigedalt minema tema Rus|Rusi juurde ja nõudma seletus .
9		" "" Oh , nende töö on raske ja ma vaid tahtsin seda leevendada , "" kostis suur mees alandlikult pead langetades . "	""" oh , see töö olema raske ja mina vaid tahtma see leevendama , "" kostma suur mees alandlikult pea langetama ."
10		" "" Pruukosti võetakse seksti ja vesperite ajal , "" märkis tsellaarius , "" ja ainult . "	""" pruukost võtma sekst ja vesper ajal , "" märkima tsellaarius , "" ja ainult ."
10		" Ma käsin sul vendi nende töös enam mitte eksitada . "" "	"mina käskima sina vend see töö enam mitte eksitama . """
11		 Rus kuuletus , kuid kas mitte ei jõudnud Heicko kõrvu — kui ta köögist tigedana amraariumi poole suundus — kellegi räme naer , mis oleks otsekui kloostri seinu raputanud . 	Rus kuuletuma , kuid kas mitte ei jõudma|jõudnud Heicko kõrv - kui tema köök tige amraarium|amraariumi poole suunduma - keegi räme naer , mis olema otsekui klooster sein raputama|raputanud .
12		 Aasta möödus kloostris üldiselt vaikselt , peagi sumbus ka rahulolematusepobin , mis johtus sellest , et abt Sven oli otsustanud enam mitte teiste vendadega tööl käia ja kolis oma ruumist dormitooriumi kõrvalt eraldi järveäärsesse elamisse , kus tal oli ka oma raamatukogu . 	aasta mööduma klooster üldiselt vaikselt , peagi sumbuma ka rahulolematusepobin , mis johtuma see , et abt Sven olema otsustama|otsustanud enam mitte teine vend töö käima ja kolima oma ruum dormitoorium kõrvalt eraldi järveäärne elamine , kus tema olema ka oma raamatukogu .
12		 Tsellaariuselegi polnud see algul meeldinud , ent hiljem — kui ta oli kuulnud , et teistegi tsistertslaste kloostrite abtid olid hakanud rohkem aadlike ja maaisandate moodi käituma — leppis ta olukorraga . 	Tsellaariuselegi olema see algul meeldima|meeldinud , ent hiljem - kui tema olema kuulma|kuulnud , et teine tsistertslane klooster abt olema hakanud|hakkama rohkem aadlik ja maaisand moodi käituma - leppima tema olukord .
12		 Aga Rusi suhtes hakkas tublil tsellaariusel tekkima umbusaldus . 	aga Rus|Rusi suhtes hakkama tubli tsellaarius tekkima umbusaldus .
12		 Tal oli seda raske endale seletada ja tihti kahetses ta oma mõtteid , palvetas ja palus andeks , et ta oli vennast nõnda sallimatult mõelnud . 	tema olema see raske ise seletama ja tihti kahetsema tema oma mõte , palvetama ja paluma andeks , et tema olema vend nõnda sallimatult mõelnud|mõtlema .
12		 Aga süda ja mõistus käivad tihti eri radu . 	aga süda ja mõistus käima tihti eri rada .
13		 Ühel päeval tabas ta Rusi kloostri raamatukogust . 	üks päev tabama tema Rus|Rusi klooster raamatukogu .
13		 Kuigi selles polnud midagi otseselt keelatut , et ilmikvend viibib töö ajal raamatukogus , ometi ei meeldinud Heickole sugugi , et see Rus oli , kes seal astmete pealt üht vana raamatut riiulist kangutas . 	kuigi see olema miski otseselt keelatu , et ilmikvend viibima töö ajal raamatukogu , ometi ei meeldima|meeldinud Heickole sugugi , et see Rus olema , kes seal aste pealt üks vana raamat riiul kangutama .
14		" "" Ma mõtlesin , et sa ei oska lugeda , "" ütles tsellaarius , kui oli venna toimetusi vaikides ruuminurgast jälginud . "	""" mina mõtlema , et sina ei oskama lugema , "" ütlema tsellaarius , kui olema vend toimetus vaikima ruuminurk jälgima|jälginud ."
15		" "" Mõned sõnad ikka oskan , "" vastas Rus ümber pööramata ega paistnud tabamisest sugugi üllatunud olevat . "	""" mõni sõna ikka oskama , "" vastama Rus ümber pöörama ega paistma|paistnud tabamine sugugi üllatuma|üllatunud olema ."
15		" "" Ja kuidas ma muidu juurde õpin , kui ma ühtegi raamatut ei vaata ? "" "	""" ja kuidas mina muidu juurde õppima , kui mina üks raamat ei vaatama ? """
16		" "" Kui sul on tõsine huvi kirjatarkuse vastu , siis räägin ma sellest sakristanile ja ta hakkab sind õpetama , "" arvas Heicko . "	""" kui sina olema tõsine huvi kirjatarkus vastu , siis rääkima mina see sakristan|sakristani ja tema hakkama sina õpetama , "" arvama Heicko ."
16		" "" Ja mis raamat see seal nii huvitav on , et sa paja keema jätad ja tuled selle tarkust taga nõutama ? "" "	""" ja mis raamat see seal nii huvitav olema , et sina paja keema jätma ja tulema see tarkus taga nõudma|nõutama ? """
17		 Rus hüppas astmetelt põrandale ja keha mürtsatuse saatel lendas vana köite ümbert tolmu , nii et kokk viivuks üleni selle sisse mattus ja aevastas . 	Rus hüppama aste põrand ja keha mürtsatus saatel lendama vana köide|köis ümbert tolm , nii et kokk viiv üleni see sisse mattuma ja aevastama .
18		" "" Ega ma ei teagi , "" sõnas ta siis ning aevastas veel kord . "	""" ega mina ei teadma , "" sõnama tema siis ning aevastama veel kord ."
18		" "" Jäi lihtsalt silma . "	""" jääma lihtsalt silm ."
18		" Õige suur raamat teine ! "" "	"õige suur raamat teine ! """
19		" See oli tõesti kõige suurem raamat kloostri kogus — tubli põlvepikkune , nahkrihmadega köidetud , kogukas ürik , mis võis kokale teiste seast hõlpsasti silma jääda — Ekbertus Lulliuse "" Jõulupalved "" . "	"see olema tõesti kõige suurem raamat klooster kogus - tubli põlvepikkune , nahkrihm köidetud|köitma , kogukas ürik , mis võima koka|kokk teine seast hõlpsasti silm jääma - Ekbertus Lullius "" jõulupalve "" ."
20		" "" Jõulud on veel kaugel , "" märkis Heicko köidet nähes , "" ja eelmiste pühade ajal paelus sind rohkem verivorsti tegemine kui palvete lugemine . "" "	""" jõulud olema veel kaugel , "" märkima Heicko köide nägema , "" ja eelmine püha ajal paeluma sina rohkem verivorst tegemine kui palve lugemine . """
21		" "" Jõulud ? "" mühatas Rus ja avas köite . "	""" jõulud ? "" mühatama Rus ja avama köide|köis ."
21		 Ta kissitas silmi , lappas kiiresti läbi lehekülgede ja nägi hoolika kalligraafiaga kirjutatud salme silmitsedes üsna pettunud välja . 	tema kissitama silm , lappama kiiresti läbi lehekülg ja nägema hoolikas kalligraafia kirjutama|kirjutatud salm silmitsema üsna pettuma|pettunud välja .
21		" "" Pilte ei olegi ? "	""" pilt ei olema ?"
21		" Ja mingi kirbukiri ... "" "	"ja mingi kirbukiri ... """
22		" "" Sa võid selle võtta , "" lubas Heicko äkilise suuremeelsuspuhangu ajel . "	""" sina võima see võtma , "" lubama Heicko äkiline suuremeelsuspuhang ajel ."
22		" "" Ma ütlen vend Stefanile , et sina võtsid ... "" "	""" mina ütlema vend Stefan , et sina võtma ... """
23		" "" Ei , ma arvan , et ma ei hooli sellest siiski , "" pobises Rus ja sulges raamatu . "	""" ei , mina arvama , et mina ei hoolima see siiski , "" pobisema Rus ja sulgema raamat ."
23		" "" Mõtlesin , et siin on pilte , et suur raamat , kõige suurem ... aga ... üleüldse ... jah , leem jäi keema , ma pean tagasi kööki minema . "" "	""" mõtlema , et siin olema pilt , et suur raamat , kõige suurem ... aga ... üleüldse ... jah , leem jääma keema , mina pidama tagasi köök minema . """
24		 Sellega lõppeski nende kohtumine raamatukogus ja enam ei kuulnud tsellaarius kunagi , et vend Rus oleks kloostri haruldaste köidete vastu huvi üles näidanud . 	see lõppema tema kohtumine raamatukogu ja enam ei kuulma|kuulnud tsellaarius kunagi , et vend Rus olema klooster haruldane köide vastu huvi üles näidanud|näitama .
24		 Peagi sai ta Rusi tundma aga hoopis teisest küljest , sellisest , mis tõstis ta ilmikvenna abt Sveni enese juures kõrgesse ausse , nii et kõik vennad ja neofüüdid pidid ühel märtsikuisel missal Rusi nime suhu võtma ja teda tänama . 	peagi saama tema Rus tundma aga hoopis teine külg , selline , mis tõstma tema ilmikvend abt Sven ise juures kõrge au , nii et kõik vend ja neofüüt pidama üks märtsikuine missa Rus|Rusi nimi suu võtma ja tema tänama .
25		 Sest ilma Rusi sekkumiseta oleks rändav mustlaslaager veel nii mõnegi Roskilde , Hillerödi või Helsingöri lapsukese ära varastanud ja üle mere viinud , ehk pannud nende peal toime isegi oma kohutavaid jumalasalgajalikke rituaale ja ohverdanud tumedatele jõududele . 	sest ilma Rus|Rusi sekkumine olema rändav mustlaslaager veel nii mõni Roskilde , Hillerödi või Helsingöri lapsuke ära varastama|varastanud ja üle meri viima|viinud , ehk panema|pannud tema peal toim|toime isegi oma kohutav jumalasalgajalik rituaal ja ohverdama|ohverdanud tume jõud .
25		 Kui tabor oli Esrumi järve äärde laagrisse asunud , hakkasid kohalikud kohe rääkima , et see pole küll õige asi , sest Hillerödist olla viimasel ajal mitu väikest last kaduma läinud , ning kui Mathilde Jenseni kolmekuune imik saladuslikul kombel siinsamas Esrumis ära kadus , pöördusid kõigi pilgud kohe järve äärde . 	kui tabor olema Esrum|Esrumi järv äärde laager asuma|asunud , hakkama kohalik kohe rääkima , et see olema küll õige asi , sest Hilleröd|Hillerödi olema viimane aeg mitu väike|väikene laps kaduma läinud|minema , ning kui Mathilde Jensen|Jenseni kolmekuune imik saladuslik komme siinsamas Esrumis ära kaduma , pöörduma kõik pilk kohe järv äärde .
25		 Krahv Gulderchgardeni kolm relvis meest ühes külavanema ja kirikhärraga saadeti taborisse , kuid mustlased võtsid nad vastu sõimu ja mõnitustega . 	Krahv Gulderchgardeni kolm relv mees ühes külavanem ja kirikhärra saatma taboriss , kuid mustlane võtma tema vastu sõim ja mõnitus .
25		 Küsimustele laste kohta vastasid nood põlastavalt , et omalgi neid küll ja et nad pole ühtegi põnni Sjællandil puutunud . 	küsimus laps kohta vastama too põlastavalt , et oma see küll ja et tema olema ühte põnni Sjælland|Sjællandi|Sjællant puutuma|puutunud .
25		 Krahv jäi endale kindlaks ja nõudis laagri läbiotsimist . 	krahv jääma ise kindel ja nõudma laager läbiotsimine .
25		 Tekkis rüselus , mille käigus löödi külavanemal pea lõhki . 	tekkima rüselus , mis käigus lööma külavanem pea lõhki .
25		 Vihane ümbruskonna rahvas hakkas kirveste , harkide , kaigaste ja hangudega mustlaste poole suunduma ja nende etteotsa oli äkitselt tekkinud kloostri ilmikvend Rus . 	vihane ümbruskond rahvas hakkama kirves , hark , kaigas ja hang mustlane poole suunduma ja tema etteotsa olema äkitselt tekkima|tekkinud klooster ilmikvend Rus .
25		 Just Rus oli see , kes leidis laagrist peidetud laste konte , nende rõivaid ja paar kaelaketti . 	just Rus olema see , kes leidma laager peidetud|peitma laps kont , see rõivas ja paar kaelakett .
25		 Just Rus oli see , kes juhatas rahvast ja aitas neil nii mustlastele kui nende vankritele tule otsa panna . 	just Rus olema see , kes juhatama rahvas ja aitama tema nii mustlane kui tema vanker tuli otsa panema .
25		 Just Rus oli see , kes kõige vapramalt võitles , nii et krahvil ja kohtuvõimudel polnud järgmisel hommikul enam ühtegi hulgust kohtu ette tuua ega üle kuulata . 	just Rus olema see , kes kõige vapramalt võitlema , nii et krahv ja kohtuvõim olema järgmine hommik enam ühe hulgus kohus ette tooma ega üle kuulama .
26		" "" Ilma meie vapra venna Rusi abita , "" rääkis laudese ajal abt Sven , "" oleks kurjategijad jäänud karistamata . "	""" ilma mina vapper vend Rus|Rusi abi , "" rääkima laudese aeg abt Sven , "" olema kurjategija jääma|jäänud karistama ."
26		 Andku issand talle igaveseks õiget meelt hea äratundmisel ! 	andma issand tema igaveseks õige meel hea äratundmine !
26		" Saatan ise oli tulnud Esrumi kanti mustlaste kujul ja nüüd on tema siit välja aetud ! "" "	"saatan ise olema tulema|tulnud Esrum|Esrumi kant mustlane kuju ja nüüd olema tema siit välja aetud|ajama ! """
27		" "" Saatan , "" noogutas Rus vaguralt , "" on suurem kui inimene . "" "	""" saatan , "" noogutama Rus vaguralt , "" olema suurem kui inimene . """
28		" "" Ning ainult jumala lõpmata arm ning tema kuulekas teenimine teeb inimese pimedusevürstist suuremaks , "" nõustus abt , olles ilmikvenna suust kõlanud teoloogilise mõttetera üle pisut üllatunud . "	""" ning ainult jumal lõpmata arm ning tema kuulekas teenimine tegema inimene pimedusevürst suurem , "" nõustuma abt , olema ilmikvend suu kõlama|kõlanud teoloogiline mõttetera üle pisut üllatuma|üllatunud ."
28		" "" Palvetagem ! "" "	""" palvetama ! """
29		 Vend Rus oli korraga kangelane , kõigi poolt austatud , ning vaid tsellaarius Heicko oli see , kes mõtiskles , et kuidas küll oli Rus teadnud , kust otsida laste jäänuseid ja miks oli tarvis kõik mustlased ära põletada . 	vend Rus olema korraga kangelane , kõik poolt austama|austatud , ning vaid tsellaarius Heicko olema see , kes mõtisklema , et kuidas küll olema Rus teadma|teadnud , kust otsima laps jäänus ja miks olema tarvis kõik mustlane ära põletama .
29		 Aga ta ei rääkinud oma kahtlustest — kui neid üldse oli — kellelegi , ning endiselt tundis ta vend Rusi vastu kummalist ebasümpaatiat . 	aga tema ei rääkima|rääkinud oma kahtlus - kui see üldse olema - keegi , ning endiselt tundma tema vend Rus|Rusi vastu kummaline ebasümpaatia .
30		 Aeg möödus — nagu kloostris ikka — aeglaselt ja kangelasest sai taas kokk , üks tavaline vend teiste omasuguste seas , sest pühakojas ei tähenda niivõrd ilmalikud suurteod , kuivõrd vagadus ja tublidus jumalariigi poole püüdlemises . 	aeg mööduma - nagu klooster ikka - aeglaselt ja kangelane saama taas kokk , üks tavaline vend teine omasugune seas , sest pühakoda ei tähendama niivõrd ilmalik suurtegu , kuivõrd vagadus ja tublidus jumalariik poole püüdlemine .
30		 Oli raske öelda , kas Rus oli sündmustest muutunud või mitte , aga süüa valmistas ta endise hoole ja osavusega , teenides sellega järjekordselt ära abti lugupidamise . 	olema raske ütlema , kas Rus olema sündmus muutuma|muutunud või mitte , aga sööma valmistama tema endine hool ja osavus , teenima see järjekordselt ära abt lugupidamine .
30		 Tihti nähti abti kööki minevat ja küllap siis valmistas Rus talle seal mõnda eriliselt hõrku hautist . 	tihti nägema abt köök minema ja küllap siis valmistama Rus tema seal mõni eriliselt hõrk hautis .
30		 Tsellaarius aga pani tähele , et abt käib üha sagedamini ringi veidi pööritavate silmadega ning lõhnab veini järele . 	Tsellaarius aga panema tähele , et abt käima üha sagedamini ringi veidi pööritav silm ning lõhnama vein järele .
30		 Vend Heicko oli loomult truu tsistertslane , kes väga härdalt järgis Püha Bernardi õpetust ja suhtus väga karmilt benediktiinlaste lodevasse ja mugavust armastavasse eluviisi . 	vend Heicko olema loom truu tsistertslane , kes väga härdalt järgima Püha Bernard õpetus ja suhtuma väga karmilt benediktiinlaps lodev ja mugavus armastav eluviis .
30		 Eriti valus oli tal näha , kuidas abt ei suuda vend Rusi mõju all liigsöömisele ja - joomisele piiri panna , kuidas ta päev-päevalt muutub lõbusaks benediktiiniks . 	eriti valus olema tema nägema , kuidas abt ei suutma vend Rus|Rusi mõju all liigsöömine ja - joomine piir panema , kuidas tema päev-päevalt muutuma lõbus benediktiin .
30		 Ning loomulikult ulatus abti halb mõju ka teiste vendadeni . 	ning loomulikult ulatuma abt halb mõju ka teine vend .
30		 Näis , nagu tehtaks kloostris tööd vähem , palvetataks vähem ja veedetaks rohkem aega refektooriumis . 	näima , nagu tegema klooster töö vähem , palvetama vähem ja veetma rohkem aeg refektoorium .
31		 Veel veidi , mõtles vend Heicko , ja me hakkame koraalide asemel lihtrahva lorilaule laulma . 	veel veidi , mõtlema vend Heicko , ja mina hakkama koraal asemel lihtrahvas lorilaul laulma .
31		 Tsistertslaste hinged on deemonitele väärtuslikud , need on kõige üllamad ja puhtamad . 	tsistertslane hing|hinge olema deemon väärtuslik , see olema kõige üllam ja puhtam .
31		 Kas mitte polegi Esrumi klooster pühendatud pühale Neitsi Maarjale ? 	kas mitte olema Esrum|Esrumi klooster pühendama|pühendatud püha Neitsi Maarja ?
31		 Kas pole tõsilugu see , et palvetades sattus kunagi ühe vaga munga hing taevasse ja ta rändas seal ringi , otsis tsistertslasi , kuid ei leidnud neid . 	kas olema tõsilugu see , et palvetama sattuma kunagi üks vaga munk hing taevas ja tema rändama seal ringi , otsima tsistertslane , kuid ei leidma|leidnud tema .
31		 Mitmeid muid munki ta nägi , kuid mitte oma ordukaaslasi . 	mitu muu munk tema nägema , kuid mitte oma ordukaaslane .
31		 Lõpuks küsis ahastuses munk Jumalaemalt , et kus siis on tsistertsalsed . 	lõpuks küsima ahastus munk jumalaema , et kus siis olema tsistertsalne .
31		 Ja naeratas paotas Neitsi Maarja oma mantlihõlma — tsistertslased olid kõik seal ! 	ja naeratama paotama Neitsi Maarja oma mantlihõlm - tsistertslane olema kõik seal !
32		 Jumalaema poolt välja valitud mungad peavad sestap olema karmid ja vagad , sest neid jahib Saatan erilise innuga . 	jumalaema poolt välja valima|valitud munk pidama sestap olema karm ja vaga , sest tema jahtima saatan eriline ind .
32		 Sellepärast võiski kloostris mitmel pool näha skulptuure , mis pühadele vendadele pidevalt pimedusevürsti ahnust näitasid . 	sellepärast võima klooster mitu pool nägema skulptuur , mis püha vend pidevalt pimedusevürst ahnus näitama .
32		 Ja nüüd on abt ise libedale teele minemas ! 	ja nüüd olema abt ise libe tee minema !
33		 Kunagi varem polnud Esrumis juhtunud , et abt valitaks ümber , et oleks vaja kedagi väärilisemat . 	kunagi varem olema Esrumis juhtuma|juhtunud , et abt valima ümber , et olema vaja keegi väärilisem .
33		 Tõtt-öelda oleks Sveni asemele nii mõnigi teine paremini sobinud . 	tõtt-öelda olema Sven asemele nii mõni teine paremini sobima|sobinud .
33		 Tsistertslaste kord nägi ette , et abtiks võis vendade seast valida selle , kes on vähemalt kakskümmend neli aastat vana ja kel pole poisi nägu . 	tsistertslane kord nägema ette , et abt võima vend seast valima see , kes olema vähemalt kakskümmend neli aasta vana ja kes olema poiss nägu .
33		 Kirjutamata seadus oli aga — kuna abtile peavad kõik tõrkumata alluma — et temal oleks ka inimeste üle loomulikku võimu ning et temasse suhtutaks ka ilma abtiks valimata aupaklikult ja kuulekalt . 	kirjutamata seadus olema aga - kuna abt pidama kõik tõrkuma alluma - et tema olema ka inimene üle loomulik võim ning et tema suhtuma ka ilma abt valima aupaklikult ja kuulekalt .
33		 Tsellaarius Heicko ei olnud auahne inimene , ent tsistertslaste range eluviis oli tema jaoks kõige püham asi maailmas . 	Tsellaarius Heicko ei olema|olnud auahne inimene , ent tsistertslane range eluviis olema tema jaoks kõige püham asi maailm .
33		 Ta otsustas abtil ja vend Rusil salamisi silma peal hoida , et kõlvatud eluviisid ei hakkaks kloostris levima . 	tema otsustama abt ja vend Rusil salamisi silm peal hoidma , et kõlbama|kõlvatu|kõlvatud eluviis ei hakkama klooster levima .
33		 Jah , vähemalt niipalju võis ta teha . 	jah , vähemalt niipalju võima tema tegema .
34		 Ühel õhtul sooritas ta peale kompletooriumit harjumuspärast ringkäiku kloostris , jälgis , et uksed-aknad oleks suletud , küünlad kustutatud , kõik puhas , korras ja koristatud . 	üks õhtu sooritama tema peale kompletoorium harjumuspärane ringkäik klooster , jälgima , et uksed-aken olema suletud|sulgema , küünal kustutama|kustutatud , kõik puhas , kord ja koristama|koristatud .
34		 Astudes mööda käiku edasi , sammud tuhmhallidelt kividelt vastu kõmisemas , jõudis ta kalefaktooriumist refektooriumini ja kuulis siis hääli . 	astuma mööda käik edasi , samm tuhmhall kivi vastu kõmisema , jõudma tema kalefaktooriumine refektooriumini ja kuulma siis hääl .
34		 Kuulis hääli ja sai aru , et need võivad tulla ainult refektooriumi kõrval asuvast köögist . 	kuulma hääl ja saama aru , et see võima tulema ainult refektoorium kõrval asuv köök .
34		 Mis tähendas , et vend Rus on veel seal ja polegi veel puhkama heitnud . 	mis tähendama , et vend Rus olema veel seal ja olema veel puhkama heitma|heitnud .
34		 Mis omakorda on aga korrarikkumine . 	mis omakorda olema aga korrarikkumine .
34		 Tühine küll , ent siiski rikkumine . 	tühine küll , ent siiski rikkumine .
34		 Öösiti polnud ju tarvis kellelegi toitu valmistada . 	öösiti olema ju tarvis keegi toit valmistama .
35		 Lähemale hiilides eristas Heicko mitut häält ja tema imestus kasvas . 	lähemale hiilima eristama Heicko mitu hääl ja tema imestus kasvama .
35		 Kõnelejaid või tegutsejaid — sest täpsemalt polnud võimalik eristada , mis köögis toimus — oli kaks või kolm . 	kõneleja või tegutseja - sest täpsemalt olema võimalik eristama , mis köök toimuma - olema kaks või kolm .
35		 Nende hääled olid allasurutud , nagu ikka neil , kes toimetavad midagi öö varjus . 	tema hääl olema allasurutud , nagu ikka see , kes toimetama miski öö varjus .
35		 Tsellaarius oleks võinud ju vapralt köögiukse valla lüüa ja käratada , et kes siin rikub kloostri öörahu , aga ta ei teinud seda mitte ja ligines vaikselt , otsustades enne terasemalt kuulatada ja alles siis tegutseda . 	Tsellaarius olema võima|võinud ju vapralt köögiuks valla lööma ja käratama , et kes siin rikkuma klooster öörahu , aga tema ei tegema|teinud see mitte ja liginema vaikselt , otsustama enne terasemalt kuulatama ja alles siis tegutsema .
36		 Mees surus kõrva vastu ust . 	mees suruma kõrv vastu uks .
36		 Ta eristas mingit rähklemist , kobinat , kahinat , seosetuid sõnakatkeid ... ei , üks hääl ähkis midagi , teine aga lausus kindlal toonil mingeid lauseid . 	tema eristama mingi rähklemine , kobin , kahin , seosetu sõnakatke ... ei , üks hääl ähkima miski , teine aga lausuma kindel toon mingi lause .
36		 Ent sellest keelest ei saanud Heicko aru ja ainuüksi viimase hääle kuulmine tõi talle kananaha ihule ja ta tundis kõhus pööritavat vastikustunnet . 	ent see keel ei saama|saanud Heicko aru ja ainuüksi viimane hääl kuulmine tooma tema kananahk ihk|ihu ja tema tundma kõht pööritav vastikustunne .
36		 Hääl , mis luges võõrakeelseid salme , oli täis sisinat , vaikne , pealetükkiv , veenev ja lõpmatult ebainimlik . 	hääl , mis lugema võõrakeelne salm , olema täis sisin , vaikne , pealetükkiv , veenev ja lõpmatult ebainimlik .
36		 Suutmata oma teadmatust kauem kannatada , avas tsellaarius ukse — tasahilju , ent uskudes oma ürituse õigsusesse — ja pistis pea ettevaatlikult sisse . 	Suutmata oma teadmatus kauem kannatama , avama tsellaarius uks - tasahilju , ent uskuma oma üritus õigsus - ja pistma pea ettevaatlikult sisse .
37		 Esmalt märkas ta laual küünalt , mis säras otse silmisse ja pimestas nägemist . 	esmalt märkama tema laud küünal , mis särama otse silm ja pimestama nägemine .
37		 Ta tajus ka ootamatult ruumi siginenud vaikust , sest uks oli ebameeldivalt kriiksunud . 	tema tajuma ka ootamatult ruum siginema|siginenud vaikus , sest uks olema ebameeldivalt kriiksuma|kriiksunud .
37		 Taibates , et tagasiteed enam pole , astus ta silmi kissitades sisse ja esimene asi , mida ta nägi , oli hubeleva küünlaleegi taamal talle otsa jõllitav , hirmust ja häbist pärani silmadega abt Sveni nägu . 	taipama , et tagasitee enam olema , astuma tema silm kissitama sisse ja esimene asi , mis tema nägema , olema hubelev küünlaleek taamal tema otsa jõllitav , hirm ja häbi pärani silm abt Sven nägu .
38		" "" Abt ? "" hüüdis Heicko ehmunult . "	""" abt ? "" hüüdma Heicko ehmunult ."
38		" "" Aulik abt ? "	""" aulik abt ?"
38		" Ma tegin vaid ringkäiku ja ... "" "	"mina tegema vaid ringkäik ja ... """
38		 Tsellaarius ei leidnud õigeid sõnu . 	Tsellaarius ei leidma|leidnud õige sõna .
38		 Abt oli neljakäpakil köögilaua peal , tema pikk mungarüü oli vööni üles kääritud , nii et paljad tuharad paistsid . 	abt olema neljakäpakil köögilaud peal , tema pikk mungarüü olema vöö üles käärima|kääritud , nii et paljas tuhar paistma .
38		 Abti taga seisis vankumatult vend Rus , ilatsev nägu võikas irvituses ; temagi rüü polnud nii , nagu mungal on sünnis kanda , ent kui Heicko sisse astus , oli ta selle kiirelt langetanud . 	abt taga seisma vankumatult vend Rus , ilatsev nägu võigas irvitus ; tema rüü olema nii , nagu munk olema sünnis kandma , ent kui Heicko sisse astuma , olema tema see kiirelt langetama|langetanud .
38		 Ent mitte nii kiirelt , et tsellaarius poleks märganud ... märganud pikka väljakasvanud jätket Rusi ihust , mehelikkust , mis ei saanud kuuluda ühelegi tavalisele mehele — sest oma nooruspäevil oli ju Heickogi olnud patune ja mäletas nendest asjadest üht-teist — sest nõndavõrd pikk , konarlik , kärnaline ja ropult haiglase kujuga oli see . 	ent mitte nii kiirelt , et tsellaarius olema märganud|märkama ... märganud|märkama pikk väljakasvanud jätke Rus|Rusi ihk|ihu , mehelikkus , mis ei saama|saanud kuuluma üks tavaline mees - sest oma nooruspäev olema ju Heickogi olema|olnud patune ja mäletama see asi üht-teist - sest nõndavõrd pikk , konarlik , kärnaline ja ropult haiglane kuju olema see .
39		" "" Abt ? "" kogeles tsellaarius veel kord , tundes tülgastust ja isegi hirmu , kui isegi patu lõhna ära tundis , "" abt , ma ... "" aga ta ei jõudnud kaugemale , sest äkki tajus ta ruumi laskuvat vastikut külmust ja jäist hõngust . "	""" abt ? "" kogelema tsellaarius veel kord , tundma tülgastus ja isegi hirm , kui isegi patt lõhn ära tundma , "" abt , mina ... "" aga tema ei jõudma|jõudnud kaugemale , sest äkki tajuma tema ruum laskuv vastik külmus ja jäine hõngus ."
39		 Korraga hüppas vend Rus ettepoole , ja kustutas tuuletõmbuses väreleva küünlaleegi . 	korraga hüppama vend Rus ettepoole , ja kustutama tuuletõmbus värelev küünlaleek .
40		 Ja ühe hetke jooksul arvas Heicko end nägemas ruumis kedagi kolmandat , kelle külmad ja kollakad silmad puurisid teda lae alt , nagu oleks kass roninud köögiriiulile ja varitsenud hetke , et sealt kellelegi küünistega kallale karata . 	ja üks hetk jooksul arvama Heicko ise nägema ruum keegi kolmas , kes külm ja kollakas silm puurima tema laad|lagi alt , nagu olema kass ronima|roninud köögiriiul ja varitsema|varitsenud hetk , et sealt keegi küünis kallale kargama .
40		 Aga ainult hetkeks , sest maad võtnud pimeduses sööstis abt ukse poole , ähkides ja tsellaariust kõrvale tõugates . 	aga ainult hetk , sest maa võtma|võtnud pimedus sööstma abt uks poole , ähkima ja tsellaarius kõrvale tõukama .
41		 Heicko ei jäänud ootama , pomises vaid palve ja kiirustas abt Svenile järele , mõistmata isegi , mida ta oli näinud ja mida tal oli öelda . 	Heicko ei jääma|jäänud ootama , pomisema vaid palve ja kiirustama abt Sven järele , mõistma isegi , mis tema olema nägema|näima|näinud ja mis tema olema ütlema .
41		 Ta jõudis abtile järele välisukse juures , kuid ta ei kuulnud hirmunud mehe suust ühtegi arusaadavat sõna ; too vaid paugutas ust , saatis Heickole ahastust täis pilgu ja kadus öhe . 	tema jõudma abt järele välisuks juures , kuid tema ei kuulma|kuulnud hirmuma|hirmunud mees suu ühte arusaadav sõna ; too vaid paugutama uks , saatma Heickole ahastus täis pilk ja kaduma öö .
41		 Kogunud end veidi ja varustunud küünlaga , suundus Heicko taas kööki , kuid leidis selle tühja ja vaiksena . 	koguma|kogunud ise veidi ja varustuma|varustunud küünal , suunduma Heicko taas köök , kuid leidma see tühi ja vaikne .
41		 Mis iganes poleks seal ka aset leidnud , ei kõnelenud toimunust enam ükski tunnusmärk , ning tubli munk hakkas isegi kahtlema , kas ennist viivuks silme ees kangastunud vaatepilt polnud mitte meelepete . 	mis iganes olema seal ka ase leidma|leidnud , ei kõnelema|kõnelenud toimunu enam ükski tunnusmärk , ning tubli munk hakkama isegi kahtlema , kas ennist viiv silm ees kangastuma|kangastunud vaatepilt olema mitte meelepete .
41		 Segaste tunnetega läks ta magama , kuid tema uni — üle mitmete aastate — oli rahutu ja täis luupainajaid . 	Segane|Segas|Segaste tunne minema tema magama , kuid tema uni - üle mitu aasta - olema rahutu ja täis luupainaja .
41		 Hägustes ja katkendlikes unedes viirastusid talle vend Rusist välja kasvav ebainimlikult pikk , kõver ja kronksus jäikus , mida kõikjalt seirasid kiskjalikud , kollaselt miilavad silmad . 	hägune ja katkendlik uni viirastuma tema vend Rus|Rusi välja kasvav ebainimlikult pikk , kõver ja kronks jäikus , mis kõikjalt seirama kiskjalik , kollaselt miilav silm .
41		 Aga niipalju kui ka ei püüdnud tsellaariuse teadvus , ei suutnud see meest kuidagi unest üles raputada , sundides teda vaatama lõpuni stseene , mis olid hommikul mäletamiseks liiga hirmsad ja eemaletõukavalt jälgid . 	aga niipalju kui ka ei püüdma|püüdnud tsellaarius teadvus , ei suutma|suutnud see mees kuidagi uni üles raputama , sundima tema vaatama lõpp stseen , mis olema hommik mäletamine liiga hirmus ja eemaletõukavalt jälk .
42		 Hommikul — või õigemini öösel , sest matutiin toimub ju siis , kui tavalised inimesed veel magavad — oli tsellaarius täiesti kurnatud ning nägi , et sedasama oli ka abt . 	hommik - või õigemini öösel , sest matutiin toimuma ju siis , kui tavaline inimene veel magama - olema tsellaarius täiesti kurnama|kurnatud ning nägema , et seesama olema ka abt .
42		 Kirikus oli kaks meest , kes ei suutnud korralikult psalme laulda — tema ise ja abt Sven . 	kirik olema kaks mees , kes ei suutma|suutnud korralikult psalm laulma - tema ise ja abt Sven .
43		 Koidikul toimus laudes , palvetund , kus pidid osalema kõik ilmikvennad ja muud kloostritöölised ; Heicko silmad otsisid vend Rusi ja ta nägigi teda . 	koidik toimuma laudes , palvetund , kus pidama osalema kõik ilmikvend ja muu kloostritööline ; Heicko silm otsima vend Rusi ja tema nägema tema .
43		 Kokk põlvitas kiriku tagumises nurgas , seal , kus alati , ja kui tema silmad kohtusid tsellaariuse omadega , kumas neis ainult lõpmatult külm ükskõiksus ja ei mingit hirmu ega alandlikkust . 	kokk põlvitama kirik tagumine nurk , seal , kus alati , ja kui tema silm kohtuma tsellaariune oma , kumama tema ainult lõpmatult külm ükskõiksus ja ei mingi hirm ega alandlikkus .
44		 Loomulikult läks Heicko südant kõvaks tehes päeval abti otsima , teadmata täpselt isegi , mida ta tahab õieti välja selgitada või mille üle aru pärida . 	loomulikult minema Heicko süda kõva tegema päev abt otsima , teadma täpselt isegi , mis tema tahtma õieti välja selgitama või mis üle aru pärima .
45		" Abt oli aga oma enesekindluse tagasi saanud , vastas Heicko tervitusele üleoleva peanoogutusega ning küsimuse peale , et kas oleks vajalik vend Rusi käitumise suhtes midagi ette võtta , teatas : "" Aga millist käitumist vend silmas peab ? "	"abt olema aga oma enesekindlus tagasi saama|saanud , vastama Heicko tervitus üleolev peanoogutus ning küsimus peale , et kas olema vajalik vend Rus|Rusi käitumine suhtes miski ette võtma , teatama : "" aga milline käitumine vend silm pidama ?"
45		" Kui seda , et ta eile õhtul minu nõudmistele vastu tulles valmistas mulle üht oma imettegevat salvi — ehk olete märganud , et minu selg vajab rasket töö tõttu senisest palju rohkem määrimist — , siis pole siin küll midagi , mille suhtes peaks midagi ette võtma . "" "	"kui see , et tema eile õhtu mina nõudmine vastu tulema valmistama mina üks oma imettegev salv - ehk olema märganud|märkama , et mina selg vajama raske töö tõttu senine palju rohkem määrimine - , siis olema siin küll miski , mis suhtes pidama miski ette võtma . """
46		" "" Ah , et kõrgeaulisele abtile määris vend Rus salvi ? "" venitas tsellaarius kahtlevalt . "	""" ah , et kõrgeauline abt määrima vend Rus salv ? "" venitama tsellaarius kahtlevalt ."
47		" "" Aga loomulikult ! "" nähvas teine . "	""" aga loomulikult ! "" nähvama teine ."
47		" "" Või oli teil mingeid muid arusaamu ? "" "	""" või olema sina mingi muu arusaam ? """
48		 Kui oligi , jättis Heicko need enda teada , noogutas vaid ja eemaldus , et asuda oma igapäevaste toimetuste manu . 	kui olema , jätma Heicko see ise teadma , noogutama vaid ja eemalduma , et asuma oma igapäevane toimetus manu .
48		 Selgi päeval oli söök kloostris suurepärane nagu alati ja mitmed vennad nõudsid Rusilt lisa . 	see päev olema söök klooster suurepärane nagu alati ja mitu vend nõudma Rusilt lisa .
48		 Seda nad ka said . 	see tema ka saama .
49		 Esrumi kloostri ajaloo tundmine kuulub muidugi iga venna kohustuste hulka , aga ligi nelisada aastat on pikk aeg , et igaüks saaks kõiki seiku tunda . 	Esrum|Esrumi klooster ajalugu tundmine kuuluma muidugi iga vend kohustus hulka , aga ligi nelisada aasta olema pikk aeg , et igaüks saama kõik seik tundma .
49		 Ka tsellaariuse jaoks polnud tema töös Esrumi arhitektuur kõige olulisem , kuid kummalised juhtumused , mis leidsid aset ikka seoses vend Rusiga , viisid ta ühel sügispäeval uurima ürikuid , mis kõnelesid kloostri asutamisest ja ehitamisest . 	ka tsellaarius jaoks olema tema töö Esrum|Esrumi arhitektuur kõige olulisem , kuid kummaline juhtumus , mis leidma ase ikka seoses vend Rus|Rusi , viima tema üks sügispäev uurima ürik , mis kõnelema klooster asutamine ja ehitamine .
50		 Pidades kinni iseendale antud lubadusest hoida koka tegemistel silm peal , külvates vahel mitmetähenduslike vihjete ja kaksipidi mõistetavate lausetega kahtluseseemet teistessegi ustavatesse munkadesse ning tundes , et selline tegevus on hakanud ka mõnevõrra vilja kandma , sest kloostri prior Rupertki kortsutas tihtipeale vend Rusi nime kuuldes kulmu — nägi Heicko ühel päeval kokka midagi kiriku ukse juures toimetavat . 	pidama kinni iseenese andma|antud lubadus hoidma koka|kokk tegemine silm peal , külvama vahel mitmetähenduslik vihje ja kaksipidi mõistetav lause kahtluseseeme teine ustav munk ning tundma , et selline tegevus olema hakanud|hakkama ka mõnevõrra vili kandma , sest klooster prior Rupertki kortsutama tihtipeale vend Rusi nimi kuulma kulm - nägema Heicko üks päev kokk miski kirik uks juures toimetama .
51		 Kirik oli ehitatud kloostri põhjatiivaga kokku , ja nagu ikka tsistertslastel kombeks , oli see karm , range , kõle ja külm hoone , ilma torni ja igasuguste ilustusteta . 	kirik olema ehitama|ehitatud klooster põhjatiib kokku , ja nagu ikka tsistertslane komme , olema see karm , range , kõle ja külm hoone , ilma torn ja igasugune ilustus .
51		 Mis tegi aga selle eriti mõjuavaldavaks , oli tema suurus , sest kirik oli ligi sada meetrit pikk , paistes sellega juba kaugelt silma . 	mis tegema aga see eriti mõjuavaldav , olema tema suurus , sest kirik olema ligi sada meeter pikk , paistes see juba kaugelt silm .
51		 Ja mitte ainult mõõtmete poolest polnud Esrumi klooster kõige suurem ja mõjukam tsistertslaste kants põhjapoolses kristlikus maailmas , kuuludes ühte võrku teiste ( ja väiksemate ) kloostritega , mis ulatusid Sitsiiliast Norrasse , Polooniast Iiri saarele . 	ja mitte ainult mõõde poolest olema Esrum|Esrumi klooster kõige suurem ja mõjukam tsistertslane kants põhjapoolne kristlik maailm , kuuluma ühe võrk teine ( ja väiksem ) klooster , mis ulatuma Sitsiilia Norra , Poloonia Iiri saar .
51		 Esrum oli veel ka emakloostriks väiksematele kloostritele Taanis , Poloonias , Wendias , Esthlandis ja mujalgi . 	Esrum olema veel ka emaklooster väiksem klooster Taani , Poloonia , Wendia , Esthland|Esthlandi|Esthlant ja mujal .
51		 Nii et kloostri suurus , kui ka munkade ja igapäevaste tööde arv valmistas tublile tsellaariusele parasjagu peavalu nii ööl kui päeval , ja lõpuks polnud üks imelike kommetega kokk — kelle toiduga olid vagad vennad ülimalt rahul ja enamgi veel — mitte ainus asi , mille peale sai ta oma päevatööd ja aega kulutada . 	nii et klooster suurus , kui ka munk ja igapäevane töö arv valmistama tubli tsellaarius parasjagu peavalu nii öö kui päev , ja lõpuks olema üks imelik komme kokk - kes toit olema vaga vend ülimalt rahul ja enam veel - mitte ainus asi , mis peale saama tema oma päevatöö ja aeg kulutama .
51		 Eks sellega ole ka seletatav asjaolu , miks Heicko jõudis kentsakale olukorrale öösel köögis vähe mõelda ja lausus endale salamisi rahustussõnu . 	eks see olema ka seletatav asjaolu , miks Heicko jõudma kentsakas olukord öösel köök vähe mõtlema ja lausuma ise salamisi rahustussõna .
51		 Tihti arvas ta end olevat vaid valguse ja varju mängude , üleväsimuse ja meelepetete ohvriks sattunud ; sageli oli ta aga üsna kindel , et nägi täpselt , millega olid abt ja vend Rus tegelenud . 	tihti arvama tema ise olema vaid valgus ja vari mäng , üleväsimus ja meelepete ohver sattuma|sattunud ; sageli olema tema aga üsna kindel , et nägema täpselt , mis olema abt ja vend Rus tegelema|tegelenud .
51		 Nii või teisiti — Rusi ta ei sallinud ja tsellaarius uskus kloostrielu sellest ainult paranevat , kui kokk siit lahkub . 	nii või teisiti - Rusi tema ei sallima|sallinud ja tsellaarius uskuma kloostrielu see ainult paranev , kui kokk siit lahkuma .
52		 Kuid mitte iialgi poleks talle pähe tulnud , et see saab toimuma nii , nagu see toimus . 	kuid mitte iialgi olema tema pea tulema|tulnud , et see saama toimuma nii , nagu see toimuma .
53		 Rohkem , koguni poole aasta jooksul , ei hakanud abt ega vend Rus talle millegagi silma , ent metoodilise ja kindlameelse inimesena oli üks asi juba nõuks võetud ja nii kergesti ei kavatsenud tsellaarius oma kavatsustest loobuda . 	rohkem , koguni pool aasta jooksul , ei hakanud|hakkama abt ega vend Rus tema miski silm , ent metoodiline ja kindlameelne inimene olema üks asi juba nõu võetud|võtma ja nii kergesti ei kavatsema|kavatsenud tsellaarius oma kavatsus loobuma .
54		 Vend Rusi tabas ta kirikust kalmistule viiva ukse kõrval , müüri ääres musta küünalt põletamas ja lausumas hirmuäratavaid sõnu samas keeles , mis Heicko oli öösel köögis kuulnud . 	vend Rusi tabama tema kirik kalmistu viiv uks kõrval , müür ääres must küünal põletama ja lausuma hirmuäratav sõna sama keel , mis Heicko olema öösel köök kuulma|kuulnud .
54		 See oli uks , kust kanti surnud vendi kalmistule , end vend Rusi tähelepanu näis olevat pööratud rohkem vundamendile müüri kõrval ning ... jah , ta näis seda müüri kummardavat , otsekui oleks see mõni ebajumalus . 	see olema uks , kust kant surema|surnud vend kalmistu , ise vend Rus|Rusi tähelepanu näima olema pöörama|pööratud rohkem vundament müür kõrval ning ... jah , tema näima see müür kummardama , otsekui olema see mõni ebajumalus .
54		 Tsellaarius jälgis Rusi toimetamisi eemalt , nägi , kuidas kokk koogutas , asetas põleva küünla müürieendile , lausus sõnu , mis tekitasid Heickol taas külmavärinaid ; nägi , kuidas Rus langes ekstaasis pikali , silus kätega üle seina ja peaaegu halas võikal häälel palveid või loitse . 	Tsellaarius jälgima Rus|Rusi toimetamine eemalt , nägema , kuidas kokk koogutama , asetama põlev küünal müürieend , lausuma sõna , mis tekitama Heickol taas külmavärin ; nägema , kuidas Rus langema ekstaas pikali , siluma käsi üle sein ja peaaegu halama võigas hääl palve või loits .
54		 Eales ei suutnuks tsellaarius uskuda , et too ilmikvend seal viib läbi usukõlvulist kombetalitust , sest kohati tungisid ta kõrvu sõnad , mida kuuldes lõi ta risti ette ja palus issandalt endale meelekindlust . 	eales ei suutma tsellaarius uskuma , et too ilmikvend seal viima läbi usukõlvuline kombetalitus , sest kohati tungima tema kõrv sõna , mis kuulma looma|lööma tema risti ette ja paluma issand ise meelekindlus .
54		 Pikemalt ei saanud Rus oma toiminguid jätkata , sest teised vennad tulid põllult ja lähenes vesperite aeg , seejärel süüakse viimast õhtusööki . 	pikemalt ei saama|saanud Rus oma toiming jätkama , sest teine vend tulema põld ja lähenema vesper aeg , seejärel sööma viimane õhtusöök .
54		 Kokk vaatas vilksamisi ringi , puhus küünla surnuks — ja alles nüüd märkas tsellaarius oma peidupaigast , et hoolimata tugevast tuulest , oli küünal ikka jõuliselt põlenud — ning kiirustas ümber kiriku idaserva köögi poole tagasi . 	kokk vaatama vilksamisi ringi , puhuma küünal surnu - ja alles nüüd märkama tsellaarius oma peidupaik , et hoolimata tugev tuul , olema küünal ikka jõuliselt põlema|põlenud - ning kiirustama ümber kirik idaserv köök poole tagasi .
55		 Heicko tuli välja , uuris vundamenti , ei leidnud sel midagi viga olevat , pühkis laubalt pingutusest ja hirmust tekkinud higi ja tõttas vesperile , et pärast kompletooriumit kloostri korda rikkudes raamatukogus nende ürikutega tutvuda , mis räägivad kiriku surnutevärava ehitamisest . 	Heicko tulema välja , uurima vundament , ei leidma|leidnud see miski viga olema , pühkima laup pingutus ja hirm tekkima|tekkinud higi ja tõttama vesper , et pärast kompletoorium klooster kord rikkuma raamatukogu see ürik tutvuma , mis rääkima kirik surnutevärav ehitamine .
55		 Ta ei näinud , et peale tema lahkumist ilmusid vundamendile praod ja tumedad laigud . 	tema ei nägema|näima|näinud , et peale tema lahkumine ilmuma vundament pragu ja tume laik .
56		 Raamatukogus huvitasid tsellaariust ürikud , mis pajatasid kloostri loomisest . 	raamatukogu huvitama tsellaarius ürik , mis pajatama klooster loomine .
56		 Pärast otsimist ta ühe sellise ka leidis . 	pärast otsimine tema üks selline ka leidma .
56		 Öötundidel küünlaleegi valguses lappas ta tolmust köidet ja siunas endamisi kunagisi kroonikuid , kelle kirjutamisstiil oli uniseks tegev ja sündmuste edasiandmine katkendlik ning äärmiselt valikuline . 	öötund küünlaleek valgus lappama tema tolmune köide ja siunama endamisi kunagine kroonik , kes kirjutamisstiil olema unine tegev ja sündmus edasiandmine katkendlik ning äärmiselt valikuline .
56		 Algul ei saanud ta teada oluliselt rohkem , kui juba teadis , et kloostri ehitasid benediktiinlased 1140. aastal Taanimaa arhipiiskop Eskili õnnistusel , kes juhtus olema ka Clairvaux' Püha Bernardi hea sõber . 	algul ei saama|saanud tema teadma oluliselt rohkem , kui juba teadma , et klooster ehitama benediktiinlane 1140. aasta Taanimaa arhipiiskop Eskil|Eskili õnnistus , kes juhtuma olema ka Clairvaux ’ Püha Bernard hea sõber .
56		 Ent klooster ei saanud jalgu alla , enne kui tsistertslased selle 1151. aastal üle võtsid , ja sellest ajast oli see õitsenud ja kasvanud , muutudes siinses maanurgas jumaliku valguse keskuseks . 	ent klooster ei saama|saanud jalg alla , enne kui tsistertslane see 1151. aasta üle võtma , ja see aeg olema see õitsema|õitsenud ja kasvama|kasvanud , muutuma siinne maanurk jumalik valgus keskus .
56		 Kiriku ehitamise kohta oli seal kirjas palju , ent esmapilgul ei paistnud midagi seesugust , mis võinuks seletada vend Rusi huvi selle alusmüüri kohta . 	kirik ehitamine kohta olema seal kirjas palju , ent esmapilk ei paistma|paistnud miski seesugune , mis võima seletama vend Rus|Rusi huvi see alusmüür kohta .
56		 Lõpuks — kui uni tikkus juba vägisi silma ja matutiiniaeg tuli ähvardavalt lähedale — leidis ta ühe lõigu : ähmase , ebamäärase , ent ometi kõneka : 	lõpuks - kui uni tikkuma juba vägisi silm ja matutiiniaeg tulema ähvardavalt lähedale - leidma tema üks lõik : ähmane , ebamäärane , ent ometi kõnekas :
57		 Sest Eskil ise kutsuti Roskilde linnast siia kohale ja tema ise juhatas paganate müürimist kiriku vundamenti , nendesamuste , kes olid selle ehitamist oma nõidumise ja Saatana väljamanamisega takistanud , nendesamuste kurjade jõudude poolt pimedusega löödud viletsate , kes veel elusana kinnimüürimisel karjusid , et Saatana jõud on suurem kui inimese jõud , ja kelle ulgumist oli veel mitmel päeval müüri tagant kuulda , ehkki süüa ja õhku sissehingamiseks ei saanud seal enam olla . 	sest Eskil ise kutsuma Roskilde linn siia kohale ja tema ise juhatama pagan müürimine kirik vundament , seesamune , kes olema see ehitamine oma nõidumine ja saatan väljamanamine takistama|takistanud , seesamune kuri jõud poolt pimedus löödud|lööma vilets , kes veel elus kinnimüürimine karjuma , et saatan jõud olema suurem kui inimene jõud , ja kes ulgumine olema veel mitu päev müür tagant kuulma , ehkki sööma ja õhk sissehingamine ei saama|saanud seal enam olema .
57		 Niiviisi näitas Eskil kõigile ümberkaudsetele ristimisest keelduvatele paganatele , et jumala jõud on pimedusevürsti jõust suurem . 	niiviisi näitama Eskil kõik ümberkaudne ristimine keelduv pagan , et jumal jõud olema pimedusevürst jõud suurem .
58		 Tsellaarius raputas hämmelduses pead , kahtles , kas kroonik ikka tundis ladina keelt kõige paremini , ja vajus mõtteisse , mis peagi kandusid üle rahutuks uneks . 	Tsellaarius raputama hämmeldus pea , kahtlema , kas kroonik ikka tundma ladina keel kõige paremini , ja vajuma mõte , mis peagi kanduma üle rahutu uni .
58		 Ikkagi ei suutnud ta mõista , et kuidas võis vend Rus sellest kunagisest sündmusest midagi teada , sest seda ürikut polnud juba ammu kellegi käed puutunud . 	ikkagi ei suutma|suutnud tema mõistma , et kuidas võima vend Rus see kunagine sündmus miski teadma , sest see ürik olema juba ammu keegi käsi puutuma|puutunud .
58		 Ta otsustas oma leidudest kõnelda priorile . 	tema otsustama oma leid kõnelema prior .
59		 Prior lõi juttu kuuldes risti ette ja arvas , et ilmselt on kroonik vaid kuulu järgi sündmusi kirja pannud ning kindlasti sisaldab jutt palju metafoore , mida ei saa üks-üheselt jumalast sündinud tõsiasjade pähe võtta . 	Prior looma|lööma jutt kuulma rist|risti ette ja arvama , et ilmselt olema kroonik vaid kuuluma järgi sündmus kiri panema|pannud ning kindlasti sisaldama jutt palju metafoor , mis ei saama üks-üheselt jumal sündima|sündinud tõsiasi pea võtma .
59		 Ikka on kasutatud vundamendi täiteks konte või siis maetud pühameeste säilmeid kiriku alla , aga , et paganaid ja elusalt ... 	ikka olema kasutama|kasutatud vundament täide|täis kont või siis maetud|matma pühamees säile kirik alla , aga , et pagan ja elusalt ...
59		 Prior kõhkles , sest oli näha , et tal puudub kindel seisukoht . 	Prior kõhklema , sest olema nägema , et tema puuduma kindel seisukoht .
59		 Igatahes leppisid mehed kokku , et vend Rusi kahtlastel toimetamistel tuleb edaspidigi silm peal hoida . 	igatahes leppima mees kokku , et vend Rus|Rusi kahtlane toimetamine tulema edaspidi silm peal hoidma .
60		 Võimalik , et Rus oli haisu ninna saanud ja enam teda vundamendi juures ei nähtud . 	võimalik , et Rus olema hais nina saama|saanud ja enam tema vundament juures ei nägema|nähtud|nähtuma .
60		 Järgmisel nädalal peatus Esrumi külas rändkaupmees , kes astus ka kloostrist läbi . 	järgmine nädal peatuma Esrum|Esrumi küla rändkaupmees , kes astuma ka klooster läbi .
60		 Mees oli juut ning kauples kaugetest maadest toodud vürtsidega . 	mees olema juut ning kauplema kauge maa toodud|tooma vürts .
60		 Esialgu taheti ta küll pühade müüride varjust minema ajada , ent Rus tegi temaga kaupa , mis viis ta tsellaariuse juurde , kelle käes olid rahakassa võtmed ja kes pidi iga ostu isiklikult heaks kiitma . 	esialgu tahtma tema küll püha müür vari minema ajama , ent Rus tegema tema kaup , mis viima tema tsellaarius juurde , kes käes olema rahakassa võti ja kes pidama iga ost isiklikult heaks kiitma .
61		" "" Mida sa siis tahad selle juudi käest osta ? "" uuris vend Heicko umbusklikult . "	""" mis sina siis tahtma see juut käest ostma ? "" uurima vend Heicko umbusklikult ."
61		" "" Kas mitte kloostriküla talumeeste ja meie vagade munkade töö ise ei varu meie kasinale toidulauale kõike vajalikku ? "" "	""" kas mitte kloostriküla talumees ja mina vaga munk töö ise ei varuma mina kasin toidulaud kõik vajalik ? """
62		" "" Oh , kõik meie vennad teevad usinalt tööd ja puudus pole toidulaualt millestki ... "" vastas vend Rus kavalalt . "	""" oh , kõik mina vend tegema usinalt töö ja puudus olema toidulaud miski ... "" vastama vend Rus kavalalt ."
62		" "" Aga see mees pakub aineid , mis annavad igale toidule jumaliku maitse , olen neid proovinud oma rännakutel ja ... "" "	""" aga see mees pakkuma aine , mis andma iga toit jumalik maitse , olema tema proovima|proovinud oma rännak ja ... """
62		 Ning Rus laskus pikkadesse kirjeldustesse , et millise hõrgu maitse ja aroomi võivad idamaa vürtsid söögile anda . 	ning Rus laskuma pikk kirjeldus , et milline hõrk maitse ja aroom võima idamaa vürts söök andma .
63		 Ja nõnda tekkiski tsellaariuse ja teiste vendade vahel vaidlus , et kas kloostri toidulauda on tarvilik rikastada kaugelt maalt toodud pulbritega . 	ja nõnda tekkima tsellaarius ja teine vend vahel vaidlus , et kas klooster toidulaud olema tarvilik rikastama kaugelt maa toodud|tooma pulber .
64		" Tsellaariuse seisukoht oli kindel : "" Meie , tsistertslased pole küllust ja lõbuelu armastavad benediktiinid . "	"Tsellaarius seisukoht olema kindel : "" mina , tsistertslane olema küllus ja lõbuelu armastama benediktiin ."
64		" Meie toitume kasinalt ja vagalt ega vaja lisandusi , mis pärit paganate juurest , mida müütab juut , ja mis andvat toidule sellise maitse , mida jumal pole mitte maa sisse pannud . "" "	"mina toituma kasinalt ja vagalt ega vaja lisandus , mis pärit pagan juurest , mis müütama juut , ja mis andev toit selline maitse , mis jumal olema mitte maa sisse panema|pannud . """
65		 Aga Rusi hõrgutistega olid ju paljud vennad juba harjunud , otsekui oleks kokk nad ära teinud oma ohtra söötmisega . 	aga Rus|Rusi hõrgutis olema ju palju vend juba harjuma|harjunud , otsekui olema kokk tema ära tegema|teinud oma ohter söötmine .
65		" Nähes puhkemas sõnelust , lahendas Rus selle ise ja ütles : "" Mind innustab ainult soov kostitada vagasid vendi oma kõige paremate retseptide järgi . "	"nägema puhkema sõnelus , lahendama Rus see ise ja ütlema : "" mina innustama ainult soov kostitama vaga vend oma kõige parem retsept järgi ."
65		 Aga juut on muidugi juut . 	aga juut olema muidugi juut .
65		" Ma panen ette , et räägin selle juudiga ja panen ta nõustuma olukorraga , kus ta ei saa meie käest mitte ühtegi krossi ja vaid jumalasõnaga veenan mina teda oma kaupa meile loovutama . "" "	"mina panema ette , et rääkima see juut ja panema tema nõustuma olukord , kus tema ei saama mina käest mitte ühte kross ja vaid jumalasõna veenma mina tema oma kaupa mina loovutama . """
66		 See ettepanek tundus paljudele mõistlikuna — eriti neile , kes kannatasid liigsöömise all , ja Heicko meelehärmiks oli neid kloostris enamus . 	see ettepanek tunduma palju mõistlik - eriti tema , kes kannatama liigsöömine all , ja Heicko meelehärm olema tema klooster enamus .
66		 Järgmiseks nähti Rusi väljumas kloostrist , suur kott üle õla , ja tegemas puude varjus juudiga kaupa . 	järgmine nägema Rus väljuma klooster , suur kott üle õlg , ja tegema puu|puue varjus juut kaup .
66		 Kaua see küll ei kestnud , sest juut lahkus kiiresti — kaubitseja kohta isegi liiga kiiresti — ega vaadanud hetkekski tagasi , ainult kannustas eeslit kiiremale sammule . 	kaua see küll ei kestma|kestnud , sest juut lahkuma kiiresti - kaubitseja kohta isegi liiga kiiresti - ega vaadanud|vaatama hetk tagasi , ainult kannustama eesel kiirem samm .
66		" Rus seisis peagi kloostriväravas , nägu rõõmust säramas , ja kiigutas käes väikseid paunakesi : "" Kogu oma kraami oli ta nõus kloostrile loovutama ! "" hüüdis ta . "	"Rus seisma peagi kloostrivärav , nägu rõõm särama , ja kiigutama käsi väike paunake : "" kogu oma kraam olema tema nõus klooster loovutama ! "" hüüdma tema ."
67		 Ja tsistertslaste seast kostis kiiduüminaid . 	ja tsistertslane seast kostma kiiduümin .
67		 Seksti ajal , mil mungad palvetasid , levis üle kloostri hõrke ja võõrapäraseid aroome — Rus keetis köögis vürtsitatud roogasid . 	sekst ajal , mil munk palvetama , levima üle klooster hõrk ja võõrapärane aroom - Rus keetma köök vürtsitama|vürtsitatud roog .
67		 Ainult tsellaarius mõtiskles , et mis küll võis peituda Rusi kotis , kui too kaubitsema läks , ja milliste sõnadega veenas ta juuti . 	ainult tsellaarius mõtisklema , et mis küll võima peituma Rus|Rusi kott , kui too kaubitsema minema , ja milline sõna veena tema juut .
67		" "" See mees , "" mõtles vend Heicko , "" peab olema lausa saatan ise , kui ta suutis kaupleja-juudi ilma rahata oma nõusse rääkida . "" "	""" see mees , "" mõtlema vend Heicko , "" pidama olema lausa saatan ise , kui tema suutma kaupleja-juut ilma raha oma nõu rääkima . """
68		 Sel õhtul tõusis refektooriumis kisa ja kära , vennad läksid süües näost punaseks , karjusid meeleheites , nõudsid vett ja veini , puristasid toitu suust välja , röökisid hirmsates piinades , mida võõramaised maitseained nende seedimisele tekitasid ja needsid vend Rusi . 	see õhtu tõusma refektoorium kisa ja kära , vend minema sööma nägu punane , karjuma meeleheide , nõudma vesi ja vein , puristama toit suu välja , röökima hirmus piin , mis võõramaine maitseaine tema seedimine tekitama ja needma vend Rusi .
68		 Munkade näod õhetasid valust ja teravusest , mida nende seedimiselundid ei tahtnud omaks võtta , mõned isegi nutsid kibedaid pisaraid ja kaanisid seejuures veini nagu viimased joodikud . 	munk nägu õhetama valu ja teravus , mis tema seedimiselund ei tahtma|tahtnud oma võtma , mõni isegi nutma kibe pisar ja kaanima seejuures vein nagu viimane joodik .
69		 Vend Rus seisis aga refektooriumi uksel , vaatas kõike pealt ja naeris kõlaval häälel . 	vend Rus seisma aga refektoorium uks , vaatama kõik pealt ja naerma kõlav hääl .
69		" "" See läheb üle , vagad vennad , "" hüüdis ta . "	""" see minema üle , vaga vend , "" hüüdma tema ."
69		" "" Läheb üle ja siis saabub nauding . "	""" minema üle ja siis saabuma nauding ."
69		" Kannatust , anun ma , vaid veidi pikka meelt ja teile hakkab meeldima . "" "	"kannatus , anuma mina , vaid veidi pikk meel ja sina hakkama meeldima . """
70		 Nii kummaline , kui see ka polnud , hakkaski see neile meeldima . 	nii kummaline , kui see ka olema , hakkama see tema meeldima .
71		 Kui munkade näod omandasid jälle loomuliku jume , kui nende viha asendus kergendustundega , kui nad nõudsid katlast lisa — ja veiniaamist iseäranis — ja nad Rusi kokakunsti kiitma hakkasid , tõusid tsellaarius ja prior lauast — nemad polnud Rusi sööki söönud , vaid närinud ainult kaalikat ja joonud peale vett — ning läksid nõu pidama . 	kui munk nägu omandama jälle loomulik jume , kui tema viha asenduma kergendustunne , kui tema nõudma katel lisa - ja veiniaam iseäranis - ja tema Rus kokakunst kiitma hakkama , tõusma tsellaarius ja prior laud - tema olema Rus|Rusi söök sööma|söönud , vaid närima|närinud ainult kaalikas ja jooma|joonud peale vesi - ning minema nõu pidama .
71		 Refektooriumist oli veel kaua aega kuulda hõikeid ja kiidulaulu , sest midagi seesugust polnud vagad vennad oma elus varem söönud ja neile oli see pööraselt meeldima hakanud . 	Refektoorium olema veel kaua aeg kuulma hõige ja kiidulaul , sest miski seesugune olema vaga vend oma elu varem sööma|söönud ja tema olema see pööraselt meeldima hakanud|hakkama .
72		 Tsellaarius Heicko ja prior Ruperti nõu oli lühike . 	Tsellaarius Heicko ja prior Rupert|Ruperti nõu olema lühike .
73		" "" Vend Rus , "" märkis Heicko , "" on ohtlik ja vaenuline mees , kes rikub ära kõik tsistertslaste pühad kombed . "" "	""" vend Rus , "" märkima Heicko , "" olema ohtlik ja vaenuline mees , kes rikkuma ära kõik tsistertslane püha komme . """
74		" "" Ma olen sinuga täiesti nõus , vend , "" vastas prior . "	""" mina olema sina täiesti nõus , vend , "" vastama prior ."
74		" "" Kahju ainult , et abt seda ei mõista . "" "	""" kahju ainult , et abt see ei mõistma . """
75		" "" Minu kahtlus on , "" jätkas Heicko , "" et seda kõike teeb ta mürgist ja vihkamisest ning ainult teeskleb vagadust . "	""" mina kahtlus olema , "" jätkama Heicko , "" et see kõik tegema tema mürk ja vihkamine ning ainult teesklema vagadus ."
75		" Vahel ma mõtlen , et lausa Saatan ise on tema sisse asunud . "" "	"vahel mina mõtlema , et lausa saatan ise olema tema sisse asuma|asunud . """
76		" "" Need on koledad mõtted aga ma tunnistan , et mitte minulegi võõrad . "	""" see olema kole mõte aga mina tunnistama , et mitte mina võõras ."
76		" Kui Saatan tahab rikkuda Jumala kombeid ja pritsida mürki kloostri sisse , siis tõenäoliselt on ta valinud just vend Rusi oma käsilaseks , "" nõustus prior . "	"kui saatan tahtma rikkuma jumal komme ja pritsima mürk klooster sisse , siis tõenäoliselt olema tema valima|valinud just vend Rusi oma käsilane , "" nõustuma prior ."
77		" "" Me peame ta tabama nõidumiselt . "	""" mina pidama tema tabama nõidumine ."
77		" Me peame ta süütõenditega vastamisi seadma ja vedama Roskilde kõrge kirikukohtu ette , "" otsustas tsellaarius . "	"mina pidama tema süütõend vastamisi seadma ja vedama Roskilde kõrge kirikukohus ette , "" otsustama tsellaarius ."
78		" "" Ja enne kui hilja ! "" "	""" ja enne kui hilja ! """
79		 Saabusid ööd täis seletamatusi ja õudusi . 	saabuma öö täis seletamatus ja õudus .
80		 Esimene märk , mis katkestas õhtupalvuse , oli missa ajal kirikus kostma hakkavad ulguvad hääled . 	esimene märk , mis katkestama õhtupalvus , olema missa ajal kirik kostma hakkama ulguv hääl .
80		 Abt ei jõudnud eeslaulmisega kuigi kaugele , kui teda katkestasid mitu häält , mis tulid otsekui kiriku seintest ja põrandast , mis karjusid ja halasid vihaselt , summutasid munkade koori , nii et paljud neist katsid kõrvad kätega ja viskusid kirjeldamatus valus põlvili . 	Abt ei jõudma|jõudnud eeslaulmine kuigi kaugele , kui tema katkestama mitu hääl , mis tulema otsekui kirik sein ja põrand , mis karjuma ja halama vihaselt , summutama munk koor , nii et palju tema katma kõrv käsi ja viskuma kirjeldamatus valus põlvili .
81		 Ometi ei kestnud see kaua , sugugi mitte , sest seletamatud sajatused hääbusid niisama äkki , kui olid alanud , ja missal viibijad vaatasid üksteisele mõistmatuses otsa . 	ometi ei kestma|kestnud see kaua , sugugi mitte , sest seletamatu sajatus hääbuma niisama äkki , kui olema alanud|algama , ja missa viibija vaatama üksteise mõistmatus otsa .
81		 Nii kohutav , kui see sündmus ka polnud , ei söandanud keegi selle meenutamisel pikemalt peatuda . 	nii kohutav , kui see sündmus ka olema , ei söandama|söandanud keegi see meenutamine pikemalt peatuma .
81		 Küllap oli see ainult tuul — leidsid mõned , küllap akende alt möödunud itkenud naised — lootsid teised . 	küllap olema see ainult tuul - leidma mõni , küllap aken alt mööduma|möödunud itkema|itkenud naine - lootma teine .
81		 Vaid tsellaarius ja prior pidasid vajalikuks veel peale ülejäänute lahkumist kirikus palvetada . 	vaid tsellaarius ja prior pidama vajalik veel peale ülejäänu lahkumine kirik palvetama .
82		 Järgmiste päevade jooksul kaebasid mitmed vennad , et nad on dormitooriumis või koridorides midagi näinud . 	Järgmine|Järgmis|Järgmiste päev jooksul kaebama mitu vend , et tema olema dormitoorium või koridor miski nägema|näima|näinud .
82		 Ei , ei midagi otse , pigem ainult silmanurgast ja pead pöörates oli ilmutis juba kadunud ... 	ei , ei miski otse , pigem ainult silmanurk ja pea pöörama olema ilmutis juba kaduma|kadunud ...
82		 Kui see üldse oli ilmutis . 	kui see üldse olema ilmutis .
82		 Keegi ei suutnud täpselt seletada , mida nad olid näinud , küll aga tunnistasid , et nendest kummitustest olid nad tajunud ilmumas viha , põlgust ja isegi ülevoolavat kahjurõõmu . 	keegi ei suutma|suutnud täpselt seletama , mis tema olema nägema|näima|näinud , küll aga tunnistama , et see kummitus olema tema tajuma|tajunud ilmuma viha , põlgus ja isegi ülevoolav kahjurõõm .
83		 Aulik vend Egil oli istunud üksi raamatukogus , kui äkitselt oli uks valju paugatusega kinni langenud ja riivi iseenesest selle ette kriiksatanud . 	aulik vend Egil olema istuma|istunud üksi raamatukogu , kui äkitselt olema uks vali paugatus kinni langema|langenud ja riiv iseenesest see ette kriiksatama|kriiksatanud .
83		 Seestpoolt . 	seestpoolt .
83		 Korraga oli vend Egil tajunud , et kes iganes ka ukse sulges , pidi too olema samal hetkel temaga koos ruumis . 	korraga olema vend Egi tajuma|tajunud , et kes iganes ka uks sulgema , pidama too olema sama hetk tema koos ruum .
83		 Ei , ta ei näinud kedagi , aga ometi oli ta seda tajunud . 	ei , tema ei nägema|näima|näinud keegi , aga ometi olema tema see tajuma|tajunud .
83		 Hirmunult oli ta asunud palvetama ja tundis siis , kuidas teda oli selja tagant jälgitud ja üks tasane sosin oli üle toa levinud , sosin täis vihkamist . 	hirmunult olema tema asuma|asunud palvetama ja tundma siis , kuidas tema olema selg tagant jälgima|jälgitud ja üks tasane sosin olema üle tuba levima|levinud , sosin täis vihkamine .
84		 Vend Augen oli kuulnud samme . 	vend Augen olema kuulma|kuulnud samm .
84		 Ta oli viibinud kalefaktooriumis ja kuulnud , kuidas kellegi pikad sammud olid koridoris möödunud , seisatanud ukse taga ja siis oli ta kuulnud ebainimlikku , ebapüha hingeldamist . 	tema olema viibima|viibinud kalefaktoorium ja kuulma|kuulnud , kuidas keegi pikk samm olema koridor mööduma|möödunud , seisatama|seisatanud uks taga ja siis olema tema kuulma|kuulnud ebainimlik , ebapüha hingeldamine .
84		 Ta oli ukse avanud ega näinud koridoris mitte kedagi , mitte ühtegi elusat hinge . 	tema olema uks avama|avanud ega nägema|näima|näinud koridor mitte keegi , mitte ühte elus hing .
84		 Ainult kuulnud sammude kaugenemist tühjas koridoris . 	ainult kuulma|kuulnud samm kaugenemine tühi koridor .
84		 Suundumas köögi poole . 	suunduma köök poole .
85		 Kaasa ei saanud mitte tunda vend Reymusele , kes — olgugi , et üks kõige suuremaid liigsööjaid ja -joojaid kloostris — oli ühel ööl langenud selliste kohutavate õudusunenägude küüsi , et teda polnud võimalik äratada ja terve dormitoorium pidi ärkama tema ahastavate karjete peale . 	kaasa ei saama|saanud mitte tundma vend Reymus , kes - olgugi , et üks kõige suurem liigsööja ja jooja klooster - olema üks öö langema|langenud selline kohutav õudusunenägu küüsi , et tema olema võimalik äratama ja terve dormitoorium pidama ärkama tema ahastav karje peale .
85		 Keegi ei näinud tema luupainajat , keegi ei näinud , mis põhjustas valu , mille käes õnnetu vend unes vähkres ja kisas , aga hommikul oli tema selg , kõht ja tuharad täis veriseid kriime ja marrastusi ning mitu päeva ei suutnud ta midagi süüa ega juua ega hetkekski istuda . 	keegi ei nägema|näima|näinud tema luupainaja , keegi ei nägema|näima|näinud , mis põhjustama valu , mis käes õnnetu vend uni vähkrema ja kisama , aga hommik olema tema selg , kõht ja tuhar täis verine kriim ja marrastus ning mitu päev ei suutma|suutnud tema miski sööma ega jooma ega hetk istuma .
86		 Vend Wilhelm aga läks hulluks , kui ta parasjagu üht püharaamatut ümber kirjutas . 	vend Wilhelm aga minema hull , kui tema parasjagu üks püharaamat ümber kirjutama .
86		 Otsekui iseenesest hakkas tema käsi kirjutama ülisuuri seletamatuid sümboleid üle lehekülgede , mida ta hirmust karjudes üritas sealsamas katki rebida , hakates vastu jõududele , mis sundisid ja kannustasid teda püha üriku asemel paganlikke sümboleid joonistama . 	otsekui iseenesest hakkama tema käsi kirjutama ülisuur seletamatu sümbol üle lehekülg , mis tema hirm karjuma üritama sealsamas katki rebima , hakkama vastu jõud , mis sundima ja kannustama tema püha ürik asemel paganlik sümbol joonistama .
86		 Wilhelmi ümber kogunesid teised vennad , kes tummas õuduses jõllitasid mehe üha jõuetumaks muutuvaid katseid püsida terve mõistuse juures , kuni lõpuks tormas ta puldi tagant minema otsejoones kirikusse , sealt läbi surnutevärava müüri äärde ( kuhu tsellaariuse ja priori teadmiste järgi olevat paganad elusalt sisse müüritud ) ja hakkas peaga selle vastu taguma . 	Wilhelm ümber kogunema teine vend , kes tumm õudus jõllitama mees üha jõuetum muutuv katse püsima terve mõistus juures , kuni lõpuks tormama tema pult tagant minema otsejoones kirik , sealt läbi surnutevärav müür äärde ( kuhu tsellaarius ja prior teadmine järgi olema pagan elusalt sisse müürima|müüritud ) ja hakkama pea see vastu taguma .
86		 Et hoida teda enesevigastamisest , läks tarvis viit venda , kes õnnetu Wilhelmi lõpuks kinni sidusid ja dormitooriumisse lohistasid . 	et hoidma tema enesevigastamine , minema tarvis viis vend , kes õnnetu Wilhelm lõpuks kinni siduma ja dormitooriumine lohistama .
87		 Värisedes hoidis vend Heicko käes ühte kurikuulsa raamatu lehte ja näitas seda prior Rupertile . 	värisema hoidma vend Heicko käsi ühte kurikuulus raamat leht ja näitama see prior Rupertile .
87		" "" Ütle , "" küsis ta , "" kas ei meenuta mitte see joonistus sulle R-tähte ? "" "	""" ütlema , "" küsima tema , "" kas ei meenutama mitte see joonistus sina R-täht ? """
88		" "" Aga väga suurt ja imelike piirjoontega , "" nõustus prior . "	""" aga väga suur ja imelik piirjoon , "" nõustuma prior ."
88		" "" Ning järgmine oleks otsekui U- täht , ent samuti kuidagi kummaline . "" "	""" ning järgmine olema otsekui U täht , ent samuti kuidagi kummaline . """
89		" "" Rus , "" pomises tsellaarius . "	""" Rus , "" pomisema tsellaarius ."
89		" "" Vend Rus ... "" "	""" vend Rus ... """
90		 Kuigi need hirmsad sündmused häirisid seni rahulikult kulgevat kloostri elurütmi , ei kippunud veel keegi peale tsellaariuse ja priori neid Vend Rusiga seostama , enne kui vend Adelmus edastas neile ühe pealtkuuldud kõneluse . 	kuigi see hirmus sündmus häirima seni rahulikult kulgev klooster elurütm , ei kippuma|kippunud veel keegi peale tsellaarius ja prior see vend Rus|Rusi seostama , enne kui vend Adelmus edastama tema ühe pealtkuuldud kõnelus .
91		" "" Ma olin möödumas köögi akende tagant , "" seletas vend Adelmus , "" kui üks hääl mind otsekui paigale naelutas , selline sisisev ja magus ja salalik ja selline ... mis kohe kõrvu hakkab , kuigi räägib vaikselt , ent iga tema sõna on tähtis . "	""" mina olema mööduma köök aken tagant , "" seletama vend Adelmus , "" kui üks hääl mina otsekui paigale naelutama , selline sisisev ja magus ja salalik ja selline ... mis kohe kõrv hakkama , kuigi rääkima vaikselt , ent iga tema sõna olema tähtis ."
91		" Ja läbi akna kuulsin ma seda häält lausumas : "" Ma kiidan sind , Rus , sa oled mu ülesannet hästi täitnud ! "" "	"ja läbi aken kuulma mina see hääl lausuma : "" mina kiitma sina , Rus , sina olema mina ülesanne hästi täitma|täitnud ! """
92		" "" Ja kes võis seda lausuda ? "" päris tsellaarius . "	""" ja kes võima see lausuma ? "" päris tsellaarius ."
93		" "" Mitte ühtegi venda kloostris pole ma kuulnud rääkimas sellisel häälel , "" kehitas vend Adelmus kahetsevalt õlgu . "	""" mitte üks vend klooster olema mina kuulma|kuulnud rääkima selline hääl , "" kehitama vend Adelmus kahetsevalt õlg ."
93		" "" Veel kuulsin ma , kuidas Rus vastas : "" Varsti , mu isand ja käskija , varsti on minu töö tehtud , varsti on see klooster sinu päralt , mul ei lähe enam pikalt aega , varsti on nad pööratud . "	""" veel kuulma mina , kuidas Rus vastama : "" varsti , mina isand ja käskija , varsti olema mina töö tegema|tehtud , varsti olema see klooster sina päralt , mina ei minema enam pikalt aeg , varsti olema tema pöörama|pööratud ."
93		" "" "" "	""" """
94		" "" Pööratud ? "" imestas prior . "	""" pööratu ? "" imestama prior ."
95		" "" Nii Rus ütles . "	""" nii Rus ütlema ."
95		" Veel ütles ta , et varsti on see pühakoda — ja see sõna kõlas tema suust põlgusega — sinu rõõmudele ja igavikulistele peibutustele valla , mu käskija . "" "	"veel ütlema tema , et varsti olema see pühakoda - ja see sõna kõlama tema suu põlgus - sina rõõm ja igavikuline peibutus valla , mina käskija . """
96		" "" Kas sa nägid , kellega Rus kõneles ? "" "	""" kas sina nägema , kes Rus kõnelema ? """
97		" "" Ma ei julgenud aknast sisse piiluda , "" tunnistas värisev munk . "	""" mina ei julgema|julgenud aken sisse piiluma , "" tunnistama värisev munk ."
97		" "" Issanda ihu õnnistuse nimel ei julgenud ma seda teha . "" "	""" issand ihk|ihu õnnistus nimel ei julgema|julgenud mina see tegema . """
98		" "" Kas Rus ütles veel midagi ? "" "	""" kas Rus ütlema veel miski ? """
99		" "" Ta kõneles veel midagi tänasest ööst , "" kostis munk . "	""" tema kõnelema veel miski tänane öö , "" kostma munk ."
99		" "" Midagi taolist , et täna viib ta läbi viimased rituaalid , ja see võigas hääl kiitis teda selle eest . "" "	""" miski taoline , et täna viima tema läbi viimane rituaal , ja see võigas hääl kiitma tema see eest . """
100		" "" Ütleski ta just , et rituaalid ? "" küsis tsellaarius . "	""" ütlema tema just , et rituaal ? "" küsima tsellaarius ."
101		" "" Jah , aulik vend Heicko , just nii ta ütles . "" "	""" jah , aulik vend Heicko , just nii tema ütlema . """
102		" "" Siis peame meiegi täna öösel tegutsema . "" "	""" siis pidama mina täna öösel tegutsema . """
103		 Jah , tsellaarius Heicko tundis end vandenõulasena , kui ta salamisi kogus kokku kakskümmend ustavat munka , kõneles nendele oma kahtlustest ja plaanist , samuti sellest , et ta ei usalda enam abti . 	jah , tsellaarius Heicko tundma ise vandenõulane , kui tema salamisi koguma kokku kakskümmend ustav munk , kõnelema see oma kahtlus ja plaan , samuti see , et tema ei usaldama enam abt .
103		 Ja vennad vastasid talle , et abt on tõesti hülgamas paljut , mis on tsistertslastele püha , ja et ta liialt sööb ja joob ning üha rohkem laskuvat üle kloostri vend Rusi kuritahtlik käsi . 	ja vend vastama tema , et abt olema tõesti hülgama palju , mis olema tsistertslane püha , ja et tema liialt sööma ja jooma ning üha rohkem laskuv üle klooster vend Rus kuritahtlik käsi .
103		 Need kõik olid vennad , kes hoolimata uutest tuultest olid tugevasti kinni vanades kommetes ja kes ei söönud Rusi vürtsitatud toitu ega polnud ka oma silmaga näinud kummitusi , mida kõik ülejäänud kinnitasid end kogenud olevat . 	see kõik olema vend , kes hoolimata uus tuul olema tugevasti kinni vana komme ja kes ei sööma|söönud Rus vürtsitama|vürtsitatud toit ega olema ka oma silm nägema|näima|näinud kummitus , mis kõik ülejäänu kinnitama ise kogema|kogenud olema .
104		" Prior ja tsellaarius jaotasid mehed pärast kompletooriumi — otsekui oleks nad mõne sõjasalga eesotsas — laiali , leidsid neile salajased peidukohad , varustasid nad krutsifiksidega ja enne vahikorra algust lugesid nad kõik koos : "" Ut nos ab omni haeresi perfida caecitae librare digneris ; ut in hora mortis nostrae noc caelesti viatico nos confortare et munire digneris . "	"Prior ja tsellaarius jaotama mees pärast kompletoorium - otsekui olema tema mõni sõjasalk eesots - laiali , leidma tema salajane peidukoht , varustama tema krutsifiks ja enne vahikord algus lugema tema kõik koos : "" Ut nos ab omn|omni haeresi perfima caecitae librare digneris ; ut in hora mortima nostrae noc caelest viatico nos confortare et munire digneris ."
104		" Christae exaudi nos ! "" "	"Christae exaud|exaut nos ! """
105		 Relvastanud end sel kombel vaimujõuga ja olles valmis eksortsismiks , asusid nad vahti . 	relvastama|relvastanud ise see komme vaimujõud ja olema valmis eksortsism , asuma tema vaht .
105		 Mitmeid kordi tundus neile , nagu oleks keegi öises kloostris liikunud , nagu oleks nad näinud viirastusi , ent ikka ei juhtunud midagi , mis oleks sundinud neid peidukohast välja tulema , astuma vastu vend Rusi salakavalatele plaanidele . 	mitu kord tunduma tema , nagu olema keegi öine klooster liikuma|liikunud , nagu olema tema nägema|näima|näinud viirastus , ent ikka ei juhtuma|juhtunud miski , mis olema sundima|sundinud see peidukoht välja tulema , astuma vastu vend Rus|Rusi salakaval plaan .
106		 Aga lõpuks ta tuli — vend Rus — , tuli ja suundus läbi pika käigu köögi poole , olles ilmikvendade dormitooriumist jalga lasknud mitu tundi enne , kui selleks sundisid kohused köögis . 	aga lõpuks tema tulema - vend Rus - , tulema ja suunduma läbi pikk käik köök poole , olema ilmikvend dormitooriumine jalga laskma|lasknud mitu tund enne , kui see sundima kohus köök .
106		 Ta tuli , ja isegi hämaruses oli tema näol näha kurjaendelist irvet , kui ta endamisi võikas keeles loitse pomises . 	tema tulema , ja isegi hämarus olema tema näol nägema kurjaendeline irve , kui tema endamisi võigas keel loits pomisema .
106		 See polnud see vend Rus , keda nad olid harjunud nägema , see oli deemonlike jõudude poolt haaratud mees , hirmuäratav oma ebamaisuses ja pühendumises . 	see olema see vend Rus , kes tema olema harjuma|harjunud nägema , see olema deemonlik jõud poolt haarama|haaratud mees , hirmuäratav oma ebamaisus ja pühendumine .
106		 Aga viimast polnud tsistertslastel vähem . 	aga viimane olema tsistertslane vähem .
106		 Vend Rus läks kööki ja mõne aja pärast olid vennad selle ümber piiranud , Rus oli lõksus , mida iganes poleks ta ka toimetama hakanud , milliseid jõude endale appi kutsunud , ei saanud need ometi olla vägevamad kui mitmekümne andunud ja tõelise tsistertslase meelekindlus ja usk . 	vend Rus minema köök ja mõni aeg pärast olema vend see ümber piirama|piiranud , Rus olema lõks , mis iganes olema tema ka toimetama hakanud|hakkama , milline jõud ise abi kutsuma|kutsunud , ei saama|saanud see ometi olema vägevam kui mitukümmend anduma|andunud ja tõeline tsistertslane meelekindlus ja usk .
107		 Viivu pärast oli õhus tunda suitsulõhna ja kuuldus leekide praginat . 	viiv pärast olema õhk tundma suitsulõhn ja kuulduma leek pragin .
107		 Vend Rus oli süüdanud koldes tule ja hakkas suure raami peal seisvas katlas leent keetma . 	vend Rus olema süüdanud|süütama kolle tuli ja hakkama suur raam peal seisev katel leem keetma .
107		 Mõne aja pärast tungisidki vendade ninna idamaiste - - ja nüüd ei kahelnud enam keegi , et ka saatanlike — ürtide ja vürtside lõhnad , mis läksid koos lihaga hautisesse . 	mõni aeg pärast tungima vend nina idamaine - - ja nüüd ei kahelnud|kahtlema enam keegi , et ka saatanlik - ürt ja vürts lõhn , mis minema koos liha hautis .
107		 Ning siis hakkas taas kostma vaikne , ent üha valjenev ümin . 	ning siis hakkama taas kostma vaikne , ent üha valjenev ümin .
107		 See aina kasvas ja valjenes ka hääl , millel vend Rus kedagi kutsus . 	see aina kasvama ja valjenema ka hääl , mis vend Rus keegi kutsuma .
108		" "" Jumala jõud ja õiglus olgu meiega , "" hüüdis tsellaarius . "	""" jumal jõud ja õiglus olema mina , "" hüüdma tsellaarius ."
108		" "" Nüüd ! "" "	""" nüüd ! """
108		 Ja nagu oleks ta vaenlase kindlust vallutava armee eesotsas , sööstis mees köögiukse poole , lõi selle jalaga lahti , et tunglevate ja ristidega vehkivate munkade salk saaks lävel troppi koguneda ja näha ... 	ja nagu olema tema vaenlane kindlus vallutav armee eesots , sööstma mees köögiuks poole , looma|lööma see jalg lahti , et tunglev ja rist|risti vehkiv munk salk saama lävi tropp kogunema ja nägema ...
109		 ... näha , kuidas põlevate silmadega vend Rus hüppas ehmunult tagasi kolde eest , kuhu ta just äsja oli midagi sisse puistanud , kuidas ta sulges hiigelsuure raamatu ja peitis selle enda selja taha , kuidas ta taganes vastu köögiseina ja kuidas tema vihkamist täis pilku sigines korraga hirm , sest mees oli aru saanud , et on teolt tabatud . 	... nägema , kuidas põlev silm vend Rus hüppama ehmunult tagasi kolle eest , kuhu tema just äsja olema miski sisse puistama|puistanud , kuidas tema sulgema hiigelsuur raamat ja peitma see ise selg taha , kuidas tema taganema vastu köögisein ja kuidas tema vihkamine täis pilk siginema korraga hirm , sest mees olema aru saama|saanud , et olema tegu|tigu tabama|tabatud .
110		" "" Mida sa siin toimetad , lugedes neid ketserlikke loitse , sina õnnetu ? "" kärkis prior , kogu oma häält ja meelekindlust kokku võttes . "	""" mis sina siin toimetama , lugema see ketserlik loits , sina õnnetu ? "" kärkima prior , kogu oma hääl ja meelekindlus kokku võtma ."
110		" "" Miks loed sa keset ööd riitusi ja mürgitad vagade vendade toitu ? "" "	""" miks lugema sina keset öö riitus ja mürgitama vaga vend toit ? """
111		" "" Ma ... ei midagi , "" jõudis vend Rus hirmunult pomiseda . "	""" mina ... ei miski , "" jõudma vend Rus hirmunult pomisema ."
112		" "" Mis raamat see on , sina õnnetu ? "" hüüdis tsellaarius Heicko , "" mis jumalasalgajalik raamat , mida sa seal peidad ? "" "	""" mis raamat see olema , sina õnnetu ? "" hüüdma tsellaarius Heicko , "" mis jumalasalgajalik raamat , mis sina seal peitma ? """
113		" "" See ? "	""" see ?"
113		 Ei midagi ... 	ei miski ...
113		" Vaid vagad palved ... "" "	"vaid vaga palve ... """
114		" "" Näita ! "	""" näitama !"
114		 Vennad , rebige see raamat talt käest ja las loeme meiegi neid vagasid palveid . 	vend , rebima see raamat tema käsi ja las lugema mina see vaga palve .
114		" Püha Neitsi nimel , edasi ! "" "	"Püha Neits|Neitsi nimel , edasi ! """
115		 Trobikond tsistertslasi valgus kitsukesse kööki ja sööstsid vend Rusi poole , kes kangekaelselt ja meeleheitlikult vastu pannes astus kolde poole , et haarata suure keeduraami alt põlev halg ja sellega vagasid vendi eemale peletada . 	trobikond tsistertslane valguma kitsuke köök ja sööstma vend Rus|Rusi poole , kes kangekaelselt ja meeleheitlikult vastu panema astuma kolle poole , et haarama suur keeduraam alt põlev halg ja see vaga vend eemale peletama .
115		 Ühe käega kobas ta halu järele , teisega varjas selja taga suurt ürikut . 	üks käsi kobama tema halg järele , teine varjama selg taga suur ürik .
115		 Kümned käed haarasid tema järele , mitmed neist said põletusi leekivast londist ja see tekitas viha , süstis vendadesse raevu ning õiglustunnet , seejärel tabasid vend Rusi esimesed rusikahoobid . 	kümme käsi haarama tema järele , mitu tema saama põletus leekiv lont ja see tekitama viha , süstima vend raev ning õiglustunne , seejärel tabama vend Rus|Rusi esimene rusikahoop .
116		" "" Te neetud , "" karjus Rus , "" te haiged , marutõbised koerad , te sitased , alandlikud orjad , te roojased vagatsejad , te reeturid , ussikesed , te põlege ! "	""" sina needma|neetud , "" karjuma Rus , "" sina haige , marutõbine koer , sina sitane , alandlik ori , sina roojane vagatseja , sina reetur , ussike , sina põlema !"
116		" Põlege ja lämbuge oma haisvas pasas ... "" "	"põlema ja lämbuma oma haisev pask ... """
116		 Ta röökis ja röökis ning üritas endiselt põleva haluga vendi süüdata , kuid viimaste jõud ületas tema oma , lootusetus võitluses tõrjuti ta üha enam keeva katla suunas , kuni kellegi rusikahoop pani ta tasakaalu kaotama , vend vaarus , karjatas valust , tundes selja vastas kuuma katla serva , ning järgmine löök — sedapuhku puust ristiga — saatis ta üle katlaääre , peadpidi keevasse vette . 	tema röökima ja röökima ning üritama endiselt põlev halg vend süütama , kuid viimane jõud ületama tema oma , lootusetu võitlus tõrjuma tema üha enam keev katel suunas , kuni keegi rusikahoop panema tema tasakaal kaduma|kaotama , vend vaaruma , karjatama valu , tundma selg vastas kuum katel serv , ning järgmine löök - sedapuhku puu rist|risti - saatma tema üle katlaäär , peadpidi keev vesi .
117		 Käratsevad ja vihast raevunud mungad — ja neid tuli dormitooriumist üha juurde , sest võitluskisa oli teisedki üles äratanud — kogunesid õhku ahmides kolde ümber ja jõllitasid seletamatus õuduses keevas vees visklevat meest . 	Käratsev|Käratseva|Käratsevad ja viha|viht raevuma|raevunud munk - ja see tulema dormitooriumine üha juurde , sest võitluskisa olema teine üles äratama|äratanud - kogunema õhk ahmima kolle ümber ja jõllitama seletamatu õudus keev vesi visklev mees .
117		 Kuumad pritsmed lendasid katlast ja see sundis munki sammukese tagasi astuma . 	kuum pritse lendama katel ja see sundima munk sammuke tagasi astuma .
118		 Korraga kerkis katlast välja Rusi pea , mis oli täis keevas vees saadud haavu ja põletusi . 	korraga kerkima katel välja Rus|Rusi pea , mis olema täis keev vesi saadud|saama haav ja põletus .
118		" Tundus , et tema silmad ei näinud enam , ja see üleni punaseks värvuv ja paisuv pea , mille ümber mullitasid karvad ja riidetükid ning tõusid õhku keeva inimlihaga segunevad teravate idamaiste vürtside aroomid , saatis õudusest tummade munkade poole oma viimased sajatused : "" Ilatsejad ! "	"tunduma , et tema silm ei nägema|näima|näinud enam , ja see üleni punane värvuv ja paisuv pea , mis ümber mullitama karv ja riidetükk ning tõusma õhk keev inimliha segunema terav idamaine vürts aroom , saatma õudus tumm munk poole oma viimane sajatus : "" ilatseja !"
118		 Vastikud perselakkujad , munniimejad , minu eest makstakse kätte ... 	vastik perselakkuja , munniimeja , mina eest maksma käsi ...
118		" Neetud ... saatan on suurem , oh palju suurem kui inimene , te ei tea ... te rögased litapojad ... "" "	"neetu ... saatan olema suurem , oh palju suurem kui inimene , sina ei teadma ... sina rögane litapoeg ... """
119		 Vend Rusi viimased karjed vaibusid seosetusse soigumisse , mille summutas peagi keeva vee mulksumine , kui mehe pea vajus taas vee alla . 	vend Rus|Rusi viimane karje vaibuma seosetu soigumine , mis summutama peagi keev vesi mulksumine , kui mees pea vajuma taas vesi alla .
119		 Väike köök oli tsistertslasi täis kogunenud , ent mitte keegi — mitte ainuski hing — ei teinud katset vend Rusi päästmiseks , niivõrd tummaks ja abituks oli neid nõidunud hirmuäratav vaatepilt . 	väike köök olema tsistertslane täis kogunema|kogunenud , ent mitte keegi - mitte ainus hing - ei tegema|teinud katse vend Rus|Rusi päästmine , niivõrd tumm ja abitu olema tema nõiduma|nõidunud hirmuäratav vaatepilt .
119		 Vend Rus kees surnuks , kees sodiks ja üle kõige võttis võimust talumatult vänge keenud liha , vere , kuse ja soolikate hais , mis kõik pinnale kerkisid , moodustades püdela punakaskollase massi ning milles helpis räbaldunud inimkeha . 	vend Rus keema surnud , keema sodi ja üle kõige võtma võim talumatult vänge keema|keenud liha , veri , kusi ja soolikas hais , mis kõik pind kerkima , moodustama püdel punakaskollane mass ning mis helpima räbalduma|räbaldunud inimkeha .
120		 Hirm ja paanika tuli hiljem , ent vaibus taas hauavaikuseks , kui tsellaarius Heicko tõstis maast raamatu , mida vend Rus oli oma elu hinnaga kaitsnud . 	hirm ja paanika tulema hiljem , ent vaibuma taas hauavaikus , kui tsellaarius Heicko tõstma maa raamat , mis vend Rus olema oma elu hind kaitsma|kaitsnud .
121		 See oli kõige suurem raamat , mida mungad kunagi näinud oli ja vaevalt saavad nad oma elus nägema suuremat , sest ürik oli ligi poole inimkeha pikkune ja meetrijagu lai . 	see olema kõige suurem raamat , mis munk kunagi nägema|näima|näinud olema ja vaevalt saama tema oma elu nägema suurem , sest ürik olema ligi pool inimkeha pikkune ja meetrijagu lai .
121		 Seda oli raske avada ja pöörata pargitud vasikanahast lehekülgi , mida katsid labakäesuurused veidras keeles kritseldatud tähemärgid . 	see olema raske avama ja pöörama pargitud|parkima vasikanahk lehekülg , mis katma labakäesuurus veider keel kritseldama|kritseldatud tähemärk .
121		 Ei olnud keeruline taibata , et ükski terve mõistuse juures viibiv olend sellist raamatut ei kirjutaks ... ega joonistaks neid pilte luupainajalike stseenidega — koletuid fantasme , mida võivad sünnitada vaid väga haiged mõttekujutlused . 	ei olema|olnud keeruline taipama , et ükski terve mõistus juures viibiv olend selline raamat ei kirjutama ... ega joonistama see pilt luupainajalik stseen - koletu fantasm , mis võima sünnitama vaid väga haige mõttekujutlus .
121		 Raamatust lausa õhkas ebainimlikkust . 	raamat lausa õhkama ebainimlikkus .
122		 Tummas jahmatuses silmitsesid vennad pilte , piinlikult detailitäpseid joonistusi koletislikest rituaalidest ja elusalt müürimistest , kuni jõudsid kohani , mis pani nende kurgust karje vallanduma . 	tumm jahmatus silmitsema vend pilt , piinlikult detailitäpne joonistus koletislik rituaal ja elusalt müürimine , kuni jõudma koha|koht , mis panema tema kurk karje vallanduma .
122		 Sest nende ees avanes vend Rusi nägu , kes siinsamas köögis toppis väikesi lapsi katlasse ja pakkus siis neid hõrgutistena munkadele ; siin oli illustratsioon abtist ja mida seal täpsemalt kujutati , ei julenud ükski vend meelde jätta . 	sest tema ees avanema vend Rus|Rusi nägu , kes siinsamas köök toppima väike|väikene laps katel ja pakkuma siis see hõrgutis munk ; siin olema illustratsioon abt ja mis seal täpsemalt kujutama , ei julenud|julgema üks vend meel jätma .
122		 Jah , ka endi näod tundsid vennad piltidelt ära ja vaid kõige vapramad neist suutsid vaadata viimast lehekülge , mis kujutas tuleasemel katlas keevat vend Rusi , kelle ümber seisid võidurõõmsate nägudega tsellaarius Heicko , prior Rupert ja kõik teised , silmitsemas maailma kõige suuremat raamatut , mida kindlasti polnud kirjutanud ükski inimene ja mille tagakaanel seisis justkui hoiatuse või mõnitusena vigases ladina keeles : Diabolous superior qui homo est — Saatan on suurem kui inimene . 	jah , ka ise nägu tundma vend pilt ära ja vaid kõige vapram see suutma vaatama viimane lehekülg , mis kujutama tulease katel keev vend Rus , kes ümber seisma võidurõõmus nägu tsellaarius Heicko , prior Rupert ja kõik teine , silmitsema maailm kõige suurem raamat , mis kindlasti olema kirjutama|kirjutanud ükski inimene ja mis tagakaas seisma justkui hoiatus või mõnitus vigane ladina keel : Diabolous superior qui homo est - saatan olema suurem kui inimene .
