par_nr	head	sentence	lemmas
1	 Doonorelundid 	 Doonorelundid 	doonorelund
2		 Maniakkide Tänav 	maniakk tänav
3		 August oli juba pea täielikult paranenud ja pidi peagi haiglast koju saama . 	August olema juba pea täielikult paranema|paranenud ja pidama peagi haigla kodu saama .
4		" "" Polegi need Jõgeva arstid need kõige hullemad , "" mõlgutas ta . "	""" olema see Jõgeva arst see kõige hullem , "" mõlgutama tema ."
4		" "" Mis tost , et nende valediagnoosidest imelikest ravivõtetest linna peal hirmu- ja õudusejutte räägitakse . "" "	""" mis too , et tema valediagnoos imelik ravivõte linn peal hirm ja õudusejutt rääkima . """
5		 Raadiokell piiksus üheksa ning justkui sellele rihitult lükati varbad ees palatisse uus patsient . 	raadiokell piiksuma üheksa ning justkui see rihitu lükkama varvas ees palat uus patsient .
5		 Avarii ohver , nagu selgitas õde . 	avarii ohver , nagu selgitama õde .
5		 Vaene vennike oli ülepeakaela sidemetesse mähitud . 	vaene vennike olema ülepeakaela side mähitud|mähkima .
5		 August kõlgutas voodiserval jalgu ja valmistus uuega entusiastlikult vestlusse astuma , kuid õde laitis selle nõu maha : mees vajavat rahu . 	August kõlgutama voodiserv jalg ja valmistuma uus entusiastlikult vestlus astuma , kuid õde laitma see nõu maha : mees vajav rahu .
5		 Ja seda pidi August isegi tunnistama , et avariiohver eelistas pigem suletud silmil vait ja vagusi olla , mis ehk tulenes ikka veel osaliselt mõjuvast narkoosist . 	ja see pidama August isegi tunnistama , et avariiohver eelistama pigem suletud|sulgema silm vait ja vagusi olema , mis ehk tulenema ikka veel osaliselt mõjuv narkoos .
5		 Ohates keeras August raadio vaiksemaks ja asus raamatut lugema . 	ohkama keerama August raadio vaiksem ja asuma raamat lugema .
5		 Palat oli lämbe ning avanud akna , keeras August end peagi magama . 	palat olema lämbe ning avama|avanud aken , keerama August ise peagi magama .
6		 Öö . 	öö .
6		 Pahaselt keeras August teise külje . 	pahaselt keerama August teine külg .
6		 Kõige magusama une pealt tundis ta , et peab asjale minema . 	kõige magusam uni pealt tundma tema , et pidama asi minema .
7		" "" Neetud ! "" vandus ta mõttes . "	""" neetu ! "" vanduma tema mõte ."
7		" "" Nüüd mine ringi tuiama ja siis ei jää jälle tükk aega magama . "" "	""" nüüd minema ringi tuiama ja siis ei jääma jälle tükk aeg magama . """
7		 Kuid teha polnud midagi . 	kuid tegema olema miski .
7		 Huuled enda peale pahameelest torus , ajas mees end üles ja kooberdas WC-sse . 	Huul|Huule|Huuled ise peale pahameel toru , ajama mees ise üles ja kooberdama WC .
7		 Heitnud unise pilgu uue kaaslase poole , täheldas ta , et too on jalutu . 	heitma|heitnud unine pilk uus kaaslane poole , täheldama tema , et too olema jalutu .
7		 Pannud kitsukeses ruumis tule põlema , astus August poti ette ja ajas püksid maha . 	pannu kitsuke ruum tulema põlema , astuma August poti|pott ette ja ajama püks maha .
7		 Sellesse poosi ta mõneks hetkeks ka jäi , lollakalt allapoole vahtima . 	see poos tema mõni hetk ka jääma , lollakalt allapoole vahtima .
7		 Midagi oli raskelt valesti . 	miski olema raskelt valesti .
7		 Ta sikutas püksid uuesti üles ja kuumalaine käis üle terve kere . 	tema sikutama püks uuesti üles ja kuumalaine käima üle terve kere .
7		 Tal oli all kaks paari jalgu . 	tema olema all kaks paar jalg .
7		 Ühed olid ilusti pükstes , teised , veidi pikemad karvased sääred algasid puusadelt . 	üks olema ilusti püks , teine , veidi pikem karvane säär algama puus .
7		 Sealt kus pidzaamapükste värvel lõppes . 	sealt kus pidzaamapüks värvel lõppema .
7		 August oli lühike mees ja kõik — ka kõrgemalt algavad jalad — ulatusid ilusti põrandani . 	August olema lühike mees ja kõik - ka kõrgemalt algama jalg - ulatuma ilusti põrand .
7		 August astus sammu tagasi . 	August astuma samm tagasi .
7		 Kõik neli jalga allusid talle nagu varem kaks tükki , ainult astuda oli veidi kindlam . 	kõik neli jalg alluma tema nagu varem kaks tükk , ainult astuma olema veidi kindlam .
7		 Ta pani käe jalale ja silitas seda . 	tema panema käsi jalg ja silitama see .
7		 Jalg oli tema oma , mis tema oma . 	Jalg olema tema oma , mis tema oma .
7		 Mees tundis selgesti oma käe puudutust . 	mees tundma selgesti oma käsi puudutus .
7		 Ärevus haaras Augustil ajust ja pitsitas seda . 	ärevus haarama august aju ja pitsitama see .
7		 Susside lohisedes ja paljaste jalgade plätsudes kandus vennike koridori ning sammus jalgu sassi ajamata valveõe lauakese poole . 	suss lohisema ja paljas jalg plätsuma kanduma vennike koridor ning sammuma jalg sassi ajama valveõde lauake poole .
7		 Laua ees jäi ta seisma . 	laud ees jääma tema seisma .
7		 Õde tõstis pilgu ajakirjast ja vaatas talle küsivalt otsa . 	õde tõstma pilk ajakiri ja vaatama tema küsivalt otsa .
7		 August tõstis oma kaks paljast jalga üles ja lõi nende taldadega õe nina all plaksu . 	August tõstma oma kaks paljas jalg üles ja looma|lööma see tald õde nina all plaks .
8		" "" M-mis te s-selle peale ütlete ? "" kraaksatas ta kokutades , kuid küllaltki rahulikult , sest asi polnud talle veel päris kohale jõudnud . "	""" M-mis sina s-see peale ütlema ? "" kraaksatama tema kokutama , kuid küllaltki rahulikult , sest asi olema tema veel päris kohale jõudma|jõudnud ."
8		" Õde jõllitas teda hetke jahmunult , kuid pomisenud siis midagi , mis kõlas nagu "" üks moment "" , haaras sisetelefoni toru ja klõbistanud nuppe , sisistas sellesse : "" Mida te juhmid seal teete ? "	"õde jõllitama tema hetk jahmunult , kuid pomisema|pomisenud siis miski , mis kõlama nagu "" üks moment "" , haarama sisetelefon toru ja klõbistama|klõbistanud nupp , sisistama see : "" mis sina juhm seal tegema ?"
8		" Üks patsient keldriblokist kooserdab siin praegu ringi ... selge , et kindel — TAL ON NELI JALGA ! "" ja virutas vihaselt toru hargile . "	"üks patsient keldriblokk kooserdama siin praegu ringi ... selge , et kindel - tema olema neli jalg ! "" ja virutama vihaselt toru hark ."
8		" "" Kohe tullakse . "" "	""" kohe tulema . """
9		 August ei öelnud midagi . 	August ei öelnud|ütlema miski .
9		 Ta oli tumm mis tumm . 	tema olema tumm mis tumm .
10		" "" Ärge seiske siin valguse käes , keegi patsientidest võib veel näha , saab südamerabanduse . "	""" ära seisma siin valgus käes , keegi patsient võima veel nägema , saama südamerabandus ."
10		" Mis asju te siin õieti ajate ? "" "	"mis asi sina siin õieti ajama ? """
11		" "" Ma ei tea , "" pomises August segaselt . "	""" mina ei teadma , "" pomisema August segaselt ."
11		" "" Mul oli kopsupõletik , aga sellest sain üle . "" "	""" mina olema kopsupõletik , aga see saama üle . """
12		" "" Kopsupõletik ? "	""" kopsupõletik ?"
12		 Miks nad teile siis jalad külge pookisid ? 	miks tema sina siis jalg külge pookima ?
12		" Või olete amm ? "" "	"või olema amm ? """
13		 August ei saanud midagi aru . 	August ei saama|saanud miski aru .
13		" "" Küllap vist , "" pomises ta . "	""" küllap vist , "" pomisema tema ."
14		" "" Mina olen ka , muidugi ainult siis , kui ma öövalves olen . "	""" mina olema ka , muidugi ainult siis , kui mina öövalve olema ."
14		" Lisaraha ei tee kunagi paha . "" "	"lisaraha ei tegema kunagi paha . """
14		 Naine lükkas juuksepahmaka kõrvale ja näitas vasakul pool pead olevat kolme kõrva ja kitliesist triikides kolme rinda . 	naine lükkama juuksepahmakas kõrvale ja näitama vasakul pool pidama olema kolm kõrv ja kitliesine triikima kolm rind .
14		" "" Vaesekesi peab ju toitma , kuni nad omaniku leiavad . "" "	""" vaeseke|vaesekene pidama ju toitma , kuni tema omanik leidma . """
15		 Eemalt koridorilabürindist hakkas kostma jalgade astumist ning summutatud kõnesosinat . 	eemalt koridorilabürint hakkama kostma jalg astumine ning summutama|summutatud kõnesosin .
16		" "" J-jah-jah raha ei tee kunagi paha , "" noogutas ka August tundmatu ohu lähenemist tajudes ja veel enam närvi minnes . "	""" J-jah-jah raha ei tegema kunagi paha , "" noogutama ka August tundmatu oht lähenemine tajuma ja veel enam närv minema ."
16		 See oli nagu mingi painaja . 	see olema nagu mingi painaja .
16		 Kolme rinna ja nelja kõrvaga naine , tumehämaratest koridoridest lähenevad Keldribloki inimesed ( arvatavasti inimesed ) . 	kolm rind ja neli kõrv naine , tumehämar koridor lähenema keldriblokk inimene ( arvatavasti inimene ) .
16		 Ja tal endal neli jalga . 	ja tema ise neli jalg .
17		" "" Kahte pead sa niisama lihtsalt otsa ei klapita , "" kostis koridorihämust . "	""" kaks pea sina niisama lihtsalt otsa ei klapitama , "" kostma koridorihämu ."
17		" "" Sellega on ikka tükk pusimist . "" "	""" see olema ikka tükk pusimine . """
18		 August taganes ja pistis kõigi oma nelja jalaga jooksu . 	August taganema ja pistma kõik oma neli jalg jooks .
19		" "" Kuhu ! "" kostis selja tagant valveõe terav käratus . "	""" kuhu ! "" kostma selg tagant valveõde terav käratus ."
19		 August tuiskas ümber nurga ja kihutas esimesele korrusele viiva trepi poole . 	August tuiskama ümber nurk ja kihutama esimene korrus viiv trepp poole .
20		" "" Kitsepõrgusse ! "" vingatas ta endamisi , kui kuulis tagant äkilisi hõikeid ja tagaajamismüdinat . "	""" kitsepõrgu ! "" vingatama tema endamisi , kui kuulma tagant äkiline hõige ja tagaajamismüdin ."
20		 Jooksnud pimedas õigest koridorist mööda , põrkas August vastu mingit potis kasvavat kummipuud , pöördus ringi ja süstis õigesse suunda . 	jooksma|jooksnud pime õige koridor mööda , põrkama August vastu mingi poti|pott kasvav kummipuu , pöörduma ringi ja süstima õige suund .
20		 Ent viivitushetk maksis end kätte . 	ent viivitushetk maksma ise käsi .
20		 Mustavast õhust kihutas välja kahepäine , kuuekäeline ja jumal üksi teab mitmejalgne peletis . 	mustav õhk kihutama välja kahepäine , kuuekäeline ja jumal üksi teadma mitmejalgne peletis .
20		 Hirmuhuilet kuuldavale lastes haaras August trepikoja ukse kõrval seisva metallvarrastest riidenagi ja ise peaaegu vastu seina joostes käänas otsa jooksu pealt olevuse poole . 	hirmuhuile kuuldav laps haarama August trepikoda uks kõrval seisev metallvarras riidenagi ja ise peaaegu vastu sein jooksma käänama otsa jooks pealt olevus poole .
20		 See rehmas kõigi oma kuue käega , ent tegu oli siiski nii ootamatu , et piigina tungisid mütsivarna ogad tollele vasakusse pähe . 	see rehmama kõik oma kuus käsi , ent tegu olema siiski nii ootamatu , et piik tungima mütsivarn oga too vasak pea .
20		 Õõksatades taarus olevus paar sammu tagasi ja enne veel kui põrandale kukkus , lagunes tükkideks . 	Õõksatades taaruma olevus paar samm tagasi ja enne veel kui põrand kukkuma , lagunema tükk .
20		 Käed-jalad ning teine pea pudenesid läbisegi põrandale ning hakkasid seal siis rahutult siplema . 	käed-jalg ning teine pea pudenema läbisegi põrand ning hakkama seal siis rahutult siplema .
20		 Õudusega nägi August , kuidas jalad ennast ükshaaval hämaruses püsti ajasid ja tema poole hüplema hakkasid . 	õudus nägema August , kuidas jalg ise ükshaaval hämarus püsti ajama ja tema poole hüplema hakkama .
20		 Tumedalt linoleumilt ei paistnud hästi , aga mees tundis , et ka käed sibavad tema poole . 	tume linoleum ei paistma|paistnud hästi , aga mees tundma , et ka käsi sibama tema poole .
20		 Pooleks ininaga urisedes kukkus August neid jalgade ja riidevarnaga laiali peksma . 	pooleks inin urisema kukkuma August tema jalg ja riidevarn laiali peksma .
20		 Pealetungivad ihuliikmed tõmbusid tagasi , niipea kui ta oli mõnel neis luud purustanud ja kadusid krabistades pimedatesse koridoridesse ning trepikotta kuhu nad ta hoopidest paiskusid . 	pealetungiv ihuliige tõmbuma tagasi , niipea kui tema olema mõni see luu|luud purustama|purustanud ja kaduma krabistama pime koridor ning trepikoda kuhu tema tema hoop paiskuma .
20		 Ainult purustatud peaga , kahe käe ja jalaga inimkeha jäi põrandale veritsedes lamama . 	ainult purustama|purustatud pea , kaks käsi ja jalg inimkeha jääma põrand veritsema lamama .
20		 Ning teine pea , mis külmal kooljailmel Augustit vahtis . 	ning teine pea , mis külm kooljailme august vahtima .
20		 Mees virutas sellele riidevarnaga - ajusi laiali pritsides lendas pea pimedusse , kus ta vastu seina kopsatas . 	mees virutama see riidevarn - ajus laiali pritsima lendama pea pimedus , kus tema vastu sein kopsatama .
21		 August seisis vabisedes keset musta koridori ja ei teadnud mida teha . 	August seisma vabisema keset must koridor ja ei teadma|teadnud mis tegema .
21		 Trepile ta pelgas minna , sest kartis sinna kadunud paari kätt ja jalga . 	trepp tema pelgama minema , sest kartma sinna kaduma|kadunud paar käsi ja jalg .
21		 Arvatavasti jäid nad kuhugi varitsema . 	arvatavasti jääma tema kuhugi varitsema .
21		 Sealtpoolt , kust ta tulnud oli , kostsid äkki mingid hääled . 	sealtpoolt , kust tema tulema|tulnud olema , kostma äkki mingi hääl .
21		 Küllap oli keegi lärmi peale üles ärganud . 	küllap olema keegi lärm peale üles ärganud|ärkama .
21		 Siis vapustas haiglat jube kriiskamine . 	siis vapustama haigla jube kriiskamine .
22		" "" KÄSIIIII , KÄSIIII ! "" "	""" Käsiiiii , Käsiiii ! """
23		 Kellegi hõik , millegi klirin . 	keegi hõik , miski klirin .
23		 Kriiskamine lämmatati , see muutus mulksuvaks ja hajus . 	kriiskamine lämmatama , see muutuma mulksuv ja hajuma .
23		 Ent nüüd kostis uste avamist ning hääli ka mujalt . 	ent nüüd kostma uks avamine ning hääl ka mujalt .
23		 August hakkas mööda seinaääri sinnapoole hiilima . 	August hakkama mööda seinaäär sinnapoole hiilima .
23		 Ärritatud-ehmunud hääled valjenesid . 	ärritatud-ehmuma|ärritatud-ehmunud hääl valjenema .
24		" "" Oodake siin , ma lähen kutsun kohe tohtri ! "" kostis valveõe hääl . "	""" ootama siin , mina minema kutsuma kohe tohter ! "" kostma valveõde hääl ."
25		 August piilus nurga tagant välja . 	August piiluma nurk tagant välja .
25		 Kitlis naine kadus teisele poole koridorihämusse . 	kittel naine kaduma teine poole koridorihämu .
25		 Põrandal lamas minestunud naispatsient ning ümber tema 7-8 pidzhaamades inimest . 	põrand lamama minestunud naispatsient ning ümber tema 7-8 pidzhaama inimene .
25		 Laual , mille kõrval nad seisid , lebas käsi . 	laud , mis kõrval tema seisma , lebama käsi .
25		 Arvatavasti üks neist , kes Augusti eest jalga lasid . 	arvatavasti üks tema , kes august eest jalga laskma .
26		" "" Oleks võinud ju SELLE ka kaasa võtta , "" virises keegi . "	""" olema võima|võinud ju sell ka kaasa võtma , "" virisema keegi ."
26		 Üks meestest astus lauale ligemale ja katsus kätt . 	üks mees astuma laud ligemale ja katsuma käsi .
26		 Sooja puudutust tundes elustus käsi silmapilkselt . 	soe puudutus tundma elustuma käsi silmapilkselt .
26		 Välkkiirelt haarasid sõrmed mehel randmest . 	välkkiirelt haarama sõrm mees ranne .
26		 Hirmust röögatades hüppas mees metsikult oma kätt vabaks raputada püüdes eemale . 	hirm röögatama hüppama mees metsikult oma käsi vaba raputama püüdma eemale .
26		 Ent SEE oli kui tangidega ta küljes . 	ent see olema kui tangid tema küljes .
26		 Vastikusest moondunud näoga tagus mees Kätt vastu lauaplaadi serva . 	vastikus moonduma|moondunud nägu taguma mees käsi vastu lauaplaat serv .
26		 Puhkes kohutav lärm ja rüsin , milles keegi vanem mees endal rinnust haaras ja põrandale vajus . 	puhkema kohutav lärm ja rüsin , mis keegi vanem mees ise rind haarama ja põrand vajuma .
26		 August volksas nurga tagant välja ja jooksis Käega maadlevale mehele appi . 	August volksama nurk tagant välja ja jooksma käsi maadlev mees abi .
26		 Enne veel kui ta kohale jõudis oli Käsi mingi trikiga mehel kõri kallal . 	enne veel kui tema kohale jõudma olema käsi mingi trikk mees kõri kallal .
26		 August haaras Käest ja hakkas seda ära kiskuma . 	August haarama käsi ja hakkama see ära kiskuma .
26		 Mehe silmamunad pöördusid pahupidi . 	mees silmamuna pöörduma pahupidi .
26		 Käe hiigelbiitseps värises pingutusest . 	käsi hiigelbiitseps värisema pingutus .
26		 Nähes pimedusest ilmunud neljajalgset meest üksiku käe kallal , põgenesid paanikas patsiendid haiglasügavusse . 	nägema pimedus ilmuma|ilmunud neljajalgne mees üksik käsi kallal , põgenema paanika patsient haiglasügavus .
26		 Meeletult rapsides kiskus August mehe tahtmatult tasakaalust välja . 	meeletu raps kiskuma August mees tahtmatult tasakaal välja .
26		 See kukkus alguses põlvili , seejärel kõhuli . 	see kukkuma algus põlvili , seejärel kõhuli .
26		 Siis lasi ka Käsi temast lahti . 	siis laskma ka käsi tema lahti .
26		 August , kes ei osanud seda oodatagi , pidi oma neljast jalast hoolimata selili prantsatama . 	August , kes ei osanud|oskama see ootama , pidama oma neli jalg hoolimata selili prantsatama .
26		 Hooga tõmbas ta Käe vastu oma rüseluses paljakskistud rinda . 	Hooga tõmbama tema käsi vastu oma rüselus paljakskistud rind .
26		 August tundis kerget valupistet ja siis oli käsi temaga üks . 	August tundma kerge valupiste ja siis olema käsi tema üks .
26		 Lahutamatu nagu jaladki . 	lahutamatu nagu jalg .
26		 Rõvedust tundes haaras August sellest kinni ja tundis , et hoiab käes iseenda kätt . 	rõvedus tundma haarama August see kinni ja tundma , et hoidma käsi iseenese käsi .
27		 Sellest vapustusest toibumata kuulis August taaskord eemal sammukobinat ja hääli . 	see vapustus toibuma kuulma August taaskord eemal sammukobin ja hääl .
27		 Kikivarvul hüppas ta oma palatiuksest sisse ja tõmbas selle enda järel peaaegu kinni , jättes vaid õrnalt paokile . 	kikivarvul hüppama tema oma palatiuks sisse ja tõmbama see ise järel peaaegu kinni , jätma vaid õrnalt paokile .
27		 Siis heitis ta pilgu ümberringi . 	siis heitma tema pilk ümberringi .
27		 Palatis polnud kedagi peale jalutu avariiohvri . 	palat olema keegi peale jalutu avariiohver .
27		 JALUTU ? 	jalutu ?
27		 Augustile tõusis eredalt silme ette pilt , kuidas too mees õhtul tuppa lükati . 	august tõusma eredalt silm ette pilt , kuidas too mees õhtu tuba lükkama .
27		 JALAD EES !!! 	jalg esi !! !
27		 Hetke seisis ta nagu halvatu . 	hetk seisma tema nagu halvatu .
27		 Ning siis taipas ta , et mees on ärkvel ja vahib teda ja tema kaht paari jalgu . 	ning siis taipama tema , et mees olema ärkvel ja vahtima tema ja tema kaks paar jalg .
27		" August lausa hüppas talle oma kolme käega kallale : "" Sina oled selles värgis osanik , "" lõrises August ja näitas kolmanda käega oma karvastele lisajalgadele . "	"August lausa hüppama tema oma kolm käsi kallale : "" sina olema see värk osanik , "" lõrisema August ja näitama kolmas käsi oma karvane lisajalg ."
27		 Mees noogutas ehmunult . 	mees noogutama ehmunult .
28		" "" Kust sa nad said ? "	""" kust sina tema saama ?"
28		" MIKS NAD MINU KÜLJES ON ? "" "	"miks tema mina külg olema ? """
28		 Ta heitis pilgu palatiukse poole . 	tema heitma pilk palatiuks poole .
28		 Koridorist kostis tramburai minestanud naise ja kahe surnud mehe ümber . 	koridor kostma tramburai minestama|minestanud naine ja kaks surema|surnud mees ümber .
28		 Paistis , et ka vanaätt oli hinge heitnud . 	paistma , et ka vanaätt olema hing heitma|heitnud .
29		" "" RÄÄGI ! "	""" rääkima !"
29		" Vaikselt aga kiiresti ! "" "	"vaikselt aga kiiresti ! """
30		" "" Ma sain nad peale avariid , kus ma mõlemast jalast ilma jäin . "	""" mina saama tema peale avarii , kus mina mõlema jalg ilma jääma ."
30		" Doktor Pärnakeselt , tema need aretas . "" "	"doktor pärnake , tema see aretama . """
31		" "" Misasjad ? "" "	""" Misasja|Misasjad ? """
32		" "" Need doonorjalad . "" "	""" see doonorjalg . """
33		" "" ... ja käed , "" August lehvitas oma lisakätt mehe näo ees . "	""" ... ja käsi , "" August lehvitama oma lisakäsi mees nägu ees ."
34		" "" ... ja käed ja muud asjad . "" "	""" ... ja käsi ja muu asi . """
35		" "" Misasjad ? "" "	""" Misasja|Misasjad ? """
36		" "" Need on nagu eraldi elusorganismid , parasiiditüüpi . "	""" see olema nagu eraldi elusorganism , parasiiditüüp ."
36		 Kui inimesele külge paned , lülituvad kohe tema närvi- ja vereringesüsteemi . 	kui inimene külge panema , lülituma kohe tema närv ja vereringesüsteem .
36		 Sealt saavad nad peremehelt toitaineid . 	sealt saama tema peremees toitaine .
36		" Neil endil ju suud ei ole . "" "	"tema ise ju suu ei olema . """
37		 August vahtis teda uskudes enda hullumeelsusse . 	August vahtima tema uskuma ise hullumeelsus .
38		" "" Aga miks nad minu küljes on ? "	""" aga miks tema mina küljes olema ?"
39		 Mees naeratas virilalt . 	mees naeratama virilalt .
39		" "" Sellepärast , et ma sain vigastada . "	""" sellepärast , et mina saama vigastama ."
39		 Kui peremeesorganism ei suuda enam oma kohust täita , siis lähevad need neetud parasiidid uut peremeest otsima . 	kui peremeesorganism ei suutma enam oma kohus täitma , siis minema see needma|neetud parasiit uus peremees otsima .
39		" See on nende ainus viga . "" "	"see olema tema ainus viga . """
40		" "" Teine viga on neil veel , "" ütles August . "	""" teine viga olema tema veel , "" ütlema August ."
40		" "" Nad tapavad inimesi . "" "	""" tema tapma inimene . """
41		" Mees raputas kõhklevalt pead , "" ..ee .. eei teea , kui sa neile just liiga ei tee . "" "	"mees raputama kõhklevalt pea , "" .. esi .. eei teea , kui sina tema just liiga ei tegema . """
42		 August võpatas , mõeldes inimesele , kelle ta oli riidevarnaga tapnud . 	August võpatama , mõtlema inimene , kes tema olema riidevarn tapma|tapnud .
43		" "" Aga miks nad seda siis salaja teevad ? "	""" aga miks tema see siis salaja tegema ?"
43		" See on ju suur leidus ! "" "	"see olema ju suur leiduma ! """
44		" "" A mis sellest lihtrahvale ikka kuulutada , raha neil nagunii pole . "	""" A mis see lihtrahvas ikka kuulutama , raha tema nagunii olema ."
44		 Tasu neid ilmaasjata kättesaamatuga õrritada . 	tasu see ilmaasjata kättesaamatu õrritama .
44		" Muidu veel keelatakse jälle ära , nagu klooniminegi . "" "	"muidu veel keelama jälle ära , nagu kloonimine . """
45		 August korsatas . 	August korsatama .
45		" "" Noh , enam seda vaka all ei hoita , "" sisises ta ja tõusis . "	""" noh , enam see vakk all ei hoidma , "" sisisema tema ja tõusma ."
45		 Kuulatas . 	kuulatama .
45		 Koridoris oli kõik vaikseks jäänud . 	koridor olema kõik vaikne jääma|jäänud .
45		 Nähtavasti oli personal valitseva segaduse klaarimisega kusgil mujal ametis . 	nähtavasti olema personal valitsev segadus klaarimine kusg|kusgi mujal amet .
46		" "" Kuhu sa , loll , lähed , "" hüüatas mees . "	""" kuhu sina , loll , minema , "" hüüatama mees ."
47		" "" Kuhu vaja , sinna lähengi , "" pomises August ja libistas end palatist välja . "	""" kuhu vaja , sinna minema , "" pomisema August ja libistama ise palat välja ."
47		 LÄTAKI , lõi kirvehoop ta pea pooleks . 	Lätaki , looma|lööma kirvehoop tema pea pool .
47		 Tükkideks lagunedes vajus poole peaga keha põrandale . 	tükk lagunema vajuma pool pea keha põrand .
47		 Kirves koos pea ülemise poolega jäi uksepiida sisse . 	kirves koos pea ülemine pool jääma uksepiit sisse .
47		 Doktor Pärnake vaatas valveõele valjult otsa . 	doktor Pärnake vaatama valveõde valjult otsa .
48		" "" Patsiendid palatisse tagasi ja hommikul kannad ette , et nad said kogemata hallutsinatsioone esile kutsuvaid aineid . "" "	""" patsient palat tagasi ja hommik kand|kanna ette , et tema saama kogemata hallutsinatsioon esile kutsuv aine . """
