par_nr	head	sentence	lemmas
1	 Habras ime 	 Habras ime 	habras ime
2		 Karen Orlau 	Karen Orlau
3		 Mina olen Mart . 	mina olema Mart .
3		 Ma olen viiskymmend viis aastat vana , sygisel saan viiskymmend kuus . 	mina olema viiskymmend viis aasta vana , sygis saama viiskymmend kuus .
3		 Praegu mul tööd ei ole . 	praegu mina töö ei olema .
3		 Kaua aega ei ole olnud , vist juba kuus aastat . 	kaua aeg ei olema olema|olnud , vist juba kuus aasta .
3		 Algul sain ikka töötu abiraha , aga nyyd on sedaviisi , et enam ei saa õieti midagi . 	algul saama ikka töötu abiraha , aga nyyd olema sedaviisi , et enam ei saama õieti miski .
3		 Ega ma ei kurda . 	ega mina ei kurtma .
3		 Siin-seal saab yhtteist nokitseda , vanu autosid ma ka ikka tunnen . 	siin-seal saama yhttei nokitsema , vana auto mina ka ikka tundma .
3		 Nii et kui naabrimehe masin on jälle katki , siis tuleb minu poole , et kuule Mart , äkki oskad ära parandada . 	nii et kui naabrimees masin olema jälle katki , siis tulema mina poole , et kuulma Mart , äkki oskama ära parandama .
3		 Eks ma ikka enamasti oskan ka . 	eks mina ikka enamasti oskama ka .
3		 Siis saab jälle natuke raha ja — elu saab elatud . 	siis saama jälle natuke raha ja - elu saama elama|elatud|elatuma .
4		 Nii et päris ilma rahata ma ei ole . 	nii et päris ilma raha mina ei olema .
4		 Ja vargil ma ei käi . 	ja vargil mina ei käima .
4		 Kunagi ei ole käinud . 	kunagi ei olema käima|käinud .
4		 Kuidas sa võtad teise inimese oma , vaata kui on samasugune vaene kui ise oled . 	kuidas sina võtma teine inimene oma , vaatama kui olema samasugune vaene kui ise olema .
4		 Vargaid ma ei salli . 	varas mina ei sallima .
4		 Meil hoovis on yks poiss , kurinahk , kes vahel vägisi vargile kipub . 	mina hoov olema yks poiss , kurinahk , kes vahel vägisi vargile kippuma .
4		 No näiteks viimane kord viis Martalt pesu nööri pealt ära . 	no näiteks viimane kord viima Marta pesu nöör pealt ära .
4		 Marta meeldib mulle . 	Marta meeldima mina .
4		 Mitte ainult sellepärast , et nimi on sarnane , vaid ta on muidu ka hea inimene . 	mitte ainult sellepärast , et nimi olema sarnane , vaid tema olema muidu ka hea inimene .
4		 No ja poiss viis tal pesu ära . 	no ja poiss viima tema pesu ära .
4		 Aga ma sugesin siis seda poissi , Jaanus on veel ta nimi — eks kysige Marta käest , kui te ei usu . 	aga mina sugema siis see poiss , Jaanus olema veel tema nimi - eks kysige Marta käsi , kui sina ei uskuma .
5		 Nyyd ma pean muidugi viinast kirjutama . 	Nyy|Nyyd mina pidama muidugi viin kirjutama .
5		 Jah , ytlen ausalt ära , et viinaviga on mul kyljes kyll . 	jah , ytlen ausalt ära , et viinaviga olema mina kylje kyll .
5		 Ega seda salata ei saa , seda teavad niikuinii kõik . 	ega see salgama ei saama , see teadma niikuinii kõik .
6		 Viinaraha teenin ma ise . 	viinaraha teenima mina ise .
6		 Parandan autosid ja teen muud tööd . 	parandama auto ja tegema muu töö .
6		 Mõni annab kohe pudeli töö eest tasuks , siis jääb see ostmisevaev ära . 	mõni andma kohe pudel töö eest tasuma , siis jääma see ostmisevaev ära .
7		 Miks ma siis joon ? 	miks mina siis joon ?
7		 Juta kysis ka , et miks sa , vanamees jood nii palju . 	Juta kysima ka , et miks sina , vanamees jood nii palju .
7		 Parem too raha koju , osta midagi head syya või midagi . 	parem too raha kodu , ostma miski hea syya või miski .
7		 Juta oli minu naine . 	Juta olema mina naine .
7		 Ta oli hea inimene ja muretses minu pärast , kuigi sellest oli raske aru saada . 	tema olema hea inimene ja muretsema mina pärast , kuigi see olema raske aru saama .
7		 Ega talgi kerge olnud . 	ega talk kerge olema|olnud .
7		 Õigus kyll , tema palgast me ostsime syya . 	õigus kyll , tema palk mina ostma syya .
7		 Ja mina teenisin jälle ise oma viinaraha . 	ja mina teenima jälle ise oma viinaraha .
7		 Kui ta poleks ise tahtnud , poleks ta pidanud mulle syya ostma . 	kui tema olema ise tahtma|tahtnud , olema tema pidama|pidanud mina syya ostma .
7		 Aga ta ise ostis ja pärast näägutas mind selle eest . 	aga tema ise ostma ja pärast näägutama mina see eest .
7		 See ei olnud jälle kena , sest mina ostsin oma raha eest viina , tema teadis ise , mis oma rahaga teeb . 	see ei olema|olnud jälle kena , sest mina ostma oma raha eest viin , tema teadma ise , mis oma raha tegema .
7		 Mina teda ei käskinud ega keelanud ! 	mina tema ei käskima|käskinud ega keelama|keelanud !
8		 Purjuspäi on elu teistsugune . 	purjuspäi olema elu teistsugune .
8		 Kui kainena on syda täis ja muresid palju , siis tuleb ruttu viina juua . 	kui kaine olema syda täis ja mure palju , siis tulema ruttu viin jooma .
8		 Siis on kõik ununenud ja on hea olla . 	siis olema kõik ununema|ununenud ja olema hea olema .
8		 Pähe tulevad ilusad mõtted . 	pea tulema ilus mõte .
8		 Kui oskaks , siis prooviks luuletusi kirjutada . 	kui oskama , siis proovima luuletus kirjutama .
8		 Tunne on kyll selline , et pähe tuleb nii palju võimsaid luuletusi , kõik algusest lõpuni valmis , ole ainult mees ja viska paberile . 	Tunne olema kyll selline , et pea tulema nii palju võimas luuletus , kõik algus lõpp valmis , olema ainult mees ja viskama paber .
8		 Istud ja tunned , kuidas pyhalik tunne tuleb hinge . 	istuma ja tundma , kuidas pyhalik tunne tulema hing .
8		 Vaatad ringi — kõik on teistsugune , justnagu raamatus . 	vaatama ring - kõik olema teistsugune , justnagu raamat .
8		 Tunned , et kohe tuleb selline elamus , millest oled kogu aeg unistanud . 	tundma , et kohe tulema selline elamus , mis olema kogu aeg unistama|unistanud .
8		 Nagu oleks armund või midagi . 	nagu olema armund või miski .
8		 Siis jood veel viina , tunned kuidas elu on nii ilus , et hingata ei julge ... 	siis jood veel viin , tundma kuidas elu olema nii ilus , et hingama ei julgema ...
8		 Armastad kõiki inimesi , tahad akna valla lyya ja õuele hyyda , et kõik teaks , kui hirmus ilus on elu ja et tuleb yksteist armastada . 	armastama kõik inimene , tahtma aken vald lyya ja õu hyyda , et kõik teadma , kui hirmus ilus olema elu ja et tulema ykstei armastama .
8		 Selline suur tunne on hinges , et ei taha ära mahtuda . 	selline suur tunne olema hing|hinge , et ei tahtma ära mahtuma .
9		 Pyhapäeval , see oli siis 11. oktoober , jõin ma ka viina . 	Pyhapäev , see olema siis 11. oktoober , jooma mina ka viin .
9		 Raha oli jälle peaaegu otsas . 	raha olema jälle peaaegu otsas .
9		 Siis ma mõtlesin , et kõige kenam asi , mis viimase rahaga teha saab , on selle eest ennast täis juua . 	siis mina mõtlema , et kõige kenam asi , mis viimane raha tegema saama , olema see eest ise täis jooma .
9		 Nii ma ostsingi viina . 	nii mina ostma viin .
9		 Siis tuli naisega vähe ytlemist , mille tagajärjel ta mind uksest välja viskas . 	siis tulema naine vähe ytlemine , mis tagajärg tema mina uks välja viskama .
10		 Ma istusin siis koridoris kylma trepi peal ja jõin viina . 	mina istuma siis koridor kylma trepp peal ja jooma viin .
10		 Algul oli enesest päris kahju — olen juba vana mees , naine viskas kodust välja , nyyd pean siin kylma trepi peal istuma ja yksinda jooma . 	algul olema ise päris kahju - olema juba vana mees , naine viskama kodu välja , nyyd pidama siin kylma trepp peal istuma ja yksinda jooma .
10		 Jutal oleks hea meel pealegi , kui ma enesele kylmast kopsutõve kylge saaks ja maha sureks . 	Juta olema hea meel pealegi , kui mina ise kylma kopsutõbi kylge saama ja maha surema .
10		 Nii ma just mõtlesin . 	nii mina just mõtlema .
10		 Viin tegi aga olemise varsti soojemaks ja siis hakkas tunduma , et põrgu päralt , kas polnud see kena — pimedas trepikojas istuda ja oodata , ega keegi järsku kylla ei tule . 	viima tegema aga olemine varsti soojem ja siis hakkama tunduma , et põrgu päralt , kas olema see kena - pime trepikoda istuma ja ootama , ega keegi järsku kylla ei tulema .
10		 Vaata kui tuleb sõber vaatama , selline sõber , keda kymneid aastaid näinud ei ole . 	vaatama kui tulema sõber vaatama , selline sõber , kes kymnei|kymneid aasta nägema|näima|näinud ei olema .
10		 Tuleb mõni , kellega koos sai nooruses tykke tehtud . 	tulema mõni , kes koos saama noorus tykk tegema|tehtud .
10		 Sina istud aga trepil , viinapudel käes , ja ytled , et näe , sind ma just ootasingi . 	sina istuma aga trepp , viinapudel käsi , ja ytle|ytled , et nägema , sina mina just ootama .
10		 Ole mees ja tule võtame koos viina . 	olema mees ja tulema võtma koos viin .
10		 Kas pole see ilus ! 	kas olema see ilus !
10		 Või tuleb mõni noore aja pruut vaatama , näiteks Liina , selline pikkade heledate patsidega , nöpsninaga ja punaste põskedega silmatera . 	või tulema mõni noor aeg pruut vaatama , näide Liina , selline pikk hele pats , nöpsnina ja punane põsk silmatera .
10		 Suur igatsus tuli hinge , sihuke igatsus , et tegi haiget lausa . 	suur igatsus tulema hing , sihuke igatsus , et tegema haige lausa .
10		 Kui viin teeks nii , et ma ennast ise ka noorena tunneks , kui saaks end nii purju juua , et unustan ära selle , kui vana ma õieti olen , selle , et mind kellelegi enam vaja ei lähe , ja et ma oleks nii purjus , et ma näeksingi neid noori ilusaid nägusid , kellega koos ma tööd tegin , kurameerisin ja pidusid pidasin . 	kui viin tegema nii , et mina ise ise ka noor tundma , kui saama ise nii purju jooma , et unustama ära see , kui vana mina õieti olema , see , et mina keegi enam vaja ei minema , ja et mina olema nii purjus , et mina nägema see noor ilus nägu , kes koos mina töö tegema , kurameerima ja pidu pidama .
10		 Jumal , kui ilusad ööd siis olid ... 	jumal , kui ilus öö siis olema ...
10		 Siis ma jõingi veel viina . 	siis mina jooma veel viin .
10		 Jõin kohe nii , et tunda oleks . 	jooma kohe nii , et tundma olema .
10		 Ise vahepeal nutsin natuke . 	ise vahepeal nutma|nutsima natuke .
10		 Kui pudel tyhjaks sai , jäin ma imet ootama . 	kui pudel tyhjaks saama , jääma mina ime ootama .
11		 Korraga käis all koridoriuks ning kostusid sammud . 	korraga käima all koridoriuks ning kostuma samm .
11		 Kuramus , mulle tuli siis meelde , et uks oli ju lukus — sellepärast ma isegi trepikojast välja ei saanud , ja et kell oli palju . 	kuramus , mina tulema siis meel , et uks olema ju lukk - sellepärast mina isegi trepikoda välja ei saama|saanud , ja et kell olema palju .
11		 Sihuke hirm tuli peale , et tormasin trepist yles ja korteriukse maha . 	sihuke hirm tulema peale , et tormama trepp yles ja korteriuks maha .
11		 Lukk oli meil ju ennegi ysna nigel . 	lukk olema mina ju ennegi ysna nigel .
11		 Kui ma ust enda järel kinni pyydsin panna , tuli Juta magamistoast ja hakkas sõimama . 	kui mina uks ise järel kinni pyydsin panema , tulema Juta magamistuba ja hakkama sõimama .
11		 No seda oli siis päris kosutav kuulda . 	no see olema siis päris kosutav kuulma .
11		 Hakkasin ehmatusest peaaegu kaineks saama . 	hakkama ehmatus peaaegu kaine saama .
11		 Pusisin ukse kallal , kui korraga oli nagu ilmatuma tugev tuuletõmme — ja kiskus ukse käest jälle lahti . 	pusima uks kallal , kui korraga olema nagu ilmatuma tugev tuuletõmme - ja kiskuma uks käest jälle lahti .
11		 Öelge mulle , kuidas oleks saanud olla tugev tuuletõmme , kui alt trepikoja uks oleks kinni ja lukus olnud . 	ütlema mina , kuidas olema saama|saanud olema tugev tuuletõmme , kui alt trepikoda uks olema kinni ja lukk olema|olnud .
11		 Siit on näha , et ma räägin õigust . 	siit olema nägema , et mina rääkima õigus .
11		 Uks läks käest lahti ja tuppa puhus kylma tuult . 	uks minema käsi lahti ja tuba puhuma kylma tuul .
11		 Juta sõimas veel hullemini . 	Juta sõimama veel hullemini .
11		 Siis ma sain ukse kinni . 	siis mina saama uks kinni .
11		 Jumal olgu tunnistajaks — ma olin siis täitsa kaine juba . 	jumal olema tunnistaja - mina olema siis täitsa kaine juba .
11		 Siis juhtuski see , mille pärast ma praegu siin istun . 	siis juhtuma see , mis pärast mina praegu siin istuma .
11		 Ja ma ei valeta yhtegi sõna . 	ja mina ei valetama yhteg|yhtegi sõna .
11		 Nii kui ma ukse kinni sain ja Juta poole keerasin , nägin ma , et ta oli nooreks läinud . 	nii kui mina uks kinni saama ja Juta poole keerama , nägema mina , et tema olema noor läinud|minema .
11		 See oli täpselt nii . 	see olema täpselt nii .
11		 Minu vana loll lotendav moor , kes sõimas mind nagu laadaline , seisis keset esikut nagu kullerkupp — juuksed kollased , silmad suured ja ilusad , ise selline sihvakas . 	mina vana loll lotendav moor , kes sõimama mina nagu laadaline , seisma keset esik nagu kullerkupp - juus kollane , silm suur ja ilus , ise selline sihvakas .
11		 Issand jumal , mõtlesin ma , kas mu naine oli tõesti nii ilus . 	issand jumal , mõtlema mina , kas mina naine olema tõesti nii ilus .
11		 Siis ma mõtlesin , et ma olen vist purjus , aga ma ei olnud purjus . 	siis mina mõtlema , et mina olema vist purjus , aga mina ei olema|olnud purjus .
11		 Muidu oleks kõik teistmoodi olnud . 	muidu olema kõik teistmoodi olema|olnud .
11		 Siis ma ei oleks vanakuraditki kartnud , aga nyyd ma kartsin , nii et hambad plagisesid suus . 	siis mina ei olema vanakurat kartma|kartnud , aga nyyd mina kartma , nii et hammas plagisema suu .
11		 Ta ei sõimanud ka enam . 	tema ei sõimama|sõimanud ka enam .
11		 Kõik oli hiirvaikne — mina seisan ukse ees nagu sammas ja tema keset tuba , nii et hingeõhk ka ei liigu , vaatab mulle otsa ja naeratab nagu hirvekene . 	kõik olema hiirvaikne - mina seisma uks ees nagu sammas ja tema keset tuba , nii et hingeõhk ka ei liikuma , vaatama mina otsa ja naeratama nagu hirvekene .
11		 See oli siiski pagana ilus . 	see olema siiski pagan ilus .
11		 Viinaaur hakkas jälle tasapisi kuplisse tõusma ja oli tunda , kuidas jalad all pehmeks lähvad . 	viinaaur hakkama jälle tasapisi kuppel tõusma ja olema tundma , kuidas jalg all pehme minema .
11		 Seisime ja vahtisime seal tõtt , kuni mu hirm oli päris läinud ja mul hoopiski muud mõtted pähe tulid . 	seisma ja vahtima seal tõsi , kuni mina hirm olema päris läinud|minema ja mina hoopiski muu mõte pea tulema .
12		 Mulle räägiti , et nii ei saa see olla , et vahepeal olid purjus ja siis jälle ei olnud , aga just täpselt nii see oli . 	mina rääkima , et nii ei saama see olema , et vahepeal olema purjus ja siis jälle ei olema|olnud , aga just täpselt nii see olema .
12		 Kui ma uksest sisse sain , oleks iga kordnik mind autoroolis tulema lasknud , nii kaine olin ma . 	kui mina uks sisse saama , olema iga kordnik mina autorool tulema laskma|lasknud , nii kaine olema mina .
12		 Või kui viinalõhn välja arvata . 	või kui viinalõhn välja arvama .
12		 Aga hiljem olin ma tõesti jälle purjus mis purjus . 	aga hiljem olema mina tõesti jälle purjus mis purjus .
12		 Siis tuli see kõik jälle tagasi — ilmatuma suur hingevalu , igatsus asjade järele , mis on omadega ammu möödas ja armastus kõige ilusa vastu , minu imekombel nooreks läinud naine kaasa arvatud . 	siis tulema see kõik jälle tagasi - ilmatuma suur hingevalu , igatsus asi järele , mis olema oma ammu möödas ja armastus kõige ilus vastu , mina imekombel noor läinud|minema naine kaasa arvama|arvatud .
12		 Ma pyydsin teda puudutada , kuid ta põgenes eest ära . 	mina pyydsima tema puudutama , kuid tema põgenema eest ära .
12		 Siis oli hirm läinud kus see ja teine , hoopistykkis naer tykkis peale . 	siis olema hirm läinud|minema kus see ja teine , hoopistykkima naer tykkima peale .
12		 Ja igatsugu meestemõtted tulid ka pähe . 	ja igatsugu meestemõte tulema ka pea .
12		 Nii kui ma teda nägin , tulid meelde kõik tykid , mida me noorest peast tegime ja ma tundsin ennast ise ka just sellisena nagu siis ammu . 	nii kui mina tema nägema , tulema meel kõik tyk|tyki|tykid|tykk , mis mina noor pea tegema ja mina tundma ise ise ka just selline nagu siis ammu .
12		 See oli nii ilus . 	see olema nii ilus .
12		 Kas teie , härrased uurijad , teate , mis tunne on viiekymneaastasena leida ennast yhel öösel koos oma ilusaks läinud naisega ? 	kas sina , härrased uurija , teadma , mis tunne olema viiekymneaastane leidma ise yhe öösel koos oma ilus läinud|minema naine ?
12		 Ei mina oska seda kirjeldada täpselt , nii nagu see oli . 	ei mina oskama see kirjeldama täpselt , nii nagu see olema .
12		 Igastahes oli see kõik nagu unenägu ja me olime nii õnne täis , kui vähegi saab olla . 	Igastahes olema see kõik nagu unenägu ja mina olema nii õnn täis , kui vähegi saama olema .
13		 Sellest , mis me siis tegime , ma kirjutada ei tahaks . 	see , mis mina siis tegema , mina kirjutama ei tahtma .
13		 See oleks kindlasti kadunukese tahte vastu . 	see olema kindlasti kadunuke tahe vastu .
13		 Ta oli väga synnis naisterahvas . 	tema olema väga synnima naisterahvas .
13		 Ma võin ainult öelda , et see oleks viiekymnestele yle jõu olnud . 	mina võima ainult ütlema , et see olema viiekymneste yle jõud olema|olnud .
14		 See oli kõigest hoolimata yks ilusamaid öid , mida ma tean . 	see olema kõik hoolimata yks ilusam öö , mis mina teadma .
14		 Kuu paistis aknast sisse , kõik kurbus ja igatsus olid kadunud . 	Kuu paistma aken sisse , kõik kurbus ja igatsus olema kaduma|kadunud .
14		 Oli ainult suur õnn ja selline ime , mida ei julenud uskuda . 	olema ainult suur õnn ja selline ime , mis ei julenud|julgema uskuma .
15		 Lõpuks lesisin sohval naise kõrval ja hoidsin tal käest kinni . 	lõpuks lesima sohva naine kõrval ja hoidma tema käsi kinni .
15		 Mõtlesin , et äkki saan ka ajast kinni hoida , nii et ta ei liiguks enam või liiguks kusagil mujal . 	mõtlema , et äkki saama ka aeg kinni hoidma , nii et tema ei liikuma enam või liikuma kusagil mujal .
15		 Siis ma kartsin , et kui ma kaineks saan , on see kõik jälle kadund . 	siis mina kartma , et kui mina kaine saama , olema see kõik jälle kadund .
16		 Korraga kuulsin , kuidas Juta tasakesi köhib . 	korraga kuulma , kuidas Juta tasakesi köhima .
16		 Köha tundus kahtlaselt krõbe . 	köha tunduma kahtlaselt krõbe .
16		 Ma ei julgenud ta poole algul vaadatagi , aga lõpuks pöörasin ikka pead ja vaatasin . 	mina ei julgema|julgenud tema poole algul vaatama , aga lõpuks pöörama ikka pea ja vaatama .
16		 Mul pidi syda seisma jääma — ta oli muutunud vanemaks ! 	mina pidama syda seisma jääma - tema olema muutuma|muutunud vanem !
16		 Mitte kyll nii vanaks , nagu ta oli , vaid nii kuskil viie aasta võrra vanemaks . 	mitte kyll nii vana , nagu tema olema , vaid nii kuskil viis aasta võrra vanem .
16		 Issand , mihukese tunde see tekitas . 	issand , mihuke|mihukene tund see tekitama .
16		 Mul oli selg murest päris märg . 	mina olema selg mure päris märg .
16		 Hyydsin teda nimepidi , palusin teda , et ta ei lõpetaks seda imet , mis meil oli , et ta ei läheks enam vanemaks . 	Hyydsin tema nimepidi , paluma tema , et tema ei lõpetama see ime , mis mina olema , et tema ei minema enam vanem .
16		" "" Juta , Jutakene , sa ei tohi seda ära rikkuda , Juta , palun , ära tee seda ... "" "	""" Juta , Jutakene , sina ei tohtima see ära rikkuma , Juta , paluma , ära tegema see ... """
16		 Mida ma kõike talle hyydsin , miski ei aidanud . 	mis mina kõik tema hyydsin , miski ei aidanud|aitama .
16		 Juta ei teinud märkamagi . 	Juta ei tegema|teinud märkama .
16		 Mu oma silmade all läks ta aina koledamaks . 	mina oma silm all minema tema aina koledam .
16		 Kenad lokkis juuksed läksid takuseks ja tuhmiks , põsed kollaseks . 	Kena|Kenad lokkima juus minema takune ja tuhm , põsk kollane .
16		 Kõik ilu ja noorus kadus nagu kulutules . 	kõik ilu ja noorus kaduma nagu kulutuli .
16		 Ma ei suutnud seda vaadata . 	mina ei suutma|suutnud see vaatama .
16		 Pyydsin Jutat sylle tõmmata , et tema ymbert kinni hoida , aga ta oli liiga raske . 	Pyydsin Juta syll tõmbama , et tema ymbert kinni hoidma , aga tema olema liiga raske .
16		 Ma läksin päris meelest ära , paitasin ta lokke , mis hakkasid mu käes halliks minema , vaatasin talle otsa ja nägin , kuidas sinised silmad vesisteks lompideks muutuvad ... 	mina minema päris meelest ära , paitama tema lokk , mis hakkama mina käsi hall minema , vaatama tema otsa ja nägema , kuidas sinine silm vesine lomp muutuma ...
16		 Siis ma enam ei suutnud . 	siis mina enam ei suutma|suutnud .
16		 Rinnus oli nii valus , et tahtis hinge võtta . 	rinnus olema nii valus , et tahtma hing võtma .
16		 Ma ei tea , mis see kyll oli , mis siis minu sisse läks , aga see sai minust võitu , see oli selline piin . 	mina ei teadma , mis see kyll olema , mis siis mina sisse minema , aga see saama mina võit , see olema selline piin .
16		 Siis ma haarasin kapi pealt pussi ja lõin Jutale rindu . 	siis mina haarama kapp pealt puss ja looma|lööma Juta rindu .
16		 Punane soe veri voolas mooda ta öösärki ja see oli nii hirmus ja samal ajal omamoodi ilus . 	punane soe veri voolama mooda tema öösärk ja see olema nii hirmus ja sama aeg omamoodi ilus .
16		 Ta keha ei muutunud enam ning ta imeilusad sinised silmad vaatasid mulle otsa . 	tema keha ei muutuma|muutunud enam ning tema imeilus sinine silm vaatama mina otsa .
16		 Ma rääkisin talle kuidas ma teda armastan , kuni ta suri . 	mina rääkima tema kuidas mina tema armastama , kuni tema surema .
16		 Ta suri siis , kui ta oli nii noor ja ilus . 	tema surema siis , kui tema olema nii noor ja ilus .
16		 Annaks jumal , et me kõik nii saaksime . 	anna jumal , et mina kõik nii saama .
17		 See oli siis meie viimane öö . 	see olema siis mina viimane öö .
17		 Ma lebasin koos oma ilusa naisega diivanil , vaatasin ta noorde näkku ja meenutasin kõike , mida me koos olime näinud ja olnud . 	mina lebama koos oma ilus naine diivan , vaatama tema noor nägu ja meenutama kõik , mis mina koos olema nägema|näima|näinud ja olema|olnud .
17		 Ta oli veelkord mu imeilus tydruk , kelle ma kolmkymmend aastat tagasi hullu peaga naiseks võtsin . 	tema olema veelkord mina imeilus tydruk , kes mina kolmkymmend aasta tagasi hull pea naine võtma .
17		 Ma hoidsin tal ymbert kinni ja sosistasin talle kõrva kõiksugu rumalusi ja silitasin ta juukseid . 	mina hoidma tema ymbert kinni ja sosistama tema kõrv kõiksugu rumalus ja silitama tema juus .
18		 Saage nyyd aru , härrased uurijad , ma ei tahtnud talle ju põrmugi haiget teha . 	saama nyyd aru , härrased uurija , mina ei tahtma|tahtnud tema ju põrmugi haige tegema .
18		 Ma pole mingi hull . 	mina olema mingi hull .
19		 Nyyd te näete , et see kõik ei olnud yldse nii , nagu lehemehed kirjutasid . 	Nyy sina nägema , et see kõik ei olema|olnud yldse nii , nagu lehemees kirjutama .
19		 Ma panen nende rumala jutu ka siiasamma kirja : raskes joobes M.K. lõi riiu käigus abikaasale pussi rindu . 	mina panema tema rumal jutt ka siiasamma kiri : raske joove M.K . looma|lööma riid käigus abikaasa puss rind .
19		 Hommikul leidsid naabrid suurest alkoholikogusest teadvuse kaotanud M.K. tapetu kõrvalt . 	hommik leidma naaber suur alkoholikogus teadvus kaotama|kaotanud M.K . tapetu kõrvalt .
20		 Esteks ei olnud ma mingisuguses raskes joobes , vaid ainult napsitanud ja päris ära väsind . 	Esteks ei olema|olnud mina mingisugune raske joove , vaid ainult napsitama|napsitanud ja päris ära väsind .
20		 Jutaga me ei riielnud , vaid riidlesime palju varem ja see ei puutunud asjasse . 	Juta mina ei riidlema|riielnud , vaid riidlema palju varem ja see ei puutuma|puutunud asi .
21		 Palun härrastelt uurijatelt ja härra kohtunikult kergemat karistust . 	paluma härras uurija ja härra kohtunik kergem karistus .
21		 Kui te olete lugenud kõiki pehmendavaid asjaolusid , siis te näete , et ma ei tahtnud halba . 	kui sina olema lugema|lugenud kõik pehmendav asjaolu , siis sina nägema , et mina ei tahtma|tahtnud halb .
21		 Siis te võiksite veel arvesse võtta , et kõige karmim karistus on mul juba käes . 	siis sina võima veel arve võtma , et kõige karmim karistus olema mina juba käsi .
21		 Mõtelge ainult , kui see kõik oleks iga õhta nii olnud ja me oleks õnnelikult elanud elu otsani . 	mõtlema ainult , kui see kõik olema iga õhta nii olema|olnud ja mina olema õnnelikult elama|elanud elu ots .
21		 See kahtlus pureb juba pikemat aega mu hinge ja iga õhta tuleb mulle meelde , et ma ehk oma elu ainsama ime suurest rumalusest ära raiskasin . 	see kahtlus purema juba pikem aeg mina hing|hinge ja iga õhta tulema mina meel , et mina ehk oma elu ainsam ime suur rumalus ära raiskama .
