par_nr	head	sentence	lemmas
1	 Oraakli surm Arvustused 	 Oraakli surm Arvustused 	Oraakel|Oraakli surm Arvustus
2		 Karen Orlau 	Karen Orlau
3		 Oraakel kartis . 	oraakel kartma .
3		 Oraakel kartis hullupööra , sest iga järgmine etteaste oli raskem kui eelmine ja nii lõputult , nii juba aastaid . 	oraakel kartma hullupööra , sest iga järgmine etteaste olema raskem kui eelmine ja nii lõputult , nii juba aasta .
3		 Aeg , mil ta kasvavale pingele vastu ei suuda seista ning murdub , oli hirmuäratavalt lähedal — vahest ehk mitte veel järgmine kord aga juba õige pea ... 	aeg , mil tema kasvav pinge vastu ei suutma seisma ning murduma , olema hirmuäratavalt lähedal - vahest ehk mitte veel järgmine kord aga juba õige pidama ...
3		 Ta tajus surma lähedust , tundes selle külma hingeõhku otse kuklas , endal liikmed jäisest hingusest kangestumas . 	tema tajuma surm lähedus , tundma see külm hingeõhk otse kukal , ise liige jäine hingus kangestuma .
4		 Vaikse alistumisega vaatas Oraakel lossiõuel kõrguvat platvormi : kitsast torni keset hiiglaslikku lõvipuuri . 	vaikne alistumine vaatama oraakel lossiõu kõrguv platvorm : kitsas torn keset hiiglaslik lõvipuur .
4		 Ebakindlalt kõikuvale platvormile mahtus üks inimene hädavaevu seisma ning sinna pääses ainult mööda allalastavat silda . 	ebakindlalt kõikuv platvorm mahtuma üks inimene hädavaevu seisma ning sinna pääsema ainult mööda allalastav sild .
4		 Kui kindlust külastas mõni rändrüütel , lasti lõvitorni rippsild alla ning Oraakel viidi platvormile . 	kui kindlus külastama mõni rändrüütel , laskma lõvitorn rippsild alla ning oraakel viima platvorm .
4		 Iga kord , kui Oraakel ennustuse lõpetas ning rüütel mineviku kohta kuuldu õigeks tunnistas , lasti rippsild uuesti alla ning ennustaja võis värisevijalu platvormilt lahkuda . 	iga kord , kui oraakel ennustus lõpetama ning rüütel minevik kohta kuuldu õige tunnistama , laskma rippsild uuesti alla ning ennustaja võima värisevijalu platvorm lahkuma .
4		 Nende kahe hetke vahele mahtus piinavalt pikk aeg , mil Oraakel , endal hirmuhigi mööda nägu alla voolamas , sõnu ettevaatlikult ritta seadis , püüdes surmahirmust teravnenud meeltega rändrüütli näoilmest , liigutustest ja hoiakust välja lugeda , mida peaks ütlema . 	see kaks hetk vahele mahtuma piinavalt pikk aeg , mil oraakel , ise hirmuhigi mööda nägu alla voolama , sõna ettevaatlikult rida seadma , püüdma surmahirm teravnema|teravnenud meel rändrüütel näoilme , liigutus ja hoiak välja lugema , mis pidama ütlema .
5		 Kõigepealt püüdis ta vaid vihjata — mõnikord oli kuulaja näost selgelt näha , millal ta tõde tabas , siis pidi vaid sobivaid seoseid leidma . 	kõigepealt püüdma tema vaid vihjama - mõnikord olema kuulaja nägu selgelt nägema , millal tema tõde tabama , siis pidama vaid sobiv seos leidma .
5		 Hirm tegi silmad selgeks ja mõtted kiireks ja seepärast oli rändrüütel peagi kui avatud raamat ta ees , tema pööras vaid lehti ja sai neile kirjutatud sõnadele hääleks . 	hirm tegema silm selge ja mõte kiire ja seepärast olema rändrüütel peagi kui avama|avatud raamat tema ees , tema pöörama vaid leht ja saama tema kirjutama|kirjutatud sõna hääl .
5		 Inimlike kirgede ja needuste maailm ei olnud ju eriti suur ning oh kui leidlikuks tegid need suured kräunuvad kõrbekassid platvormi all ... 	inimlik kirg ja needus maailm ei olema|olnud ju eriti suur ning oh kui leidlik tegema see suur kräunuma kõrbekass platvorm all ...
6		 Teinekord aga nägi ta kuulaja liikumatust näost vähimagi tundevirve tabamiseks nii ränka vaeva , et kui ta lõpuks sõrmed rüütli raamatukaane vahele sai , tundis ta , et on üle noatera pääsenud . 	teinekord aga nägema tema kuulaja liikumatu nägu vähim tundevirve tabamine nii ränk vaev , et kui tema lõpuks sõrm rüütel raamatukaas vahele saama , tundma tema , et olema üle noatera pääsema|pääsenud .
6		 Siis oli ta hääl ebakindel ja kõlatu , kuid rändrüütel sulges siiski ennustuse lõppedes nõusoleku märgiks silmad ja lahkus vaikides — mingi ime läbi ei olnud Oraakel eksinud . 	siis olema tema hääl ebakindel ja kõlatu , kuid rändrüütel sulgema siiski ennustus lõppema nõusolek märk silm ja lahkuma vaikima - mingi ime läbi ei olema|olnud oraakel eksima|eksinud .
7		 Miks ei lasknud nad tal lihtsalt tulevikku ennustada ? ! 	miks ei laskma|lasknud tema tema lihtsalt tulevik ennustama ? !
7		 Kui lihtne see oleks olnud ! 	kui lihtne see olema olema|olnud !
7		 Kui palju raskem oli möödunust rääkida ... 	kui palju raskem olema möödunu rääkima ...
7		 Ometi öeldi , et ei saa uskuda tulevikuennustust , kui Oraakel ei oska näha minevikku . 	ometi ütlema , et ei saama uskuma tulevikuennustus , kui oraakel ei oskama nägema minevik .
7		 Ning oraaklil , kes vääratab , ei ole jumalikku valgust , petis aga on surma väärt ... 	ning oraakel , kes vääratama , ei olema jumalik valgus , petis aga olema surm väärt ...
8		 Oraakel oli lõpuks oma osaga leppinud : küllap oligi temale määratud pidada igapäevast ränka võitlust , andes inimestele usku jumala häälesse ning kandes häbiväärse saladusena teadmist , kui ekslikud ja juhuslikud olid ta ennustused . 	oraakel olema lõpuks oma osa leppima|leppinud : küllap olema tema määrama|määratu|määratud pidama igapäevane ränk võitlus , andma inimene usk jumal hääl ning kandma häbiväärne saladus teadmine , kui ekslik ja juhuslik olema tema ennustus .
8		 Ta oli loobunud palumast jumalikku valgust ning lootis pimesi , et huupi öeldu oligi mingil arusaamatul viisil kõrgemalt poolt juhitud . 	tema olema loobuma|loobunud paluma jumalik valgus ning lootma pimesi , et huupi öeldu olema mingi arusaamatu viis kõrgemalt poolt juhitud|juhtima .
8		 Liiga ränk oleks olnud selles kahelda — ometi seisis ta iga kord , kui ennustust lausus , silmitsi tõega , et ainsaks abimeheks oli ta enda nõder mõistus ning surmakartusest sündinud leidlikkus , seetõttu ootas ta iga kord eheda hirmuhigiga , kas öeldu ikka õigeks kuulutatakse . 	liiga ränk olema olema|olnud see kahtlema - ometi seisma tema iga kord , kui ennustus lausuma , silmitsi tõde|tõsi , et ainus abimees olema tema ise nõder mõistus ning surmakartus sündima|sündinud leidlikkus , seetõttu ootama tema iga kord ehe hirmuhigi , kas öeldu ikka õige kuulutama .
9		 Ja nüüd ratsutas too hallikspleekinud pleedi mähkunud kuivetu rändur kantsiväravast sisse , andis valdjale väärilise andami ning nõudis oraakli ennustust . 	ja nüüd ratsutama too hallikspleekinu pleed mähkuma|mähkunud kuivetu rändur kantsivärav sisse , andma valdja vääriline andam ning nõudma oraakel ennustus .
9		 Rändrüütlid ei palu iialgi . 	rändrüütel ei paluma iialgi .
9		 Oraakel ei ütle kunagi ei ... 	oraakel ei ütlema kunagi ei ...
9		 Isegi mitte siis , kui külalise nägu on nagu raudkivist tahutud ning ta käed on elutud nagu laibad kõrbeliival . 	isegi mitte siis , kui külaline nägu olema nagu raudkivi tahuma|tahutud ning tema käsi olema elutu nagu laip kõrbeliiv .
9		 Kui ta kilp ei kanna vappi ja ta rõivad on ühegi tikandita , kui ta kaelas pole talismani ega sõrmedel sõrmuseid ning kui ta kulmude vahele ei ole põletatud ta usutunnistust . 	kui tema kilp ei kandma vapp ja tema rõivas olema ühe tikand , kui tema kael olema talisman ega sõrm sõrmus ning kui tema kulm vahele ei olema põletama|põletatud tema usutunnistus .
9		 Mida võib Oraakel öelda ? 	mis võima oraakel ütlema ?
9		" "" Oled rändur ja su selja taga on pikk teekond ... "" "	""" olema rändur ja sina selg taga olema pikk teekond ... """
9		 Seda Oraakel lõvitorni ütlema läkski — mis edasi , sellest ei olnud tal aimugi . 	see oraakel lõvitorn ütlema minema - mis edasi , see ei olema|olnud tema aim .
9		 Oli vaid lootus , et ehk aitab juhus teda selgi korral ... 	olema vaid lootus , et ehk aitama juhus tema see korral ...
10		" "" Oled rändur ja su selja taga on pikk teekond , "" lausus Oraakel , püüdes kitsukesel platvormil tasakaalu hoida . "	""" olema rändur ja sina selg taga olema pikk teekond , "" lausuma Oraakel , püüdma kitsuke platvorm tasakaal hoidma ."
10		 Lõvid jooksid puuris rahutult ringi . 	lõvi jooksma puurima rahutult ringi .
10		 Hoovi kogunenud õukond kuulas hinge kinni pidades Oraakli iga sõna , sest tema suu läbi kõneles ju jumal . 	hoov kogunema|kogunenud õukond kuulama hing kinni pidama oraakel iga sõna , sest tema suu läbi kõnelema ju jumal .
11		 Rändrüütel seisis vaikides , liikumatult nagu raidkuju . 	rändrüütel seisma vaikima , liikumatult nagu raidkuju .
11		 Näis , et ka ta pikad tumedad juuksed jäid tasasest kõrbetuulest puutumata ning et isegi ta riidevoldid olid tardunud . 	näima , et ka tema pikk tume juus jääma tasane kõrbetuul puutumata ning et isegi tema riidevolt olema tarduma|tardunud .
11		 Higi voolas üle Oraakli otsaesise . 	higi voolama üle oraakel otsaesine .
11		 Mitte midagi . 	mitte miski .
11		 Ta ei osanud mitte midagi öelda . 	tema ei osanud|oskama mitte miski ütlema .
12		 Õukond ootas . 	õukond ootama .
12		 Oraakel otsis ikka veel ... 	oraakel otsima ikka veel ...
12		 Higinired valgusid ta pöetud kulmudelt silmisse ning ta pilgutas neid hirmunult , sest teraselt näha oli ta ainus lootus . 	higinire valguma tema pöetud|pügama kulm silm ning tema pilgutama tema hirmunult , sest teraselt nägema olema tema ainus lootus .
12		 Ta uuris pingsalt rüütli näojooni , vahtis talle januse häbitusega otse silma , püüdes tabada mingitki virvendust . 	tema uurima pingsalt rüütel näojoon , vahtima tema janune häbitus otse silm , püüdma tabama mingi virvendus .
12		 Vahepealne aeg tuli täita lihtsamate oletustega , mida kuuldes õukondlasedki kõveralt muigasid , kuid mis ometi valed ei saanud olla — vaja vaid õigesti sõnastada . 	vahepealne aeg tulema täitma lihtsam oletus , mis kuulma õukondlane kõveralt muigama , kuid mis ometi vale ei saama|saanud olema - vaja vaid õigesti sõnastama .
13		" "" Sa kuuletud iseendale ja oma pühendumisele "" — see kehtis kõigi rändrüütlite kohta , nii et see ei saanud valesti minna . "	""" sina kuuletuma iseenese ja oma pühendumine "" - see kehtima kõik rändrüütel kohta , nii et see ei saama|saanud valesti minema ."
14		" "" Sa oled aja möödudes õppinud vaikima , su õppetund on olnud ränk ja jäänud hästi meelde ... "" "	""" sina olema aeg mööduma õppima|õppinud vaikima , sina õppetund olema olema|olnud ränk ja jääma|jäänud hästi meel ... """
14		 Kui olukord polnuks nii tõsine , oleks Oraakel muianud , oma kõige suuremat muret niiviisi enda kasuks pöörates , kuid hetkel ei pannud ta irooniat isegi tähele . 	kui olukord olema nii tõsine , olema oraakel muianud|muigama , oma kõige suurem mure niiviisi ise kasu pöörama , kuid hetk ei panema|pannud tema iroonia isegi tähele .
14		 Sest see oli viimane asi , mida ta öelda oskas . 	sest see olema viimane asi , mis tema ütlema oskama .
14		 Seniniöeldu oli väärtusetu , täiesti väärtusetu . 	seniniöeldu olema väärtusetu , täiesti väärtusetu .
14		 Ta tõmbas hetkeks hinge . 	tema tõmbama hetk hing .
14		 Avas suu , et veel midagi lausuda , kuid mõtles siis ümber . 	avama suu , et veel miski lausuma , kuid mõtlema siis ümber .
14		 Mitte kunagi varem ei olnud ta näinud nägu , mis oleks nii suletud ja ilmetu . 	mitte kunagi varem ei olema|olnud tema nägema|näima|näinud nägu , mis olema nii suletud|sulgema ja ilmetu .
14		 Vaikus venis aina pikemaks . 	vaikus venima aina pikem .
14		 Õukond hakkas rahutult nihelema . 	õukond hakkama rahutult nihelema .
14		 Rüütel seisis lõvipuuri ees ja ootas kannatlikult . 	Rüütel seisma lõvipuur ees ja ootama kannatlikult .
14		 Ta ei pilgutanud isegi silmi mitte . 	tema ei pilgutama|pilgutanud isegi silm mitte .
15		 Siis Oraakel otsustas . 	siis oraakel otsustama .
15		 Ta ei osanud rohkemat öelda , seepärast oli tal vaid üksainus võimalus : tühjast tuulest tuld võtta ja midagi kokku luuletada , tuginedes vaid muljele , mis tal süngelt vaikivast rändajast oli . 	tema ei osanud|oskama rohkem ütlema , seepärast olema tema vaid üksainus võimalus : tühi tuul tuli võtma ja miski kokku luuletama , tuginema vaid mulje , mis tema süngelt vaikiv rändaja olema .
15		 Õnnetuseks oli see mulje enam kui halb , kätkedes endas ka teravat kättemaksujanu oma surmahirmu — ja võibolla ka surma — põhjustaja vastu . 	õnnetus olema see mulje enam kui halb , kätkema ise ka terav kättemaksujanu oma surmahirm - ja võibolla ka surm - põhjustaja vastu .
15		 Sel hetkel ta tõepoolest vihkas võõrast rüütlit . 	see hetk tema tõepoolest vihkama võõras rüütel .
16		 Oraakel alustas : 	oraakel alustama :
17		" "" Su minevik on olnud rahutu , täis veriseid taplusi ning alatut reetmist . "	""" sina minevik olema olema|olnud rahutu , täis verine taplus ning alatu reetmine ."
17		 Ükski inimlik madalus ei ole sulle võõras . 	ükski inimlik madalus ei olema sina võõras .
17		 Su hing on kantsiks süngetele mälestustele , mis sind eales maha ei jäta . 	sina hing olema kants sünge mälestus , mis sina eales maha ei jätma .
17		 Sa oled oma sõjateel näinud nii palju kannatusi , et kaasinimeste valu jätab sind ükskõikseks . 	sina olema oma sõjatee nägema|näima|näinud nii palju kannatus , et kaasinimene valu jätma sina ükskõikne .
17		 Seepärast oled sa alati üksi , nii üksi , et sa isegi ei oska enam loota kedagi enese kõrvale . 	seepärast olema sina alati üksi , nii üksi , et sina isegi ei oskama enam lootma keegi ise kõrvale .
17		 Sa ei peatu kusagil küllalt kaua , et seda kohta koduks nimetada , igavene rahutus ajab sind üha edasi , sa hüppad taas sadulasse ja sõidad , ilma et sa isegi teaks , kuhu ja mispärast ning millal sa kord taas peatud . 	sina ei peatuma kusagil küllalt kaua , et see koht kodu nimetama , igavene rahutus ajama sina üha edasi , sina hüppama taas sadul ja sõitma , ilma et sina isegi teadma , kuhu ja mispärast ning millal sina kord taas peatu|peatuma .
17		 Su sihitus on su eesmärk . 	sina sihitus olema sina eesmärk .
17		" Sinna , kust sa läbi oled rännanud , jääb maha õnnetus ning su nime tuletatakse needes meelde ... "" "	"sinna , kust sina läbi olema rändama|rännanud , jääma maha õnnetus ning sina nimi tuletama needma meel ... """
18		 Kohkunult kuulis õukond Oraakli ränki sõnu , kuid too ei suutnud enam peatuda , sest tundis , et imelühikeseks hetkeks ilmus rüütli silmadesse tume säratus , mis ta sõnad õigeks tunnistas . 	kohkunult kuulma õukond oraakel ränk sõna , kuid too ei suutma|suutnud enam peatuma , sest tundma , et imelühike hetk ilmuma rüütel silm tume säratus , mis tema sõna õige tunnistama .
18		 Seepärast , kiindudes pilguga kuulaja silmavaatesse , julges Oraakel selle hämarust inimkeelde ümber panna . 	seepärast , kiinduma pilk kuulaja silmavaade , julgema oraakel see hämarus inimkeel ümber panema .
18		 Ta tundis , et pääsemine ei olegi enam nii võimatu : rüütel oli ta vihast kantud ennustuse peaaegu õigeks kinnitanud . 	tema tundma , et pääsemine ei olema enam nii võimatu : rüütel olema tema viha|viht kandma|kantud ennustus peaaegu õige kinnitama|kinnitanud .
19		" "" Su relv on alati haljas ning kord mõõga tõstnuna ei halasta sa eales seda taas langetades . "	""" sina relv olema alati haljas ning kord mõõk tõstnu ei halastama sina eales see taas langetama ."
19		 Kuningad peavad sind hinnaliseks ning igaüks tahab , et võitleksid tema poolel . 	kuningas pidama sina hinnaline ning igaüks tahtma , et võitlema tema pool .
19		" Sina ei tea aga pooltest ega sõjasõpradest , vaid võitled ainuüksi iseenda jaoks ja selle tasu eest , mida sa võitjana saad . "" "	"sina ei teadma aga pool ega sõjasõber , vaid võitlema ainuüksi iseenese jaoks ja see tasu eest , mis sina võitja saama . """
20		 Õukond ahhetas : rüütlid olid küll tõepoolest palgasõdurid , kuid ... seda niiviisi näkku öelda ? 	õukond ahhetama : rüütel olema küll tõepoolest palgasõdur , kuid ... see niiviisi nägu ütlema ?
20		 Oraakel aga ei lõpetanud ikka veel . 	oraakel aga ei lõpetama|lõpetanud ikka veel .
21		" "" Su tulevik on lõputu rännak , sa ei saa iial teada , mis on õnn ja rahu , eales ei aita sa kedagi ja eales ei aita sind keegi . "	""" sina tulevik olema lõputu rännak , sina ei saama iial teadma , mis olema õnn ja rahu , eales ei aitama sina keegi ja eales ei aitama sina keegi ."
21		 Rõõmud põgenevad sind nähes ning haarates sädeluse järgi , kustutad sa selle . 	rõõm põgenema sina nägema ning haarama sädelus järgi , kustutama sina see .
21		 Kui püüad midagi ehitada , siis variseb see liivaks . 	kui püüdma miski ehitama , siis varisema see liiv .
21		 Sa eksled läbi elu kardetu ja neetuna . 	sina ekslema läbi elu kardetu ja neetu .
21		" Kui sa kord hääbud , siis sünnib see nii rängas üksinduses , mida ei saa võrrelda isegi mitte selle eraldatusega , mida sa elu jooksul tundma saad . "" "	"kui sina kord hääbuma , siis sündima see nii ränk üksindus , mis ei saama võrdlema isegi mitte see eraldatus , mis sina elu jooksul tundma saama . """
22		 Oraakel värises . 	oraakel värisema .
22		 Ta oli võõra silmis sähvatanud tumeduse läbi iseenese hirmu ja viha sõnadesse pannud ning lausunud needmise , mille õudus halvas kogu õukonna . 	tema olema võõras silm sähvatama|sähvatanud tumedus läbi iseenese hirm ja viha|viht sõna panema|pannud ning lausuma|lausunud needmine , mis õudus halb kogu õukond .
22		 Ta oli süüdistanud rüütlit ebainimlikes julmustes , mõistnud ta igavesse üksindusse ... ja nüüd ootas ta seda , et rüütel selle õigeks tunnistaks ... 	tema olema süüdistama|süüdistanud rüütel ebainimlik julmus , mõistma|mõistnud tema igavene üksindus ... ja nüüd ootama tema see , et rüütel see õige tunnistama ...
23		 Rüütel seisis hoovi hingematvas vaikuses . 	Rüütel seisma hoov hingemattev vaikus .
23		 Kõigi pilgud olid tema poole pööratud . 	kõik pilk olema tema poole pöörama|pööratud .
23		 Oraakel ootas hingetuna otsust ... 	oraakel ootama hingetu otsus ...
23		 Kui kõik , mis ta rüütli kohta oli öelnud , oli tõepoolest tõsi , siis ... oleks parem , kui ta oleks meelega valetanud . 	kui kõik , mis tema rüütel kohta olema öelnud|ütlema , olema tõepoolest tõsi , siis ... olema parem , kui tema olema meel valetama|valetanud .
24		 Lõpuks hakkas rüütel kõnelema . 	lõpuks hakkama rüütel kõnelema .
24		 Oraakel tundis , kuidas süda jättis löögi vahele , kui ta märkas kuratlikku sädelust rüütli silmades . 	oraakel tundma , kuidas süda jätma löök vahele , kui tema märkama kuratlik sädelus rüütel silm .
25		" "" Sa oled suur Oraakel , suurim , keda ma eales näinud olen , "" ütles rüütel ilmetul häälel . "	""" sina olema suur oraakel , suurim , kes mina eales nägema|näima|näinud olema , "" ütlema rüütel ilmetu hääl ."
25		" "" Läbi sinu suu kõneleb jumal . "" "	""" läbi sina suu kõnelema jumal . """
26		 Õukond ahhetas , mõõtes rüütlit õuduses pilkudega . 	õukond ahhetama , mõõtma rüütel õudus pilk .
26		 Lausutud tunnustuse tähendus oli kurjakuulutav . 	lausuma|lausutud tunnustus tähendus olema kurjakuulutav .
26		 Rüütli lähedus täitis neid hirmu- ja vastikustundega , nagu oleks ta laibasööjast raisakull . 	Rüütel|Rüütli lähedus täitma tema hirm ja vastikustunne , nagu olema tema laibasööja raisakull .
26		 Mõni heitunum joonistas jõumärke õhku , lootes kurje vaime eemale ajada , ammed peitsid lapsi selja taha , rüütlid mõõtsid võõrast ähvardavate pilkudega , kämblad valvsana mõõgapidemeil . 	mõni heitunum joonistama jõumärk õhk , lootma kuri vaim eemale ajama , amm peitma laps selg taha , rüütel mõõtma võõras ähvardav pilk , kämmal valvas mõõgapide .
27		 Oraakel ei suutnud aga oma kõrvu uskuda . 	Oraakel ei suutma|suutnud aga oma kõrv uskuma .
27		 Ta oli pääsenud ! 	tema olema pääsema|pääsenud !
27		 Ta oli ka see kord pääsenud ! 	tema olema ka see kord pääsema|pääsenud !
28		" Rüütel ei olnud aga veel lõpetanud : "" Ma olen ekselnud igaviku , kuid ometi , kuigi mul ei ole ühte kindlat eesmärki , on mul eesmärgid . "	"Rüütel ei olema|olnud aga veel lõpetama|lõpetanud : "" mina olema ekselnud|ekslema igavik , kuid ometi , kuigi mina ei olema üks kindel eesmärk , olema mina eesmärk ."
28		 Siiski . 	siiski .
28		" Uskuge ! "" "	"uskuma ! """
29		 Kibeda naeratusega vaatas ta Oraaklile otsa , justkui kaheldes , kas suudab teda veenda . 	kibe naeratus vaatama tema oraakel otsa , justkui kahtlema , kas suutma tema veenma .
29		" Siis ütles ta ohates : "" Ma olen surm . "	"siis ütlema tema ohkama : "" mina olema surm ."
29		" Ma tulin sulle järele . "" "	"mina tulema sina järele . """
