par_nr	head	sentence	lemmas
1	 Kohtumine Emaga 	 Kohtumine Emaga 	kohtumine ema
2		 Karen Orlau 	Karen Orlau
3		 Annele tänuks nõiduslike õhtute eest 	Anne tänu nõiduslik õhtu eest
4		 Linn virgus aegamisi . 	linn virguma aegamisi .
4		 Tänavakivid ärkasid hämaruse pehme puudutuse peale , mis koos päevapalavusega puhus minema ka tolmu sisse keerutatud jäljemustri . 	tänavakivi ärkama hämarus pehme puudutus peale , mis koos päevapalavus puhuma minema ka tolm sisse keerutama|keerutatud jäljemuster .
4		 Saabuv õhtu mähkis müüride ümber tumesinised loorid ja süütas väikesed kollaste klaasidega tänavalaternad , mis särasid pargipuuvõrades nagu jaaniussid heinapuhmas . 	saabuv õhtu mähkima müür ümber tumesinine loor ja süütama väike|väikene kollane klaas tänavalatern , mis särama pargipuuvõra nagu jaaniuss heinapuhm|heinapuhmas .
4		 Virgunud kivid tervitasid üksteist tasasel häälel ning vahetasid traditsioonilisi repliike kuninganna peatsest saabumisest nagu vanad kogenud õukondlased . 	virguma|virgunud kivi tervitama üksteise tasane hääl ning vahetama traditsiooniline repliik kuninganna peatne saabumine nagu vana kogema|kogenud õukondlane .
5		 Annalii hing oli rahutu . 	Annalii hing olema rahutu .
5		 Aimus , et just täna kohtub ta esimest korda Emaga , süvenes ja hirmutas oma seletamatusega . 	aimus , et just täna kohtuma tema esimene kord ema , süvenema ja hirmutama oma seletamatus .
5		 Tema libaelu oli alanud vähem kui aasta tagasi ning kuigi ta esimesest ööst saadik teadis Ema olemasolust , ei olnud ta teda varem näinud . 	tema libaelu olema alanud|algama vähem kui aasta tagasi ning kuigi tema esimene öö saadik teadma ema olemasolu , ei olema|olnud tema tema varem nägema|näima|näinud .
6		 Ta punus oma purskkaevuveest veel niisked juuksed patsi ja lippas vana linnasüdame poole , et kivide sosinaid kuulata — võibolla loobuvad vanad müürid seekord kiuslikest mõistukõnedest ja räägivad temaga ööst ja Emast nagu võrdsega . 	tema punuma oma purskkaevuvesi veel niiske juus pats ja lippama vana linnasüda poole , et kivi sosin kuulama - võibolla loobuma vana müür seekord kiuslik mõistukõne ja rääkima tema öö ja ema nagu võrdne .
7		 Hall kass , kes oli end kavalalt põõsasse peitnud , kräunatas varjutaolist kuju märgates ja looma rohelised silmad kiiskasid solvunult . 	hall kass , kes olema ise kavalalt põõsas peitma|peitnud , kräunatama varjutaoline kuju märkama ja loom roheline silm kiiskama solvunult .
7		 Vaikse sisinaga hüppas ta põõsasse , ise sügavalt rahulolematu , et oli end ootamatult ehmatada lasknud . 	vaikne sisin hüppama tema põõsas , ise sügavalt rahulolematu , et olema ise ootamatult ehmatama laskma|lasknud .
8		 Kivid linnasüdames kõnelesid oma üleolevalt piltlikus keeles ning Annalii ei suutnud jutus seoseid tabada . 	kivi linnasüda kõnelema oma üleolevalt piltlik keel ning Annalii ei suutma|suutnud jutt seos tabama .
8		 Hallseljad võisid ka tema jaoks mõistetavat kõnet kasutada , kuid neile meeldis nende unenäoline mälupiltide vahetamine rohkem . 	hallselg võima ka tema jaoks mõistetav kõne kasutama , kuid tema meeldima tema unenäoline mälupilt vahetamine rohkem .
8		 Neetud põikpäised kivid ! 	needma|neetud põikpäine kivi !
8		 Tänavad ! 	tänav !
8		 Linn ! 	linn !
8		 Ta ei teadnud isegi , kus asus see kurja juur , kas igas kivis eraldi või kusagil selle suure miljonitest kivirakkudest looma keskmes . 	tema ei teadma|teadnud isegi , kus asuma see kuri juur , kas iga kivi eraldi või kusagil see suur miljon kivirakk loom kese .
8		 Pettunult andis ta lähemale müürile jalaga ja kuulis selle vaikset mitmehäälset naeru , kui ta valust sisistas . 	pettunult andma tema lähemale müür jalg ja kuulma see vaikne mitmehäälne naer , kui tema valu sisistama .
9		 Rahutus kannustas takka ja asu leidmata lonkis ta hämaruse süvenedes sihitult mööda tänavaid . 	rahutus kannustama takka ja asu leidma lonkima tema hämarus süvenema sihitult mööda tänav .
9		 Ta kräunus kurjalt ning teritas pehmel puutüvel küüsi . 	tema kräunuma kurjalt ning teritama pehme puutüvi küüs .
9		 Kargas teeseldud ehmatusega põõsastikku peitu , kui suveööd nautivad hilised jalutajad möödusid . 	kargama teeseldud|teesklema ehmatus põõsastik peit , kui suveöö nautiv hiline jalutaja mööduma .
9		 Aeles soojal lõhnaval rohul ja nühkis turja vastu hulluksajavalt itsitavat maad . 	aelema soe lõhnav rohi ja nühkima turi vastu hulluksajavalt itsitav maa .
9		 Pilkas kive , kepseldes kergejalgselt tänaval nagu purjus paan . 	pilkama kivi , kepslema kergejalgselt tänav nagu purjus paan .
9		 Seda nad kadestasid ! 	see tema kadestama !
9		 Võidukalt sooritas ta pahurate kivide küürutõmbunud selgadel mõne eriti kergemeelse hüppe ja kadus siis põõsastikku . 	võidukalt sooritama tema pahur kivi küürutõmbunud selg mõni eriti kergemeelne hüpe ja kaduma siis põõsastik .
9		 Surus kibuvitsaõied vastu nägu ja hingas läbi nende õrnade õielehtede ja jumaliku meelõhna . 	suruma kibuvitsaõis vastu nägu ja hingama läbi tema õrn õieleht ja jumalik meelõhn .
10		 Ema oli tulekul ! 	ema olema tulek !
10		 Kogu soe suveööõhk oli eelaimusest tiine . 	kogu soe suveööõhk olema eelaimus tiine .
10		 Lõputu mõõt joovastust , rahu ja sulamist ning talle antakse luba saada osakeseks hõõguvast ürgolevast ühest — nii nagu iga üksik ülbe tänavakivi on osake Linnast , sulab ta Ema kuuma lõputusse jõuallikasse ning ulbib muretu ja vabana selles turvalises kosmoseavaras üsas . 	lõputu mõõt joovastus , rahu ja sulamine ning tema andma luba saama osake hõõguv ürgolev ühest - nii nagu iga üksik ülbe tänavakivi olema osake linn , sulama tema ema kuum lõputu jõuallikas ning ulpima muretu ja vaba see turvaline kosmoseavar üsk .
10		 Sellisena tundis Ema olemust vaid Annalii alateadvus , sest ta ise oli liialt äsja öösse sündinud , et öiste varjude looja tegelikku olemust tunda . 	selline tundma ema olemus vaid Annalii alateadvus , sest tema ise olema liialt äsja öö sündima|sündinud , et öine vari looja tegelik olemus tundma .
10		 Ta teadis ainult , et kõik see , mis eelmises elus temas sügavat õudu äratanuks , oli nüüd turvaline ja ihalusväärne , sest vari ja valgus käisid ühest sügiseööst saadik risti vastupidi . 	tema teadma ainult , et kõik see , mis eelmine elu tema sügav õud äratanu , olema nüüd turvaline ja ihalusväärne , sest vari ja valgus käima üks sügiseöö saadik risti vastupidi .
10		 Päikesevalgus oli jälk ja hirmutav , räigetes toonides säravad nurgatagused tekitasid kõhedust , nagu varitseks seal keegi kuritahtlik , päeva pealetükkivad hääled sööbisid meeltesse ja kriiskasid kõrvus , kui ta paaniliselt pimedusest pelgu otsides nende eest põgenes . 	päikesevalgus olema jälk ja hirmutav , räige toon särav nurgatagune tekitama kõhedus , nagu varitsema seal keegi kuritahtlik , päev pealetükkiv hääl sööbima meel ja kriiskama kõrv , kui tema paaniliselt pimedus pelg otsima see eest põgenema .
10		 Öö jahedas süles ulpis ta aga muretu vabadusega nagu kala vees . 	öö jahe süli ulpima tema aga muretu vabadus nagu kala vesi .
10		 Liiatigi oli pimeduses alati tunda Ema enese kohalolekut ja ta kaitsvat kätt . 	liiatigi olema pimedus alati tundma ema ise kohalolek ja tema kaitsev käsi .
11		 Iga ootamisehetk põletas oma venivusega . 	iga ootamisehetk põletama oma venivus .
11		 Neetud ! 	neetu !
12		 Kibuvitsaoksad sahisesid ehmunult , kui neid viivuks külastanud vari kärsitult kiunatades minema kihutas . 	kibuvitsaoks sahisema ehmunult , kui see viiv külastama|külastanud vari kärsitult kiunatama minema kihutama .
13		 Korraga Annalii peatus ja kuulatas teraselt . 	korraga Annalii peatuma ja kuulatama teraselt .
13		 Täiesti juhuslikult oli kividest temani jõudnud üks selge sõnum läbi kogu selle sosinate mesilassülemisumina . 	täiesti juhuslikult olema kivi tema jõudma|jõudnud üks selge sõnum läbi kogu see sosin mesilassülemisumin .
13		 Meeled kainenesid õhusrippuvaid sõnu ja seoseid püüdes , mitte et neil Emaga vähematki pistmist oleks olnud , kuid nad olid seostatud ja seetõttu tähelepanuväärsed . 	meel kainenema õhusrippuv sõna ja seos püüdma , mitte et tema ema vähem pistmine olema olema|olnud , kuid tema olema seostama|seostatud ja seetõttu tähelepanuväärne .
13		 Ta oli ju veel nii noor ja ei osanud kuigi hästi kuulata . 	tema olema ju veel nii noor ja ei osanud|oskama kuigi hästi kuulama .
13		 Nüüd aga kuulis ta sama selgelt , kui sõnumisaatja oleks temaga rääkinud . 	nüüd aga kuulma tema sama selgelt , kui sõnumisaatja olema tema rääkima|rääkinud .
14		" "" Ma olen meeleheitel ! "" tundis keegi kõrvalasuvas vanas viilkatusega majas . "	""" mina olema meeleheide ! "" tundma keegi kõrvalasuv vana viilkatus maja ."
14		" "" Ma ei suuda seda enam päevagi taluda ... "	""" mina ei suutma see enam päev taluma ..."
14		 Homme teeb ta seda jälle . 	homme tegema tema see jälle .
14		 Ja ülehomme ... igal hommikul , kui ema välja läheb . 	ja ülehomme ... iga hommik , kui ema välja minema .
14		 Ja see on nii valus . 	ja see olema nii valus .
14		 Ma tahan ära ! 	mina tahtma ära !
14		 Ma tahan siit ära ! 	mina tahtma siit ära !
14		 Aidake mind ! 	aitama mina !
14		" Ema ! "" "	"ema ! """
15		 Tunded , mis neid sõnu moodustasid , krampusid patjasurutud nutuhoogu ning karjusid ahastavat üksindust läbi öise õhu sama selgelt , nagu oleks valjuhäälselt appi hüütud . 	tunne , mis see sõna moodustama , krampuma patjasurutud nutuhoog ning karjuma ahastav üksindus läbi öine õhk sama selgelt , nagu olema valjuhäälselt abi hüüdma|hüütud .
16		 Annalii neelatas . 	Annalii neelatama .
16		 Ta mäletas veel küllalt hästi , kuidas tundus öösiti patja nutta , teades , et abi ei ole loota . 	tema mäletama veel küllalt hästi , kuidas tunduma öösiti padi nutma , teadma , et abi ei olema lootma .
17		" "" Ma ei jaksa seda enam taluda ! "" kuulis ta teise appikarjet . "	""" mina ei jaksama see enam taluma ! "" kuulma tema teine appikarje ."
18		 Viiv hiljem seisis ta juba väikeses ärklitoas , kuigi hõbetatud nikerdustega aknavõre oli talle põrgulikult haiget teinud . 	viiv hiljem seisma tema juba väike|väikene ärklituba , kuigi hõbetama|hõbetatud nikerdus aknavõre olema tema põrgulikult haige tegema|teinud .
18		 Üle ta verevaegusest valge õla jooksid kaks inetut tulitavat haava . 	üle tema verevaegus valge õlg jooksma kaks inetu tulitav haav .
18		 See valu oli aga tühine raevu kõrval , mis teda valdas , kui ta nägi väikest tüdrukut , kes nägu patja surudes summutatult nutta nuuksus . 	see valu olema aga tühine raev kõrval , mis tema valdama , kui tema nägema väike|väikene tüdruk , kes nägu padi suruma summutatult nutma nuuksuma .
18		 Tänaval kinnipüütud mälupiltide järgi oli ta oodanud , et näeb noort naist . 	tänav kinnipüütud mälupilt järgi olema tema oodanud|ootama , et nägema noor naine .
19		 Lapse käed haarasid kramplikult ümber padja ja pikad sassis juuksed varjasid ta näo . 	laps käsi haarama kramplikult ümber padi ja pikk sassis juus varjama tema nägu .
19		 Erksa lillelise tapeediga seinalt vaatas Annaliile nukrate vanainimesesilmadega vastu raamitud inglinägu , pealesunnitud naeratus kuulekalt väikesel nukusuul . 	Ergas|Erksa lilleline tapeet sein vaatama Annaliile nukker vanainimesesilm vastu raamima|raamitud inglinägu , pealesunnitud naeratus kuulekalt väike|väikene nukusuu .
20		 Annalii istus tasakesi voodiservale ja silitas ettevaatlikult nutja sassis juukseid . 	Annalii istuma tasakesi voodiserv ja silitama ettevaatlikult nutjas sassis juus .
20		 See vakatas ja tõstis siis pea , uurides Annaliid tõsiselt , kuid samal ajal siiski usaldavalt . 	see vakatama ja tõstma siis pea , uurima Annalii tõsiselt , kuid sama aeg siiski usaldavalt .
20		 Lapse huuled olid veidi paistes ning ka ta kaela õrnal valgel nahal punetasid justkui raspliga hõõrutud kohad . 	laps huul olema veidi paistes ning ka tema kael õrn valge nahk punetama justkui raspel hõõruma|hõõrutud koha|koht .
20		 Aru saades , et võõras ta kaela silmitseb , peitis tüdruk selle ruttu öösärgi varju , kuid kerkiv särgiserv paljastas ta peenikesed , tursunud muljumisjälgedega jalad . 	Aru saama , et võõras tema kael silmitsema , peitma tüdruk see ruttu öösärk vari , kuid kerkiv särgiserv paljastama tema peenike|peenikene , tursuma|tursunud muljumisjälg jalg .
20		 Tüdruk püüdis neidki teki alla peita , kuid Annalii peatas ta , sõrme huultele surudes . 	tüdruk püüdma tema tekk alla peitma , kuid Annalii peatama tema , sõrm huul suruma .
20		 Õige ettevaatlikult , justkui oleks tegemist õhukese portselaniga , sirutas ta käe lapse poole ja silitas väga tasakesi ta pehmeid juukseid . 	õige ettevaatlikult , justkui olema tegemine õhuke portselan , sirutama tema käsi laps poole ja silitama väga tasakesi tema pehme juus .
20		 Laps jälgis iga liigutust , kuid ta pinguletõmbunud keha lõdvenes aegamisi rahustavate silituste all . 	laps jälgima iga liigutus , kuid tema pinguletõmbunud keha lõdvenema aegamisi rahustav silitus all .
20		 Lõpuks ohkas ta südamest ja põimis oma käed ümber ootamatu külalise , kes paistis teda lohutada tahtvat . 	lõpuks ohkama tema süda ja põimima oma käsi ümber ootamatu külaline , kes paistma tema lohutama tahtev .
21		 Toas udupilvena rippuv lämmatav meeleheide ängistas Annaliid , kuid ta jäi paigale ja hällitas süles kerratõmbunud last . 	tuba udupilv rippuv lämmatav meeleheide ängistama Annalii , kuid tema jääma paigale ja hällitama süli kerratõmbunud laps .
21		 Too puges ninapidi peaaegu kaenla alla . 	too pugema ninapidi peaaegu kaenal alla .
21		 Juuksesalk langes ta kaelalt tagasi ning Annalii nägi otse tüdruku teokarbina heleda kõrvalesta taga jõhkrat kraabet . 	juuksesalk langema tema kael tagasi ning Annalii nägema otse tüdruk teokarp hele kõrvalest taga jõhker kraabe .
21		 Ta langetas vaistlikult pea ja puudutas vägistatud nahka huultega , et seda jahutada ja leevendada . 	tema langetama vaistlikult pea ja puudutama vägistama|vägistatud nahk huul , et see jahutama ja leevendama .
21		 Kriimustatud kukal lõhnas purustatud linnupesa järele . 	kriimustama|kriimustatud kukal lõhnama purustama|purustatud linnupesa järele .
21		 Väga ettevaatlikult maitses ta seda ööst niiskete , jahedate huultega , märkamata , et käsi , mis kaitsvalt ümber tüdruku hoidis , surus last endisest palju tugevamalt . 	väga ettevaatlikult maitsema|maitsma tema see öö niiske , jahe huul , märkama , et käsi , mis kaitsvalt ümber tüdruk hoidma , suruma laps endine palju tugevamalt .
21		 Tüdruk ainult ohkas vaikselt , kuid ei liigutanud , rääkimata ehmunud rabelemisest . 	tüdruk ainult ohkama vaikselt , kuid ei liigutama|liigutanud , rääkimata ehmuma|ehmunud rabelemine .
21		 Selles väikeses kehas ei olnud kübetki elujanu , mis oleks ohtu aimanud ja sundinud vaistlikult vastu võitlema . 	see väike|väikene keha ei olema|olnud kübe elujanu , mis olema oht aimama|aimanud ja sundima|sundinud vaistlikult vastu võitlema .
21		 Ta alistus vähimagi vastupanuta Annalii hingematvalt sulguvale sülelusele . 	tema alistuma vähim vastupanu Annalii hingematvalt sulguv sülelus .
22		 Annalii ei olnud näljane . 	Annalii ei olema|olnud näljane .
22		 Üldse mitte — Ema ootus toitis keha hoopis eredamalt hõõguva kütusega kui misiganes toit , kuid mingi kummalise , nälga täiesti puutumatu , kuid palju vägevama sunni ajel surus ta huuled tugevalt vastu peenikest kaela , mis varma valmidusega talle vastu sirutus . 	üldse mitte - ema ootus toitma keha hoopis eredamalt hõõguv kütus kui misigane toit , kuid mingi kummaline , nälg täiesti puutumatu , kuid palju vägevam sund ajel suruma tema huul tugevalt vastu peenike|peenikene kael , mis varmas valmidus tema vastu sirutuma .
22		 Annalii viivitas ainult imelühikese hetke , huultege kaela silitades , enne kui kihvad teise värisevasse tuiksoonde surus , nii ettevaatlikult ja valutult , kui seda vähegi teha sai . 	Annalii viivitama ainult imelühike hetk , huultege kael silitama , enne kui kihv teine värisev tuiksoon suruma , nii ettevaatlikult ja valutult , kui see vähegi tegema saama .
22		 Tüdruk võpatas kergelt , kui pingul nahk ta painutatud kaelal kihvade all katki praksatas . 	tüdruk võpatama kergelt , kui pingul nahk tema painutama|painutatud kael kihv all katki praksatama .
23		 Jumalik nektar pulbitses kaelast mahlaste tuigetena , iga suutäis täiuslikult elav — kartlik ja haavatav , samas hirmutult alistuv nii nagu nende omanikki . 	jumalik nektar pulbitsema kael mahlane tuige , iga suutäis täiuslikult elav - kartlik ja haavatav , samas hirmutult alistuv nii nagu tema omanik .
23		 Iga ahne neelatusega muutus üha enam tüdrukust Annaliiks : iga sõõmuga suurenes jooja elujõud , ta mällu avanesid uued pildid ja seniolematud kogemused . 	iga ahne neelatus muutuma üha enam tüdruk Annaliiks : iga sõõm suurenema jooja elujõud , tema mälu avanema uus pilt ja seniolematu kogemus .
23		 Ta võttis enda kanda kogu last piinanud kibeduse , mis koos eluveega temast välja voolas , ning selle asemel asus tüdruku rammestuvasse kehasse lunastav ükskõiksus nagu kauaoodatud puhkus pikast piinast . 	tema võtma ise kandma kogu laps piinama|piinanud kibedus , mis koos eluvesi tema välja voolama , ning see asemel asuma tüdruk rammestuv keha lunastav ükskõiksus nagu kauaoodatud puhkus pikk piin .
23		 Koos valu ja kibedusega voolasid Annaliisse ka teise rõõmud ja lootused , keldrililledena haprad , kuid seda kaunimad . 	koos valu ja kibedus voolama Annalii ka teine rõõm ja lootus , keldrilill habras , kuid see kaunim .
23		 Tüdruk loovutas need kergekäeliselt , hetkegi kahetsemata . 	tüdruk loovutama see kergekäeliselt , hetk kahetsema .
24		 Viimased sõõmud tuikasid kaelasoontest jõuetult ning tüdruku ebakindlad südamelöögid kumisesid Annalii kõrvus , hetk-hetkelt aeglasemaks ja tuhmimaks kustudes . 	viimane sõõm tuikama kaelasoon jõuetult ning tüdruk ebakindel südamelöök kumisema Annalii kõrv , hetk-hetk aeglasem ja tuhmim kustuma .
24		 Viimase südamelöögi vältel avas tüdruk hetkeks silmad ning , vaevumata selle maailmaga hüvastigi jätmata , sukeldus taas äsjaleitud rahusse , sulgedes silmad ülima ükskõiksusega mahajääva vastu . 	viimane südamelöök vältel avama tüdruk hetk silm ning , vaevuma see maailm hüvasti jätma , sukelduma taas äsjaleitud rahu , sulgema silm ülim ükskõiksus mahajääv vastu .
24		 Ettevaatlikult noolis Annalii ta kaelalt viimase tumeda veretilga . 	ettevaatlikult noolima Annalii tema kael viimane tume veretilk .
25		 Lapse kallistavad käed olid öise külalise piha ümber krampunud , nii et kõik kümme väikest sõrme tuli ükshaaval lahti kangutada . 	laps kallistav käsi olema öine külaline pihk|piht ümber krampuma|krampunud , nii et kõik kümme väike|väikene sõrm tulema ükshaaval lahti kangutama .
26		 Aknalt vaatas lahkuja korraks tagasi . 	aken vaatama lahkuja korraks tagasi .
26		 Tüdruk lamas kerratõmbunult voodis , nagu oleks ta lihtsalt magama jäänud . 	tüdruk lamama kerratõmbunult voodi , nagu olema tema lihtsalt magama jääma|jäänud .
26		 Annalii oli lapsele teki peale tõmmanud ja pehmetes kiharates pea padjale sättinud . 	Annalii olema laps tekk peale tõmbama|tõmmanud ja pehme kihar pea padi sättima|sättinud .
26		 Mitte et too enam mugavusest kuigivõrd hoolinuks , aga nii tundus lihtsalt õige . 	mitte et too enam mugavus kuigivõrd hoolinu , aga nii tunduma lihtsalt õige .
26		 Meeleheide oli kadunud , tuba hingas sügavas rahus , ühtlaselt ja vaikselt nagu kabel . 	Meeleheide olema kaduma|kadunud , tuba hingama sügav rahu , ühtlaselt ja vaikselt nagu kabel .
27		 Tänavakivid tervitasid ööhulkuri paljaid jalataldu soojade julgustavate silitustega . 	tänavakivi tervitama ööhulkur paljas jalatald soe julgustav silitus .
27		 Ärevad sosinad olid vaibunud , ümberringi kostis tasane meloodiline ümin , justnagu pomiseksid müürid Ema saabumiseks sobilikke palveid . 	ärev sosin olema vaibuma|vaibunud , ümberringi kostma tasane meloodiline ümin , justnagu pomisema müür ema saabumine sobilik palve .
27		 Ettevaatlikult nagu kass asetas Annalii jalgu teele , astudes sammhaaval kivide poolt juhatatud eesmärgi poole , otse iidsesse linnasüdamesse . 	ettevaatlikult nagu kass asetama Annalii jalg tee , astuma sammhaaval kivi poolt juhatama|juhatatud eesmärk poole , otse iidne linnasüda .
27		 Kui ta ärevusest neelatas , tundis ta kurgus veel tüdruku värske vere leebet ja julgustavat maitset . 	kui tema ärevus neelatama , tundma tema kurk veel tüdruk värske veri leebe ja julgustav maitse .
28		 Linnasüdame lagunevad kivimüürid olid näinud aastatuhandeid . 	linnasüda lagunev kivimüür olema nägema|näima|näinud aastatuhat .
28		 Neis oli talletunud nii aegade alguse hämarat ürgusku kui ristikiriku ebainimlikku julmust , pikki sajandeid kestnud sõdade verejanu ning linna laastanud katkude ja nälgade koledusi . 	see olema talletuma|talletunud nii aeg algus hämar ürgusk kui ristikirik ebainimlik julmus , pikk sajand kestma|kestnud sõda verejanu ning linn laastama|laastanud katk ja nälg koledus .
29		 Seal oli iidne kaagiplats ja sügaval müüri sees paistsid ikka veel häbipostide läbiroostetanud rõngajäänused . 	seal olema iidne kaagiplats ja sügaval müür sees paistma ikka veel häbipost läbiroostetanud rõngajäänus .
29		 Mõrvatute viimased hirmud ja nende abitu valuängistus talletusid igivanadesse müüridesse ning hõõgusid seal tuhmi punase kumana , mida inimeste hulgast vaid mõned üksikud näha suutsid . 	mõrvatu viimane hirm ja tema abitu valuängistus talletuma igivana müür ning hõõguma seal tuhm punane kuma , mis inimene hulgast vaid mõni üksik nägema suutma .
29		 Need elasid aga enamasti sügaval metsades , sest nad ei tahtnud teada saada , mida vanade linnade kivid võinuks neile rääkida . 	see elama aga enamasti sügav mets , sest tema ei tahtma|tahtnud teadma saama , mis vana linn kivi võima tema rääkima .
29		 Kui ka tavalised linnakodanikud oleksid suutnud seda kättemaksuihast miilavat kuma näha , ei oleks nad mingi hinna eest vanale linnasüdamele lähenenud . 	kui ka tavaline linnakodanik olema suutma|suutnud see kättemaksuihane miilav kuma nägema , ei olema tema mingi hind eest vana linnasüda lähenema|lähenenud .
29		 See jäi tavasilmale siiski märkamata ning seletamatult sagedasi õnnetusi seletati argiste põhjustega , mis , kuigi otsitud , mõjusid usutavatena . 	see jääma tavasilm siiski märkama ning seletamatult sagedane õnnetus seletama argine põhjus , mis , kuigi otsima|otsitud , mõjuma usutav .
30		 Just selline linnasüda oli Emale kõige sobivamaks templiks , sest seal jätkus talle piisavalt toitu . 	just selline linnasüda olema ema kõige sobivam tempel , sest seal jätkuma tema piisavalt toit .
30		 Kord aastas tuli ta mõnes taolises paigas üles ja kutsus oma vastsündinuid . 	kord aasta tulema tema mõni taoline paik üles ja kutsuma oma vastsündinu .
31		" "" Ole tervitatud , kuninganna ! "" pomisesid templi kivid , mis oma pika eluea jooksul olid peaaegu sama karastunud kui hõõguvad allilmaväravad . "	""" olema tervitatu , kuninganna ! "" pomisema tempel kivi , mis oma pikk eluiga jooksul olema peaaegu sama karastunu kui hõõguv allilmavärav ."
32		" "" Olge tervitatud , mu kalliskivid ! "" sosistas tuul ja silitas punakalt kumavaid kive . "	""" olema tervitama|tervitatud , mina kalliskivi ! "" sosistama tuul ja silitama punakalt kumav kivi ."
32		" "" Kuidas olete elanud ? "" "	""" kuidas olema elama|elanud ? """
33		" "" Valvasime su kutsikat , Ema . "" "	""" valvama sina kutsikas , ema . """
34		" "" Olete hästi teinud . "	""" olema hästi tegema|teinud ."
34		" Tooge ta siia ! "" vaikse tuulehääle saatel hakkas murukamar murenema . "	"tooma tema siia ! "" vaikne tuulehääl saatel hakkama murukamar murenema ."
34		 Kümned ja kümned tumedad läikivad haarmed surusid end maapinnast üles ja ronisid väätidena mööda müüre . 	kümme ja kümme tume läikiv haare suruma ise maapind üles ja ronima väät mööda müür .
34		 Iminappade asemel olid neil kaheksajalakätel suured ümmargused kollased kassisilmad , värtnakujulise öömusta pupilliga . 	iminapp asemel olema tema kaheksajalakäsi suur ümmargune kollane kassisilm , värtnakujuline öömust pupill .
34		 Mõned haarmed moondusid käteks , mis silitasid vanu müürikive justnagu lemmiklooma . 	mõni haare moonduma käsi , mis silitama vana müürikivi justnagu lemmikloom .
34		 Samal ajal sirutus maapinnast üles üha uusi õliselt läikivaid jätkeid , mis vaiksete niiskete latsatustega oma silmi avasid . 	sama aeg sirutuma maapind üles üha uus õliselt läikiv jätke , mis vaikne niiske latsatus oma silm avama .
34		 Mõnele teistest kõrgemale kerkinud haarme tippu tekkis pung , millest mõne hetkega inimesepea kasvas . 	mõni teine kõrgem kerkima|kerkinud haare tipp tekkima pung , mis mõni hetk inimesepea kasvama .
34		 Üks , tõmmu meeleline naisenägu , kõrgete põsesarnade ja mustjassiniselt läikiva juuksekiivriga , üks mandlisilmadest must ja teine helesinine , madalale otsaesisele tätoveeritud lohemärk ; teine punapäine ja kahvatu , sügava vaoga lõual ning mürkroheliste silmadega , mille kohal olid tugevad kokkukasvanud mustad kulmud ; kolmas laia neegrinäoga , tüüpilise madala nina ja lopsaka suuga , kuid lumivalge , albiinodele omaste punaste küülikusilmadega . 	üks , tõmmu meeleline naisenägu , kõrge põsesarn ja mustjassiniselt läikiv juuksekiiver , üks mandlisilm must ja teine helesinine , madal otsaesine tätoveerima|tätoveeritud lohemärk ; teine punapäine ja kahvatu , sügav vagu lõug ning mürkroheline silm , mis kohal olema tugev kokkukasvanu must kulm ; kolmas lai neegrinägu , tüüpiline madal nina ja lopsakas suu , kuid lumivalge , albiino omane punane küülikusilm .
34		 Pead sosistasid ja itsitasid omavahel , samal ajal kui kümned käed kivide võikaid mälestusi ammutasid , et olendit nendega toita . 	pea sosistama ja itsitama omavahel , sama aeg kui kümme käsi kivi võigas mälestus ammutama , et olend see toitma .
35		 Tõmmu pea sädelev hääl oli sama külgetõmbav ning ta naer helises sama hukatuslikult kui kunagi eelmises elus . 	tõmmu pea sädelev hääl olema sama külgetõmbav ning tema naer helisema sama hukatuslikult kui kunagi eelmine elu .
35		 Ta õlgadel lebas paks linnakõuts , kellega ta vahetevahel kirglikult suudles , kassi kaarduv keeleots ta meelalt avatud suust vilksatamas . 	tema õlg lebama paks linnakõuts , kes tema vahetevahel kirglikult suudlema , kass kaarduv keeleots tema meelalt avama|avatud suu vilksatama .
36		 Punapäine naine oli hoolimata kahvatu näo ümber hõõguvatest salkudest jäine nagu sügisetuul — hinge kuradile müünud isatapja . 	punapäine naine olema hoolimata kahvatu nägu ümber hõõguv salk jäine nagu sügisetuul - hing|hinge kurat müüma|müünud isatapja .
36		 Ta hääl oli vahe nagu nugagi , millega ta kord vana türanni kõri kõrvast kõrvani läbi lõikas ning pilk hoolimatu ja hulluse äärepeal uhke . 	tema hääl olema vahe nagu nuga , mis tema kord vana türann kõri kõrv kõrv läbi lõikama ning pilk hoolimatu ja hullus äärepea uhke .
37		 Kolmas pea vaatas kaaslasi pilkumatute punaste silmadega ning ta maskitaolistest näojoontest ei saanud midagi välja lugeda . 	kolmas pea vaatama kaaslane pilkumatu punane silm ning tema maskitaoline näojoon ei saama|saanud miski välja lugema .
37		 Õige harva naeratas ta kergelt õekeste hooruste ja julmuste peale . 	õige harva naeratama tema kergelt õeke hoorus ja julmus peale .
37		 Pikemalt peatus ta pilk aga kõutsil , kes tõmmu õe õlgadel aeles , sest oma punaste silmadega nägi ta selgesti verd , mis looma soontes tuikas . 	pikemalt peatuma tema pilk aga kõuts , kes tõmmu õde õlg aelema , sest oma punane silm nägema tema selgesti veri , mis loom soon tuikama .
37		 Ka rotid , kes Ema lähedusest ärevatena müüride vahel sagisid , olid tema silmis pisikesed punased laigud , milles imeväike süda pumpas rikkalikku nektarit . 	ka rott , kes ema lähedus ärev müür vahel sagima , olema tema silm pisike|pisikene punane laik , mis imeväike süda pumpama rikkalik nektar .
37		 Ta mäletas ähmaselt ürgseid riitusi , vereohvreid ja nõidusi , mis ammutasid jõudu piinatu valust ja hirmust , kuid nüüd mäletas ta ainult kõige tähtsamat : verd ja selle maitset . 	tema mäletama ähmaselt ürgne riitus , vereohver ja nõidus , mis ammutama jõud piinatu valu ja hirm , kuid nüüd mäletama tema ainult kõige tähtsam : veri ja see maitse .
37		 Ta valgete huulte taga olid peidus habemenoana teravad kihvad , mõlemas tipust algav verekanal , mis juhtis purustatud soonest purskavat elumahla otse kurgulakke . 	tema valge huul taga olema peit habemenuga terav kihv , mõlema tipp algav verekanal , mis juhtima purustama|purustatud soon purskav elumahl otse kurgulagi .
38		" "" Kutsikas tuleb ! "" sosistasid kivid ja pead kuulatasid pingsalt . "	""" kutsikas tulema ! "" sosistama kivi ja pea kuulatama pingsalt ."
38		" Tänavalt kostsid ebakindlad sammud ning tõmmu pea turtsatas edevalt : "" Minu rahvast ta küll ei ole ! "	"tänav kostma ebakindel samm ning tõmmu pea turtsatama edevalt : "" mina rahvas tema küll ei olema !"
38		 Meie , elujoojad , liigume vaikselt . 	mina , elujooja , liikuma vaikselt .
38		" Isegi kõige äpardunum luupainaja ... "" "	"isegi kõige äpardunum luupainaja ... """
39		" "" Shhh ! "" kähistas punapea ja nuusutas õhku , koon vastu tuult . "	""" shhh ! "" kähistama punapea ja nuusutama õhk , koon vastu tuul ."
39		" "" Libadest ka mitte , kuigi selles lõhnas on midagi ! "" "	""" liba ka mitte , kuigi see lõhnama olema miski ! """
40		" "" Mis sa arvad , mida , õeke ? "	""" mis sina arvama , mis , õeke ?"
40		" Küsi lapsesööja käest ! "" itsitas tõmmu succubus pilkavalt . "	"küsima lapsesööja käest ! "" itsitama tõmmu succubus pilkavalt ."
41		" "" Lilith ? "	""" Lilith ?"
41		" Mis lõhn see on ? "" pöördus punapea uudishimulikult albiino poole , kuid too ei vastanud , limpsas vaid ärevalt ärevalt keelega üle huulte . "	"mis lõhn see olema ? "" pöörduma punapea uudishimulikult albiino poole , kuid too ei vastama|vastanud , limpsama vaid ärevalt ärevalt keel üle huul ."
42		" "" Lõpuks ometi on minu rahvas siin linnas sees ! "	""" lõpuks ometi olema mina rahvas siin linn sees !"
42		" See on tema jaoks hea paik , "" sosistas ta siis peaaegu kuulmatult . "	"see olema tema jaoks hea paik , "" sosistama tema siis peaaegu kuulmatult ."
43		" Õed turtsatasid pettunult : "" Võeh , verejooja ! "" "	"õde turtsatama pettunult : "" võeh , verejooja ! """
44		 Valge pea ei vastanud edevatele õdedele , kuid ta kurjakuulutav vaikimine hillitses nad peagi . 	valge pea ei vastama|vastanud edev õde , kuid tema kurjakuulutav vaikimine hillitsema tema peagi .
44		 Tahtmatult lakkus albiinopea huuli . 	tahtmatult lakkuma albiinopea huul .
44		 Värske lapsevere lõhn hakkas teda tasapisi hullutama . 	värske lapseveri lõhn hakkama tema tasapisi hulluma|hullutama .
45		 Annalii hiilis värisevate jalgadega linnasüdame suunas . 	Annalii hiilima värisev jalg linnasüda suunas .
45		 Müüride punane kuma oli ebaühtasem kui tavaliselt , särades rubiinselt või kustudes kohati vaevuaimatavaks hõõguseks . 	müür punane kuma olema ebaühtasem kui tavaliselt , särama rubiinselt või kustuma kohati vaevuaimatav hõõgus .
45		 Ema võttis müüridest toitu . 	ema võtma müür toit .
45		 Hirmu ja valu talletavatest kividest jõu ammutamine oli midagi , mille jaoks Annalii oli veel liiga noor . 	hirm ja valu talletav kivi jõud ammutamine olema miski , mis jaoks Annalii olema veel liiga noor .
45		 Mõned Ema rahvastest oskasid seda küll silmade avamise hetkest peale , aga mitte nemad , esimesed . 	mõni ema rahvas oskama see küll silm avamine hetk peale , aga mitte tema , esimene .
45		 Ta neelatas ärevalt ja astus siis müüride varjust välja , otse vanale kaagiplatsile . 	tema neelatama ärevalt ja astuma siis müür vari välja , otse vana kaagiplats .
46		 Vaatepilt jahmatas teda , sest midagi sellist ei osanud ta küll oletada . 	vaatepilt jahmatama tema , sest miski selline ei osanud|oskama tema küll oletama .
46		 Kividel istus kolm naist , õieti ei olnud kolmandast , valgest ja liikumatust marmorkujust võimalik esimesel pilgu aru saada , kumba soosse ta kuulub , sest ta lumivalged juuksed olid lühikesed ning rind lai ja lame , kuid ... 	kivi istuma kolm naine , õieti ei olema|olnud kolmas , valge ja liikumatu marmorkuju võimalik esimene pilk aru saama , kumb soo|sugu tema kuuluma , sest tema lumivalge juus olema lühike ning rind lai ja lame , kuid ...
46		 Annalii vaatas olendi verekarva punastesse silmadesse ja teadis , et teisiti ei saanud see olla . 	Annalii vaatama olend verekarva punane silm ja teadma , et teisiti ei saama|saanud see olema .
46		 Teised kaks , tõmmu lopsakas iludus ja laia hundinäoga punapäine naine vaatasid teda veidi üleoleva kuid siiski heatahtliku uudishimuga . 	teine kaks , tõmmu lopsakas iludus ja lai hundinägu punapäine naine vaatama tema veidi üleolev kuid siiski heatahtlik uudishimu .
46		 Ümber istujate hõõgus kummaline sügavmust väli , mis kohati kõrgele müüridele välja ulatus . 	ümber istuja hõõguma kummaline sügavmust väli , mis kohati kõrgele müür välja ulatuma .
46		 Annaliid ainiti silmitsev punaste silmadega naine kutsus teda käeviipega lähemale . 	Annalii ainiti silmitsev punane silm naine kutsuma tema käeviibe lähemale .
46		 Teised kaks pistsid pead kokku , kuid hoolimata nende agaralt sosistavatest huultest ei kuulnud Annalii ainsatki heli.Ta võttis julguse kokku ja astus edasi . 	teine kaks pistma pea kokku , kuid hoolimata see agaralt sosistav huul ei kuulma|kuulnud Annalii ainus heli . tema võtma julgus kokku ja astuma edasi .
46		 Kui lõpmatult must väli ümber ta jalgade kokku lõi , tundis ta kummalist avanemist : hakkas korraga tajuma kolmiku tundeid ja mõtteid ning teadis , et ka ta ise muutus nende jaoks lahtiseks raamatuks . 	kui lõpmatult must väli ümber tema jalg kokku looma|lööma , tundma tema kummaline avanemine : hakkama korraga tajuma kolmik tunne ja mõte ning teadma , et ka tema ise muutuma tema jaoks lahtine raamat .
46		 Justnagu oleks ta nendega üheks sulamas . 	justnagu olema tema see üks sulama .
47		 Kassiga naine kihistas naerda , temast õhkuv salalikkus ja meelus ajasid Annaliid segadusse nagu ka punapea jõhkruseni otsekohene hoolimatus . 	kass naine kihistama naerma , tema õhkuv salalikkus ja meelus ajama Annalii segadus nagu ka punapea jõhkrus otsekohene hoolimatus .
47		 Kuigi ilusad õekesed olid ihaldusväärsed ja ligitõmbavad , olid nad ometi veidi võõrad . 	kuigi ilus õeke olema ihaldusväärne ja ligitõmbav , olema tema ometi veidi võõras .
47		 Valgest naisest kiirgus aga ligitõmbavat salapära ja kindlust nagu mõnest maanõiast . 	valge naine kiirgus aga ligitõmbav salapära ja kindlus nagu mõni maanõid .
47		 Annalii astus talle lähemale . 	Annalii astuma tema lähemale .
47		 Või siis ujus selles mustas olematuses , millesse ta tundis end sulavat nagu üksainuke kivi tänavasse . 	või siis ujuma see must olematus , mis tema tundma ise sulav nagu üksainuke kivi tänav .
48		" "" Ah siis nii nad seda tunnevadki ! "" mõtles ta hetkeks neile mõistatuslikele hallidele küürselgadele , kes , igaüks omaette , siiski suure terviku moodustasid . "	""" ah siis nii tema see tundma ! "" mõtlema tema hetk see mõistatuslik hall küürselg , kes , igaüks omaette , siiski suur tervik moodustama ."
49		 Ümber ta jalgade siuglesid nähtamatud haarmed , mis imesid end iminappadega tema külge . 	ümber tema jalg siuglema nähtamatu haare , mis ime ise iminapp tema külge .
49		 Kui järjekordne iminapp haakus , tundus see nagu tunneli avamine tema keha ja musta välja vahel , läbi mille temasse vaadati ja kust tema võis sirutuda teiste mõtete poole . 	kui järjekordne iminapp haakuma , tunduma see nagu tunnel avamine tema keha ja must väli vahel , läbi mis tema vaatama ja kust tema võima sirutuma teine mõte poole .
49		 Ometi jäi ta terveks ja vigastamatuks ning kahlas samm sammult valgele olendile lähemale . 	ometi jääma tema terve ja vigastamatu ning kahlama samm samm valge olend lähemale .
49		 Kui albiino tervituseks oma suud paotas , tundis Annalii korraga teravamalt kui ei kunagi varem surma enese ehedat lõhna . 	kui albiino tervitus oma suu paotama , tundma Annalii korraga teravamalt kui ei kunagi varem surm ise ehe lõhn .
49		 Lehk hellitas ta sõõrmeid nagu meelemürk ja ta põlved nõtkusid , kui ta valge ette astus . 	lehk hellitama tema sõõre nagu meelemürk ja tema põli|põlv nõtkuma , kui tema valge ette astuma .
49		 See sirutas toetuseks käed vastu . 	see sirutama toetus käsi vastu .
50		 Järgnev toimus kiiremini , kui Annalii seda märgata oleks suutnud , sest valge oli väga vana ja ta liigutused uskumatult väledad . 	järgnev toimuma kiiremini , kui Annalii see märkama olema suutma|suutnud , sest valge olema väga vana ja tema liigutus uskumatult väle .
50		 Korraga oli noor verejooja surutud vastu külma marmorina tunduvat rinda , üks kivikõva käsi hoidis ta pead ja teine keha , nii et kael kumerdus valge langetatud peale vastu . 	korraga olema noor verejooja suruma|surutud vastu külm marmor tunduv rind , üks kivikõva käsi hoidma tema pea ja teine keha , nii et kael kumerduma valge langetama|langetatud peale vastu .
50		 Tolle irevil huulte varjust paljastusid mõõkhamba kõverad kihvad , mille ta januse lõrinaga täies pikkuses Annalii kaela surus . 	too irevil huul vari paljastuma mõõkhammas kõver kihv , mis tema janune lõrin täis pikkune Annalii kael suruma .
50		 See võpatas teravast valust , mis leevenes tuimaks tuikamiseks , kui valge jõuliste sõõmudega temast veel sooja verd jõi . 	see võpatama terav valu , mis leevenema tuim tuikamine , kui valge jõuline sõõm tema veel soe veri jooma .
50		 Annalii meeled tuimenesid ja ta vajus udusesse uimaolekusse , sest valge imes ta soontest enam kui selleöise tüdruku vere . 	Annalii meel tuimenema ja tema vajuma udune uimaolek , sest valge imema tema soon enam kui selleöine tüdruk veri .
50		 Noored nagu tema ei suutnud elada ilma vereta soontes ning kui valge ta kaelast lahti lasi , oli Annalii hääbumise lävel . 	noor nagu tema ei suutma|suutnud elama ilma veri soon ning kui valge tema kael lahti laskma , olema Annalii hääbumine lävi .
50		 Mitte et see oleks valus olnud , õieti oli see isegi nauditav , selline pehme poolmeelemärkuseta olek , milles kõik ümbritsev tundus tähtsusetu ja ebareaalsena . 	mitte et see olema valus olema|olnud , õieti olema see isegi nauditav , selline pehme poolmeelemärkus olek , mis kõik ümbritsev tunduma tähtsusetu ja ebareaalne .
51		 Valge kriimustas oma marmorrinda , millest hakkas immitsema süsimusta vedelikku , ja surus Annalii huuled haavale . 	Valge kriimustama oma marmorrind , mis hakkama immitsema süsimust vedelik , ja suruma Annalii huul haab|haav .
51		 Ükskõik kelle teise jaoks oleks see tõrvataoline jook olnud kohutav mürk , aga tema enese rahvale oli see jõuduandev rinnapiim . 	ükskõik kes teine jaoks olema see tõrvataoline jook olema|olnud kohutav mürk , aga tema ise rahvas olema see jõuduandev rinnapiim .
51		 Annalii jõi ahnete sõõmudega , niutsudes näljakustutamise ärevusest nagu kutsikas . 	Annalii jooma ahne sõõm , niutsuma näljakustutamine ärevus nagu kutsikas .
51		 Vedelik oli joovastavalt jõuduandev . 	vedelik olema joovastavalt jõuduandev .
51		 Isegi neetud hõbedaga lõigatud haavad kadusid valutavalt õlalt juba esimeste sõõmudega . 	isegi needma|neetud hõbe lõigatud|lõikama haab|haav kaduma valutavalt õlg juba esimene sõõm .
51		 Selle jõu ja kirkuse eest oleks Annalii nõus olnud loovutama mitte ainult selleöise tüdruku vere , vaid eelmise ja eelmise ja eelmise ohvri vere ja nii ükshaaval kuni kõige esimeseni välja . 	see jõud ja kirkus eest olema Annalii nõus olema|olnud loovutama mitte ainult selleöine tüdruk veri , vaid eelmine ja eelmine ja eelmine ohver veri ja nii ükshaaval kuni kõige esimene välja .
51		 Jah , isegi selle , kõige esimese ... 	jah , isegi see , kõige esimene ...
52		 Ema rinnapiim andis talle poolenisti alateadlikke teadmisi sellest , mida ta eelkäijad aegade jooksul õppinud olid , ning mis Emasse talletatuna talle edasi anti . 	ema rinnapiim andma tema poolenisti alateadlik teadmine see , mis tema eelkäija aeg jooksul õppima|õppinud olema , ning mis ema talletatu tema edasi andma .
52		 Iga suutäiega sai ta üha lõplikumalt osakeseks kaitsvast ja toitvast , igileebest Emast , kes valitses seda maailma , kus surm võib juhuse tahtel või Ema soovil olla sünniks , mürk rinnapiimaks , pimedus turvaliseks silmavalguseks ... 	iga suutäis saama tema üha lõplikumalt osake kaitsev ja toitev , igileebe ema , kes valitsema see maailm , kus surm võima juhus tahe või ema soov olema sünd , mürk rinnapiim , pimedus turvaline silmavalgus ...
53		 Korraga meenus Annaliile miski ja ta tõmbas huuled haavalt . 	korraga meenuma Annaliile miski ja tema tõmbama huul haab|haav .
53		 Valge silmitses tõrkuvat last murelikult ja tajus ta küsimust . 	Valge silmitsema tõrkuv laps murelikult ja tajuma tema küsimus .
53		 Kui ta pihuga Annalii silmad sulges , et nii oma mõtet selgemini edasi anda , nägi noor verejooja vaimusilmas pilti ärklitoast , kust ta alles äsja lahkus . 	kui tema pihk|pihu Annalii silm sulgema , et nii oma mõte selgemini edasi andma , nägema noor verejooja vaimusilm pilt ärklituba , kust tema alles äsja lahkuma .
54		 Tuba oli rõõmus nagu kamber , kuhu on toodud äsjasündinud laps . 	tuba olema rõõmus nagu kamber , kuhu olema toodud|tooma äsjasündinud laps .
54		 Ometi ei olnud toas kedagi , väikese tüdruku voodi oli veidi segamini ja tekk kärsitult kõrvale visatud . 	ometi ei olema|olnud tuba keegi , väike|väikene tüdruk voodi olema veidi segamini ja tekk kärsitult kõrvale visatud|viskama .
54		 Avatud uksest kostis häälekat lutsutamist ning siis paterdas tüdruk rahulolevalt ringutades oma magamistuppa . 	avama|avatud uks kostma häälekas lutsutamine ning siis paterdama tüdruk rahulolevalt ringutama oma magamistuba .
54		 Ta hele öösärk oli eest veidi määrdunud ja lapse tilluke nukusuu oli verega koos . 	tema hele öösärk olema eest veidi määrduma|määrdunud ja laps tilluke nukusuu olema veri koos .
54		 Vaikselt ümisedes istus tüdruk voodiservale ja hakkas oma sassis juukseid kammima . 	vaikselt ümisema istuma tüdruk voodiserv ja hakkama oma sassis juus kammima .
55		 Annalii hoidis Ema iidse valge kivirinna ümbert kinni ja ta silmist voolasid talitsematud tänupisarad , sest talle oli lõpuks ometi tütar sündinud . 	Annalii hoidma ema iidne valge kivirind ümbert kinni ja tema silm voolama talitsematu tänupisar , sest tema olema lõpuks ometi tütar sündima|sündinud .
