par_nr	head	sentence	lemmas
1	 Maa ja armastus 5 	 Maa ja armastus 5 	maa ja armastus 5
2		 Arno Kasemaa 	Arno Kasemaa
3		 Romaan 	romaan
4	 5 . 	 5 . 	5 .
5		 Kui Täkukalda Sohvi ja Joosep alles noored olid , käisid nad tihti Allika kui ka Urruse omadega läbi , kuigi saun asus Allika maa peal . 	kui Täkukallas Sohvi ja Joosep alles noor olema , käima tema tihti allikas kui ka Urrus oma läbi , kuigi saun asuma allikas maa peal .
5		 Nagu tolleaja taluperemehed kõik , vaatasid ka Allika Kustu ning Urruse Aleksander vabadikkude ja saunikute peale ülalt alla ega pidanud neid täisväärtuslikeks inimesteks , kelle tunnetega ning õigustega tuleks arvestada , sest ka õigusi arvasid peremehed endal olevat rohkem kui nende maa peal elavatel saunikutel . 	nagu tolleaeg taluperemees kõik , vaatama ka allikas Kustu|Kustud ning Urrus Aleksander vabadik ja saunik peale ülalt alla ega pidama|pidanud see täisväärtuslik inimene , kes tunne ning õigus tulema arvestama , sest ka õigus arvama peremees ise olema rohkem kui see maa peal elav saunik .
5		 Sest kuidas siis muidu , taevas tule appi ! 	sest kuidas siis muidu , taevas tulema abi !
5		 Mille muu järgi siis õigusedki jaotati , kui ikka varanduse järgi . 	mis muu järgi siis õigus jaotama , kui ikka varandus järgi .
5		 Ja peremehed hoidsid oma ninaotsad püsti ning salvasid sõnadega vabadikke ja saunikuid , kus aga said . 	ja peremees hoidma oma ninaots püsti ning salvama sõna vabadik ja saunik , kus aga saama .
5		 Kuid Täkukalda Sohvi oli kõikidest peremeestest kangem ega kartnud kedagi . 	kuid Täkukallas Sohv olema kõik peremees kangem ega kartma|kartnud keegi .
5		 Ja kui keegi upsakas tal hinge täis tegi , sajatas ta solvaja ära , soovides talle haigust , surma või mõnda muud hukatust , mis talle parajasti meelde tuli . 	ja kui keegi upsakas tema hing täis tegema , sajatama tema solvaja ära , soovima tema haigus , surm või mõni muu hukatus , mis tema parajasti meel tulema .
5		 Ja mis kõige hullem , Sohvi sajatamissõnad läksid alati täide . 	ja mis kõige hullem , Sohv|Sohvi sajatamissõna minema alati täis .
5		 Kui maareformi ajal toimus järjekordne talumaade mõõdistamine ja piiride õgvendamine , anti talumaadel elavatele saunikutele ja vabadikkudele nii riigimaade reservidest kui ka suuremate talude maadest juurdelõigete näol lisa nendele , kel maad vähe oli . 	kui maareform ajal toimuma järjekordne talumaa mõõdistamine ja piir õgvendamine , andma talumaa elav saunik ja vabadik nii riigimaa reserv kui ka suurem talu maa juurdelõige näol lisama tema , kes maa vähe olema .
5		 Ka Täkukalda Joosep sai nii Urruse kui ka Allika heina- ning põllumaastki oma kartulimaalapile pisut juurde . 	ka Täkukallas Joosep saama nii Urrus kui ka allikas hein ning põllumaa oma kartulimaalapp pisut juurde .
5		 See täitis mõlema peremehe , eriti aga Urruse Aleksandri südame põletava vihaga . 	see täitma mõlema peremees , eriti aga Urrus Aleksander|Aleksandr süda põletav viha|viht .
5		 Tema pärustalust lõigati ilma temalt nõusolekut saamata tükk kõige paremast heinamaast ära ja anti mingile Selivere mõisa viinavabriku töölisele , moonakale ! 	tema pärustalu lõikama ilma tema nõusolek saamata tükk kõige parem heinamaa ära ja andma mingi Selivere mõis viinavabrik tööline , moonakas !
5		 See oli Urruse peremehe arvates lausa kisendav ülekohus . 	see olema Urrus peremees arvama lausa kisendav ülekohus .
5		 Küll käis ta maamõõtjaid sõimamas , kui need parajasti piirivaiu sisse tagusid ning kupitsaid maha panid , kuid need ei teinud tigedast Urruse peremehest väljagi , vaid jätkasid rahulikult oma tööd . 	küll käima tema maamõõtja sõimama , kui see parajasti piirivai sisse taguma ning kupits maha panema , kuid see ei tegema|teinud tige Urrus peremees välja , vaid jätkama rahulikult oma töö .
5		 Siis aga juhtus nõnda , et Täkukalda vihusauna kaev jäi uute piiride ajamisega Allika talu hobusekoplisse . 	siis aga juhtuma nõnda , et täkukallas vihusaun kaev jääma uus piir ajamine allikas talu hobusekoppel .
5		 Võib-olla poleks Kustu ise sellest väljagi teinud ning oleks lasknud Sohvil ja Joosepil kaevu edasi kasutada , kuid raevune Urruse peremees nägi selles head võimalust Täkukalda saunikutele heinamaatüki äravõtmise eest kätte maksta . 	võib-olla olema kustuma ise see välja tegema|teinud ning olema laskma|lasknud Sohv|Sohvi ja Joosep kaev edasi kasutama , kuid raevune Urrus peremees nägema see hea võimalus täkukallas saunik heinamaatükk äravõtmine eest käsi maksma .
5		 Ta ässitas Kustu üles , et see kaevule uut piiri mööda traataia ette teeks , nii et asunikud sealt enam vett kätte ei saaks . 	tema ässitama Kustu üles , et see kaev uus piir mööda traataed ette tegema , nii et asunik sealt enam vesi käsi ei saama .
5		 Et üleaedsega mitte vastamisi minna , täitis Kustu lõpuks Urruse peremehe soovi . 	et üleaedne mitte vastamisi minema , täitma Kustu lõpuks Urrus peremees soov .
5		 Ja kui siis Sohvi laupäeval sauna hakkas kütma ning kaevust vett läks võtma , leidis ta viietraadilise aia eest . 	ja kui siis Sohv|Sohvi laupäev saun hakkama kütma ning kaev vesi minema võtma , leidma tema viietraadiline aed eest .
5		 Parajasti kui ta vastse aia ääres , veeämber näpu otsas , aru pidas , kust sauna jaoks vett võtta , tuli Urruse Aleksander , käed seljal , pikkamisi jalutades mööda piirdeaeda Täkukalda poole . 	parajasti kui tema vastne aed ääres , veeämber näpp otsas , aru pidama , kust saun jaoks vesi võtma , tulema Urrus Aleksander , käsi selg , pikkamisi jalutama mööda piirdeaed täkukallas poole .
5		 Peremehe nägu säras kahjurõõmust . 	peremees nägu särama kahjurõõm .
5		" "" Noh , mida see Täkukalda proua siin aia ääres nii kipras näoga mõtleb ? "	""" noh , mis see täkukallas proua siin aed ääres nii kipras nägu mõtlema ?"
5		 Kas kavatsed üle aia ronida või poed ehk alt ? 	kas kavatsema üle aed ronima või pood ehk alt ?
5		" Ole aga siis ettevaatlik , et sa oma perset ära ei kriimusta . "" "	"olema aga siis ettevaatlik , et sina oma perse ära ei kriimustama . """
5		" Sohvi ei teinud alguses solvamisest väljagi , vaid vastas : "" Pean siin aru ja vaatan , et ei tea , kes see siga küll peaks olema , kes minu kaevutee okastraadiga kinni pani . "" "	"Sohvi ei tegema|teinud algus solvamine välja , vaid vastama : "" pidama siin aru ja vaatama , et ei teadma , kes see siga küll pidama olema , kes mina kaevutee okastraat kinni panema . """
5		" – "" See siga olen mina , "" vastas Urruse peremees . "	"- "" see siga olema mina , "" vastama Urrus peremees ."
5		" "" Allika Kustu ise ei saanud sellega enne hakkama , kuni mina talle asja selgeks tegin , et niisugust nõiamoori nagu sina tuleb pisut õpetada ja tema tiibu kärpida . "	""" allikas Kustu ise ei saama|saanud see enne hakkama , kuni mina tema asi selge tegema , et niisugune nõiamoor nagu sina tulema pisut õpetama ja tema tiib kärpima ."
5		" Või sina naisterookija võtad minult heinamaatüki ära ! "" – "" Ah või sina lasksid aia teha ! "	"või sina naisterookija võtma mina heinamaatükk ära ! "" - "" ah võima sina laskma aed tegema !"
5		 Oled jah , sea moodi , va paksmagu . 	olema jah , siga moodi , va paksmagu .
5		 Hea , et sa sellest ise aru saad . 	hea , et sina see ise aru saama .
5		 Aga millise õigusega sa mult vee ära võtsid ? 	aga milline õigus sina mina vesi ära võtma ?
5		" Niisugust seadust ei ole , mis seda lubaks . "" "	"niisugune seadus ei olema , mis see lubama . """
5		" – "" Vaat selle õigusega , "" vastas Urruse peremees , nööpis oma püksid eest lahti ning soristas Sohvit häbenemata tema jalgade ette maha . "	"- "" vaat see õigus , "" vastama Urrus peremees , nööpima oma püks eest lahti ning soristama Sohvit häbenema tema jalg ette maha ."
5		" Sohvi ei teinud sellest väljagi , vaid lausus : "" Et sa minult kaevuvee ära võtsid , traataia ette tegid , selle eest kõrbegu su kõri . "	"Sohvi ei tegema|teinud see välja , vaid lausuma : "" et sina mina kaevuvesi ära võtma , traataed ette tegema , see eest kõrbema sina kõri ."
5		 Janusse pead sa surema , et sa veetilka enne surma alla ei saa . 	janu pidama sina surema , et sina veetilk enne surm alla ei saama .
5		" Ja mida rohkem sa karjud , seda suurem su piin olgu , kuni ükskord su perse õhtal on . "" "	"ja mis rohkem sina karjuma , see suurem sina piin olema , kuni ükskord sina perse õhtal olema . """
5		 Urruse peremees naeris Sohvile näkku , peeretas mõnuledes ja läks . 	Urrus peremees naerma Sohvile nägu , peeretama mõnulema ja minema .
5		 Paari aasta pärast jäi ta haigeks ning vaevles tõvevoodis suurtes valudes ja ei saanud ei süüa ega juua . 	paar aasta pärast jääma tema haige ning vaevlema tõvevoodi suur valu ja ei saama|saanud ei sööma ega jooma .
5		 Kurgus oli kuri kasvajas , mis halvas neelu . 	Kurgus olema kuri kasvaja , mis halb neel .
5		 Küll palus mees põetajaid , et need talle juua annaksid , kuid suust kaugemale vesi ei läinud . 	küll paluma mees põetaja , et see tema jooma andma , kuid suu kaugemale vesi ei läinud|minema .
5		 Kurgu neeluorganid ei allunud tahtele . 	kurk neeluorgan ei alluma|allunud tahe .
5		" Kui Sohvi Urruse peremehe haigusest kuulis , lausus ta parastades : "" Noh , eks olegi sul käes , va paksmagu … Lisaks aga valu ja pikendaks elu . "" "	"kui Sohv|Sohvi Urrus peremees haigus kuulma , lausuma tema parastama : "" noh , eks olema sina käsi , va paksmagu … lisa aga valu ja pikendama elu . """
5		 Ka need sajatamissõnad läksid täide , sest Urruse Aleksander vaevles uskumatult kaua ja karjus hirmsates piinades , enne kui ta janu ja nälja kätte suri . 	ka see sajatamissõna minema täis , sest Urrus Aleksander vaevlema uskumatult kaua ja karjuma hirmus piin , enne kui tema janu ja nälg kätte surema .
5		 Kas ta enne surma Täkukalda Sohvi sajatamissõnadele mõtles või ei , seda ei saanud keegi teada , sest varem ta sellest ei rääkinud ja enne surma ta seda enam teha ei saanudki , sest koos neeluorganite halvatusega kaotas ta lõpuks ka kõnevõime . 	kas tema enne surm täkukallas Sohv|Sohvi sajatamissõna mõtlema või ei , see ei saama|saanud keegi teadma , sest varem tema see ei rääkima|rääkinud ja enne surm tema see enam tegema ei saama , sest koos neeluorgan halvatus kaotama tema lõpuks ka kõnevõime .
5		 Seepärast kardeti Sohvit ja välditi temaga pahuksisse minekut , et mitte tema viha alla sattuda . 	seepärast kartma Sohvit ja vältima tema pahuksisse minek , et mitte tema viha alla sattuma .
6		 Tereesel polnud aimugi , milline üks suur linn välja võib näha . 	Tereesel olema aim , milline üks suur linn välja võima nägema .
6		 Rongilt maha tulles sattus ta oma kompsuga ruttava ja trügiva inimvoolu keskele ning laskis ennast tükk aega sihitult kaasa kanda . 	Rongilt maha tulema sattuma tema oma komps ruttav ja trügiv inimvool keskele ning laskma ise tükk aeg sihitult kaasa kandma .
6		 Siis aga astus ta lõpuks kõrvale ning jäi möödaruttavaid inimesi silmitsema . 	siis aga astuma tema lõpuks kõrvale ning jääma möödaruttav inimene silmitsema .
6		 Kõigil paistis olevat tuline kiire . 	kõik paistma olema tuline kiire .
6		 Tereesele ajas see inimmass hirmu peale . 	Tereesele ajama see inimmass hirm peale .
6		 Teda heidutas majade ja tornide kõrgus ning suurlinna tänavaliiklus , autode tuututamine ja kabjaplagin . 	tema heidutama maja ja torn kõrgus ning suurlinn tänavaliiklus , auto tuututamine ja kabjaplagin .
6		 Keegi ei pannud teda tähele . 	keegi ei panema|pannud tema tähele .
6		 Kuidas siit , selle segaduse seast küll Elviirat leida , mõtles ta jahmunult . 	kuidas siit , see segadus seast küll Elviirat leidma , mõtlema tema jahmunult .
6		 Ta oli kuulnud , et linnas on tänavatel nimed , majadel ning korteritel aga numbrid . 	tema olema kuulma|kuulnud , et linn olema tänav nimi , maja ning korter aga number .
6		 Kuid mida ütlesid need talle ? 	kuid mis ütlema see tema ?
6		 Elviira polnud koju andnud mingit tänava nimetust ega ka numbreid . 	Elviira olema kodu andma|andnud mingi tänav nimetus ega ka number .
6		 Kui ehk kellegi käest küsida ? 	kui ehk keegi käest küsima ?
6		 Kuid samas taipas ta selle asja mõttetust . 	kuid samas taipama tema see asi mõttetus .
6		 Kust võisid võõrad inimesed midagi teada ühest maalt linna tulnud külatüdrukust ? 	kust võima võõras inimene miski teadma üks maa linn tulema|tulnud külatüdruk ?
6		 See peaks olema siis küll õnnelikust veel õnnelikumgi juhus , kui ta niimoodi oma õe peale satub . 	see pidama olema siis küll õnnelik veel õnnelikum juhus , kui tema niimoodi oma õde peale sattuma .
6		 Tereese jalutas edasi , kuni kohtas hõredat metsa meenutavat platsi , kus kõnniteede ääres asetsesid pingid . 	tereese jalutama edasi , kuni kohtama hõre mets meenutav plats , kus kõnnitee ääres asetsema pink .
6		 Väsinult istus ta ühele nendest , võttis oma kompsust võileiva ning sõi selle ära , sest ta tundis järsku , et kõht on kohutavalt tühi . 	väsinult istuma tema üks see , võtma oma komps võileib ning sööma see ära , sest tema tundma järsku , et kõht olema kohutavalt tühi .
6		 Võileivapaberi viskas ta kõnniteele maha . 	võileivapaber viskama tema kõnnitee maha .
6		" "" Miks sa pabereid maha pillud ! "	""" miks sina paber maha pilduma !"
6		 Kes su järelt koristab ? 	kes sina järelt koristama ?
6		" Kas sa ei näe , kus prügikast on ! "" kuulis ta järsku tõredat häält oma selja taga . "	"kas sina ei nägema , kus prügikast olema ! "" kuulma tema järsk tõre hääl oma selg taga ."
6		 Tereese jahmus , pöördus ringi ning nägi vanaldast naisterahvast , luud ja pika varrega prügikühvel käes , enda poole tulevat . 	tereese jahmuma , pöörduma ringi ning nägema vanaldane naisterahvas , luu|luud ja pikk vars prügikühvel käsi , ise poole tulema .
6		" "" Küll on nende uulitsatüdrukutega häda , "" pahandas vanaeit . "	""" küll olema see uulitsatüdruk häda , "" pahandama vanaeit ."
6		 Tereese võttis kähku oma paberi maast üles ning lahkus , sest ta tundis piinlikkust , et teda uulitsatüdrukuks peeti . 	tereese võtma kähku oma paber maa üles ning lahkuma , sest tema tundma piinlikkus , et tema uulitsatüdruk pidama .
6		 Kust võis tema seda teada , et siia paberit maha visata ei tohi . 	kust võima tema see teadma , et siia paber maha viskama ei tohtima .
6		 Kõik olid siin nii peenelt riides , hoopis teistmoodi kui maal , eriti naised . 	kõik olema siin nii peenelt riides , hoopis teistmoodi kui maa , eriti naine .
6		 Nad kandsid kübaraid ning siidsukki , jalas aga kõrge kontsaga kingi , justnagu tõttaksid nad peole . 	tema kandma kübar ning siidsukk , jalg aga kõrge konts king , justnagu tõttama tema peo|pidu .
6		 Käe otsas rippusid ilusad , peenest nahast kotikesed . 	käsi otsas rippuma ilus , peen nahk kotike .
7		 Kaua kõndis Tereese sihitult tänavatel ega teadnud , kuhu minna . 	kaua kõndima tereese sihitult tänav ega teadma|teadnud , kuhu minema .
7		 Kippus hämarduma , akendes süttisid tuled . 	kippuma hämarduma , aken süttima tuli .
7		 Tereesele tikkus nutt peale , sest olukord tundus täiesti lootusetu . 	Tereesele tikkuma nutt peale , sest olukord tunduma täiesti lootusetu .
7		 Kartlikult piilus ta vastutulijaid . 	kartlikult piiluma tema vastutulija .
7		 Kui õige peataks mõne neist ja paluks öömaja ? 	kui õige peatama mõni see ja paluma öömaja ?
7		 Eks nemadki ole inimesed , arvas Tereese . 	eks tema olema inimene , arvama tereese .
7		 Kuid kõik olid võõrad , kõigil paistis olevat tuline kiire , aina traavisid mööda kivisillutist , nii et kingatallad klõbisesid . 	kuid kõik olema võõras , kõik paistma olema tuline kiire , aina traavima mööda kivisillutis , nii et kingatald klõbisema .
7		 Nende kivinenud , ükskõiksed näod peletasid eemale . 	tema kivinema|kivinenud , ükskõikne nägu peletama eemale .
7		 Lõpuks märkas ta teiste seas heledapäist härrat , kes käed seljal pikkamisi mööda tänavat jalutas ning ükskõiksel pilgul vastutulijaid silmitses . 	lõpuks märkama tema teine seas heledapäine härra , kes käsi selg pikkamisi mööda tänav jalutama ning ükskõikne pilk vastutulija silmitsema .
7		 Mehe heledad silmad , blondid juuksed ning rahulik ilme meenutasid Tagavälja Villemit ja Tereese otsustas tema käest öömaja paluda . 	mees hele silm , blond juus ning rahulik ilme meenutama Tagaväli Villem ja tereese otsustama tema käest öömaja paluma .
7		 Riietatud oli ta härrasmehelikult . 	riietatu olema tema härrasmehelikult .
7		" "" Härra , ma olen maalt , esimest korda linnas ja mul ei ole kusagile minna . "	""" härra , mina olema maa , esimene kord linn ja mina ei olema kusagile minema ."
7		" Kas te võiksite mulle öömaja juhatada ? "" palus Tereese väriseval häälel . "	"kas sina võima mina öömaja juhatama ? "" paluma tereese värisev hääl ."
7		 Mees seisatas , kergitas kulmukaared imestunult kõrgele ning vaatas oma rohekashallide silmadega Tereesele otsa . 	mees seisatama , kergitama kulmukaar imestunult kõrgele ning vaatama oma rohekashall silm Tereesele otsa .
7		" "" Miks te siis niimoodi linna tulete , kui teil kusagile minna ei ole ? "" "	""" miks sina siis niimoodi linn tulema , kui sina kusagile minema ei olema ? """
7		 Tereese vaikis ja langetas pilgu . 	tereese vaikima ja langetama pilk .
7		 Mees seiras teda hindavalt . 	mees seirama tema hindavalt .
7		" "" Kas te tulite tööd otsima ? "" küsis ta lõpuks . "	""" kas sina tulema töö otsima ? "" küsima tema lõpuks ."
7		 Tereese noogutas . 	tereese noogutama .
7		" "" Seda on linnas küll väga raske leida . "	""" see olema linn küll väga raske leidma ."
7		" Mida sa oskad ? "" "	"mis sina oskama ? """
7		 Tereese kehitas õlgu . 	tereese kehitama õlg .
7		" "" Kui te maalt olete , nagu te ütlesite , siis mõistagi ei oska te midagi . "	""" kui sina maa olema , nagu sina ütlema , siis mõistagi ei oskama sina miski ."
7		 Talutöö tundmisega pole linnas midagi peale hakata . 	talutöö tundmine olema linn miski peale hakkama .
7		" Kui vana te olete ? "" – "" Kuusteist . "" "	"kui vana sina olema ? "" - "" kuusteist . """
7		" Mees mõtles pisut , siis vaatas Tereesele imeliku pika pilguga otsa ja lausus : "" Öömaja võiksin minagi teile täna õhtul anda , aga mis edasi saab , seda ma küll ei tea . "" "	"mees mõtlema pisut , siis vaatama Tereesele imelik pikk pilk otsa ja lausuma : "" öömaja võima mina sina täna õhtu andma , aga mis edasi saama , see mina küll ei teadma . """
7		" Härrasmees ootas ja kui voorimees lähenes , peatas ta selle , ütles kutsarile midagi , mida Tereese ei kuulnud , maksis raha ning tütarlapse poole pöördudes lausus : "" Istuge peale , voorimees viib teid öömajale . "" "	"härrasmees ootama ja kui voorimees lähenema , peatama tema see , ütlema kutsar miski , mis tereese ei kuulma|kuulnud , maksma raha ning tütarlaps poole pöörduma lausuma : "" istuma peale , voorimees viima sina öömaja . """
7		 Tereese tänas ning tegi , mida temalt nõuti , ja peagi veeres sõiduk mööda kivisillutist kesklinna poole . 	tereese tänama ning tegema , mis tema nõudma , ja peagi veerema sõiduk mööda kivisillutis kesklinn poole .
7		 Hobune peatus mingis kõrvaltänavas vana madala maja ees . 	hobune peatuma mingi kõrvaltänav vana madal maja ees .
7		" "" Roni maha , linnukene ! "" põristas voorimees ja vaatas tagasi . "	""" ronima maha , linnukene ! "" põristama voorimees ja vaatama tagasi ."
7		" "" Oled üsna noorukene alles . "	""" olema üsna noorukene alles ."
7		" Kas tulid linna ametit õppima ? "" "	"kas tulema linn amet õppima ? """
7		 Ning vanamees muigas habemesse . 	ning vanamees muigama habe .
7		" Ja kui ta nägi , et Tereese nõutult seisma jäi , lausus ta julgustades : "" Astu aga sisse . "	"ja kui tema nägema , et tereese nõutult seisma jääma , lausuma tema julgustama : "" astuma aga sisse ."
7		 Küll härra tuleb sulle järele . 	küll härra tulema sina järele .
7		" Ega ta sind muidu siia sõidutada ei lasknud . "" "	"ega tema sina muidu siia sõidutama ei laskma|lasknud . """
7		 Ütles , pööras hobuse ümber ning sõitis minema . 	ütlema , pöörama hobune ümber ning sõitma minema .
7		 Tereese kõhkles . 	tereese kõhklema .
7		 Ta vaatas uudistades maja väikseid aknaid , kitsal hoovil lösutavat poollagunenud kuuri ning raketega kaevu , kus keti otsas rippus mõlkis ämber . 	tema vaatama uudistama maja väike aken , kitsas hoov lösutav poollagunenud kuur ning rake kaev , kus kett otsas rippuma mõlkis ämber .
7		 Uks avanes ning vanaldane naisterahvas astus välja . 	uks avanema ning vanaldane naisterahvas astuma välja .
7		" "" Kes sa niisugune oled ? "" küsis ta ja mõõtis trepi ees seisvat tütarlast vaenulikult . "	""" kes sina niisugune olema ? "" küsima tema ja mõõtma trepp ees seisev tütarlaps vaenulikult ."
7		" "" Olen Tereese , maalt . "	""" olema tereese , maa ."
7		" Üks härra saatis mind siia . "" "	"üks härra saatma mina siia . """
7		" – "" Kes too härra oli ? "" – "" Ma ei tea , nägin teda esimest korda , ütles , et öömajale . "	"- "" kes too härra olema ? "" - "" mina ei teadma , nägema tema esimene kord , ütlema , et öömaja ."
7		" Voorimees tõi . "" "	"voorimees tooma . """
7		" – "" Kuidas too härra välja nägi ? "" – "" Heledapäine , nii nagu Tagavälja Villemgi . "" "	"- "" kuidas too härra välja nägema ? "" - "" Heledapäine , nii nagu Tagaväli Villem . """
7		" – "" Tea ma su Villemist midagi . "	"- "" teadma mina sina Villem miski ."
7		 Ja ära sa mul siin liiga palju võrista . 	ja ära sina mina siin liiga palju võristama .
7		 Tunnen sinusuguseid linnukesi küll ja küll . 	tundma sinusugune linnuke küll ja küll .
7		 Enne on silmad peos , lased sisse , varsti on tuba tühi , lähevad kõigega , mida kaasa võtta annab . 	enne olema silm peo|pidu , laskma sisse , varsti olema tuba tühi , minema kõik , mis kaasa võtma andma .
7		 Aga noh , tule siis pealegi sisse , kui härra sind saatis . 	aga noh , tulema siis pealegi sisse , kui härra sina saatma .
7		" Eks vaatame , kas räägid õigust või kudrutad mul siin niisama nina all , et ma su öömajale võtaksin . "" "	"eks vaatama , kas rääkima õigus või kudrutama mina siin niisama nina all , et mina sina öömaja võtma . """
7		 Vanaeit laskis Tereese sisse ning sulges ukse . 	vanaeit laskma tereese sisse ning sulgema uks .
7		 Poolpimedas koridoris lõhnas hallituse ja tolmu järgi . 	poolpime koridor lõhnama hallitus ja tolm järgi .
7		 Üsna koridori lõpus avas vanaeit ukse ning juhatas Tereese kulunud mööbliga võrdlemisi nägusasse tuppa . 	üsna koridor lõpp avama vanaeit uks ning juhatama tereese kuluma|kulunud mööbel võrdlemisi nägus tuba .
7		" "" Siin on su öömaja . "	""" siin olema sina öömaja ."
7		" Aga kui härra täna õhtul ei ilmu ja sinu eest ei maksa , kupatan su hommikul minema. Välisukse panen kinni , härral on endal võti . "" "	"aga kui härra täna õhtu ei ilmuma ja sina eest ei maksma , kupatama sina hommik minema . välisuks panema kinni , härra olema ise võti . """
7		 Ning vanaeit tatsas minema . 	ning vanaeit tatsama minema .
7		 Tereese jäi üksinda . 	tereese jääma üksinda .
7		 Kes too härra oli ja mis tuba see oli , kuhu ta teda öömajale võttis ? 	kes too härra olema ja mis tuba see olema , kuhu tema tema öömaja võtma ?
7		 Miks ta seda üldse tegi ? 	miks tema see üldse tegema ?
7		 Ega ometi mingi tagamõttega ? 	ega ometi mingi tagamõte ?
7		 Kuid Tereese oli liiga väsinud , et sellele rohkem mõelda . 	kuid tereese olema liiga väsima|väsinud , et see rohkem mõtlema .
7		 Liiga palju uut oli tema jaoks toonud tänane päev . 	liiga palju uus olema tema jaoks tooma|toonud tänane päev .
7		 Ta riietus lahti ning puges diivanile teki alla . 	tema riietuma lahti ning pugema diivan tekk alla .
8		 Umbes kesköö paiku ärkas Tereese mingi kobina peale toas . 	umbes kesköö paiku ärkama tereese mingi kobin peale tuba .
8		 Ta jahmus ning tõusis voodis istuma . 	tema jahmuma ning tõusma voodi istuma .
8		" "" Kes siin on ? "" küsis ta hirmunud sosinal . "	""" kes siin olema ? "" küsima tema hirmuma|hirmunud sosinal ."
8		 Toas läideti valgus ning keset tuba seisis pooleldi lahtiriietatuna toosama heledapäine mees , kes ta siia öömajale saatis . 	tuba läitma valgus ning keset tuba seisma pooleldi lahtiriietatu toosama heledapäine mees , kes tema siia öömaja saatma .
8		" "" Miks te siia tulite ? "	""" miks sina siia tulema ?"
8		" Mida te kavatsete ? "" habises hirmunud tüdruk ja tõstis tekiserva rindade varjamiseks kõrgemale , sest pilgus , millega poolalasti mees teda seiras , oli midagi ürgset ja elajalikku , mis Tereesele hirmu nahka ajas . "	"mis sina kavatsema ? "" habisema hirmuma|hirmunud tüdruk ja tõstma tekiserv rind varjamine kõrgemale , sest pilk , mis poolalasti mees tema seirama , olema miski ürgne ja elajalik , mis Tereesele hirm nahk ajama ."
8		 Ta tõusis ja tahtis toast põgeneda , kuid uks oli lukus . 	tema tõusma ja tahtma tuba põgenema , kuid uks olema lukk .
8		 Kuigi Tereese veel väga vähe mehi tundis , taipas ta otsekohe tolle heledapäise härra kavatsusi . 	kuigi tereese veel väga vähe mees tundma , taipama tema otsekohe too heledapäine härra kavatsus .
8		" "" Laske mind välja ! "" "	""" laskma mina välja ! """
8		 Mees raputas pead , kiskus püksid jalast , asetas need tooliseljale ning lähenes poolpaljalt tüdrukule . 	mees raputama pea , kiskuma püks jalg , asetama see tooliselg ning lähenema poolpaljalt tüdruk .
8		 Mehe alasti ihu nägemine viis Tereese segadusse . 	mees alasti ihk|ihu nägemine viima tereese segadus .
8		 Otsekohe meenusid talle vend Juljusega veedetud hingematvalt magusad ööd . 	otsekohe meenuma tema vend Juljus veedetud|veetma hingematvalt magus öö .
8		" "" Ole rahulik ja ära tembuta . "	""" olema rahulik ja ära tembutama ."
8		" Midagi hirmsat ei juhtu , "" lausus härra ning surus Tereese enda vastu . "	"miski hirmus ei juhtuma , "" lausuma härra ning suruma tereese ise vastu ."
8		" "" Mida vähem sa tõrgud ja kära teed , seda parem sulle . "	""" mis vähem sina tõrkuma ja kära tee , see parem sina ."
8		 Kui sa minu vastu kena oled , võid siin toas nii kaua elada , kuni tööd leiad . 	kui sina mina vastu kena olema , võima siin tuba nii kaua elama , kuni töö leidma .
8		" Tõstad aga lärmi , kupatan su praegu kohe tänavale tagasi ! "" "	"tõstma aga lärm , kupatama sina praegu kohe tänav tagasi ! """
8		 Ning härra võttis Tereese ümbert kinni ja viis ta voodisse . 	ning härra võtma tereese ümbert kinni ja viima tema voodi .
8		 Tereese ei tõrkunud , sest talle viirastus taas eilne õhtu tänaval , kus ükskõiksed ja , nagu Tereesele näis , vaenulikud inimesed temast mööda vuhisesid . 	Tereese ei tõrkuma|tõrkunud , sest tema viirastuma taas eilne õhtu tänav , kus ükskõikne ja , nagu Tereesele näima , vaenulik inimene tema mööda vuhisema .
8		 Mis siis , kui too härra ta praegu tõepoolest uulitsale kihutab ? 	mis siis , kui too härra tema praegu tõepoolest uulits kihutama ?
8		 Ning õnnetu tütarlaps ei puigelnud vastu , vaid tegi , mida too heledajuukseline mees temalt nõudis . 	ning õnnetu tütarlaps ei puigelnud|puiklema vastu , vaid tegema , mis too heledajuukseline mees tema nõudma .
9		 Hommikul tuli perenaine , toosama vanaeit , kes Tereese minema lubas kupatada , kui härra tema eest ei maksa . 	hommik tulema perenaine , toosama vanaeit , kes tereese minema lubama kupatama , kui härra tema eest ei maksma .
9		 Nüüd ei lausunud ta aga sõnagi , vaid avas õhuakna , et tuba tuulutada . 	nüüd ei lausuma|lausunud tema aga sõna , vaid avama õhuaken , et tuba tuulutama .
9		 Tereese jälgis teda diivanil lamades ning pidas paremaks samuti vaikida . 	tereese jälgima tema diivan lamama ning pidama parem samuti vaikima .
9		 Kui vanaeit minema tatsas , tõusis neiu ning silmitses ennast pooltuhmunud peegli ees . 	kui vanaeit minema tatsama , tõusma neiu ning silmitsema ise pooltuhmunud peegel ees .
9		 Imelikul kombel ei tundnud ta solvumis- ega häbitunnet härra öiseid kallistusi meenutades , sest need tundusid olevat veelgi magusamad ja ihaldusväärsemad kui vend Juljusega veedetud ööd . 	imelik komme ei tundma|tundnud tema solvumis ega häbitunne härra öine kallistus meenutama , sest see tunduma olema veelgi magusam ja ihaldusväärsem kui vend Juljus veedetud|veetma öö .
9		 Mis edasi saab , sellele hoidus ta mõtlemast . 	mis edasi saama , see hoiduma tema mõtlema .
9		 Tereese pani ennast riidesse , et linnast midagi söögipoolist vaadata , sest järsku tundis ta kõhus kipitavat nälga . 	tereese panema ise riie , et linn miski söögipoolis vaatama , sest järsku tundma tema kõht kipitav nälg .
9		 Kuid enne veel kui ta väljuda jõudis , ilmus uksele vanaeit ja teatas , et köögis on laud kaetud , tulgu neiukene sööma . 	kuid enne veel kui tema väljuma jõudma , ilmuma uks vanaeit ja teatama , et köök olema laud|laug kaema|kaetud|katma , tulema neiukene sööma .
9		 Tereese läks . 	tereese minema .
9		 Aurav , meeldivalt lõhnav kohv ning pehmed saiakesed kiskusid talle vee suhu . 	aurav , meeldivalt lõhnav kohv ning pehme saiake kiskuma tema vesi suu .
9		" "" Sa võid nüüd siia jääda . "	""" sina võima nüüd siia jääma ."
9		" Kas härra sulle ei öelnud ? "" küsis vanaeit , kui oli tükk aega vaadanud , kuidas tütarlaps saiakesi hävitas . "	"kas härra sina ei öelnud|ütlema ? "" küsima vanaeit , kui olema tükk aeg vaadanud|vaatama , kuidas tütarlaps saiake hävitama ."
9		" "" Ütles , "" vastas Tereese ning tundis , et ta punastas . "	""" ütlema , "" vastama Tereese ning tundma , et tema punastama ."
9		" "" Miks sa maalt ära tulid ? "" – "" Ema kihutas kodunt minema . "" "	""" miks sina maa ära tulema ? "" - "" ema kihutama kodunt minema . """
9		" – "" Ema ? "	"- "" ema ?"
9		 Miks ? 	miks ?
9		 Mis sa seal siis tegid ? 	mis sina seal siis tegema ?
9		" Hakkasid litsi lööma või ? "" – "" Ei . "	"hakkama lits lööma või ? "" - "" ei ."
9		" Ta ei salli mind . "" "	"tema ei sallima mina . """
9		" – "" Oma ema ja ei salli ! "" imestas vanaeit , kes niisugusest asjast nähtavasti esimest korda kuulis . "	"- "" oma ema ja ei sallima ! "" imestama vanaeit , kes niisugune asi nähtavasti esimene kord kuulma ."
9		" "" Ei . "	""" ei ."
9		 Juba sündimisest peale . 	juba sündimine peale .
9		" Olen tema peigmehe nägu , sellepärast , "" seletas Tereese avameelselt . "	"olema tema peigmees nägu , sellepärast , "" seletama Tereese avameelselt ."
9		" "" Kas sa oled siis tüdruku laps või ? "" – "" Ei . "	""" kas sina olema siis tüdruk laps või ? "" - "" ei ."
9		 Aga ema pidas sulasega sehvti ja sai kaksikud tütred . 	aga ema pidama sulane sehvt ja saama kaksik tütar .
9		 Teine õde on emasse , mina aga sulasesse , Kustisse . 	teine õde olema ema , mina aga sulane , Kusti .
9		 Sellepärast vist ema mind vihkama hakkaski , sest minu kaudu said kõik teada , et ta sulasega magas . 	sellepärast vist ema mina vihkama hakkama , sest mina kaudu saama kõik teadma , et tema sulane magama .
9		" Isa olevat küll emale sedelgarihmaga andnud , nii et naabridki kisa kuulsid , aga miski ei aidanud . "" "	"isa olema küll ema sedelgarihm andma|andnud , nii et naaber kisa kuulma , aga miski ei aidanud|aitama . """
9		" – "" Kas ta siis oma mehega lapsi ei saanud , et sulasega tõmbama hakkas ? "" – "" Sai küll . "	"- "" kas tema siis oma mees laps ei saama|saanud , et sulane tõmbama hakkama ? "" - "" saama küll ."
9		" Mul on neli õde ja kaks venda . "" "	"mina olema neli õde ja kaks vend . """
9		" – "" Issand jumal ! "" lõi vanaeit imestuses käsi kokku . "	"- "" issand jumal ! "" looma|lööma vanaeit imestus käsi kokku ."
9		" "" Ja sulasega ka veel ! "	""" ja sulane ka veel !"
9		" Ja kohe kaks tükki korraga ! "" "	"ja kohe kaks tükk korraga ! """
9		 Tereese noogutas . 	tereese noogutama .
9		" "" Kas sa siis nüüd kavatsedki niisugust ametit pidama hakata , et härradega . "" "	""" kas sina siis nüüd kavatsema niisugune amet pidama hakkama , et härra . """
9		" – "" Ei , tulin tööd otsima . "" "	"- "" ei , tulema töö otsima . """
9		" – "" Vaevalt et sa linnas midagi muud leiad kui seda , mis härrade juures . "	"- "" vaevalt et sina linn miski muu leidma kui see , mis härra juures ."
9		 Aga ega niimoodi ka väga viga ei ole . 	aga ega niimoodi ka väga viga ei olema .
9		 Paljud elavad nõnda . 	palju elama nõnda .
9		" Mehelegi saavad pärast , kui härrade juures enam minekut pole . "" "	"Mehelegi saama pärast , kui härra juures enam minek olema . """
9		 Tereese oli söömise lõpetanud ning tõusis . 	tereese olema söömine lõpetama|lõpetanud ning tõusma .
9		" "" Kui sa linnas ringi liigud , siis ole ettevaatlik , et sa kellegi teisega sõbrutsema ei hakka . "	""" kui sina linn ringi liik , siis olema ettevaatlik , et sina keegi teine sõbrutsema ei hakkama ."
9		 Meie härra ei salli seda . 	mina härra ei sallima see .
9		 Ta on väga armukade . 	tema olema väga armukade .
9		 Teeb sulle kohe tuule alla ja sinu hea elu on korrapealt läbi . 	tegema sina kohe tuul alla ja sina hea elu olema korrapealt läbi .
9		" "" "	""""
10		 Kaua aega ei kohanenud Manda sel sügisel linnaeluga . 	kaua aeg ei kohanema|kohanenud Manda see sügis linnaelu .
10		 Kui ta varem maalt ära tulles otsekohe oma sõbrannad üles otsis , et nendega koos aega veeta , siis tänavu istus ta päevade kaupa oma korteris , ilma et tal klassiõed ja muudki sõbrad ning tuttavad kordagi oleksid meelde tulnud . 	kui tema varem maa ära tulema otsekohe oma sõbranna üles otsima , et tema koos aeg veetma , siis tänavu istuma tema päev kaupa oma korter , ilma et tema klassiõde ja muu sõber ning tuttav kord olema meel tulema|tulnud .
10		 Aina tabas ta oma mõtted Allika ärklitoast Haraldi juurest . 	aina tabama tema oma mõte allikas ärklituba Harald juurest .
10		 Oli ta siis tõesti oma isa talu sulasesse nii sügavalt armunud , et ta temale mõtlemisest lahti ei saanud . 	olema tema siis tõesti oma isa talu sulane nii sügavalt armuma|armunud , et tema tema mõtlemine lahti ei saama|saanud .
10		 Nüüd , kus ta üksi oli , oli tal aega kõige üle põhjalikult järele mõelda . 	nüüd , kus tema üksi olema , olema tema aeg kõik üle põhjalikult järele mõtlema .
10		 Juba esimesest juhuslikust kohtumisest peale , Umboja jõe ääres , tundis ta Haraldi vastu imelikku uudishimule sarnanevat erutust . 	juba esimene juhuslik kohtumine peale , umboja jõgi ääres , tundma tema Harald vastu imelik uudishimu sarnanev erutus .
10		 Millegipärast ärritas sulane teda . 	millegipärast ärritama sulane tema .
10		 Kohe esimesel silmapilgul tajus Manda , et sulane on temast üle . 	kohe esimene silmapilk tajuma Manda , et sulane olema tema üle .
10		 See vist oligi , mis teda alguses Haraldi vastu vihale ajas . 	see vist olema , mis tema algus Harald vastu viha aeg .
10		 Harimatu tööpoiss ja vaatab teda , nagu oleks tegemist omasuguse teenijatüdrukuga , mitte koolitatud peretütrega . 	harimatu tööpoiss ja vaatama tema , nagu olema tegemine omasugune teenijatüdruk , mitte koolitama|koolitatud peretütar .
10		 Kuid ometi oli selles midagi niisugust , mis teda sulase poole tõmbas , mis sundis teda ikka ja jälle Haraldiga kokkusaamist otsima , kuni kõik lõppes Allika ärklitoas tema voodis , kuhu veel ükski teine mees polnud pääsenud . 	kuid ometi olema see miski niisugune , mis tema sulane poole tõmbama , mis sundima tema ikka ja jälle Harald kokkusaamine otsima , kuni kõik lõppema allikas ärklituba tema voodi , kuhu veel üks teine mees olema pääsema|pääsenud .
10		 Kas ta ikka talitas õigesti , kui ta Haraldile mingit lootust ei andnud ? 	kas tema ikka talitama õigesti , kui tema Harald mingi lootus ei andma|andnud ?
10		 Võib-olla jätab Harald ta tõesti maha ning abiellub talve jooksul kellegi teisega ? 	võib-olla jätma Harald tema tõesti maha ning abielluma tali|talv jooksul keegi teine ?
10		 Ta on mees , kes oma tunnetest võitu saab , kui ainult tahab . 	tema olema mees , kes oma tunne võit saama , kui ainult tahtma .
10		 Tema juba kellegi ees lömitama ei hakka ega kelleltki midagi ei kerja . 	tema juba keegi ees lömitama ei hakkama ega keegi miski ei kerjama .
10		 Ning Manda kahetses , et ta viimasel hommikul Haraldile nii kindlasõnaliselt ära ütles . 	ning Manda kahetsema , et tema viimane hommik Harald nii kindlasõnaliselt ära ütlema .
10		 Võib-olla ei leia ta talve jooksul tõesti kedagi , kellega abielluda võiks ja ehk kukub lõpuks siiski niimoodi välja , et tulebki valida see lõpuvariant , Allika perenaine . 	võib-olla ei leidma tema tali|talv jooksul tõesti keegi , kes abielluma võima ja ehk kukkuma lõpuks siiski niimoodi välja , et tulema valima see lõpuvariant , allikas perenaine .
10		 Hea , kui sel juhul oleks niisugune mees kõrval , nagu on Harald . 	hea , kui see juht olema niisugune mees kõrval , nagu olema Harald .
10		 Millegipärast tundus Mandale , et Harald on just niisugune mees , nagu üks mees olema peab : julguse , aususe , siiruse ja jõu kehastus , kelle kõrval võiks midagi kartmata ning pelgamata elust läbi minna . 	millegipärast tunduma Mandale , et Harald olema just niisugune mees , nagu üks mees olema pidama : julgus , ausus , siirus ja jõud kehastus , kes kõrval võima miski kartma ning pelgama elu läbi minema .
10		 Niisugust meest vajab tema ja ka Allika . 	niisugune mees vajama tema ja ka allikas .
10		 Tema praeguste meestuttavate seas polnud ainsatki sellist noormeest , keda ta Haraldi kõrvale oleks võinud seada . 	tema praegune meestuttav seas olema ainus selline noormees , kes tema Harald kõrvale olema võima|võinud seadma .
10		 Kuigi haritud , olid nad siiski vaid kahvatud varjud tema kõrval . 	kuigi harima|haritud , olema tema siiski vaid kahvatu|kahvatuma vari tema kõrval .
10		 Manda arvates ei olnud niisugust raskust , millega Harald poleks jaksanud toime tulla , ega sellist keerulist olukorda , millest tema poleks osanud õiget väljapääsu leida . 	Manda arvama ei olema|olnud niisugune raskus , mis Harald olema jaksama|jaksanud toim|toime tulema , ega selline keeruline olukord , mis tema olema osanud|oskama õige väljapääs leidma .
10		 Kuid ometi ütles ta temale ära , sest ta oli sulane , Allika talu sulane , keda tema isa , Allika Kustu , see põline taluperemees , kogu hingest vihkas . 	kuid ometi ütlema tema tema ära , sest tema olema sulane , allikas talu sulane , kes tema isa , allikas Kustu , see põline taluperemees , kogu hing|hinge vihkama .
10		 Oli selle vihkamise põhjuseks tõesti see igipõline peremehe ja sulase vaheline vaen , leppimatu klassivahe , mis ei lasknud sulases näha täisväärtuslikku inimest , või oli seal veel midagi muud , seda ei osanud Manda endale seletada . 	olema see vihkamine põhjus tõesti see igipõline peremees ja sulane vaheline vaen , leppimatu klassivahe , mis ei laskma|lasknud sulane nägema täisväärtuslik inimene , või olema seal veel miski muu , see ei osanud|oskama Manda ise seletama .
10		 Kas ka tema ise ei vaadanud Haraldit isa pilguga , kuigi ta oli juba mitu kuud selle mehega ühes voodis maganud , teda oma kätega kallistanud , tema naine olnud . 	kas ka tema ise ei vaadanud|vaatama Harald isa pilk , kuigi tema olema juba mitu kuu see mees üks voodi magama|maganud , tema oma käsi kallistama|kallistanud , tema naine olema|olnud .
10		 Aga ikkagi ütles ta temale ära , ehkki tundis , et ta Haraldit armastab . 	aga ikkagi ütlema tema tema ära , ehkki tundma , et tema Harald armastama .
10		 Nüüd , kus ta teda ei näinud ja temaga ei kohtunud , tunnetas ta seda palju selgemini kui kodus olles . 	nüüd , kus tema tema ei nägema|näima|näinud ja tema ei kohtuma|kohtunud , tunnetama tema see palju selgemini kui kodu olema .
10		 Mida rohkem Manda selle probleemi kallal juurdles , seda kindlamini jõudis ta äratundmisele , et ta on teinud suure vea . 	mis rohkem Manda see probleem kallal juurdlema , see kindlamini jõudma tema äratundmine , et tema olema tegema|teinud suur viga .
10		 Oli oma õnne ära põlanud . 	olema oma õnn ära põlanud|põlgama .
10		 Mis siis sellest , et Harald tema kaudu Allika peremeheks lootis saada ? 	mis siis see , et Harald tema kaudu allikas peremees lootma saama ?
10		 Eks igaüks mõtle abielludes , kuidas ennast ja oma perekonda majanduslikult kindlustada . 	eks igaüks mõtlema abielluma , kuidas ise ja oma perekond majanduslikult kindlustama .
10		 Harald vähemalt armastas teda , selles Manda ei kahelnud . 	Harald vähemalt armastama tema , see Manda ei kahelnud|kahtlema .
10		 Võib-olla leiab ta niisuguse mehe , kes ta naiseks võtab ainult Allika talu pärast . 	võib-olla leidma tema niisugune mees , kes tema naine võtma ainult allikas talu pärast .
10		 Ühesõnaga – abiellub taluga ja saab tema kaasa kui ebameeldiva paratamatuse . 	ühesõnaga - abielluma talu ja saama tema kaasa kui ebameeldiv paratamatus .
10		 See oleks veelgi hullem . 	see olema veelgi hullem .
10		 Ja mis see Allika siis nii ära ei ole . 	ja mis see allikas siis nii ära ei olema .
10		 Raamas ja ripakil , hooned vanad ja poollagunenud , oma aja juba ära elanud . 	raamas ja ripakil , hoone vana ja poollagunenud , oma aeg juba ära elama|elanud .
10		 Kõikjal oleks vaja peremehe hoolitsevat kätt , mitte nii nagu praegu , et võõrad teevad , võõrad viivad . 	kõikjal olema vaja peremees hoolitsev käsi , mitte nii nagu praegu , et võõras tegema , võõras viima .
10		 Seda väljendit oli ta kord isa enda suust kuulnud . 	see väljend olema tema kord isa ise suu kuulma|kuulnud .
10		 Haraldiga abielludes tuleks ka temal endal talus tööle hakata . 	Harald abielluma tulema ka tema ise talu töö hakkama .
10		 Mitte nii nagu praegu , et ainult ärklitoas hallitada ja oodata , mida teised talle oma töövaevast annavad . 	mitte nii nagu praegu , et ainult ärklituba hallitama ja ootama , mis teine tema oma töövaev andma .
10		 Kuid kas Haraldi kõrval olekski töö nõnda hirmus , et seda kartma peab ? 	kuid kas Harald kõrval olema töö nõnda hirmus , et see kartma pidama ?
10		 Armastatud mehega koos muutub ehk töögi lõpuks armsaks . 	armastama|armastatud mees koos muutuma ehk töö lõpuks armas .
10		 Ta polnud mitte kunagi isa käest küsinud , kust see raha tuleb , mida ta oma ülalpidamiseks saab . 	tema olema mitte kunagi isa käest küsima|küsinud , kust see raha tulema , mis tema oma ülalpidamine saama .
10		 Ta teadis , et Haraldile oli kogu suve palk maksmata . 	tema teadma , et Harald olema kogu suvi palk maksma .
10		 Kust isa selle raha lõpuks võttis , millega ta sulasele palga välja maksis , seda ei teadnud ka ema . 	kust isa see raha lõpuks võtma , mis tema sulane palk välja maksma , see ei teadma|teadnud ka ema .
10		 Ema teadis vaid niipalju , et Haraldil palk käes on , isa oli seda ise öelnud . 	ema teadma vaid niipalju , et Harald palk käsi olema , isa olema see ise öelnud|ütlema .
10		 Kusagilt ta selle summa ikka muretses , sest ta lootis , et Harald siis ära läheb , kui raha kätte saab . 	kusagilt tema see summa ikka muretsema , sest tema lootma , et Harald siis ära minema , kui raha kätte saama .
10		 Sulane aga jäi paigale ega teinud äraminekust asjagi , olgugi et isa seda nõudis . 	sulane aga jääma paigale ega tegema|teinud äraminek asi , olgugi et isa see nõudma .
10		 Küllap ta ikka minu pärast Allikale jäi , mõtles Manda endamisi ja tundis sellest head meelt . 	küllap tema ikka mina pärast Allikale jääma , mõtlema Manda endamisi ja tundma see hea meel .
11		 Üldiselt ei muutnud Manda sügisene linnaminek Allikal peaaegu üldse mitte midagi . 	üldiselt ei muutma|muutnud Manda sügisene linnaminek allikas peaaegu üldse mitte miski .
11		 Kustu käis endiselt pahura ja süngeilmelisena ringi , sest tusatuju peamine põhjus – sulane – oli ju jäänud ja askeldas tähtsat nägu tehes , nagu oleks tema talus otsaline ning juhiks majapidamist , mitte aga Kustu , Allika põlisperemees . 	kustuma käima endiselt pahur ja süngeilmeline ringi , sest tusatuju peamine põhjus - sulane - olema ju jääma|jäänud ja askeldama tähtis nägu tegema , nagu olema tema talu otsaline ning juht majapidamine , mitte aga Kustu , allikas põlisperemees .
11		 Sulane ei küsinud kunagi pererahvalt , mida teha tuleb , vaid tegi , mida heaks arvas . 	Sulane ei küsima|küsinud kunagi pererahvas , mis tegema tulema , vaid tegema , mis hea arvama .
11		 Isegi teenijatüdrukut oli Harald hakanud käsutama . 	isegi teenijatüdruk olema Harald hakanud|hakkama käsutama .
11		 Ta korraldas heina- ja sõnnikuvedu , käis veskil , tõi koplist hagu , viis remonti vajavad põllutööriistad sepale ja käis hommikuti meiereis piima viimas . 	tema korraldama hein ja sõnnikuvedu , käima veski , tooma koppel hagu , viis remont vajama põllutööriist sepp ja käima hommikuti meier|meierei piim viima .
11		 Ühesõnaga – tegi ja korraldas kõik , mida majapidamises vaja läks . 	ühesõnaga - tegema ja korraldama kõik , mis majapidamine vaja minema .
11		 Ja kui talvel väljas tuiskas ning tormas , ei tulnud ta tervel päeval saunakambrist enamaks välja kui vaid söögiajaks peretuppa . 	ja kui tali|talv väljas tuiskama ning tormama , ei tulema|tulnud tema terve päev saunakamber enam välja kui vaid söögiaeg peretuba .
11		 Õhtuti istus ta kaua üleval ning luges juturaamatuid , mida ta Kivinõmme raamatukogust käis toomas . 	õhtuti istuma tema kaua üleval ning lugema juturaamat , mis tema kivinõmm raamatukogu käima tooma .
11		 Petrooleumi saunakambri valgustamiseks ostis ta ise , hagu oma ruumi kütmiseks võttis ta aga talu haopinust . 	petrooleum saunakamber valgustamine ostma tema ise , hagu oma ruum kütmine võtma tema aga talu haopinu .
11		" Kui Kustu sellele ükskord tähelepanu juhtis , et tema saunakambri kütmiseks oma kütet ei luba võtta , vastas Harald : "" Pole sa selle kütte muretsemiseks lillegi liigutanud . "" "	"kui Kustu see ükskord tähelepanu juhtima , et tema saunakamber kütmine oma küte ei lubama võtma , vastama Harald : "" olema sina see küte muretsemine lill liigutama|liigutanud . """
11		" – "" Ega sinagi ole , "" nähvas Kustu . "	"- "" ega sina olema , "" nähvama Kustu ."
11		" "" Need on eelmise sulase , Nigula Antsu raiutud , kellele sa palga maksmata jätsid ning päevapealt minema kihutasid . "" "	""" see olema eelmine sulane , Nigula Ants raiuma|raiutud , kes sina palk maksma jätma ning päevapealt minema kihutama . """
11		 Ning Harald küttis saunakambrit edasi . 	ning Harald kütma|küttima saunakamber edasi .
11		 Kui pärast jõule Pilluri metsas raielank avati ning ümbruskonna vabadikud , saunikud ja perepojadki sinna puid läksid lõikama , võttis ka Harald sae ning kirve selga ja hakkas koos Nigula Antsuga raielangil tööle , et pisut taskuraha teenida . 	kui pärast jõud Pillur|Pilluri mets raielank avama ning ümbruskond vabadik , saunik ja perepoeg sinna puu minema lõikama , võtma ka Harald saag ning kirves selg ja hakkama koos Nigula Ants raielank töö , et pisut taskuraha teenima .
11		" "" Kui sa minu leiba sööd , pead sa ka minu tööd tegema , "" tähendas Kustu , kui ta sulast hommikul , tööriistad õlal , metsa nägi minemas . "	""" kui sina mina leib sööma , pidama sina ka mina töö tegema , "" tähendama Kustu , kui tema sula hommik , tööriist õlg , mets nägema minema ."
11		" "" Söögi eest olen ma sulle juba ülearugi tööd teinud , varsti kolm kuud . "	""" söök eest olema mina sina juba ülearu töö tegema|teinud , varsti kolm kuu ."
11		" Pole sul minule midagi ette heita . "" "	"olema sina mina miski ette heitma . """
11		 Ning Harald käis metsas edasi . 	ning Harald käima mets edasi .
11		 Kui raielank lõigatud sai , rakendas sulane hobuse ree ette ning hakkas koos teiste talumeestega ka metsamaterjali välja vedama . 	kui raielank lõigatud|lõikama saama , rakendama sulane hobune regi ette ning hakkama koos teine talumees ka metsamaterjal välja vedama .
11		 Küll püüdis Kustu teda takistada , sest hobused olevat ikkagi peremehe , mitte sulase käsutada , kuid Harald torkas talle rusika nina alla ja lükkas Kustu talliukse eest kõrvale , nii et peremees istukile lumehange kukkus , ning sõitis raielangile . 	küll püüdma Kustu tema takistama , sest hobune olema ikkagi peremees , mitte sulane käsutama , kuid Harald torkama tema rusikas nina alla ja lükkama Kustu|Kustud talliuks eest kõrvale , nii et peremees istukile lumehang kukkuma , ning sõitma raielank .
11		 Küll raevutses Kustu , kuid ei julgenud sulasele seadusega külge hakata , sest ta kartis , et Harald ta selle eest läbi kolgib . 	küll raevutsema Kustu , kuid ei julgema|julgenud sulane seadus külge hakkama , sest tema kartma , et Harald tema see eest läbi kolkima .
11		 Et Selivere laoplats , kuhu palgid , propsid ning küttepuud veeti , oli Allikale väga lähedal ning Pilluri metsa raielank samuti , jõudis Harald iga päev ühe voori teistest rohkem teha ja tõi õhtuti veel häid kase- ning männiroikaid koju küttekski . 	et Selivere laoplats , kuhu palk , props ning küttepuu vedama , olema allikas väga lähedal ning Pillur|Pilluri mets raielank samuti , jõudma Harald iga päev üks voor teine rohkem tegema ja tooma õhtuti veel hea kask ning männiroigas kodu küte .
11		 Kustu vahutas vihast , kuid sulane ei teinud peremehest väljagi ja töötas raielangil edasi . 	kustuma vahutama viha|viht , kuid sulane ei tegema|teinud peremees välja ja töötama raielank edasi .
11		 Ja kui küttepuid vedama hakati , rakendas Harald teisegi hobuse ette ning sõitis metsa kahe hobusega . 	ja kui küttepuu vedama hakkama , rakendama Harald teine hobune ette ning sõitma mets kaks hobune .
11		 Märtsis lõpetati raielangil vedu ja palgamaksmisel selgus , et Allika talu sulane oli teeninud nii lõikusega kui ka veoga kõikidest teistest rohkem . 	märts lõpetama raielank vedu ja palgamaksmine selguma , et allikas talu sulane olema teenima|teeninud nii lõikus kui ka vedu kõik teine rohkem .
11		 Harald naeratas , kui ta praakerilt saadud raha üle luges . 	Harald naeratama , kui tema praaker saadud|saama raha üle lugema .
11		 Kodus kutsus ta peremehe enda juurde saunakambrisse . 	kodu kutsuma tema peremees ise juurde saunakamber .
11		" "" Siin on sulle Allika talu hobuste teenitud raha . "	""" siin olema sina allikas talu hobune teenima|teenitud raha ."
11		 Kahe ja poole kuu eest , mis ma metsas tööd tegin , ma sinu käest palka ei nõua . 	kaks ja pool kuu eest , mis mina mets töö tegema , mina sina käest palk ei nõudma .
11		 Küll aga võtan hobuste vaeva eest saadud rahast oma novembri- ja detsembrikuu palga maha . 	küll aga võtma hobune vaev eest saadud|saama raha oma november ja detsembrikuu palk maha .
11		 Metsalõikuse tasu tuleb tervenisti minule , samuti pool veorahast . 	metsalõikus tasu tulema tervenisti mina , samuti pool veoraha .
11		 Nii et üldkokkuvõttes saad sa kogu selle nalja eest veel ilusa summakese . 	nii et üldkokkuvõte saama sina kogu see nali eest veel ilus summake .
11		 Lisaks kõigele muule on sul terve aasta kütus kodus olemas , ei ole vaja Allika talu metsa kallale minna . 	lisa kõik muu olema sina terve aasta kütus kodu olema , ei olema vaja allikas talu mets kallale minema .
11		" On sul asi nüüd selge ? "" "	"olema sina asi nüüd selge ? """
11		 Kustu ainult nohises vastuseks ning vahtis laual lebavaid punakaid kümnekrooniseid , nagu näeks ta seal lummust , mitte raha . 	kustuma ainult nohisema vastus ning vahtima laud lebav punakas kümnekroonine , nagu nägema tema seal lummus , mitte raha .
11		 Ja vist esimest korda selle aja jooksul , kui Harald Allikal sulaseametit pidas , mõtles Kustu temale kui inimesele ja mehele , kes võiks talus palju kasulikku ära teha . 	ja vist esimene kord see aeg jooksul , kui Harald Allikal sulaseamet pidama , mõtlema Kustu tema kui inimene ja mees , kes võima talu palju kasulik ära tegema .
11		 Oleks Kustu olnud pisutki suuremeelsem , poleks ta seda raha puudutanudki , kuid nüüd kaalusid rahatähed Allika peremehe kõik muud tunded üles ning ta korjas sulase antud summa laualt kokku , pistis sõnalausumata tasku ning lahkus saunakambrist . 	olema kustuma olema|olnud pisut suuremeelsem , olema tema see raha puudutama , kuid nüüd kaal rahatäht allikas peremees kõik muu tunne üles ning tema korjama sulane andma|antud summ|summa laud kokku , pistma sõnalausumata tasku ning lahkuma saunakamber .
11		 Harald vaatas talle muiates järele . 	Harald vaatama tema muigama järele .
12		 Kui Tagavälja Villem vastu uut aastat merelt koju tuli , oli tal esimene asi ema käest küsida , kuidas Tereese elab . 	kui Tagaväli Villem vastu uus aasta meri kodu tulema , olema tema esimene asi ema käest küsima , kuidas tereese elama .
12		" "" Ei tea temast midagi . "	""" ei teadma tema miski ."
12		" Räägitakse , et olevat kodunt ära läinud , linna , "" vastas Mari . "	"rääkima , et olema kodunt ära läinud|minema , linn , "" vastama Mari ."
12		 Villemile tuli see lausa üllatusena . 	Villem tulema see lausa üllatus .
12		" "" Linna ! "	""" Linna !"
12		" Mida siis sinna ? "" – "" Ega minagi tea . "	"mis siis sinna ? "" - "" ega mina teadma ."
12		 Olevat emaga enne veel kõvasti tülli läinud , siis pannudki salaja minema . 	olema ema enne veel kõvasti tüli|tüll läinud|minema , siis panema salaja minema .
12		 Ühel hommikul olnud aga voodi tühi . 	üks hommik olema|olnud aga voodi tühi .
12		 Sihukese tulihargiga nagu see vana Ann-Leena on ju võimatu läbi saada . 	sihuke|sihukene tulihark nagu see vana Ann-Leena olema ju võimatu läbi saama .
12		" Oma lapski vihkab . "" "	"oma laps vihkama . """
12		" – "" Läks ta siis linna tööd otsima või ? "" – "" Eks vist muidugi . "	"- "" minema tema siis linn töö otsima või ? "" - "" eks vist muidugi ."
12		 Ega ilma tööta kusagil läbi saa . 	ega ilma töö kusagil läbi saama .
12		" Leo olevat ka jalga lasknud . "" "	"Leo olema ka jalg laskma|lasknud . """
12		" – "" Või Leo ka ! "" imestas Villem . "	"- "" või Leo ka ! "" imestama Villem ."
12		" "" Nii oli kuulda . "	""" nii olema kuulma ."
12		 Kes nende asju täpselt teab . 	kes tema asi täpselt teadma .
12		" Või nad kellegagi läbi käivad või oma asjadest räägivad . "" "	"või tema keegi läbi käima või oma asi rääkima . """
12		 Villem jäi mõttesse . 	Villem jääma mõte .
12		 Tereese linna ! 	tereese linn !
12		 Kust tal see linnamineku plaan siis nii järsku ? 	kust tema see linnaminek plaan siis nii järsku ?
12		 Kevadel ei lausunud ta sellest sõnagi . 	kevad|kevade ei lausuma|lausunud tema see sõna .
12		" "" Kas mulle suve jooksul mingit kirja tulnud ei ole ? "" – "" Ei tea küll , et oleks . "	""" kas mina suvi jooksul mingi kiri tulema|tulnud ei olema ? "" - "" ei teadma küll , et olema ."
12		" Teistele ikka vahetevahel jah , aga ei mäleta , et sinule . "" "	"teine ikka vahetevahel jah , aga ei mäletama , et sina . """
12		" Ema askeldas pliidi juures , siis alustas uuesti : "" Vaherpõllu omad hakkasid ju Tingu Liine juures palvetunnis käima , Maie ja Tereese mõlemad . "	"ema askeldama pliit juures , siis alustama uuesti : "" vaherpõld oma hakkama ju Tingu Liine juures palvetund käima , Maie ja Tereese mõlema ."
12		 Vana Ann-Leena saatnud Leo jahipüssiga palujaid hirmutama . 	vana Ann-Leena saatma|saatnud Leo jahipüss paluja hirmuma|hirmutama .
12		 Poiss siis läkski . 	poiss siis minema .
12		 Ja kui usuhullustajad parajasti Tõnu-Hansu masinarehes põlvili maas olid , lasknud Leo paar soolalaengut , ühe palvevenna , teise Tingu Liine pihta . 	ja kui usuhullustaja parajasti Tõnu-Hans|Tõnu-Hansu masinarehi põlvili maas olema , laskma|lasknud Leo paar soolalaeng , üks palvevend , teine ting Liine pihta .
12		 Maie ehmatas sellest , läks peast segaseks ning jooksis metsa . 	Maie ehmatama see , minema pea segane ning jooksma mets .
12		 Oli nädalapäevad kadunud . 	olema nädalapäev kaduma|kadunud .
12		" Terve küla käis teist otsimas . "" "	"terve küla käima teine otsima . """
12		" – "" Aga Tereese ? "" – "" Ei sellel olnud vist häda midagi . "	"- "" aga tereese ? "" - "" ei see olema|olnud vist häda miski ."
12		 Aga enne linna minekut , kartulivõtmise ajal , olevat küll väga haige olnud . 	aga enne linn minek , kartulivõtmine ajal , olema küll väga haige olema|olnud .
12		" Redutanud laudalakas ega tulnud tuppa mitte söömagi . "" "	"redutama|redutanud laudalakk ega tulema|tulnud tuba mitte sööma . """
12		" – "" Tereese haige ! "" imestas Villem . "	"- "" tereese haige ! "" imestama Villem ."
12		" "" Jah , niimoodi oli kuulda . "	""" jah , niimoodi olema kuulma ."
12		 Ega minagi paremini tea . 	ega mina paremini teadma .
12		 Õllepoe Leontiine oli meil sügisel pullipäevi tegemas , tema ikka teab neid külauudiseid . 	Õllepoe Leontiine olema mina sügis pullipäev tegema , tema ikka teadma see külauudis .
12		 Ega Vaherpõllu omad ise räägi midagi . 	ega vaherpõld oma ise rääkima miski .
12		 Seda püssilaskmistki ei teadnud kaua aega keegi , kes tegi . 	see püssilaskmine ei teadma|teadnud kaua aeg keegi , kes tegema .
12		 Aga Leo oli meie Gustavile ise purjus peaga rääkinud , et tema . 	aga Leo olema mina Gustav ise purjus pea rääkima|rääkinud , et tema .
12		 Vanamoor käskinud minna , et siis tuleb ehk usklikel aru pähe tagasi , kui natuke hirmutada . 	vanamoor käskima|käskinud minema , et siis tulema ehk usklik aru pea tagasi , kui natuke hirmutama .
12		 Kes seda Leo juttugi teab , ilmast ilma nina täis . 	kes see Leo jutt teadma , ilm ilma nina täis .
12		 Ann-Leena ajab samagonni ja müüb kalli raha eest külapoistele . 	Ann-Leena ajama samagonn ja müüma kallis raha eest külapoiss .
12		 Seal käivad ju kõik koos , nii Kivinõmme kui Väliku omad . 	seal käima ju kõik koos , nii Kivinõmm kui Välik|Väliku oma .
12		 Va Umboja Juku sepitseb salmikesi ja laulab teistele ette . 	Va Umboja Juku sepitsema salmike ja laulma teine ette .
12		 Nii kui koerakari saunakaldas , hambad irevil . 	nii kui koerakari saunakallas , hammas irevil .
12		 Ann-Leena paneb puskarile veel seebikivi hulka , et hästi kange oleks ja kõrvetaks . 	Ann-Leena panema puskar veel seebikivi hulka , et hästi kange olema ja kõrvetama .
12		 Putkala Sass oleks äärepealt ära surnud . 	Putkala Sass olema äärepealt ära surema|surnud .
12		 Oli tükk aega pime , Ann-Leena solk võttis silmanägemise ära . 	olema tükk aeg pime , Ann-Leena solk võtma silmanägemine ära .
12		 Seal see Leogi seda võtma õppis . 	seal see liguma see võtma õppima .
12		 Nüüd häda käes , et poiss joob . 	nüüd häda käsi , et poiss jooma .
12		 Kes käsib samagonniga hangeldada . 	kes käskima samagonn hangeldama .
12		 Kui ausal teel raha ei saa , siis niisugusel moel teda hankida ka ei maksa . 	kui aus tee raha ei saama , siis niisugune mood tema hankima ka ei maksma .
12		" Aga noh , ühesugused vargad ja sulid nad seal kõik koos , "" lõpetas Tagavälja Mari üleaedsete põhjamise. Villem nagu ei kuulnudki ema juttu , sest tema mõtles ainult Tereesele . "	"aga noh , ühesugune varas ja suli tema seal kõik koos , "" lõpetama tagaväli mari üleaedne põhjamine . Villem nagu ei kuulma ema jutt , sest tema mõtlema ainult Tereesele ."
12		 Temale ei mahtunud kuidagi pähe , et Tereese niimoodi linna läks , ilma et temale midagi oleks teatanud . 	tema ei mahtuma|mahtunud kuidagi pea , et tereese niimoodi linn minema , ilma et tema miski olema teatama|teatanud .
12		 Oli siis Tereesega vahepeal midagi juhtunud või ? 	olema siis Tereesega vahepeal miski juhtuma|juhtunud või ?
12		 Ning Villem otsustas Vaherpõllule minna ja vana Ann-Leena enda käest küsida . 	ning Villem otsustama vaherpõld minema ja vana Ann-Leena ise käsi küsima .
13		 Vaherpõllu perenaine istus köögis pliidi ees ja kooris parajasti kartuleid , kui Villem sisse astus . 	vaherpõld perenaine istuma köök pliit ees ja koorima parajasti kartul , kui Villem sisse astuma .
13		 Ta saatis tulijale ebasõbraliku pilgu ega teinud naabripoisist suurt väljagi . 	tema saatma tulija ebasõbralik pilk ega tegema|teinud naabripoiss suur välja .
13		 Villem pani tähele , et Ann-Leena silmad välkusid kurjalt , nii nagu Aliidel ja Leolgi . 	Villem panema tähele , et Ann-Leena silm välkuma kurjalt , nii nagu Alii ja Leo .
13		" "" Ma tulin vaatama , kuidas Tereesega on ? "" "	""" mina tulema vaatama , kuidas Tereesega olema ? """
13		" Ann-Leena oli tükk aega vait , siis lausus ta nagu vastu tahtmist : "" Tea ma temast rohkemat kui sinagi . "" "	"Ann-Leena olema tükk aeg vait , siis lausuma tema nagu vastu tahtmine : "" teadma mina tema rohkem kui sina . """
13		" – "" Kuulsin , et ta olevat linna läinud . "" "	"- "" kuulma , et tema olema linn läinud|minema . """
13		" – "" Kui sa juba seda tead , et ta sinna läks , mida sa siis veel siit tulid küsima , "" oli ebasõbralik vastus . "	"- "" kui sina juba see teadma , et tema sinna minema , mis sina siis veel siit tulema küsima , "" olema ebasõbralik vastus ."
13		" "" Aga millisesse linna ? "" – "" Ära minu käest küsi . "" "	""" aga milline linn ? "" - "" ära mina käest küsima . """
13		" – "" Ma mõtlesin , et teie ikka teate . "	"- "" mina mõtlema , et sina ikka teadma ."
13		" Kas ta siis seda kellelegi ei öelnud , kuhu ? "" – "" Ei . "	"kas tema siis see keegi ei öelnud|ütlema , kuhu ? "" - "" ei ."
13		 Ära ta siit kadus . 	ära tema siit kaduma .
13		" Kas ta läks linna või kusagile mujale , pole meil teada . "" "	"kas tema minema linn või kusagile mujale , olema mina teadma . """
13		" – "" Kuulsin , et ta olevat enne minekut raskesti haige olnud ? "" – "" Siin ta jooksis jah seda palvemaja vahet , eks ta sealt selle haiguse korjas . "" "	"- "" kuulma , et tema olema enne minek raskesti haige olema|olnud ? "" - "" siin tema jooksma jah see palvemaja vahe , eks tema sealt see haigus korjama . """
13		" – "" Mis haigus tal siis oli ? "" – "" Küllap läks peast lolliks , mis muud . "	"- "" mis haigus tema siis olema ? "" - "" küllap minema pea loll , mis muu ."
13		 Ega siis ükski inimene niisugust palumist välja ei kannata . 	ega siis üks inimene niisugune palumine välja ei kannatama .
13		" Niikaua halisevad , suu püsti taeva poole , kuni aru kaob . "" "	"niikaua halisema , suu püsti taevas poole , kuni aru kaduma . """
13		" – "" On see tõsi ? "" – "" Ei tea mina , mis siin tõsi on või mis vale . "	"- "" olema see tõsi ? "" - "" ei teadma mina , mis siin tõsi olema või mis vale ."
13		 Ära nad siit kaovad kõik , kuhu , kust mina seda tean . 	ära tema siit kaduma kõik , kuhu , kust mina see teadma .
13		 Kõige enne läks Aliide , siis Elviira , nende järel mõlemad poisid , nüüd kadus Tereese ka . 	kõige enne minema Aliide , siis Elviira , see järel mõlema poiss , nüüd kaduma tereese ka .
13		" Eks nad lähe laia maailma otsima , kus parem on . "" "	"eks tema minema lai maailm otsima , kus parem olema . """
13		 Kuigi Ann-Leena ütles seda kuidagi hoolimatul , ükskõiksel toonil , oli selles ometi midagi ääretult kurba ja valulikku . 	kuigi Ann-Leena ütlema see kuidagi hoolimatu , ükskõikne toon , olema see ometi miski ääretult kurb ja valulik .
13		 Ta tõusis , võttis kartulikorvi ning tatsas õue . 	tema tõusma , võtma kartulikorv ning tatsama õu .
13		 Villem järgnes talle sama targalt , kui oli tulnudki . 	Villem järgnema tema sama targalt , kui olema tulnu .
13		 Imelik , kuidas Vaherpõllu ema ei teadnud , kuhu ta lapsed kodunt kaovad . 	imelik , kuidas vaherpõld ema ei teadma|teadnud , kuhu tema laps kodunt kaduma .
13		 Lihtsalt lähevad ning ei anna endast hiljem enam mingit elumärki . 	lihtsalt minema ning ei andma ise hiljem enam mingi elumärk .
13		 Tagaväljal küll niimoodi ei olnud . 	tagaväli küll niimoodi ei olema|olnud .
13		 Ka nemad läksid , kuid vanemate täiel teadmisel . 	ka tema minema , kuid vanem täis teadmine .
13		 Ema saatis nad kõik teele ja muretses ka veel siis nende pärast ning pidas sidet , kui nad juba läinud olid . 	ema saatma tema kõik tee ja muretsema ka veel siis tema pärast ning pidama side , kui tema juba läinud|minema olema .
13		 Tagavälja ema teadis täpselt , kus keegi tema lastest oli ja kuidas kellegi käsi käis . 	tagaväli ema teadma täpselt , kus keegi tema laps olema ja kuidas keegi käsi käima .
14		" "" Noh , kas käisid Vaherpõllul ära ? "" küsis ema , kui Villem tagasi tuli . "	""" noh , kas käima vaherpõld ära ? "" küsima ema , kui Villem tagasi tulema ."
14		" "" Jah . "" "	""" jah . """
14		" – "" Said midagi teada ? "" – "" Ei . "	"- "" saama miski teadma ? "" - "" ei ."
14		" Ann-Leena ei tea isegi , või ei tahtnud ta mulle öelda . "" "	"Ann-Leena ei teadma isegi , või ei tahtma|tahtnud tema mina ütlema . """
14		" – "" Usun küll , et ta ei tea . "	"- "" uskuma küll , et tema ei teadma ."
14		 Seda Tereeset on ta juba sündimisest peale vihanud . 	see tereese olema tema juba sündimine peale vihanud|vihkama .
14		" Küllap oled sinagi kuulnud , miks . "" "	"küllap olema sina kuulma|kuulnud , miks . """
14		" – "" Olen . "	"- "" olema ."
14		" Tereese ise ütles , kui me alles väikesed olime . "" "	"tereese ise ütlema , kui mina alles väike|väikene olema . """
14		" – "" No näed . "	"- "" no nägema ."
14		 Nagu oleks laps selles süüdi , kuidas või kelle läbi ta ilmale on tulnud . 	nagu olema laps see süüdi , kuidas või kes läbi tema ilm olema tulema|tulnud .
14		 Seepärast nad lähevadki , igaüks ise tuulde , nii et keegi ei näe ega kuule . 	seepärast tema minema , igaüks ise tuul , nii et keegi ei nägema ega kuulma .
14		 Meil on loota , et Gustavgi jääb , aga Vaherpõllul on mõlemad poisid juba teab kus ilma otsas . 	mina olema lootma , et Gustav jääma , aga vaherpõld olema mõlema poiss juba teadma kus ilm otsas .
14		 Ja ega seal tüdrukuidki enam . 	ja ega seal tüdruk enam .
14		 Maie on peast segane , hulgub ringi ja käib mööda palvetunde , Leonoore on maast madalast ära hellitatud , ei hakka talle ükski töö kätte ega midagi . 	Maie olema pea segane , hulkuma ringi ja käima mööda palvetunne , leonoor olema maa madal ära hellitama|hellitatud , ei hakkama tema ükski töö käsi ega miski .
14		 Nüüd oli kuulda , et on linna õmblust läinud õppima . 	nüüd olema kuulma , et olema linn õmblus läinud|minema õppima .
14		 See on talle võib-olla paras paik , sest mis talutöö tegijat sihukesest illukesest saab . 	see olema tema võib-olla paras paik , sest mis talutöö tegija sihuke|sihukene illuke saama .
14		 Ellen alles noor – ja ongi kõik . 	Ellen alles noor - ja olema kõik .
14		 Eks Jürigi lootnud , et kui pojad kasvavad , hakkavad talu pidama , aga ei . 	eks Jüri lootma|lootnud , et kui poeg|poja kasvama , hakkama talu pidama , aga ei .
14		 Nii kui kaela kandma said , nii läksid . 	nii kui kael kandma saama , nii minema .
14		" Nüüd vanemad ei teagi , kus nad on , nagu poleks neid olnudki . "" "	"nüüd vanem ei teadma , kus tema olema , nagu olema tema olema . """
14		 Villem oli nõutu . 	Villem olema nõutu .
14		 Mida teha või kust Tereeset otsida ! 	mis tegema või kust tereese otsima !
14		 Ta teadis ainult , et Tereese linna läks , see oli kõik . 	tema teadma ainult , et tereese linn minema , see olema kõik .
14		 Kuid millisesse linna , kas Rakverre või koguni Tallinnasse , seda ei osanud keegi öelda . 	kuid milline linn , kas Rakvere või koguni Tallinn , see ei osanud|oskama keegi ütlema .
15		 Villem tõi välismaareisilt isegi uue viiuli kaasa , nii nagu ta Tereesele lubas , ja mängidagi oskas ta sellel juba mitu head lugu , kuid polnud , kellele oma uut muusikariista näidata . 	Villem tooma välismaareis isegi uus viiul kaasa , nii nagu tema Tereesele lubama , ja mängima oskama tema see juba mitu hea lugu , kuid olema , kes oma uus muusikariist näitama .
15		 Elu tundus ilma Tereeseta tühi ja kõle , päevad igavad ja hallid . 	elu tunduma ilma Tereeseta tühi ja kõle , päev igav ja hall .
15		 Ühel päeval peale uut aastat , kui juba hea reetee oli , rakendas Villem hobuse saani ette ning sõitis Rakverre Tereeset otsima . 	üks päev peale uus aasta , kui juba hea reetee olema , rakendama Villem hobune saan ette ning sõitma Rakvere tereese otsima .
15		 Ta sirvis läbi kogu linnaelanike nimekirja , kuid Tereese nime ta ei leidnud . 	tema sirvima läbi kogu linnaelanik nimekiri , kuid tereese nimi tema ei leidma|leidnud .
15		 Ainuke võimalus , kui ehk ilma sisse registreerimata . 	ainuke võimalus , kui ehk ilma sisse registreerima .
15		 Kuid ta pidi ju ometi tööd tegema , et ära elada ja sel juhul pidi ta olema kusagile ka sisse kirjutatud . 	kuid tema pidama ju ometi töö tegema , et ära elama ja see juht pidama tema olema kusagile ka sisse kirjutama|kirjutatud .
15		 Villem ei teadnud , mida teha . 	Villem ei teadma|teadnud , mis tegema .
15		 Nii suurest linnast nagu Tallinn oli Tereese otsimine veelgi mõttetum . 	nii suur linn nagu Tallinn olema tereese otsimine veelgi mõttetum .
15		 Ehk tuleb juhus appi , sest eks ta kunagi ikka koju tule ema ja isa vaatama , püüdis Villem ennast lohutada . 	ehk tulema juhus abi , sest eks tema kunagi ikka kodu tuli ema ja isa vaatama , püüdma Villem ise lohutama .
15		 Kuid juhust ei tulnud ja nõnda sai talvest kevad ning Villemil oli taas mereleminek käes . 	kuid juhus ei tulema|tulnud ja nõnda saama tali|talv kevad ning Villem olema taas mereleminek käsi .
15		 Igaks juhuks käis ta korraks veel Vaherpõllul , sest oli ju Elviira kuulduste kohaselt Tallinnas , võib-olla saab tema kaudu Tereesele jälile . 	iga juht käima tema korraks veel vaherpõld , sest olema ju Elviira kuuldus kohaselt Tallinn , võib-olla saama tema kaudu Tereesele jälile .
16		 Ann-Leena võttis Villemi sama vaenulikult vastu nagu sügiselgi . 	Ann-Leena võtma Villem sama vaenulikult vastu nagu sügis .
16		 Ei pakkunud naabripoisile isegi mitte istet . 	ei pakkuma|pakkunud naabripoiss isegi mitte iste .
16		" "" Tulin vaatama , kas Tereese ehk talve jooksul kodus pole käinud , "" alustas Villem ukse kõrval seistes . "	""" tulema vaatama , kas tereese ehk tali|talv jooksul kodu olema käima|käinud , "" alustama Villem uks kõrval seisma ."
16		" Jälle vilkusid Ann-Leena silmad kurjalt , kui ta ilmse vastumeelsusega vastas : "" Pole teda siin näha olnud ei suvel ega talvel . "" "	"jälle vilkuma Ann-Leena silm kurjalt , kui tema ilmne vastumeelsus vastama : "" olema tema siin nägema olema|olnud ei suvi ega tali|talv . """
16		" – "" Aga Elviira ? "	"- "" aga Elviira ?"
16		 Kas tema ka mitte ? 	kas tema ka mitte ?
16		" Elviira aadressi ehk ikka teate ? "" – "" Mis sul temaga asja ? "" – "" Ma mõtlesin , et Elviira kaudu leiaksin ehk ka Tereese üles . "" "	"Elviira aadress ehk ikka teadma ? "" - "" mis sina tema asi ? "" - "" mina mõtlema , et Elviira kaudu leidma ehk ka tereese üles . """
16		" – "" Ei tea ma ka seda , kus ta on . "	"- "" ei teadma mina ka see , kus tema olema ."
16		 Tallinnas kuulukse olevat ja see on kõik . 	Tallinn kuuluksema olema ja see olema kõik .
16		 Minu vanainimese pea ei oska neid keerulisi uulitsate nimesid meeles pidada . 	mina vanainimene pea ei oskama see keeruline uulits nimi meel pidama .
16		" Majadel numbrid ja kortlitel numbrid , kes neid järele oskab öelda . "" "	"maja number ja kortel number , kes tema järele oskama ütlema . """
16		" – "" Aga kui ehk Ellen ? "	"- "" aga kui ehk Ellen ?"
16		" Kas Elviira koju pole kirjutanud ? "" – "" Pole meie ühtki kirja näinud . "	"kas Elviira kodu olema kirjutama|kirjutanud ? "" - "" olema mina üks kiri nägema|näima|näinud ."
16		 Eks nad ole läinud kaduma . 	eks tema olema läinud|minema kaduma .
16		 Meie seal Oru poe juures ei käi . 	mina seal org pood juures ei käima .
16		 Sinna pidavat ikka kirju tootama . 	sinna pidama ikka kirju tootama .
16		 Aga ei meie tea neist midagi . 	aga ei mina teadma see miski .
16		 Seitungit meie ei loe ega käi ka kirju passimas . 	Seitung|Seitungi mina ei lugema ega käima ka kiri passima .
16		 Leonoore talvel kirjutas , Õllepoe Leontiine tõi ära , oli nende seitungi vahele torgatud . 	leonoor tali|talv kirjutama , Õllepoe Leontiine tooma ära , olema see seitung vahele torgatud|torkama .
16		" "" "	""""
17		 Jälle tuli Villem Vaherpõllult pika ninaga tagasi . 	jälle tulema Villem vaherpõld pikk nina tagasi .
17		 Imelik , millest küll see naabriperenaise vaenulikkus tema vastu ? 	imelik , mis küll see naabriperenaine vaenulikkus tema vastu ?
17		 Ega ta siis paha pärast Tereese järele ei küsinud . 	ega tema siis paha pärast tereese järele ei küsima|küsinud .
17		 Kui ka vanad omavahel kunagi pahuksisse läksid , miks pidi siis sellepärast lapsi vihkama . 	kui ka vana omavahel kunagi pahuksisse minema , miks pidama siis sellepärast laps vihkama .
17		 Ja Villem sõitis ka sel kevadel merele , nagu eelmiselgi aastal , kuid sootuks raskema südamega . 	ja Villem sõitma ka see kevad|kevade meri , nagu eelmine aasta , kuid sootuks raskem süda .
