par_nr	head	sentence	lemmas
1	 Choronzon 	 Choronzon 	Choronzon
2		 Maniakkide Tänav 	maniakk tänav
3		 kõik , kes nõiakunstist midagi teadsid , visati kas vette või põletati kaua aega tagasi , nii et nüüdisajal tehakse nõiakunsti nagu parasjagu juhtub . 	kõik , kes nõiakunst miski teadma , viskama kas vesi või põletama kaua aeg tagasi , nii et nüüdisaeg tegema nõiakunst nagu parasjagu juhtuma .
4		" "" Okultism "" Alexander C. Rae "	""" okultism "" Alexander C. Raad|Rae"
5		 Koju jõudnult ei hakanud Votokas kingigi jalast võtma . 	Koju jõudnu ei hakanud|hakkama Votoka|Votokas kink jalg võtma .
5		 Virutas ainult pintsaku toolileenile ja hakkas küünlaid-klaase kokku otsima . 	virutama ainult pintsak toolileen ja hakkama küünlaid-klaas kokku otsima .
5		 Klaase sai kummalegi üks ja küünlaid oli kogu majapidamise peale viis . 	Klaase saama kumbki üks ja küünal olema kogu majapidamine peale viima .
6		" "" Nii , "" sõnas ta siis Meetsile , kes juba pudeleid lahti korkis . "	""" nii , "" sõnama tema siis Meetsile , kes juba pudel lahti korkima ."
6		" "" Selle laua lükkame siit seina äärde . "	""" see laud lükkama siit sein äärde ."
6		 Eks ole . 	eks olema .
6		 Nii . 	nii .
6		" Ja vaiba keerame rulli . "" "	"ja vaip keerama rull . """
7		" "" Ära sa seda asja nii keeruliseks ka aja , sõber fotograaf , "" rahustas teda Meets . "	""" ära sina see asi nii keeruline ka aeg , sõber fotograaf , "" rahustama tema Meets ."
7		" "" Istume ikka toolidel . "	""" istuma ikka tool ."
7		 Ja küünlaid pole ka vaja . 	ja küünal olema ka vaja .
7		 Jood paar klaasikest veini ära ja pea see tuluke silmas ei ole . 	jood paar klaasike vein ära ja pidama see tuluke silm ei olema .
7		" Loidad nagu väike päike siin . "" "	"loitma nagu väike päike siin . """
8		" "" Ära sega , ma olen tahtmist täis . "	""" ära segama , mina olema tahtmine täis ."
8		 Need põrgulised jumalakuulutajad ajasid mul pargis hinge päris mustaks . 	see põrguline jumalakuulutaja ajama mina park hing päris must .
8		" Mu kuntsnikuhing vajab praegu ATMOSFÄÄRI ! "" "	"mina kuntsnikuhing vajama praegu atmosfäär ! """
9		" "" Tee aken lahti kui sa atmosfääri vajad , "" arvas Meets ja valas välja . "	""" tee aken lahti kui sina atmosfäär vajama , "" arvama Meets ja valama välja ."
9		 Aga juba vedas Votokas kriidiga põrandale kaks ringi . 	aga juba vedama Votokas kriit põrand kaks ring .
9		 Sisemisse joonistas veel viisnurga ja sokutas selle iga haru otsa ühe küünla . 	Sisemine joonistama veel viisnurk ja sokutama see iga haru otsa üks küünal .
10		" "" Ahhaa ! "" hüüatas ta seejärel , lõi Meetsiga kokku , jõi põhjani ning hakkas raamaturiiulis sobrama . "	""" ahhaa ! "" hüüatama tema seejärel , looma|lööma Meets|Meetsi kokku , jooma põhi ning hakkama raamaturiiul sobrama ."
11		" "" Mul pidi siin kuskil üks okultismiraamat olema , "" seletas ta ise . "	""" mina pidama siin kuskil üks okultismiraamat olema , "" seletama tema ise ."
11		 Rõõmsa hüüatuse saatel tõmbas ta välja pisiblufi käsiraamatu . 	Rõõmsa|Rõõmus hüüatus saatel tõmbama tema välja pisibluff käsiraamat .
12		" "" Ma'i teadnudki , et sa maagia vastu huvi tunned , "" mainis Meets . "	""" mina ’ i teadma , et sina maagia vastu huvi tundma , "" mainima Meets ."
13		" "" Ei tunnegi , mind huvitavad tegelikult need pisiblufi raamatud . "	""" ei tundma , mina huvitama tegelikult see pisibluff raamat ."
13		 Igast targast tellisepaksusest entsüklopeediast kõrgelt üle . 	iga tark tellisepaksune entsüklopeedia kõrgelt üle .
13		 Asendamatud abimehed igas vallas . 	asendamatu abimees iga vald .
13		" Nagu praegugi . "" "	"nagu praegu . """
13		 Ta lehitses natuke närviliselt lehti . 	tema lehitsema natuke närviliselt leht .
13		" "" Roosiristlased , "" pomises ta . "	""" roosiristlane , "" pomisema tema ."
13		" "" Võlurid , Crowley , kaosedeemon ... "" "	""" Võlur|Võluri , Crowley , kaosedeemon ... """
14		 Siis leidis ta õige koha , luges näpuga järge vedades ja toppis raamatu rahulolematult tagasi . 	siis leidma tema õige koha|koht , lugema näpp järg vedama ja toppima raamat rahulolematult tagasi .
15		" "" Mingi jamps , "" seletas ta ise . "	""" mingi jamps , "" seletama tema ise ."
15		" "" See liiga keeruline , meie ajame lihtsama õhustikuga läbi . "" "	""" see liiga keeruline , mina ajama lihtsam õhustik läbi . """
15		 Ta tassis ringi sisse toolid ja pudelid . 	tema tass ringi sisse tool ja pudel .
16		" "" Anna tikku , "" käsutas ta Meetsi . "	""" andma tikk , "" käsutama tema Meetsi ."
16		 Saanud küünlad põlema , sikutas Votokas paksud kardinad ette . 	saama|saanud küünal põlema , sikutama Votoka|Votokas paks kardin ette .
17		 Pidulikult seisti hämaruses põlevate küünalde keskel . 	pidulikult seisma hämarus põlev küünal keskel .
18		" "" Proosit , "" ütles Meets . "	""" proosit , "" ütlema Meets ."
18		 Võeti põhjani ja valati klaasid uuesti täis . 	võtma põhi ja valama klaas uuesti täis .
19		" "" Päris hea atmosfäär , eks ole ? "	""" päris hea atmosfäär , eks olema ?"
19		" Mitte mingi labane trimpamine , "" arvas Votokas uhkelt . "	"mitte mingi labane trimpamine , "" arvama Votokas uhkelt ."
20		" "" Nojah , "" kehitas Meets õlgu . "	""" nojah , "" kehitama Meets õlg ."
20		" "" Kui sa veel sobiva muusikalise tausta ka orgunnid , siis võib juba kergelt kuradeid nägema hakata . "" "	""" kui sina veel sobiv muusikaline taust ka orgunn|orgunni , siis võima juba kergelt kurat nägema hakkama . """
21		" "" Muusika ! "	""" muusika !"
21		 Väga hea mõte ! 	väga hea mõte !
21		" Kuidas ma ise selle peale ei tulnud . "" "	"kuidas mina ise see peale ei tulema|tulnud . """
22		 Veidi aega sagis Votokas tikutule valgel toas ringi . 	veidi aeg sagima Votokas tikutuli valge tuba ringi .
23		" "" Ahhaa ! "" hüüdis ta makki mängima pannes . "	""" ahhaa ! "" hüüdma tema makk mängima panema ."
23		 Masendav muusika täitis toa maast laeni . 	masendav muusika täitma tuba maa laad|lagi .
24		" "" Kas näed juba kuradeid ? "" päris Votokas kui nad olid istunud ja teisegi klaasi põhjani limpsanud . "	""" kas nägema juba kurat ? "" päris Votokas kui tema olema istuma|istunud ja teine klaas põhi limpsama|limpsanud ."
25		" "" Ei , mitte halligi ei näe . "" "	""" ei , mitte hall ei nägema . """
26		" "" Mis jutt see on ! "	""" mis jutt see olema !"
26		 Või tema ei näe , häh ! 	või tema ei nägema , häh !
26		" Võtame ! "" "	"võtma ! """
27		 Võeti . 	võtma .
28		" "" Noh , kaosedeemon või misasi sa oled ! "" hakkas Votokas kergelt praalima . "	""" noh , kaosedeemon või misasi sina olema ! "" hakkama Votokas kergelt praalima ."
28		" "" Tule välja , kui mees oled . "	""" tulema välja , kui mees olema ."
28		" Ja kui oled naine , seda parem , tule , istu mu põlvele . "" "	"ja kui olema naine , see parem , tulema , istuma mina põli|põlv . """
28		 Nad olid juba pargis paar õlut ära joonud ning ega Votokas palju kannatanud ka ning kui kristalselt aus olla , siis meeldis talle kainenagi huilata . 	tema olema juba park paar õlu ära jooma|joonud ning ega Votoka|Votokas palju kannatama|kannatanud ka ning kui kristalselt aus olema , siis meeldima tema kainenagi huilgama .
29		" "" Kamoon ! "	""" Kamoon !"
29		" Võhadi podlõi trus ! "" õitses ta praegugi oma lemmikväljenditega . "	"Võhad|Võhadi podlõi trus ! "" õitsema tema praegu oma lemmikväljend ."
30		 Meets muigas ainult ja korkis uut pudelit lahti . 	Meets muigama ainult ja korkima uus pudel lahti .
30		 Küünlaleekide hubisemise tõttu tundus talle , nagu oleks mööbel vahepeal värisenud . 	küünlaleek hubisemine tõttu tunduma tema , nagu olema mööbel vahepeal värisema|värisenud .
31		" "" Siin on tõesti atmosfääri , "" mõtles ta . "	""" siin olema tõesti atmosfäär , "" mõtlema tema ."
31		" "" Hakka või kartma . "" "	""" hakkama või kartma . """
32		" "" Kas sa tead , mispärast mul seda deemonit vaja on ? "" küsis Votokas . "	""" kas sina teadma , mispärast mina see deemon vaja olema ? "" küsima Votokas ."
33		" "" Atmosfääri jaoks , "" arvas Meets . "	""" atmosfäär jaoks , "" arvama Meets ."
34		" "" Ei , ma tahan talt üht teenet paluda ! "" "	""" ei , mina tahtma tema üks teene paluma ! """
35		" "" Soh ? "" "	""" soh ? """
36		" "" Jaa-jaa , "" noogutas Votokas kurvameelseks minnes , "" ma tahan andekaks saada . "	""" jaa-jaa , "" noogutama Votokas kurvameelne minema , "" mina tahtma andekas saama ."
36		" Geeniuseks . "" "	"geenius . """
37		 Meets pidi endale peaaegu veini hingekurku ajama . 	Meets pidama ise peaaegu vein hingekurk ajama .
38		" "" Sina ja andekaks , ära aja naerma . "	""" sina ja andekas , ära aeg naerma ."
38		" Seda ei suudaks isegi tosin deemonit mitte . "" "	"see ei suutma isegi tosin deemon mitte . """
39		 Ta puksatas nii , et vein loksus maha . 	tema puksatama nii , et vein loksuma maha .
39		" "" Ja üldse , mispärast sul seda andekust vaja on ? "" pani ta lõbusalt pead raputades käe sõbra õlale . "	""" ja üldse , mispärast sina see andekus vaja olema ? "" panema tema lõbusalt pea raputama käsi sõber õlg ."
39		" "" Vaata , mina olen ikka alati mõelnud , et need , kes koopiaid teevad , need on ikka andekad inimesed , kobakäpp seda ei suudaks , midagi järgi teha , mõistad — ta ei oska . "	""" vaatama , mina olema ikka alati mõelnud|mõtlema , et see , kes koopia tegema , see olema ikka andekas inimene , kobakäpp see ei suutma , miski järgi tegema , mõistma - tema ei oskama ."
39		 Aga vaat teisest küljest , need kobakäpad teevad jälle palju originaalsemaid asju , eks ole . 	aga vaat teisene küljest , see kobakäpp tegema jälle palju originaalsem asi , eks olema .
39		 Isegi kui nad matkivad , tuleb midagi muud välja . 	isegi kui tema matkima , tulema miski muu välja .
39		 Originaalsus tead , vaat see on just andetute rida . 	originaalsus teadma , vaat see olema just andetu rida .
39		" Ja mulle , mõistad , lähebki rohkem peale andetu originaal , kui perfektne koopia . "" "	"ja mina , mõistma , minema rohkem peale andetu originaal , kui perfektne koopia . """
39		 Ta mulistas vaikselt oma joogi kallal , oodates teise arvamust . 	tema mulistama vaikselt oma joogi|jook kallal , ootama teine arvamus .
39		 Ent sõber ei vastanud , tundus , et ta oli tusameelsusse vajunud . 	ent sõber ei vastama|vastanud , tunduma , et tema olema tusameelsus vajuma|vajunud .
40		" "" Mina suudan , "" sosistas keegi Votokale kõrva . "	""" mina suutma , "" sosistama keegi Votokale kõrv ."
41		" "" Mida , "" küsis too , arvates , et Meets seda ütles . "	""" mis , "" küsima too , arvama , et Meets see ütlema ."
41		 Meets , uskudes et Votokas ei saanud tema jutu mõttest aru , hakkas oma teooriat nüüd juba pikemalt lahti seletama . 	Meets , uskuma et Votokas ei saama|saanud tema jutt mõte aru , hakkama oma teooria nüüd juba pikemalt lahti seletama .
41		 Kuid Votokas ei kuulanud ka nüüd , sest teinegi kõneleja vastas . 	kuid Votokas ei kuulama|kuulanud ka nüüd , sest teine kõneleja vastama .
42		" "" Sind andekaks muuta . "" "	""" sina andekas muutma . """
43		 Votokas vahtis ammuli sui seletavat Meetsi ja taipas , et too seda ei öelnud . 	Votokas vahtima ammuli sui seletav Meets ja taipama , et too see ei öelnud|ütlema .
43		 Votoka kõrvust oleks nagu soe tuulehoog möödund . 	Votoka|Votokas kõrv olema nagu soe tuulehoog möödund .
44		" "" Kas või kohe . "" "	""" kas või kohe . """
45		" "" Eee ... , mis mõttes andekaks , "" mõtles Votokas . "	""" eee ... , mis mõte andekas , "" mõtlema Votokas ."
45		 Ta tajus nüüd väljaspool ringi nagu midagi võõrast . 	tema tajuma nüüd väljaspool ring nagu miski võõras .
46		" "" Sinu fotod oleks nagu elusad , neil oleks hingestatust , nad poleks mitte lihtsalt pildid , vaid aken elavasse maailma . "	""" sina foto olema nagu elus , see olema hingestatus , tema olema mitte lihtsalt pilt , vaid aken elav maailm ."
46		" Nii on . "" "	"nii olema . """
47		" "" Hingestatus ? "" "	""" hingestatus ? """
47		 See oli see , mis Votoka piltidel alati puudus . 	see olema see , mis Votoka|Votokas pilt alati puuduma .
48		" "" Sinu aparaat tabab ära iga inimese , iga ehitise , iga looma ja eseme hinge ja talletab selle filmile . "	""" sina aparaat tabama ära iga inimene , iga ehitis , iga loom ja ese hing ja talletama see film ."
48		 Sa tallad maailma , kes sind ei tunnusta , põrmu . 	sina tald maailm , kes sina ei tunnustama , põrm .
48		" Nii on . "" "	"nii olema . """
49		" "" Misasi sa üldse oled ? "	""" misasi sina üldse olema ?"
49		" Mingi jama vä ? "" "	"mingi jama vä ? """
50		" "" Ma olen Choronzon , see , keda sa kutsusid oma soovi täitma . "" "	""" mina olema Choronzon , see , kes sina kutsuma oma soov täitma . """
51		" "" Vahi . "	""" Vahi ."
51		" Ja tahad kohe täita ? "" "	"ja tahtma kohe täitma ? """
52		" "" Jah . "" "	""" jah . """
53		" "" No täida siis . "" "	""" no täitma siis . """
54		" "" Ma ei saa . "" "	""" mina ei saama . """
55		" "" Miks ? "" "	""" miks ? """
56		" "" Mul on vaja käsiraha . "" "	""" mina olema vaja käsiraha . """
57		" "" Mida ? "" imestas Votokas . "	""" mis ? "" imestama Votokas ."
58		" "" Ühte hinge . "" "	""" üks hing . """
59		 Votokas võpatas . 	Votokas võpatama .
59		 Ta tõstis veiniklaasi masinlikult suule . 	tema tõstma veiniklaas masinlik suu .
59		" "" Atmosfäär on tõeliselt hea , "" kiitis ta ennast , "" ma juba kuulen kuradeid . "	""" atmosfäär olema tõeliselt hea , "" kiitma tema ise , "" mina juba kuulma kurat ."
59		" Pea neid siis näha ei saa . "" "	"pidama tema siis nägema ei saama . """
60		" "" Ära istu nüüd nii mossis näoga , "" patsutas Meets talle õlale . "	""" ära istuma nüüd nii mossis nägu , "" patsutama Meets tema õlg ."
60		" "" Ma tahan sulle lihtsalt head . "	""" mina tahtma sina lihtsalt hea ."
60		 Sinust ei saa kunagi andekat fotograafi , sa lihtsalt oled selline . 	sina ei saama kunagi andekas fotograaf , sina lihtsalt olema selline .
60		 Öelgem otse ausalt välja — koba . 	ütlema otse ausalt välja - koba .
60		 Sinna ei saa midagi parata . 	sinna ei saama miski parata .
60		 Aga on see halb ? 	aga olema see halb ?
60		 Mitte sugugi , just originaalsust ongi vaja , mitte andekust . 	mitte sugugi , just originaalsus olema vaja , mitte andekus .
60		 Neid andekaid koopiamehi on niigi küll ja küll , kõik kohad täis , aga kobasid , kes julgeksid midagi teha , ei ole . 	see andekas koopiamees olema niigi küll ja küll , kõik koha|koht täis , aga kobama , kes julgema miski tegema , ei olema .
60		" Proosit ! "" "	"proosit ! """
61		 Votokas limpsas veini põhjani . 	Votokas limpsama vein põhi .
61		 Suutmata lobiseva Meetsi tõttu taibata , kas ta kuulis hallukaid või mitte , üritas fotograaf seltsilisest hetkeks lahti saada . 	Suutmata lobisev Meets|Meetsi tõttu taipama , kas tema kuulma hallukai|hallukas või mitte , üritama fotograaf seltsiline hetk lahti saama .
62		" "" Kuule , "" pomises ta , "" mine õige ja too köögist sakuskat , mul peaks seal juustu olema . "" "	""" kuulma , "" pomisema tema , "" minema õige ja tooma köök sakuska , mina pidama seal juust olema . """
63		" "" Vot , vot hakkab tulema , "" noogutas Meets . "	""" vot , vot hakkama tulema , "" noogutama Meets ."
63		" "" Ma arvasin juba , et sa'i pakugi . "" "	""" mina arvama juba , et sina ’ i pakk . """
64		 Samal hetkel , kui Meets ringist välja astus , puhkes toas keeristorm . 	sama hetk , kui Meets ring välja astuma , puhkema tuba keeristorm .
64		 Mees paisati tuulde nagu kaltsunukk . 	mees paiskama tuul nagu kaltsunukk .
64		 Kogu mööbel , kõik ruumis asuvad asjad sööstsid paigast . 	kogu mööbel , kõik ruum asuma asi sööstma paik .
64		 Möirgamine ja raksatused kurdistasid kõrvu . 	möirgamine ja raksatus kurdistama kõrv .
64		 Kokkupõrgetes pööraselt kihutavate kappide , laudade , klaasnõude kildude , nugade-kahvlite ja kõige muuga , hakiti ning lömastati Meets liharäbalateks . 	kokkupõrge pööraselt kihutav kapp , laud , klaasnõu|klaasnõue kild , nugade-kahvel ja kõige muu , hakkima ning lömastama Meets liharäbal .
64		 Soolikad ja silmamunad pritsiti seintele . 	soolikas ja silmamuna pritsima sein .
64		 Verepilved muutsid õhu punaseks uduks ja kustutasid viimaks küünlad . 	verepilv muutma õhk punane udu ja kustutama viimaks küünal .
64		 Pimeduse saabumisel lõppes ka möll . 	pimedus saabumine lõppema ka möll .
64		 Tuba täitis paks verehais . 	tuba täitma paks verehais .
64		 Tükk aega istus Votokas liikumatult , ent siis — kui peale tilkumise ja väljast kostva liiklusmüra enam absoluutselt midagi kuulda ei olnud , hakkas Votokas liigutama . 	tükk aeg istuma Votokas liikumatult , ent siis - kui peale tilkumine ja väljast kostev liiklusmüra enam absoluutselt miski kuulma ei olema|olnud , hakkama Votokas liigutama|liikuma .
65		" "" Meets , "" piiksus ta hirmust peenikese häälega . "	""" Meets , "" piiksuma tema hirm peenike|peenikene hääl ."
66		" "" Ohver on vastu võetud . "	""" ohver olema vastu võetud|võtma ."
66		" Pildista ja kogu kuulsust . "" "	"pildistama ja kogu kuulsus . """
67		 Votokas roomas aeglaselt ukse poole . 	Votokas roomama aeglaselt uks poole .
67		 Esimene asi , mis talle ringist väljudes käe alla jäi , oli ei tea kuidas sinna sattunud fotoaparaat . 	esimene asi , mis tema ring väljuma käsi alla jääma , olema ei teadma kuidas sinna sattuma|sattunud fotoaparaat .
67		 Kiunatades , nagu oleks aparaat teda kõrvetanud , rapsas Votokas sellest paanikas kõrvale , virutades pildikasti kuhugi minema . 	kiunatama , nagu olema aparaat tema kõrvetama|kõrvetanud , rapsama Votokas see paanika kõrvale , virutama pildikast kuhugi minema .
67		 Nätsatades maandus see millessegi lägasesse . 	nätsatama maanduma see miski lägane .
67		 Ka Votokas libastus ja vajus küünarnukkidele . 	ka Votokas libastuma ja vajuma küünarnukk .
67		 Puupilpad , klaasikillud , riideräbalad ning luukillud . 	puupilbas , klaasikild , riideräbal ning luukild .
67		 Kõike , mis pimedas ta käe alla jäi , kattis soe lige mass . 	kõik , mis pime tema käsi alla jääma , katma soe lige mass .
67		 Mees võpatas iga kord , kui käe läga sisse pani . 	mees võpatama iga kord , kui käsi läga sisse panema .
67		 Jõudnud ukse juures asuva põrandalambi lülitini , vajutas mees tule põlema . 	jõudma|jõudnud uks juures asuv põrandalamp lüliti , vajutama mees tulema põlema .
68		 Ilmaaegu . 	ilmaaegu .
69		 Vilksamisi nähtud toa sein , põrand ja lagi sundisid ta silmad kõvasti kinni pigistama . 	vilksamisi nägema|nähtud|nähtuma tuba sein , põrand ja lagi sundima tema silm kõvasti kinni pigistama .
69		 Soolikad ja siseorganid olid kistud ribadeks ja paisatud kõikjale mööda tuba laiali . 	soolikas ja siseorgan olema kiskuma|kistud riba ja paisatud|paiskama kõikjale mööda tuba laiali .
69		 Mõned luud turritasid välja seinast , kuhu nad hirmsa hooga olid virutatud . 	mõni luu|luud turritama välja sein , kuhu tema hirmus hoog olema virutatu .
69		 Raudbetoonist seinapaneel oli tundmatu jõu jaoks olnud vaid plastiliin . 	raudbetoon seinapaneel olema tundmatu jõud jaoks olema|olnud vaid plastiliin .
69		 Laest ja seintelt nirises verd , sappi ja maomahla . 	laad|lagi ja sein nirisema veri , sapp ja maomahl .
69		 Lambikuplilt tillerdas otse ta nina ees poolik süda mingite soonte otsas . 	lambikuppel tillerdama otse tema nina ees poolik süda mingi soon otsas .
69		 Votokas tundis minestust peale tulevat . 	Votokas tundma minestus peale tulema .
69		 Ta kustutas lambi kiiresti . 	tema kustutama lamp kiiresti .
69		 Käsikaudu ukse avanud , lohistas fotograaf ennast koridori . 	käsikaudu uks avama|avanud , lohistama fotograaf ise koridor .
69		 Keset selle põrandat oli fotokaamera ja kaks filmirulli . 	keset see põrand olema fotokaamera ja kaks filmirull .
70		" "" Võta ja pildista . "	""" võtma ja pildistama ."
70		 Tulemus vapustab sind . 	tulemus vapustama sina .
70		" Üllata maailma . "" "	"üllatama maailm . """
71		" "" .. Õõh ... , "" värinad raputasid fotograafi , ta ei tahtnud seda kuulata . "	""" .. õõh ... , "" värin raputama fotograaf , tema ei tahtma|tahtnud see kuulama ."
72		" "" Muidu oli ohver asjata . "" "	""" muidu olema ohver asjata . """
73		" "" .. Õõh ... "" "	""" .. õõh ... """
74		" "" Võta oma aparaat . "" "	""" võtma oma aparaat . """
75		 Votokas lebas tardunult edasi , vahetevahel ainult kergelt värinate käes rappudes . 	Votokas lebama tardunult edasi , vahetevahel ainult kergelt värin käes rappuma .
76		" "" Kas sa ei saaks Meetsi uuesti kokku panna ? "" pinises ta viimaks , nagu lõksu jäänud kärbes . "	""" kas sina ei saama Meets|Meetsi uuesti kokku panema ? "" pinisema tema viimaks , nagu lõks jääma|jäänud kärbes ."
77		" "" Ma olen KAOSE deemon ! "" "	""" mina olema kaos deemon ! """
78		" "" Mine ja pildista ! "" "	""" minema ja pildistama ! """
79		 Votokas jõllitas liikumatult aparaati . 	Votokas jõllitama liikumatult aparaat .
80		" "" Hüva , saad oma Meetsi ! "" "	""" hüva , saama oma Meetsi ! """
81		 Esialgu ei juhtunud midagi , siis aga hakkas Votoka kõrv eristama kõrvaltoast üksikuid hääli : krigin , plätsumine , millegi lohistamine , hootised röginad ... Votokas tundis , kuidas tal järsku põrandal külm hakkas . 	esialgu ei juhtuma|juhtunud miski , siis aga hakkama Votoka|Votokas kõrv eristama kõrvaltuba üksik hääl : krigin , plätsumine , miski lohistamine , hootine rögin ... Votokas tundma , kuidas tema järsku põrand külm hakkama .
81		 Ta ajas end kramplikult aparaadist eemale hoides püsti . 	tema ajama ise kramplikult aparaat eemale hoidma püsti .
81		 Värinahood raputasid endiselt ta keha . 	värinahoog raputama endiselt tema keha .
81		 Teisest toast kostvad hääled lõppesid mulksumisega . 	teine tuba kostev hääl lõppema mulksumine .
81		 Saabus vaikus . 	saabuma vaikus .
82		" "" Meets ? "" hõikas Votokas pingest võbeleva häälega . "	""" Meets ? "" hõikama Votoka|Votokas pinge võbelev hääl ."
82		 Vastust ei tulnud . 	vastus ei tulema|tulnud .
82		 Ukse alt immitses mingit kollast löga . 	uks alt immitsema mingi kollane löga .
83		" "" Meets ? "" "	""" Meets ? """
84		 Votoka teravdunud kuulmine tabas õhkõrna röhatuse . 	Votoka|Votokas teravdunud kuulmine tabama õhkõrn röhatus .
84		 Fotograaf astus sammukese uksele lähemale ja kuulatas . 	fotograaf astuma sammuke uks lähemale ja kuulatama .
84		 Susin . 	susin .
84		 Nagu oleks millestki vaikselt õhku välja voolanud . 	nagu olema miski vaikselt õhk välja voolama|voolanud .
85		" "" Panid sa ta ikka kokku vä ? "" "	""" panema sina tema ikka kokku vä ? """
85		 Votokas peaaegu juba halises . 	Votokas peaaegu juba halisema .
86		" "" Jah . "" "	""" jah . """
87		" "" Kus ta siis on ? "" "	""" kus tema siis olema ? """
88		 Uks tema ees liigahtas järsku . 	uks tema ees liigahtama järsku .
88		 See kummus kergelt sissepoole ning naksudes andsid kruvid piidapesades järele . 	see kummuma kergelt sissepoole ning naks andma kruvima piidapesa järele .
88		 Votokas hakkas taganema . 	Votokas hakkama taganema .
88		 Kerge metallikrigina saatel võeti uks eest . 	Kerge metallikrigin saatel võtma uks eest .
88		 See , mis nüüd ukseavas seisis , ei olnud kindlasti Meets . 	see , mis nüüd ukseava seisma , ei olema|olnud kindlasti Meets .
88		 See oli midagi , mis võis olla toas olnud jäänuste kobrutav mass . 	see olema miski , mis võima olema tuba olema|olnud jäänus kobrutav mass .
89		" "" Need kaks filmi on proovimiseks . "	""" see kaks film olema proovimine ."
89		" Ära kokku hoia . "" "	"ära kokku hoidma . """
90		 Votokas ei suutnud end liigutada . 	Votokas ei suutma|suutnud ise liigutama .
91		" "" Võta aparaat ! "" "	""" võtma aparaat ! """
92		 Mees ei liigutanud ikka veel . 	mees ei liigutama|liigutanud ikka veel .
93		" "" Ise tead ! "" "	""" ise teadma ! """
94		 Mass liigahtas . 	mass liigahtama .
94		 Enne veel , kui see jõudis sentimeetritki läheneda , hüppas mees karjatades tagasi ja haaras ukse käepidemest ja kiskus hirmsa jõuga ust . 	enne veel , kui see jõudma sentimeeter lähenema , hüppama mees karjatama tagasi ja haarama uks käepide ja kiskuma hirmus jõud uks .
94		 See mitte ei jõnksatanudki . 	see mitte ei jõnksatama .
95		" "" Võta aparaat ! "" "	""" võtma aparaat ! """
96		 Votokas lausa niideti õudusest põrandale , ta haaras aparaadi järele , nagu näljane leivakannikat ja tormas siis koperdades korterist välja . 	Votokas lausa niitma õudus põrand , tema haarama aparaat järele , nagu näljane leivakannikas ja tormama siis koperdama korter välja .
97		 Tundes ennast kohutavalt haigena tuias Votokas mööda linna . 	tundma ise kohutavalt haige tuiama Votokas mööda linn .
97		 Kaamera tolknes paelapidi kaelas ning tuletas ennast vastu rinda koksides iga sammu juures meelde . 	kaamera tolknema paelapidi kael ning tuletama ise vastu rind koks iga samm juures meel .
97		 Mehe käed ja põlved olid ikka veel verelögased . 	mees käsi ja põli|põlv olema ikka veel verelögane .
97		 Vastikusest värisedes astus Votokas murule ja potsatas põlvili , hakates ennast vastu rohtu puhtaks nühkima . 	vastikus värisema astuma Votokas muru ja potsatama põlvili , hakkama ise vastu rohi puhas nühkima .
97		 Kõrvalt kostev prügikasti kaane kolksatus pani ta kohutatud varblasena püsti hüppama . 	kõrvalt kostev prügikast kaas kolksatus panema tema kohutatu varblane püsti hüppama .
97		 Lohiseval sammul eemaldus prügikoll , peaaegu tühi kilekott toika otsas selga visatud . 	lohisev samm eemalduma prügikoll , peaaegu tühi kilekott toigas otsas selg visatud|viskama .
97		 Votokas vaatas teda kartlikult , siis puudutas ta arglikult fotoaparaati . 	Votokas vaatama tema kartlikult , siis puudutama tema arglikult fotoaparaat .
97		" Kõheldes tõstis mees kaamera : "" Linna tutvustav rohelise mõttelaadiga piltpostkaart , "" pomises ta . "	"kõhelema|kõhklema tõstma mees kaamera : "" linn tutvustav roheline mõttelaad piltpostkaart , "" pomisema tema ."
97		" "" Teatava sotsiaalse kriitikaga . "" "	""" teatav sotsiaalne kriitika . """
98		 Fookusesse . 	fookus .
99		 KLÕPS . 	klõps .
100		 Prükkar tundus objektiivis komistavat . 	Prükkar tunduma objektiiv komistav .
100		 Kott kukkus kolinal maha ja mädanenud käest , mis seda kinni hoidis , libisesid välja luised sõrmed ja küünarluu . 	kott kukkuma kolinal maha ja mädanema|mädanenud käsi , mis see kinni hoidma , libisema välja luine sõrm ja küünarluu .
100		 Kogu liha tuli pruunikate kamakatena skeleti küljest lahti ning lärtsatas teele . 	kogu liha tulema pruunikas kamakas skelett küljest lahti ning lärtsatama tee .
100		 Luukerestunud mees astus veel paar sammu , ent vajus siis jõuetu kondihunnikuna kokku . 	Luukerestunu|Luukerestunud mees astuma veel paar samm , ent vajuma siis jõuetu kondihunnik kokku .
100		 Taustaks oleva betoonmaja seintesse tekkisid praod ning puistates enda ette aknaklaaside kilde , vajus hoone ähvardavalt viltu . 	taust olev betoonmaja sein tekkima pragu ning puistama ise ette aknaklaas kild , vajuma hoone ähvardavalt viltu .
101		 Votokas langetas aeglaselt aparaadi . 	Votokas langetama aeglaselt aparaat .
101		 Vaatas , ega uskunud oma silmi . 	vaatama , ega uskuma|uskunud oma silm .
101		 Kõik oli normaalne . 	kõik olema normaalne .
102		 Mis see oli ? 	mis see olema ?
102		 Mis värk oli juhtunud ? 	mis värk olema juhtuma|juhtunud ?
102		 Hallutsinatsioon ? 	hallutsinatsioon ?
103		" "" Eks ole , su fotod tulevad enneolematud ? "" "	""" eks olema , sina foto tulema enneolematu ? """
104		 Votokas tardus . 	Votokas tarduma .
105		" "" Mida sa ootad , pildista . "	""" mis sina ootama , pildistama ."
105		" Või saadan Meetsi sulle appi ? "" "	"või saatma Meets sina abi ? """
106		 Kohutatult tõmbus Votokas küüru ja heitis pilgu üle õla majaukse poole . 	kohutatult tõmbuma Votokas küür ja heitma pilk üle õlg majauks poole .
106		 Jube jäänustemass oli trepikoja uksel . 	jube jäänustemass olema trepikoda uks .
107		" "" Pildistan , pildistan ... "" piuksus fotograaf viginal ja tegi kiiresti paar suvalist pilti majast ja selle ümbrusest . "	""" pildistama , pildistama ... "" piuksuma fotograaf vigin ja tegema kiiresti paar suvaline pilt maja ja see ümbrus ."
107		 Maja sammaldus hetkega , akendel kõõluvad inimesed moondusid kisenduste saatel vastikuteks värdjateks , rohi kolletas ja põõsad ning puud tundusid elustuvat . 	maja sammalduma hetk , aken kõõluma inimene moonduma kisendus saatel vastik värdjas , rohi kolletama ja põõsas ning puu|puud tunduma elustuma .
107		 Ainus , mis muutumatuks jäi , oli Meets . 	ainus , mis muutumatu jääma , olema Meets .
107		 Hirmunud Votokas pillas kaamera käest . 	hirmuma|hirmunud Votokas pillama kaamera käest .
108		 Rohi oli roheline ja inimesed akendel vahtisid igavlevalt ringi . 	Rohi olema roheline ja inimene aken vahtima igavlevalt ringi .
108		 Igavlev ei paistnud ainult koletis ukseavas . 	Igavlev ei paistma|paistnud ainult koletis ukseava .
108		 Pildistaja taandus ja pani jooksu . 	pildistaja taanduma ja panema jooks .
109		 Votokas kõndis mööda linna ja pildistas suvaliselt kõike , mis ette juhtus : inimesi , maju , autosid , taevast , prügikaste . 	Votokas kõndima mööda linn ja pildistama suvaliselt kõik , mis ette juhtuma : inimene , maja , auto , taevas , prügikast .
109		 Iga pilt pani mehe võpatama , näidates värdjastuvat maailma . 	iga pilt panema mees võpatama , näitama värdjastuv maailm .
109		 Ta ainus siht oli filmid võimalikult kiiresti täis saada . 	tema ainus siht olema film võimalikult kiiresti täis saama .
109		 Siis ei pea ta enam pildistama ja seda kõike nägema . 	siis ei pidama tema enam pildistama ja see kõik nägema .
109		 Votokas seisatas ja vaatas tagasi . 	Votokas seisatama ja vaatama tagasi .
109		 Talle tundus , et kõik , mida ta oli pildistanud , paistis kuidagi hallim kui muu . 	tema tunduma , et kõik , mis tema olema pildistama|pildistanud , paistma kuidagi hallim kui muu .
109		 Turg , kus ta oli tükk aega klõpsutanud , näis olevat justkui suure pilve alla sattunud . 	turg , kus tema olema tükk aeg klõpsutama|klõpsutanud , näima olema justkui suur pilv alla sattuma|sattunud .
109		 Mõni üksik inimene , kes äsja juurde tulnud , paistis nagu erksam , teised tundusid tuimad ja hallid . 	mõni üksik inimene , kes äsja juurde tulema|tulnud , paistma nagu erksam , teine tunduma tuim ja hall .
109		 Votokas sülitas ja läks edasi . 	Votokas sülitama ja minema edasi .
109		 Kõige olulisem oli praegu film täis pildistada . 	kõige olulisem olema praegu film täis pildistama .
109		 Kuigi jah , jõuda lõpptulemuse — ilmutamiseni , ei tundunud just eriti meelitav . 	kuigi jah , jõudma lõpptulemus - ilmutamine , ei tunduma|tundunud just eriti meelitav .
109		 Aga teisest küljest jälle . 	aga teine külg jälle .
109		 Ta tahtis ... ja ka ei tahtnud näha millised need fotod siis välja tulevad . 	tema tahtma ... ja ka ei tahtma|tahtnud nägema milline see foto siis välja tulema .
109		 On ta siis nüüd praegu , kui ta neid pilte teeb , nii põrgulikult andekas ? 	olema tema siis nüüd praegu , kui tema see pilt tegema , nii põrgulikult andekas ?
110		 Saanud teisegi filmi täis jäi Votokas seisma . 	saama|saanud teine film täis jääma Votokas seisma .
110		 Ta ei osanud enam midagi ette võtta . 	tema ei osanud|oskama enam miski ette võtma .
110		 Vahtis arglikult ringi ja keris siis filmi tagasi . 	vahtima arglikult ringi ja kerima siis film tagasi .
111		" "" Vii oma kunst lõpule . "" "	""" viima oma kunst lõpp . """
112		 Votokas neelatas . 	Votokas neelatama .
112		 Alistunult pöördus fotograaf tagasi oma ateljee poole . 	alistunult pöörduma fotograaf tagasi oma ateljee poole .
112		 Seisatas siis . 	seisatama siis .
113		" "" A' Meets ? "" küsis ta areldi . "	""" A ’ Meets ? "" küsima tema areldi ."
114		" "" Ta ei sega sind , kuni oma tööga tegeled . "" "	""" tema ei segama sina , kuni oma töö tegelema . """
115		 Tasapisi hakkas Votokas astuma . 	tasapisi hakkama Votokas astuma .
115		 Ta oli mõttes , paistis , et midagi halba temaga vist ei juhtu . 	tema olema mõte , paistma , et miski halb tema vist ei juhtuma .
115		 Ta lihtsalt on saanud oma tahtmise ja on andekas . 	tema lihtsalt olema saama|saanud oma tahtmine ja olema andekas .
115		" Kuid teda jäi kummitama sõna "" kuni "" ja vastik tunne , et keegi on temaga kogu aeg kaasas . "	"kuid tema jääma kummima|kummitama sõna "" kuni "" ja vastik tunne , et keegi olema tema kogu aeg kaasas ."
115		 Nüüd ja alati , ükskõik , kas ta sööb , magab või situb . 	nüüd ja alati , ükskõik , kas tema sööma , magama või sittuma .
115		 Kuni ... 	kuni ...
116		 Jõudnud pimikusse , kustutas ta tule ja asus isegi tillukese ootusärevusega asja kallale . 	jõudma|jõudnud pimik , kustutama tema tuli ja asuma isegi tilluke ootusärevus asi kallale .
117		" "" Vaatame , vaatame , "" pomises ta , võttes värisevi käsi aparaadist filmirulli . "	""" vaatama , vaatama , "" pomisema tema , võtma värisevi käsi aparaat filmirull ."
117		 Punane valgus ta ümber tundus täna kuidagi võigas . 	punane valgus tema ümber tunduma täna kuidagi võigas .
117		 See meenutas punase udu pilve . 	see meenutama punane udu pilv .
117		 Ka seinad ja lagi . 	ka sein ja lagi .
118		" "" Vaatame , vaatame , "" pomises ta sellest mitte mõelda püüdes ja filmi kallal vaeva nähes . "	""" vaatama , vaatama , "" pomisema tema see mitte mõtlema püüdma ja film kallal vaev nägema ."
118		 Õhus oli tunda kannatamatust . 	õhk olema tundma kannatamatus .
118		 Keegi oli ootevalmis . 	keegi olema ootevalmis .
119		 Fotopaberile ilmus pilt , Votokas kangestus . 	fotopaber ilmuma pilt , Votokas kangestuma .
119		 Kõik oli palju jubedam , kui objektiivis paistis . 	kõik olema palju jubedam , kui objektiiv paistma .
119		 Turuplatsi ümbritsevad majad olid mädanenud , kokku kukkunud või põlemas , platsil aga kees tõeline põrgu . 	turuplats ümbritsema maja olema mädanema|mädanenud , kokku kukkuma|kukkunud või põlema , plats aga keema tõeline põrgu .
119		 Veri , agoonia ja piinad . 	veri , agoonia ja piin .
119		 Piinad , mis väljendasid sedavõrd koletut valu , et Votokas oiatas kramplikult ja pillas pintsetid maha . 	piin , mis väljendama sedavõrd koletu valu , et Votokas oiatama kramplikult ja pillama pintsett maha .
119		 Pimiku punane valgus võimendas seda kõike mitmekordseks . 	pimik punane valgus võimendama see kõik mitmekordne .
120		" "" Suurepärane . "" "	""" suurepärane . """
121		 Jälkust alla surudes sundis Votokas ennast ilmutama järgmise kaadri , ja järgmise , ja järgmise . 	jälkus alla suruma sundima Votokas ise ilmuma|ilmutama järgmine kaader , ja järgmine , ja järgmine .
121		 Kõikjal valitses kaos . 	kõikjal valitsema kaos .
121		 Õhk ta ümber tundus pinevusest tihenevat , lausa praksuvat . 	õhk tema ümber tunduma pinevus tihenev , lausa praksuv .
121		 Iga kaader oli hullem kui eelmine . 	iga kaader olema hullem kui eelmine .
121		 Nende fotode järgi võinuks arvata , et kogu Jõgeva linn on hukkumas kohutavas hävingus . 	see foto järgi võima arvama , et kogu Jõgeva linn olema hukkuma kohutav häving .
122		" "" Unelm . "" "	""" unelm . """
123		" "" See on haige , "" pomises Votokas . "	""" see olema haige , "" pomisema Votokas ."
123		" "" Need on haiged pildid , nendega võin ma saavutada tunnustuse ainult maniakkide või satanistide seas . "" "	""" see olema haige pilt , see võima mina saavutama tunnustus ainult maniakk või satanist seas . """
124		" "" Ent see-eest on kogu linn su ande ees põrmus . "" "	""" ent see-eest olema kogu linn sina anne ees põrm . """
125		 Järsku tundis mees lausa füüsiliselt deemoni kohalolu . 	järsku tundma mees lausa füüsiliselt deemon kohalolu .
125		 Miski limane ja jahe embas teda algul õlgadest , seejärel puusadest ... 	miski limane ja jahe embama tema algul õlg , seejärel puus ...
126		 Vastikustundest röögatades kargas Votokas eemale . 	vastikustunne röögatama kargama Votokas eemale .
126		 Mingi anum kemikaalidega lõi kõikuma ja prantsatas põrandale . 	mingi anum kemikaal looma|lööma kõikuma ja prantsatama põrand .
126		 Kananahka minnes tundis mees olevust ikka veel enda ligi . 	kananahk minema tundma mees olevus ikka veel ise ligi .
126		 Votokas lõi jalaga ukse lahti ja tormas välja tänavale . 	Votokas looma|lööma jalg uks lahti ja tormama välja tänav .
126		 Tänavale , kus valitses kaos , maniakkide tänavale . 	tänav , kus valitsema kaos , maniakk tänav .
