par_nr	head	sentence	lemmas
1	 Kevadöö unenägu 	 Kevadöö unenägu 	kevadöö unenägu
2		 Karen Orlau 	Karen Orlau
3		 Oli esimene suviselt soe maikuupäev , kirka taeva ja õidepuhkevate toomingatega . 	olema esimene suviselt soe maikuupäev , kirgas taevas ja õidepuhkev toomingas .
4		 Inimesed hakkasid lõpuks suve olemasolusse uskuma . 	inimene hakkama lõpuks suvi olemasolu uskuma .
4		 Väikelinna terassid ja välikohvikud olid täis kahvatuid , päevitamata nägudega päikesepüüdjaid . 	väikelinn terass|terassi ja välikohvik olema täis kahvatu , päevitamata nägu päikesepüüdja .
4		 Kõik asjaajamised võisid korraga oodata , kiirustada ei raatsinud keegi . 	kõik asjaajamine võima korraga ootama , kiirustama ei raatsima|raatsinud keegi .
5		 Lilian tundis end linna ainukese õnnetu inimesena . 	Lilian tundma ise linn ainuke|ainukene õnnetu inimene .
5		 Kõik sõbrad olid koju maha jäänud , vennad uitasid omapead ringi , sest ta ähvardas neid , et kavatseb päev otsa õppida . 	kõik sõber olema kodu maha jääma|jäänud , vend uitama omapead ringi , sest tema ähvardama see , et kavatsema päev otsa õppima .
5		 Plaan oli muidugi õilis , mis tema sinna teha sai , et see välja ei tahtnud tulla . 	Plaan olema muidugi õilis , mis tema sinna tegema saama , et see välja ei tahtma|tahtnud tulema .
6		" "" Nagunii sa ei õpi sellise ilmaga midagi , tule parem järve äärde ... "" püüdis vanem vend Mark teda hommikul ahvatleda , kuid õde jäi askeetlikule plaanile kindlaks . "	""" nagunii sina ei õppima selline ilm miski , tulema parem järv äärde ... "" püüdma vanem vend Mark tema hommik ahvatlema , kuid õde jääma askeetlik plaan kindel ."
6		" "" No ise tead , "" loobus vend lõpuks , lisades siis aga puhtast kättemaksuhimust nagu muuseas , et võibolla tuleb Alver õhtul suvilat sisse õnnistama . "	""" no ise teadma , "" loobuma vend lõpuks , lisama siis aga puhas kättemaksuhimu nagu muuseas , et võibolla tulema Alver õhtu suvila sisse õnnistama ."
7		" "" Aga sina õpi ! "" lisas ta hoolitsevalt , ise vennaliku ebasiiruse irvitav kehastus . "	""" aga sina õppima ! "" lisama tema hoolitsevalt , ise vennalik ebasiirus irvitav kehastus ."
7		 Lilian kehitas küll ükskõiksuse märgiks õlgu , kuid kahju oli juba tehtud . 	Lilian kehitama küll ükskõiksus märk õlg , kuid kahju olema juba tegema|tehtud .
8		 Ta märkas masendusega , et luges jälle ühtsama lauset ei tea mitmendat korda , ega suutnud selle sisu meenutada . 	tema märkama masendus , et lugema jälle ühtsama lause ei teadma mitmes kord , ega suutma|suutnud see sisu meenutama .
8		 Tüdinult viskas ta raamatu pingile ja jäi mööduvaid paarikesi uduse pilguga silmitsema . 	tüdinult viskama tema raamat pink ja jääma mööduv paarike udune pilk silmitsema .
9		 Sellisel päeval peabki olema justnimelt kahekesi ... 	selline päev pidama olema justnimelt kahekesi ...
9		 Ta oleks päris palju andnud selle eest , et koos Alveriga , selle kord lihtsalt naabripoisi , kord kellegi enama kui lihtsalt naabripoisiga , lossivaremetes hulkuda või järve ääres peesitada ( ning mängida sealjuures , et ta on perekonna ainuke laps . 	tema olema päris palju andma|andnud see eest , et koos Alver|Alveri , see kord lihtsalt naabripoiss , kord keegi enam kui lihtsalt naabripoiss , lossivare hulkuma või järv ääres peesitama ( ning mängima sealjuures , et tema olema perekond ainuke laps .
9		 Vennad ei tahtnud kuidagi sellesse idülli sobida . ) 	Vend|Venna|Vennad ei tahtma|tahtnud kuidagi see idüll sobima . )
9		 Marki sõnul pidi Alver , see lootusetu ringikihutaja , tulema aga päris hilja , ning see tekitas veidrat rahutust , sest iga jagamata jäänud hetk sellest päevast tundus vähemtäiuslikuna , kui võinuks olla . 	mark sõna pidama Alver , see lootusetu ringikihutaja , tulema aga pärima hilja , ning see tekitama veider rahutus , sest iga jagamata jääma|jäänud hetk see päev tunduma vähemtäiuslik , kui võima olema .
10		 Päiksepaistelisest päevast sai aga vähemalt sama ilus õhtu . 	päiksepaisteline päev saama aga vähemalt sama ilus õhtu .
10		 Saabuv pimedus oli pehme ja läbipaistev nagu sinine siidiloor . 	saabuv pimedus olema pehme ja läbipaistev nagu sinine siidiloor .
10		 Kõikjalt õhkus vastu soojust , mis oli päeva jooksul talletunud ja vallandus nüüd tasaste hingetõmmetena . 	kõikjalt õhkuma vastu soojus , mis olema päev jooksul talletuma|talletunud ja vallanduma nüüd tasane hingetõmme .
11		 Lilian oli end rõdule ümber õpikutevirna kerra keeranud ning püüdis keskenduda . 	Lilian olema ise rõdu ümber õpikutevirn kera keerama|keeranud ning püüdma keskenduma .
11		 Tegelikult oli lugemine mõttetu enesepetmine , ta teadis väga hästi , et hoidis hinge kinni , et Alver jõuaks kohale enne vendade saabumist . 	tegelikult olema lugemine mõttetu enesepetmine , tema teadma väga hästi , et hoidma hing kinni , et Alver jõudma koha|koht enne vend saabumine .
11		 Õhtu lõhnad muutsid ta nii erksaks ja rahutuks , et see mõjus kerge joovastusena . 	õhtu lõhn muutma tema nii ergas ja rahutu , et see mõjuma kerge joovastus .
11		" "" Jõuab , ei jõua , jõuab , ei jõua ... "" luges ta tekstiridade pealt , saades peaaegu igal leheküljel erineva vastuse . "	""" jõudma , ei jõudma , jõudma , ei jõudma ... "" lugema tema tekstirida pealt , saama peaaegu iga lehekülg erinev vastus ."
12		" Möödus miljon aastat , enne kui aias kostusid sammud ja siis vaikne : "" Tere , lilleke , mida sa teed ? "" "	"mööduma miljon aasta , enne kui aed kostuma samm ja siis vaikne : "" tere , lilleke , mis sina tegema ? """
12		 Alveri häälest polnud küll vähimatki väsimust kosta — mitte , et see tema puhul kuigi võimalik olnuks . 	Alver|Alveri hääl olema küll vähim väsimus kostma - mitte , et see tema puhul kuigi võimalik olema .
12		 Ta lihtsalt koosneski puhtast energiast , mis oli segatud eluterve uudishimuga ja tembitud uskumatu annuse ettevaatamatusega . 	tema lihtsalt koosnema puhas energia , mis olema segama|segatud eluterve uudishimu ja tembitud|tempima uskumatu annus ettevaatamatus .
12		 See oli väsitav , aga võluv . 	see olema väsitav , aga võluv .
13		 Lilian saatis õpiku üle rõduserva lendu , see maandus etteheitva matsatusega maasikapeenrasse . 	Lilian saatma õpik üle rõduserv lend , see maanduma etteheitev matsatus maasikapeenar .
13		 Midagi nii kergemeelset korda saata oli puhas rõõm . 	miski nii kergemeelne kord saatma olema puhas rõõm .
14		" "" Mis teen ? "	""" mis tegema ?"
14		 Sellist ööd ei saa ju ometi maha magada . 	selline öö ei saama ju ometi maha magama .
14		" Ma tahan hulkuda ! "" ja lisas mõttes : "" Kellegagi , kellel on nii ilusad silmad kui sinul , eksole ! "" "	"mina tahtma hulkuma ! "" ja lisama mõte : "" keegi , kes olema nii ilus silm kui sina , ekso ! """
15		 See , et Alver sõnagagi vendade järgi ei küsinud , vaid jalutamist heaks plaaniks pidas , tekitas Lilianis lisaks muule ka veidi kahjurõõmu . 	see , et Alver sõna vend järgi ei küsima|küsinud , vaid jalutamine hea plaan pidama , tekitama Lilian lisa muu ka veidi kahjurõõm .
15		 Mark oleks võinud seda kuulda . 	Mark olema võima|võinud see kuulma .
15		 Siiski — oli parem , et vendi veel polnud . 	siiski - olema parem , et vend veel olema .
15		 Ta libistas end kiirelt üle rõduääre aeda ja juhatas Alveri tagaväravast välja — juhuks , kui vennad peaksid parajasti järve poolt tulema . 	tema libistama ise kiirelt üle rõduäär aed ja juhatama Alver|Alveri tagavärav välja - juht , kui vend pidama parajasti järv poolt tulema .
15		 Oleks liiga halb õnn nendega väraval kokku saada . 	olema liiga halb õnn tema värav kokku saama .
16		 Nad jalutasid suvemajade aedade vahelt äärelinna poole ja nautisid ööd , mis oli nagu päeval väljakuulutatud kevadpeo jätkumine — aga seekord ainult valitud pealtnägijate jaoks . 	tema jalutama suvemaja aed vahelt äärelinn poole ja nautima öö , mis olema nagu päev väljakuulutatud kevadpeo|kevadpidu jätkumine - aga seekord ainult valima|valitud pealtnägija jaoks .
16		 Kõik ümberringi oli kevadiselt ärevil ja elus . 	kõik ümberringi olema kevadiselt ärevil ja elu .
16		 Puud hingasid tasakesi sooja ööõhku , sirutades äsjatärganud lehti , ja lilled kasvasid vaikse keskendunud nohinaga . 	puu|puud hingama tasakesi soe ööõhk , sirutama äsjatärganud leht , ja lill kasvama vaikne keskenduma|keskendunud nohin .
17		 Öö oli erakordne ja maikrahv selle vääriline . 	öö olema erakordne ja maikrahv see vääriline .
17		 Vibalik , pikkade koibade otsas massiivsed martensid , lohvakas kunstnikukäega õmmeldud pluus , väga pikad ja väga paksud nisukollased viikingijuuksed selja peal hobusesabas , lõuga katmas paaripäevane habemetüügas , ühes käes avatud veinipudel ... ja suunurgas sigaret . 	vibalik , pikk koib otsas massiivne martens|martensi , lohvakas kunstnikukäsi õmblema|õmmeldud pluus , väga pikk ja väga paks nisukollane viikingijuus selg peal hobusesaba , lõug katma paaripäevane habemetüügas , üks käsi avama|avatud veinipudel ... ja suunurk sigaret .
17		 Nagu Marlboromehe ja dogikutsika ristsugutis . 	nagu Marlboromehe ja dogikutsikas ristsugutis .
18		 Poolsihitu lonkimine viis Liliani ja Alveri ühte vanadest parkidest , mis asusid linnakese kaugemas servas . 	poolsihitu lonkimine viima Lilian ja Alver|Alveri ühe vana park , mis asuma linnake kaugem serv .
18		 Sillutatud teeradasid ääristasid uhked saja-aastased tammed . 	sillutama|sillutatud teerada ääristama uhke saja-aastane tamm .
18		 Siin-seal kasvasid põõsapuhmad , mõne kõrgema künka tagant avanes ootamatu vaade metsalagendikule , kaugel pärnasalu sügavuses vulises kosk . 	siin-seal kasvama põõsapuhmas , mõni kõrgem küngas tagant avanema ootamatu vaade metsalagendik , kaugel pärnasalu sügavus vulisema kosk .
18		 Üle käänulise ojasängi oli ehitatud sillakaari ning ühel sellisel nad istet võtsidki , kõlgutasid jalgu ja rüüpasid laiskade sõõmudega veini . 	üle käänuline ojasäng olema ehitama|ehitatud sillakaar ning üks selline tema iste võtma , kõlgutama jalg ja rüüpama laisk sõõm vein .
19		 Alver heietas vaiksel häälel alguse ja lõputa jutulõnga , kui Lilian ootamatu veesulina peale võpatas . 	Alver heietama vaikne hääl algus ja lõpp jutulõng , kui Lilian ootamatu veesulin peale võpatama .
19		 Otse nende selja tagant , teiselpoolt silda , kostus vali pladinat ja siis hele laksatus , mida nad esimesel hetkel ei osanud seletada . 	otse see selg tagant , teiselpool sild , kostuma vali pladin ja siis hele laksatus , mis tema esimene hetk ei osanud|oskama seletama .
19		 Viiv hiljem hüppas aga ka otse nende jalgade ees suur kala veest välja ja langes heleda sulpsatusega tagasi . 	viiv hiljem hüppama aga ka otse see jalg ees suur kala vesi välja ja langema hele sulpsatus tagasi .
19		 Oli uskumatu , et nii väikeses ojas selliseid kalu leidus . 	olema uskumatu , et nii väike|väikene oja selline kala|kalu leiduma .
20		" Lilian naeris : "" Korralikus õudusjutus oleks pidanud silla alt kaks limast kätt välja ulatuma ja meist selja tagant kinni haarama . "	"Lilian naerma : "" korralik õudusjutt olema pidama|pidanud sild alt kaks limane käsi välja ulatuma ja mina selg tagant kinni haarama ."
20		" Ja siis tuleks välja , et vana mõisnik on ühe oma teolise viltuste vagude kündmise eest jõkke uputanud . "" "	"ja siis tulema välja , et vana mõisnik olema ühe oma teoline viltune vagu kündmine eest jõgi uputama|uputanud . """
20		" Siis küsis ta ülearuse kergemeelsusega : "" Kas sa kummitusi usud ? "" , ja pidi seda kohe kahetsema . "	"siis küsima tema ülearune kergemeelsus : "" kas sina kummitus uskuma ? "" , ja pidama see kohe kahetsema ."
21		 Teine vastas laisa üllatusega . 	teine vastama laisk üllatus .
21		" "" Ma ei teagi ... "	""" mina ei teadma ..."
21		" Ei saa ju kindlalt öelda , et neid olemas ei ole ? "" "	"ei saama ju kindlalt ütlema , et tema olema ei olema ? """
22		 Hämar park näis muutuvat kõhedamaks . 	hämar park näima muutuv kõhedam .
22		 Seda poleks juhtunud , kui Alver oleks öelnud , et kummitusi pole iseenesestmõistagi olemas . 	see olema juhtuma|juhtunud , kui Alver olema öelnud|ütlema , et kummitus olema iseenesestmõistagi olema .
22		 Ümbritsev öö oli liiga maagiline , et kergekäeliselt midagi ülearust ütelda . 	ümbritsev öö olema liiga maagiline , et kergekäeliselt miski ülearune ütlema .
22		 Kindlasti mitte kummituste kohta . 	kindlasti mitte kummitus kohta .
22		 Alver oli aga paksunahaline nagu jõehobu ja ei tabanud üldse , et koht ei olnud kõige sobilikum vaimudest rääkimiseks . 	Alver olema aga paksunahaline nagu jõehobu ja ei tabama|tabanud üldse , et koht ei olema|olnud kõige sobilikum vaim rääkimine .
22		 Ta vasikaripsmetega varjutatud silmadest oli näha , et see mõte hakkas talle meeldima . 	tema vasikaripse varjutama|varjutatud silm olema nägema , et see mõte hakkama tema meeldima .
23		" "" Kujuta näiteks ette ... "" alustas ta teise poolt kardetud jutulõnga . "	""" kujutama näide ette ... "" alustama tema teine poolt kardetud|kartma jutulõng ."
24		" "" Kui sa näiteks öösel üles ärkad ja näed oma toas kummitust — mida sa teeksid ? "" "	""" kui sina näiteks öösel üles ärkama ja nägema oma tuba kummitus - mis sina tegema ? """
25		" "" Annaks ilma pikemalt mõtlemata vastu pead ! "	""" anna ilm pikemalt mõtlema vastu pea !"
25		" Ma ei salli võõraid oma magamistoas , "" teatas Lilian pahuralt ja piilus ümberringi . "	"mina ei sallima võõras oma magamistuba , "" teatama Lilian pahuralt ja piiluma ümberringi ."
25		 Ilus oli , ja rahulik — pealtnäha ei midagi hirmutavat . 	ilus olema , ja rahulik - pealtnäha ei miski hirmuma|hirmutama .
25		 Kui , siis vaid õige pisut salapärane . 	kui , siis vaid õige pisut salapärane .
25		 Sõnajalapuhmad vanade tammede all kuulusid kindlasti haldjametsa — sellises paigas ei saa sündida midagi halba . 	sõnajalapuhm|sõnajalapuhmas vana tamm all kuuluma kindlasti haldjamets - selline paik ei saama sündima miski halb .
25		 Aga siiski , ettevaatus ei tee kunagi halba . 	aga siiski , ettevaatus ei tegema kunagi halb .
25		 Pealegi kartis Lilian pimedust ning hoolimata enesesisendusest ja ümbritseva vaiksest rahust oli selles peidus ka kõhedust , mida tüdruk kangekaelselt püüdis mitte märgata . 	pealegi kartma Lilian pimedus ning hoolimata enesesisendus ja ümbritsev vaikne rahu olema see peit ka kõhedus , mis tüdruk kangekaelselt püüdma mitte märkama .
26		" Täiesti pahatahtmatult ei jätnud Alver asja sinnapaika : "" Meil vanas majas kummitas päris korralikult . "" "	"täiesti pahatahtmatult ei jätma|jätnud Alver asi sinnapaika : "" mina vana maja kummitama päris korralikult . """
27		" "" Jajah , "" poetas Lilian mitte eriti julgustavalt . "	""" jajah , "" poetama Lilian mitte eriti julgustavalt ."
27		 Siiski mõjus vein vapruse peale hästi . 	siiski mõjuma vein vaprus peale hästi .
27		 Võibolla ei peakski kummitusi ... kohe lööma minema ? 	võibolla ei pidama kummitus ... kohe lööma minema ?
28		" Alver jätkas häirimatult : "" Nendega võis ära harjuda . "	"Alver jätkama häirimatult : "" see võima ära harjuma ."
28		" Alguses oli imelik , aga pärast — las kolistavad . "" "	"algus olema imelik , aga pärast - las kolistama . """
29		" "" Aga ... on ju rotid ja tuuletõmme ja sellised asjad ? "" võttis Lilian tasakaaluks klassikalise skeptiku rolli . "	""" aga ... olema ju rott ja tuuletõmme ja selline asi ? "" võtma Lilian tasakaal klassikaline skeptik roll ."
30		" "" On selliseid hääli , mida rott teha ei oska . "	""" olema selline hääl , mis rott tegema ei oskama ."
30		" Isegi parematel päevadel . "" "	"isegi parem päev . """
31		" "" Ega sa ei taha öelda , et ronisid pööningule , kui seal kummitas ? "" "	""" ega sina ei tahtma ütlema , et ronima pööning , kui seal kummitama ? """
32		" "" Loomulikult ! "" "	""" loomulikult ! """
32		" Alver oli siiralt imestunud : "" Ma poleks ju kusagilt naaberkülast saanud järgi uurida , mis mu oma pööningul toimub . "	"Alver olema siiralt imestuma|imestunud : "" mina olema ju kusagilt naaberküla saama|saanud järgi uurima , mis mina oma pööning toimuma ."
32		" Mis nad ikka teha saavad . "" "	"mis tema ikka tegema saama . """
33		" "" Peast segi , "" leidis Lilian , aga uudishimu näris : "" Mis sa siis nägid ? "" "	""" pea segi , "" leidma Lilian , aga uudishimu närima : "" mis sina siis nägema ? """
34		" "" Ei midagi . "	""" ei miski ."
34		 Keegi oli seal kindlasti , ainult näole ei andnud . 	keegi olema seal kindlasti , ainult nägu ei andma|andnud .
34		" Ta isegi puudutas mind ... "" "	"tema isegi puudutama mina ... """
35		" "" Lõpeta ära ! "" viiksatas Lilian , sest nüüd hakkas see väheke liiga kaugele minema . "	""" lõpetama ära ! "" viiksatama Lilian , sest nüüd hakkama see väheke liiga kaugele minema ."
36		" "" Naabrimehel oli selle kohta oma teooria . "" "	""" Naabrimehel olema see kohta oma teooria . """
36		 jätkas Alver segamatult . 	jätkama Alver segamatult .
37		" "" Ta oli selline vend , kes raius hauakivisid . "	""" tema olema selline vend , kes raiuma hauakivi ."
37		" Sa oled kindlasti näinud — selliseid õuesid , kus on mitukümmend erinevat kivikolakat ja siis igaüks käib ja vaatab , milline neile kõige rohkem sobib . "" "	"sina olema kindlasti nägema|näima|näinud - selline õu , kus olema mitukümmend erinev kivikolakas ja siis igaüks käima ja vaatama , milline tema kõige rohkem sobima . """
37		 Alver irvitas heatahtlikult . 	Alver irvitama heatahtlikult .
37		" "" Vend ise oli mingi kodufilosoof , rääkis tarka juttu ja otsis elu mõtet . "	""" vend ise olema mingi kodufilosoof , rääkima tark jutt ja otsima elu mõte ."
37		 Ta ütles , et mõni kivitükk pidi kogenud kiviraiduri jaoks olema äratuntavalt eriline — tundub täiesti elavana , imelik olla haamriga ligi minna . 	tema ütlema , et mõni kivitükk pidi kogema|kogenud kiviraidur jaoks olema äratuntavalt eriline - tunduma täiesti elav , imelik olema haamer ligi minema .
37		 Ta oli ise mõnikord tundnud , kuidas kivi teda vaatab . 	tema olema ise mõnikord tundma|tundnud , kuidas kivi tema vaatama .
37		 Ja kuulab . 	ja kuulama .
37		 Teistmoodi koega pidid sellised kivid ka olema . 	teistmoodi kude pidama selline kivi ka olema .
37		 Hauakivideks pidid hästi sobima — pakkuvat surnule seltsi . 	hauakivi pidama hästi sobima - pakkuv surnu selts .
37		 Aga eriti karm olevat , kui vale kivi satub vale inimesega kokku , siis on jama majas ... 	aga eriti karm olema , kui vale kivi sattuma vale inimene kokku , siis olema jama maja ...
38		" Võta siis kinni , ühest küljest tundub see täitsa mõistlik jutt , teisest küljest ... jälle selline energiate ja väljade jahu . "" "	"võtma siis kinni , ühest külg tunduma see täitsa mõistlik jutt , teine külg ... jälle selline energia ja väli jahu . """
38		 Alver tõmbas hinge ja lonksas veini . 	Alver tõmbama hing ja lonksama vein .
38		 Ööbikud olid kuidagi vaikseks jäänud — võibolla ehmatas neid see ühtlane madalahäälne jutukõmin jõesillalt . 	ööbik olema kuidagi vaikne jääma|jäänud - võibolla ehmatama tema see ühtlane madalahäälne jutukõmin jõesild .
39		" "" Kuidas siis on , tunned , et on tõsi , või mitte ? "" uuris Lilian . "	""" kuidas siis olema , tundma , et olema tõsi , või mitte ? "" uurima Lilian ."
40		" "" Kurat seda teab . "	""" kurat see teadma ."
40		 Narr ju öelda , et tunned , et on tõsi . 	narr ju ütlema , et tundma , et olema tõsi .
40		 Ütleme siis nii , et tundub tõenäoline . 	ütlema siis nii , et tunduma tõenäoline .
40		 Vanades majades on midagi erilist ... 	vana maja olema miski eriline ...
40		 Ilmselt selles mõisamajaski siin . 	ilmselt see mõisamaja siin .
40		" Mis ise arvad ? "" "	"mis ise arvama ? """
41		" "" Ma ei arva igaksjuhuks midagi . "	""" mina ei arvama igaksjuht miski ."
41		" Pimedas pargis mina kummitusi ei usu . "" "	"pime park mina kummitus ei uskuma . """
41		 Lilian oli kõhevil ja tahtis teemat vahetada , kuid siis märkas ta eemal puudesalus mingit liikumist . 	Lilian olema kõhevil ja tahtma teema vahetama , kuid siis märkama tema eemal puudesalu mingi liikumine .
41		 Tume kogu , mis nii kiiresti tüvede varju sulas , et võis kergesti ka silmapete olla . 	tume kogu , mis nii kiiresti tüvi vari sulama , et võima kergesti ka silmapete olema .
41		 Lilian ehmatas tõsiselt , kuid kutsus siis kaine mõistuse kohe koju tagasi . 	Lilian ehmatama tõsiselt , kuid kutsuma siis kaine mõistus kohe kodu tagasi .
42		" "" Alver , vaata , kas seal on keegi ? "" sikutas ta teist varrukast . "	""" Alver , vaatama , kas seal olema keegi ? "" sikutama tema teine varrukas ."
42		" Alver heitis pärnasalu poole pilgu ja kehitas õlgu : "" Mina küll ei näe . "	"Alver heitma pärnasalu poole pilk ja kehitama õlg : "" mina küll ei nägema ."
42		" Sulle lihtsalt tundus . "" "	"sina lihtsalt tunduma . """
43		" "" Ilmselt tunduski — sinu jaburate juttude pärast ! "" torises Lilian . "	""" ilmselt tunduma - sina jabur jutt pärast ! "" torisema Lilian ."
43		" "" Ime ka , kui sa kõiki kummitusi ei ole selle aja peale üles äratanud . "" "	""" imema ka , kui sina kõik kummitus ei olema see aeg peale üles äratama|äratanud . """
44		" "" Naistelora ! "" naeris Alver ja heietas segamatult edasi . "	""" naistelora ! "" naerma Alver ja heietama segamatult edasi ."
44		 Lilian kuulas poole kõrvaga ja leidis hämmeldunult , et kummitustelugu tundus tema esituses pigem huvitava kui hirmuäratavana . 	Lilian kuulama pool kõrv ja leidma hämmeldunult , et kummitustelugu tunduma tema esitus pigem huvitav kui hirmuäratav .
44		 Alver oli hoopis uudishimulikum — või siis ettevaatamatum — kui võinuks arvata . 	Alver olema hoopis uudishimulikum - või siis ettevaatamatum - kui võima arvama .
45		 Korraga Alveri jutt takerdus . 	korraga Alver|Alveri jutt takerduma .
45		 Kui poiss keelekaste järgi küünitas , sattus ta pilk pärnasalu poole uitama ning ... seal oli tõepoolest keegi ! 	kui poiss keelekaste järgi küünitama , sattuma tema pilk pärnasalu poole uitama ning ... seal olema tõepoolest keegi !
45		 Tumedate puude taustal paistis hele kogu hästi silma . 	tume puu|puue taust paistma hele kogu hästi silm .
45		 Pikad sihvakad jalad , idamaised puusad , mis läksid üle saledaks , painduvaks pihaks , vormikad ümmargused rinnad ... 	pikk sihvakas jalg , idamaine puus , mis minema üle sale , painduv pihk|piht , vormikas ümmargune rind ...
45		 Ainus , mis naise jumalannakeha kattis , oli ülastest pärg heledatel lahtistel juustel . 	ainus , mis naine jumalannakeha katma , olema ülane pärg hele lahtine juus .
46		 Kahe klaasi jagu värsket viinamarjaveini muutus Alveri soontes sulatuleks , keerdus kuumadesse pööristesse ja kihutas pöörase hooga läbi keha , nii et südamelöögid hakkasid hingamist takistama . 	kaks klaas jagu värske viinamarjavein muutuma Alver|Alveri soon sulatuli , keerdus kuum pööris ja kihutama pöörane hoog läbi keha , nii et südamelöök hakkama hingamine takistama .
46		 Magus surin lendas läbi kukla sõrmeotsteni välja . 	magus surin lendama läbi kukal sõrmeots välja .
46		 Alles siis jõudis temani , küll veidi häguselt , et naine , keda ta vaatas oli ju alasti , ning et see pidanuks talle mingitel unustatud põhjustel kohatu tunduma . 	alles siis jõudma tema , küll veidi häguselt , et naine , kes tema vaatama olema ju alasti , ning et see pidama tema mingi unustama|unustatud põhjus kohatu tunduma .
47		 Võõras naeratas talle , viipas ja kadus puude vahele , nagu poleks teda olnudki . 	võõras naeratama tema , viipama ja kaduma puu|puue vahele , nagu olema tema olema .
47		 Selles , et nähtu polnud siiski silmapete , oli Alver kindel . 	see , et nähtu olema siiski silmapete , olema Alver kindel .
47		 Samuti oli ta veendunud , et sündinud oli midagi ebatavalist ja erakordset ning ta uudishimu tõstis valvsalt pead . 	samuti olema tema veenduma|veendunud , et sündinu olema miski ebatavaline ja erakordne ning tema uudishimu tõstma valvsalt pea .
48		 Jutt ei tahtnud enam vedu võtta — jalad kippusid vägisi viipele järgnema . 	jutt ei tahtma|tahtnud enam vedu võtma - jalg kippuma vägisi viibe järgnema .
48		 Ometi tunnistas ta , et ei saa siiski sõna lausumata püsti tõusta ja metsa poole joosta , kuigi tahaks . 	ometi tunnistama tema , et ei saama siiski sõna lausuma püsti tõusma ja mets poole jooksma , kuigi tahtma .
48		 Ta sai ka — siiski küllalt ebamääraselt — aru , et võib Liliani nii millegagi solvata . 	tema saama ka - siiski küllalt ebamääraselt - aru , et võima Lilian nii miski solvama .
49		" "" Alati on ju võimalik pärast ära leppida ! "	""" alati olema ju võimalik pärast ära leppima !"
49		" Te olete ju sõbrad , "" sosistas kiusatusekurat . "	"sina olema ju sõber , "" sosistama kiusatusekurat ."
49		 Inglike teisel õlal viibutas sõrme : 	inglike teine õlg viibutama sõrm :
50		" "" Kulla mees , ära mängi lolli ! "	""" Kulla mees , ära mängima loll !"
50		 Või sõbrad ! 	või sõber !
50		 Ta ei annaks sulle andeks , kui sa ta just praegu ja just siia üksi jätaks . 	tema ei andma sina andeks , kui sina tema just praegu ja just siia üksi jätma .
50		" Oled sa mees või misasi ? "" "	"olema sina mees võima misasi ? """
51		" "" Sa võid ju kohe tagasi tulla ... "" kehitas kuradike õlgu . "	""" sina võima ju kohe tagasi tulema ... "" kehitama kuradike õlg ."
51		" "" Nii , et ta ei saa arugi . "" "	""" nii , et tema ei saama aru . """
52		 Alver tundis end kaheksrebituna , aga tõmme pärnasalu poole oli tugevam , nii et ta andis lõpuks alla . 	Alver tundma ise kaheksrebitu , aga tõmme pärnasalu poole olema tugevam , nii et tema andma lõpuks alla .
53		 Ta ajas end häbeliku naeratusega jalule ja teatas , et läheb käib korraks .. põõsas ära . 	tema ajama ise häbelik naeratus jalg ja teatama , et minema käima korraks .. põõsas ära .
54		" "" Ära mind siia ometigi üksi jäta ! "" ehmatas Lilian siiralt . "	""" ära mina siia ometigi üksi jätma ! "" ehmatama Lilian siiralt ."
55		" "" Sa ei saa ju kaasa tulla , eksole . "	""" sina ei saama ju kaasa tulema , ekso ."
55		" Pealegi ma olen siinsamas , nende kümne minuti jooksul ei juhtu sinuga kindlasti midagi . "" "	"pealegi mina olema siinsamas , see kümme minut jooksul ei juhtuma sina kindlasti miski . """
56		" "" Kümne minuti ? ! ? "" muutus Lilian murelikuks . "	""" kümme minut ? ! ? "" muutuma Lilian murelik ."
56		 Alver oli süüdimatu tüüp ja temalt võis kõike oodata . 	Alver olema süüdimatu tüüp ja tema võima kõik ootama .
57		" "" Ma olen siinsamas ! "	""" mina olema siinsamas !"
57		" Sa oled täiesti turvalises kohas , usu mind . "" "	"sina olema täiesti turvaline koha|koht , uskuma mina . """
57		 Nende sõnadega marssis ta muretult vilistades puude vahele , südametunnistus õige veidike valutamas , sest päris lähedal ta Lilianile ju siiski ei olnud , aga antud hetkel ei olnud tal valikut . 	see sõna marssima tema muretult vilistama puu|puue vahele , südametunnistus õige veidike valutama , sest päris lähedal tema Lilian ju siiski ei olema|olnud , aga andma|antud hetk ei olema|olnud tema valik .
57		 *** 	***
58		 Lilian niheles rahutult . 	Lilian nihelema rahutult .
58		 Olgu , mis oli , aga sellises paigas oli kõhe . 	olema , mis olema , aga selline paik olema kõhe .
58		 Miski häiris teda väga tõsiselt ja tunne , et peaks võimalikult ruttu ära minema , peitu pugema , põgenema , üha süvenes , aga see oli nii seletamatu ja sügavalt alateadlik , et ta ei teadnud isegi , kumba ta rohkem kardaks , kas joosta mööda pimedat pargiteed või jääda sinna , kus ta on . 	miski häirima tema väga tõsiselt ja tunne , et pidama võimalikult ruttu ära minema , peit pugema , põgenema , üha süvenema , aga see olema nii seletamatu ja sügavalt alateadlik , et tema ei teadma|teadnud isegi , kumb tema rohkem kartma , kas jooksma mööda pime pargitee või jääma sinna , kus tema olema .
59		 Ta piilus läbi pimeduse pärnasalu poole . 	tema piiluma läbi pimedus pärnasalu poole .
59		 Nüüd oli küll kindel , et seal liikus keegi . 	nüüd olema küll kindel , et seal liikuma keegi .
59		 Mingi pikk vari paistis korraks puude vahelt . 	mingi pikk vari paistma korraks puu|puue vahelt .
59		 Lilian hüppas hirmunult püsti . 	Lilian hüppama hirmunult püsti .
60		" "" Alver ! "" hüüdis ta häälega , mis kostus õige haledana . "	""" Alver ! "" hüüdma tema hääl , mis kostuma õige hale ."
60		" "" Alver ! "	""" Alver !"
60		 Kus sa oled ? 	kus sina olema ?
60		 Tule kohe tagasi ! 	tulema kohe tagasi !
60		 Lõpeta oma lollid naljad ja ... 	lõpetama oma loll nali ja ...
60		" Kui sa kavatsed mind hirmutada , siis ma ei anna sulle elu sees andeks ! "" "	"kui sina kavatsema mina hirmutama , siis mina ei andma sina elu sees andeks ! """
61		 Vaikus . 	vaikus .
61		 Ainult puud kohisesid ümberringi . 	ainult puu|puud kohisema ümberringi .
62		 Kuhu see Alver nüüd ometi jäi ? ! 	kuhu see Alver nüüd ometi jääma ? !
62		 Oleks olnud päris kergendav , kui ta oleks mingi totra möiratusega põõsaste vahelt välja karanud . 	olema olema|olnud päris kergendav , kui tema olema mingi totter möiratus põõsas vahelt välja karanud|kargama .
62		 Aga Alver ei teinud isegi seda . 	aga Alver ei tegema|teinud isegi see .
63		 Huvitav , mitu minutit möödas oli ? 	huvitav , mitu minut möödas olema ?
63		 Äkki ta läks lihtsalt kaugemate põõsaste taha ja tema teeb ilmaasjata paanikat . 	äkki tema minema lihtsalt kaugem põõsas taha ja tema tegema ilmaasjata paanika .
64		 Teerajalt kostsidki sammud . 	teerada kostma samm .
65		 Põõsaste tagant paistis tulija tuttavlikult pikakasvuline kogu , kuid see ei olnud Alver . 	põõsas tagant paistma tulija tuttavlikult pikakasvuline kogu , kuid see ei olema|olnud Alver .
66		 Liliani esimene tunne oli pöörane ehmatus . 	Lilian esimene tunne olema pöörane ehmatus .
66		 Teine , hoopis kainem ja teotahtelisem mõte oli : kust leida kaigast . 	teine , hoopis kainem ja teotahtelisem mõte olema : kust leidma kaigas .
66		 Tüdruku pilk peatus peopesasuurusel munakivil otse ta jalgade ees . 	tüdruk pilk peatuma peopesasuurune munakivi otse tema jalg ees .
66		 Ta võttis kivi pihku ja puges ise jõe kohal kaarduva silla alla varju . 	tema võtma kivi pihk ja pugema ise jõgi kohal kaarduv sild alla vari .
67		 Tulija sammus kiirustamata mööda rada . 	tulija sammuma kiirustama mööda rada .
67		 Paistis , et tegemist oli uitajaga , kes , nagu nemadki , oli linnast välja ööd imetlema põgenenud . 	paistma , et tegemine olema uitaja , kes , nagu tema , olema linn välja öö imetlema põgenema|põgenenud .
67		 Mehe olek tundus hajameelse ja ohutuna ning Liliani hirm hajus aegamisi . 	mees olek tunduma hajameelne ja ohutu ning Lilian hirm hajuma aegamisi .
67		 See mees ei olnud kindlasti see , kelle lähenemist ta äsja alateadlikult karta võis . 	see mees ei olema|olnud kindlasti see , kes lähenemine tema äsja alateadlikult kartma võima .
67		 Pigem pakkus tulija talle hirmu eest kaitset . 	pigem pakkuma tulija tema hirm eest kaitse .
67		 Kükitamine tundus tobedana , eriti kuna teda võidi avastada , ja ta tõusis püsti . 	kükitamine tunduma tobe , eriti kuna tema võima avastama , ja tema tõusma püsti .
68		 Jalutaja jäi talle heatahtliku üllatusega otsa vaatama . 	jalutaja jääma tema heatahtlik üllatus otsa vaatama .
69		 Ei , ohtlik ei olnud see inimene küll mingil juhul , kuigi oli küllalt veider . 	ei , ohtlik ei olema|olnud see inimene küll mingi juht , kuigi olema küllalt veider .
69		 Temas oli midagi ajatut , seletamatult arhailist . 	tema olema miski ajatu , seletamatult arhailine .
69		 Tulija kandis lohmakaid pooldesäärde pükse ja lihtsat varrukateta särki ... pealegi oli ta paljajalu . 	tulija kandma lohmakas pooldesäär püks ja lihtne varrukas särk ... pealegi olema tema paljajalu .
69		 Selge see , äärelinna boheem ! 	selge see , äärelinn boheem !
69		 Sealkandis suvitas linnakese kunstnikurahvas ja see noorhärra nägi välja täpselt nagu üks unetu pottsepp . 	sealkandis suvitama linnake kunstnikurahvas ja see noorhärra nägema välja täpselt nagu üks unetu pottsepp .
70		 Mees silmitses samuti häbelikult oma paljaid jalgu . 	mees silmitsema samuti häbelikult oma paljas jalg .
70		" Astus siis lähemale : "" Ilus öö , eksole ? "	"astuma siis lähemale : "" ilus öö , ekso ?"
70		" Lihtsalt võimatu on seda maha magada . "" "	"lihtsalt võimatu olema see maha magama . """
71		" "" Tõsi ! "" naeratas Lilian ja leidis , et tal ei ole midagi võõraga juttu ajamise vastu . "	""" tõsi ! "" naeratama Lilian ja leidma , et tema ei olema miski võõras jutt ajamine vastu ."
71		 Pigem isegi oli midagi selle poolt . 	pigem isegi olema miski see poolt .
71		 Mehe õlgade siru-ulatus oli usaldustäratavalt lai ja Liliani pilk kiitis selle innukalt heaks . 	mees õlg siru-ulatus olema usaldustäratavalt lai ja Lilian pilk kiitma see innukalt hea .
71		 Hirm oli kadunud ja pealegi oli ta just hakanud end kuidagi väga mahajäetuna tundma . 	hirm olema kaduma|kadunud ja pealegi olema tema just hakanud|hakkama ise kuidagi väga mahajäetu tundma .
72		" "" Paljaste jalgadega on lihtsalt mõnusam , "" viipas teine oma murul mõnulevatele varvastele . "	""" Paljas|Paljaste jalg olema lihtsalt mõnusam , "" viipama teine oma muru mõnulev varvas ."
72		" "" Proovi ise . "" "	""" proov ise . """
73		 Lilian võttis kingad jalast ja tundis pehmet jahedat rohtu taldade all . 	Lilian võtma king jalg ja tundma pehme jahe rohi tald all .
73		 See oli tõepoolest mõnus . 	see olema tõepoolest mõnus .
73		 Pehme . 	pehme .
73		 Siidine . 	Siidine .
73		 Natuke kõdi . 	natuke kõdi .
74		" "" Kas sa elad äärelinnas ? "" küsis ta oma esialgse oletuse kinnituseks . "	""" kas sina elama äärelinn ? "" küsima tema oma esialgne oletus kinnitus ."
75		" "" Mitte päriselt . "" "	""" mitte päriselt . """
75		 vastas teine ja naaldus sillakaarele . 	vastama teine ja naalduma sillakaar .
75		" "" Linnast veidi väljas . "	""" linn veidi väljas ."
75		 Mulle linnad ei meeldi . 	mina linn ei meeldima .
75		 Liiga palju inimesi . 	liiga palju inimene .
75		" Mulle meeldivad pargid nagu see ... vanad puud on ilusad . "" "	"mina meeldima park nagu see ... vana puu|puud olema ilus . """
76		 Lilian noogutas . 	Lilian noogutama .
76		 Kasvava kergendustundega . 	kasvav kergendustunne .
76		 Kui mees korraks selja tema poole keeras , poetas tüdruk kivi käest maha . 	kui mees korraks selg tema poole keerama , poetama tüdruk kivi käest maha .
77		" "" Kuigi ... "" ütles võõras ringi vaadates . "	""" kuigi ... "" ütlema võõras ringi vaatama ."
77		" "" See sild ei ole kaugeltki kõige ilusam koht siin pargis . "	""" see sild ei olema kaugeltki kõige ilusam koht siin park ."
77		" Tule , ma näitan sulle midagi palju paremat ! "" "	"tulema , mina näitama sina miski palju parem ! """
78		 Hetkeks oli Lilian kahevahel . 	hetk olema Lilian kahevahel .
78		 Esiteks mõtles ta Alveri peale , teiseks mõtles ta võõrastega kaasaminemise kui sellise peale , aga ta tundis selle kunstniku vastu vaistlikku usaldust , ning see polnud teda kunagi alt vedanud . 	esiteks mõtlema tema Alver|Alveri peale , teine mõtlema tema võõras kaasaminemine kui selline peale , aga tema tundma see kunstnik vastu vaistlik usaldus , ning see olema tema kunagi alt vedama|vedanud .
78		 Ja Alverile on see ainult paras ! 	ja Alverile olema see ainult paras !
79		" "" Mis su nimi on ? "" küsis ta , justnagu oleneks sellest , kas ta läheb kaasa või mitte . "	""" mis sina nimi olema ? "" küsima tema , justnagu olenema see , kas tema minema kaasa või mitte ."
79		" "" Jaanus , "" ütles teine veidi kärsitult ja viipas käega . "	""" Jaanus , "" ütlema teine veidi kärsitult ja viipama käsi ."
79		" "" Lähme nüüd . "	""" minema nüüd ."
79		" Tule nüüd rutem ! "" "	"tulema nüüd rutem ! """
80		" "" Miks rutem ? "" uudistas Lilian üllatunult . "	""" miks rutem ? "" uudistama Lilian üllatunult ."
80		 Mees ei vastanud , vaid hakkas ilma pikemata minema , ja Lilian astus kuulekalt järgi . 	mees ei vastama|vastanud , vaid hakkama ilm pikemata minema , ja Lilian astuma kuulekalt järgi .
80		 Jaanus oligi just selline mees , kellele lihtsalt pidi järgi jooksma , see tundus iseenesestmõistetavana . 	Jaanus olema just selline mees , kes lihtsalt pidama järgi jooksma , see tunduma iseenesestmõistetav .
81		 Nad ei olnud kuigi kaugele jõudnud , kui Lilian arvas selja taga kuulvat mingeid hääli . 	tema ei olema|olnud kuigi kaugele jõudma|jõudnud , kui Lilian arvama selg taga kuulma mingi hääl .
81		 Pimedusest abitud silmad ei tabanud aga muud kui kummalist liikumist . 	pimedus abitu silm ei tabama|tabanud aga muu kui kummaline liikumine .
81		 Nagu oleks neljakäpakil ukerdav inimene väga vaevaliselt mööda silda koperdanud ... 	nagu olema neljakäpakil ukerdav inimene väga vaevaliselt mööda sild koperdama|koperdanud ...
81		 See ei saanud ju ometi Alver olla ? 	see ei saama|saanud ju ometi Alver olema ?
82		" "" Jaanus , oota ! "" ütles ta eeskõndijale , kuid see ei peatunud , sosistas vaid : "" Tasa ! "	""" Jaanus , ootama ! "" ütlema tema eeskõndija , kuid see ei peatuma|peatunud , sosistama vaid : "" tasa !"
82		" Tule ! "" "	"tulema ! """
83		" "" Jaanus !! "	""" Jaanus ! !"
83		" Keegi on sillal ! "" läks ka Lilian sosinale üle , kuid eeskäija surus sõrme suule . "	"keegi olema sild ! "" minema ka Lilian sosin üle , kuid eeskäija suruma sõrm suu ."
83		 Lilian kehitas õlgu , aga otsustas kaasa mängida . 	Lilian kehitama õlg , aga otsustama kaasa mängima .
83		 Ta ei olnud päris kindel , et oli tõesti midagi näinud , pealegi läks see talle oluliselt vähem korda , kui see paar laiu õlgu , mis oli nii ahvatlevalt käeulatuses . 	tema ei olema|olnud päris kindel , et olema tõesti miski nägema|näima|näinud , pealegi minema see tema oluliselt vähem kord , kui see paar lai õlg , mis olema nii ahvatlevalt käeulatus .
83		 Jaanuse selg oli vaatamisväärsus : tugevad , vormikad lihased voolisid ta selgroo sügavasse vakku ja selle joon kadus kuhugi magusalt keelatud ääremaadele , mis sujuvas käimiserütmis tundusid iseäranis vastupandamatud . 	Jaanus selg olema vaatamisväärsus : tugev , vormikas lihas voolima tema selgroog sügav vagu ja see joon kaduma kuhugi magusalt keelama|keelatud ääremaa , mis sujuv käimiserütm tunduma iseäranis vastupandamatu .
83		" "" Pottseppadel on tõenäoliselt väga jõudunõudev töö . "" "	""" pottsepp olema tõenäoliselt väga jõudunõudev töö . """
83		 mõtles Lilian vaikselt itsitades . 	mõtlema Lilian vaikselt itsitama .
83		 Ühesõnaga — ta otsustas , et ta tähelepanu oli täiesti hõivatud . 	ühesõnaga - tema otsustama , et tema tähelepanu olema täiesti hõivama|hõivatud .
83		 Põrgusse Alver . 	Põrgusse Alver .
84		 Pargiserv , kuhu nad jõudsid , oli aegade jooksul metsistunud . 	pargiserv , kuhu tema jõudma , olema aeg jooksul metsistuma|metsistunud .
84		 Lõikamata hekid ummistasid teid ja vanade tammede vahel kasvas lepavõsa . 	lõikamata hekk ummistama sina ja vana tamm vahel kasvama lepavõsa .
85		 Jaanus liikus puude vahel vaikselt ja kiiresti nagu teaks ta kõiki madalamaleulatuvaid oksi peast . 	Jaanus liikuma puu|puue vahel vaikselt ja kiiresti nagu teadma tema kõik madalamaleulatuv oks pea .
85		 Korraga aeglustas mees sammu . 	korraga aeglustama mees samm .
85		" "" Vaata ! "" viipas ta käega . "	""" vaatama ! "" viipama tema käsi ."
86		 Avanev vaatepilt oli mõjuv . 	avanev vaatepilt olema mõjuv .
86		 Paari laiema tamme varjus magas tilluke valge tempel . 	paar laiem tamm varjus magama tilluke valge tempel .
86		 Aeg oli kivinikerdustele halastanud — need olid endiselt peened ja täiuslikud . 	aeg olema kivinikerdus halastama|halastanud - see olema endiselt peen ja täiuslik .
86		 Valge kivipitsiga kaunistatud katuseservad ja aknaorvad kuulusid muinasjutumajakesele , kõrge uksekaar meelitas külalislahkelt sisse astuma . 	valge kivipits kaunistama|kaunistatud katuseserv ja aknaorv kuuluma muinasjutumajake , kõrge uksekaar meelitama külalislahkelt sisse astuma .
87		" "" Ilus ... "" ohkas Lilian südamest . "	""" Ilus ... "" ohkama Lilian süda ."
88		" "" See on hommikutempel . "	""" see olema hommikutempel ."
88		 Koht , kus kunagi tähistati kõiki õnnelikke algusi . 	koht , kus kunagi tähistama kõik õnnelik algus .
88		 Kevadel on siin ilus . 	kevad|kevade olema siin ilus .
88		 Siis , kui puud hakkavad roheliseks minema . 	siis , kui puu|puud hakkama roheline minema .
88		 Ma vaatan neid sageli — lehteminek tundub iga kord kordumatuna , aga ometi juhtub see lugematuid aastaid igal kevadel . 	mina vaatama tema sageli - lehteminek tunduma iga kord kordumatu , aga ometi juhtuma see lugematu aasta iga kevad|kevade .
88		" Kas sa oled kunagi mõelnud , mis tunne võiks olla vanal saja-aastasel tammel endal , kui ta kevadel uusi lehti kasvatab ? "" "	"kas sina olema kunagi mõelnud|mõtlema , mis tunne võima olema vana saja-aastane tamm ise , kui tema kevad|kevade uus leht kasvatama ? """
89		 Lilianil oli nii kummaline kuulata , kuidas üks mees , liiatigi täiesti tundmatu , räägib talle selliseid asju nii vabalt ja rahulikult , justnagu oleks see sama loomulik kui hingamine . 	Lilian olema nii kummaline kuulama , kuidas üks mees , liiatigi täiesti tundmatu , rääkima tema selline asi nii vabalt ja rahulikult , justnagu olema see sama loomulik kui hingamine .
89		 Selles polnud midagi võltsi , ei mingit poosi või tagamõttega mängu , see oli täiesti ehe . 	see olema miski võlts , ei mingi poos või tagamõte mäng , see olema täiesti ehe .
89		 Jaanuse usalduslik toon . 	Jaanus usalduslik toon .
89		 Lõhnav kevadeõhk . 	lõhnav kevadeõhk .
89		 Ööbikud , kes olid taas laulma hakanud . 	ööbik , kes olema taas laulma hakanud|hakkama .
89		 Pehme huulekurd Jaanuse suunurgas . 	pehme huulekurd Jaanus suunurk .
89		 Piisav , et lolliks minna ja mõneks ajaks jäädagi . 	piisav , et loll minema ja mõni aeg jääma .
89		 Lilian tundis kiusatust sellele soovile järele anda . 	Lilian tundma kiusatus see soov järele andma .
90		" "" Kas sina oled mõelnud , mis tunne võiks olla elada puuna ... "	""" kas sina olema mõelnud|mõtlema , mis tunne võima olema elama puuna ..."
90		 Lasta lindudel okstesse pesa teha ja tunda oravaid mängimas ? 	laskma lind oks pesa tegema ja tundma orav mängima ?
90		" Tunda , kuidas kevad tuleb ? "" meeliskles teine omasoodu . "	"tundma , kuidas kevad tulema ? "" meelisklema teine omasoodu ."
91		 Lilian ohkas . 	Lilian ohkama .
91		 Parem mitte oma pead vaevata . 	parem mitte oma pea vaevama .
91		 Las see hetk lihtsalt kestab . 	las see hetk lihtsalt kestma .
92		" "" See oleks ilus ... "" leidis ta . "	""" see olema ilus ... "" leidma tema ."
92		" "" Rahulik . "" "	""" rahulik . """
93		" "" Aga kui sa saaksidki päriselt proovida ? "	""" aga kui sina saama päriselt proovima ?"
93		" Kui keegi tuleks ja sulle sellist võimalust pakuks — kas sa julgeksid ? "" "	"kui keegi tulema ja sina selline võimalus pakkuma - kas sina julgema ? """
93		 Jaanus astus paar sammukest lähemale ja kuigi ta häälest kostus , et ta tegi nalja , ei suutnud Lilian päriselt kaasa minna . 	Jaanus astuma paar sammuke lähemale ja kuigi tema hääl kostuma , et tema tegema nali , ei suutma|suutnud Lilian päriselt kaasa minema .
93		 Põrkas pisut tagasi . 	põrkama pisut tagasi .
93		 Midagi oli seal valesti . 	miski olema seal valesti .
94		 Korraga kostis terav ulg . 	korraga kostma terav ulg .
94		 Ootamatusest võpatasid mõlemad , sest hääle raevutsev toon kõlas uskumatult tontlikult . 	ootamatus võpatama mõlema , sest hääl raevutsev toon kõlama uskumatult tontlikult .
94		 Lilian tundis , kuidas ta keha pudedaks soolasambaks muutub . 	Lilian tundma , kuidas tema keha pude soolasamba|soolasammas muutuma .
94		 Ka Jaanus pöördus hetkeks hääle poole . 	ka Jaanus pöörduma hetk hääl poole .
94		 Tema ja tüdruku vahel oli vaid pool sammukest maad ja sellepärast Lilian nägigi . 	tema ja tüdruk vahel olema vaid pool sammuke maa ja sellepärast Lilian nägema .
94		 Jaanuse kuklal , seda katvate heledate juuksekahlude vahelt läigatasid kaks silmavalget . 	Jaanus kukal , see kattev hele juuksekahl vahelt läigatama kaks silmavalge .
94		 Tüdruk raputas kergelt pead , et pettekujutlust peletada , kuid siis nägi ta selgesti , kuidas mehe kuklas kaks silma korraks sulgusid , et siis jälle avaneda ja paari juukseloki tagant talle otsa vaadata . 	tüdruk raputama kergelt pea , et pettekujutlus peletama , kuid siis nägema tema selgesti , kuidas mees kukal kaks silm korraks sulg , et siis jälle avanema ja paar juukselokk tagant tema otsa vaatama .
94		 Siis nägi ta selgesti suud , sirget ninajoont . 	siis nägema tema selgesti suu , sirge ninajoon .
94		 Nägu . 	nägu .
94		 See vaatas talle otsa . 	see vaatama tema otsa .
94		 Läbi juuste . 	läbi juus .
94		 Läbi juuste Jaanuse kuklal . 	läbi juus Jaanus kukal .
95		 Hetkeks mõtles Lilian , et ta minestab . 	hetk mõtlema Lilian , et tema minestama .
96		 Järgmisel hetkel lendas ta nagu lingust pääsenu läbi metsistunud võsa , ja tormas edasi , hoolimata sellest , et kleit jäi kusagile kinni ja selle pidi puruks tõmbama , hoolimata okstest , mis talle näkku peksid , nõgestest , mis jalgu kõrvetasid ja kiviklibust ning teravast puuprahist , mis paljastele taldadele haiget tegid . 	järgmine hetk lendama tema nagu ling pääsenu läbi metsistuma|metsistunud võsa , ja tormama edasi , hoolimata see , et kleit jääma kusagile kinni ja see pidama puruks tõmbama , hoolimata oks , mis tema nägu peksma , nõges , mis jalg kõrvetama ja kiviklibu ning terav puupraht , mis paljas tald haige tegema .
96		 Ta kihutas valgete väravakaarte vahelt läbi ja sealt mööda kruusast pargiteed edasi otse linna poole . 	tema kihutama valge väravakaart vahelt läbi ja sealt mööda kruus pargitee edasi otse linn poole .
96		 Korraks üle õla taha vaadates nägi ta Jaanust , kes seisis pargiserval puutüvele nõjatudes ja talle järele vaatas . 	korraks üle õlg taha vaatama nägema tema Jaanus , kes seisma pargiserv puutüvi nõjatuma ja tema järele vaatama .
96		 Liliani pilku kohates viipas seisja , nagu hüvastijätuks . 	Lilian pilk kohtama viipama seisja , nagu hüvastijätt .
97		 Alles siis , kui tüdruk koduväravast sisse lendas , märkas ta , et jätab aiatee valgetele kiviplaatidele määrdunud jälgi — paljastest jalataldadest immitses verd . 	alles siis , kui tüdruk koduvärav sisse lendama , märkama tema , et jätma aiatee valge kiviplaat määrduma|määrdunud jälg - paljas jalatald immitsema veri .
97		 Polnud ka ime . 	olema ka ime .
98		 Lilian surus otsaesise vastu jahedat väravaposti ja püüdis rahuneda . 	Lilian suruma otsaesine vastu jahe väravapost ja püüdma rahunema .
98		 Mis siis nüüd ikkagi juhtus ? 	mis siis nüüd ikkagi juhtuma ?
98		 Meelepete ? 	Meelepete ?
98		 Mingi pottsepaloru tegi tema kulul haiget nalja ? 	mingi pottsepaloru tegema tema kulul haige nali ?
98		 Olgu mis oli , seal pargis oli keegi , kelle heas tahtes ei saanud kindel olla ning Alver jäi sinna . 	olema mis olema , seal park olema keegi , kes hea tahe ei saama|saanud kindel olema ning Alver jääma sinna .
98		 See , et tema üle hiljem naerdakse , ei ole üldse nii hirmus kui Alver sinna üksi maha jätta . 	see , et tema üle hiljem naerma , ei olema üldse nii hirmus kui Alver sinna üksi maha jätma .
99		 Liliani vennad magasid sügavalt nagu trollid . 	Lilian vend magama sügavalt nagu troll|trolli .
99		 Sellised nägid nad oma kahemeetriste käte ja jalgadega ka välja , kuigi olid loomult üsna leplikud . 	selline nägema tema oma kahemeetrine käsi ja jalg ka välja , kuigi olema loom üsna leplik .
99		 Isegi nii leplikud , et suutsid Liliani tungivate palvete peale ilma suurema porinata silmad lahti lüüa ja väheks ajaks lahti jättagi . 	isegi nii leplik , et suutma Lilian tungiv palve peale ilma suurem porin silm lahti lööma ja väheks aeg lahti jätma .
100		 Lilianil jätkus kainet mõistust neile tondilugudest hoopis maisemat juttu rääkida . 	Lilian jätkuma kaine mõistus see tondilugu hoopis maisem jutt rääkima .
100		 Vennad tirisid ohates püksid jalga ja leidsid , et peavad vist tõesti sõbra hädast välja aitama . 	vend tirima ohkama püks jalga ja leidma , et pidama vist tõesti sõber häda välja aitama .
101		 Väljas hakkas valgeks minema . 	väljas hakkama valge minema .
101		 Kui nad parki jõudsid , helendas taevas juba üsna hommikuselt ja öine lumm oli kadunud . 	kui tema park jõudma , helendama taevas juba üsna hommikuselt ja öine lumm olema kaduma|kadunud .
101		 Puud ja põõsad ei pärinenud enam mõnest muinasjutumetsast , vaid olid tavalised vanad mõisapargipuud , mis on parasjagu igakevadiselt lehte minemas . 	puu|puud ja põõsas ei pärinema|pärinenud enam mõni muinasjutumets , vaid olema tavaline vana mõisapargipuu , mis olema parasjagu igakevadiselt leht minema .
102		 Sillal ei olnud Alverist mingit märki . 	Sillal ei olema|olnud Alver|Alveri mingi märk .
102		 Ainult üks Liliani king vedeles maas — teist ei paistnud kusagil . 	ainult üks Lilian king vedelema maas - teine ei paistma|paistnud kusagil .
102		 Mark saatis noorema venna ja õe põhjapoolse värava juurde , ise lubas aga pärnasalus ära käia . 	Mark saatma noorem vend ja õde põhjapoolne värav juurde , ise lubama aga pärnasalu ära käima .
102		 Paistis , et vennad arvasid , et leiavad kusagilt oimetukspekstud Alveri . 	paistma , et vend arvama , et leidma kusagilt oimetukspekstud Alver|Alveri .
102		 Lilian ei teadnud aga isegi , mida õieti otsima peaks . 	Lilian ei teadma|teadnud aga isegi , mis õieti otsima pidama .
102		 Ta oli lihtsalt väga sügavas segaduses , asjalik tegutsemine hoidis mingil moel reaalsuseraame koos . 	tema olema lihtsalt väga sügav segadus , asjalik tegutsemine hoidma mingi mood reaalsuseraam koos .
103		 Väike tempel värava kõrval paistis päikese käes veel ilusam kui see õhtul hämaras oligi . 	väike tempel värav kõrval paistma päike|päikene käes veel ilusam kui see õhtu hämar olema .
103		 Puude vahel ei paistnud õnneks ühtegi teist inimest peale nende ning Lilian usaldas templile lähemale astuda . 	puu|puue vahel ei paistma|paistnud õnn ühe teine inimene peale see ning Lilian usaldama tempel lähemale astuma .
103		 Avarast uksekaarest paistis tillukese katusealuse vähene sisustus — kaks pinki ja nende vahel nishsh , millest jooksid alla mõned teab kui vanad küünlavahanired . 	avar uksekaar paistma tilluke katusealune vähene sisustus - kaks pink ja see vahel nishsh , mis jooksma alla mõni teadma kui vana küünlavahanire .
103		 Algustetempel siis ... 	Algustetempel siis ...
104		" "" Kui keegi pügaks neid põõsaid , kannaks risu kokku ja niidaks heina maha , võiks see parginurk väga ilus olla , "" leidis Lilian , sest hoolimata lokkavast hooletussejäetusest leidis silm ikka veel pargi kunagisi piirjooni . "	""" kui keegi pügama see põõsas , kandma risu kokku ja niitma hein maha , võima see parginurk väga ilus olema , "" leidma Lilian , sest hoolimata lokkav hooletussejäetus leidma silm ikka veel park kunagine piirjoon ."
104		 Need umbekasvanud põõsad olid rododendronid , siinsamas kasvas metsistunud jasmiinihekk ... 	see umbekasvanud põõsas olema rododendron , siinsamas kasvama metsistuma|metsistunud jasmiinihekk ...
104		 Siinseal paistsid mõned hallist kivist skulptuurid , mis kunagi templit kaunistasid . 	siinseal paistma mõni hall kivi skulptuur , mis kunagi tempel kaunistama .
104		 Nüüd olid needki üpris samblassekasvanud ja risu alla mattunud . 	nüüd olema see üpris samblassekasvanud ja risu alla mattuma|mattunud .
104		 Üks neist , templile kõige lähem , oli künkal istuv mehekuju , mis möödujatele viipas , nagu kutsuks neid katuse alla jalgu puhkama . 	üks see , tempel kõige lähem , olema küngas istuv mehekuju , mis mööduja viipama , nagu kutsuma tema katus alla jalg puhkama .
104		 Tegemist oli mingi mütoloogilise tegelasega , tundus , sest kuju korraga kahte suunda vaatavat pead kaunistas loorberipärg ning ta külalislahkes zhestis oli kübekene teatraalset surematust . 	tegemine olema mingi mütoloogiline tegelane , tunduma , sest kuju korraga kaks suund vaatama pea kaunistama loorberipärg ning tema külalislahke zhest olema kübekene teatraalne surematus .
104		 Väravatejumal , meenus Lilianile mingi ammuloetud kunstiajalooline raamat , alguste kaitsevaim — kahe näoga Janus . 	väravatejumal , meenuma Lilian mingi ammuloetud kunstiajalooline raamat , algus kaitsevaim - kaks nägu janu .
105		 Korraga hakkas maapind kõikuma , või nii vähemalt tundus . 	korraga hakkama maapind kõikuma , või nii vähemalt tunduma .
105		 Lilian komistas Januse ette astudes ja surus pihud kuju samblassekasvanud näole , ise uskumata , et ta midagi nii kuutõbist võiks hetkekski tõsiselt võtta . 	Lilian komistama Janune|Janus ette astuma ja suruma pihk|pihu kuju samblassekasvanud nägu , ise uskuma , et tema miski nii kuutõbine võima hetk tõsiselt võtma .
105		 Paar liigutust ning kuju nägu — vähemalt üks neist — oli samblast puhas . 	paar liigutus ning kuju nägu - vähemalt üks tema - olema sammal puhas .
105		 See oli arusaamatu , mõistusevastane , aga nii ilmne sarnasus öise kaaslase näojoontega ei jätnud mingit kahtlust . 	see olema arusaamatu , mõistusevastane , aga nii ilmne sarnasus öine kaaslane näojoon ei jätma|jätnud mingi kahtlus .
106		" "" Mida sa seal teed omast arust ? "" imestas Kristjan , kes ei saanud aru , miks ta õeraas , kes just äsja Alveri pärast niiväga mures oli , nüüd korraga juba mõnda aega vana kuju ees seisis . "	""" mis sina seal tegema oma aru ? "" imestama Kristjan , kes ei saama|saanud aru , miks tema õeraas , kes just äsja Alver|Alveri pärast niiväga mure olema , nüüd korraga juba mõni aeg vana kuju ees seisma ."
107		" "" Otsime Alverit või vahime niisama ? "" porises ta magamata inimese õelusega . "	""" otsima Alver|Alveri või vahtima niisama ? "" porisema tema magamata inimene õelus ."
108		" "" Jajah "	""" jajah"
108		 .... 	....
108		" "" leidis Lilian hajameelselt ja astus edasi . "	""" leidma Lilian hajameelselt ja astuma edasi ."
108		 	
108		 Ta vaatas teel mitu ja mitu korda tagasi , silmad uskumatusest pärani . 	tema vaatama tee mitu ja mitu kord tagasi , silm uskumatus pärani .
108		 	
108		 Kuju seisis endiselt templi kõrval ja viipas värava suunas ning see viibe võis olla nii kutse kui hüvastijätt . 	kuju seisma endiselt tempel kõrval ja viipama värav suunas ning see viibe võima olema nii kutse kui hüvastijätt .
108		 	
109		 Mark ootaski neid . 	Mark ootama see .
109		 Tema ilmest paistis , et ta oli kõvasti kahtlema hakanud , kas neil ikka oli sügavat mõtet ennast maast lahti ajada ja oli selge , et see kahtlus tegi teda pahuraks . 	tema ilme paistma , et tema olema kõvasti kahtlema hakanud|hakkama , kas tema ikka olema sügav mõte ise maa lahti ajama ja olema selge , et see kahtlus tegema tema pahur .
109		 Iseenesestmõistagi ei olnud pärnasalus Alverist jälgegi . 	Iseenesestmõistagi ei olema|olnud pärnasalu Alver|Alveri jälg .
109		 Ilmselt oli poiss juba ammu maha löödud või siis koju läinud , mis talle , Markile , tundus veel eriti usutavana . 	ilmselt olema poiss juba ammu maha löödud|lööma või siis kodu läinud|minema , mis tema , Mark , tunduma veel eriti usutav .
109		 Kummalgi juhul ei olnud neil seal enam midagi teha . 	kumbki juht ei olema|olnud tema seal enam miski tegema .
109		 Vanem vend põrnitses Liliani altkulmu . 	vanem vend põrnitsema Lilian altkulmu .
109		" "" Olgu , mehed-vennad ! "	""" olema , mehed-vend !"
109		" Otsime mu kinga üles , siis võib vist tõesti ära minna . "" "	"otsima mina king üles , siis võima vist tõesti ära minema . """
109		 ütles ta vabandavalt . 	ütlema tema vabandavalt .
109		 Nüüd Lilian vähemalt teadis , mida otsis . 	nüüd Lilian vähemalt teadma , mis otsima .
109		 Kujusid . 	Kujus|Kujusi .
110		 Ühe põõsa all oli siil ennast mõnusalt kerra keeranud . 	Ühe põõsas all olema siil ise mõnusalt kera keerama|keeranud .
110		 Ta hallist graniidist selg väljendas õndsat unerahu . 	tema hall graniit selg väljendama õnnis unerahu .
110		 Uskumatu , et ta oli niiviisi juba palju aastakümneid maganud ja ei saanud ikka küll , vaid magas endise isuga . 	uskumatu , et tema olema niiviisi juba palju aastakümme magama|maganud ja ei saama|saanud ikka küll , vaid magama endine isu .
111		 Künka taga mängisid kaks karupoega , tagumistel jalgadel püsti nagu maadlejad . 	küngas taga mängima kaks karupoeg , tagumine jalg püsti nagu maadleja .
111		 Mõnus tumepruun kivi tundus vaatajale ehtsa karusnahkse kasukana . 	mõnus tumepruun kivi tunduma vaataja ehtne karusnahkne kasukas .
112		 Vennad koputasid oimukohale , istusid sillale maha ja tegid suitsu . 	vend koputama oimukoht , istuma sild maha ja tegema suits .
112		 Nendele aitas . 	tema aitama .
113		 Sillast mitte eriti kaugel kasvas vana paju . 	sild mitte eriti kaugel kasvama vana paju .
113		 Lilianile meenus , et Jaanus oli teda sillalt ära viies vana puud silmitsenud . 	Lilian meenuma , et Jaanus olema tema sild ära viies vana puu|puud silmitsema|silmitsenud .
113		 Jalad tõrkusid mingi ebameeldiva eelaimuse ajel , kui ta paju poole kõndis . 	jalg tõrkuma mingi ebameeldiv eelaimus ajel , kui tema paju poole kõndima .
113		 See poolkuivanud puu hirmutas teda , aga päevavalgus ning vennad , kes sealsamal sillal istusid , andsid julgust . 	see poolkuivanud puu hirmutama tema , aga päevavalgus ning vend , kes sealsam sild istuma , andma julgus .
114		 Paju alt leidis Lilian oma puruksrebitud kinga . 	Paju alt leidma Lilian oma puruksrebitud king .
115		 Kuivanud okste vahel , mis peaaegu vastu maad langesid , varitses üks hallist maakivist olevus . 	kuivama|kuivanud oks vahel , mis peaaegu vastu maa langema , varitsema üks hall maakivi olevus .
116		 Mitte Kerberos , selleks oli loom liiga maine , ka mitte lihtsalt hunt , sest ta lõuad olid liialt võimsad , kihvad liialt pikad ning teravate küünistega käpad sarnanesid pigem kassikäppadele . 	mitte Kerberos , see olema loom liiga maine , ka mitte lihtsalt hunt , sest tema lõug olema liialt võimas , kihv liialt pikk ning terav küünis käpp sarnanema pigem kassikäpp .
116		 Metsaelaja koon oli kurjakuulutavalt kirtsus , paljastatud kihvad ja kurjalt kissis kiskjasilmad ei tõotanud midagi head . 	metsaelajas koon olema kurjakuulutavalt kirts , paljastama|paljastatud kihv ja kurjalt kissis kiskjasilm ei tõotama|tõotanud miski hea .
116		 Kivikuju õel ilme hirmutas isegi kaines päevavalguses , mis siis veel , kui ... 	kivikuju õde ilme hirmutama isegi kaine päevavalgus , mis siis veel , kui ...
117		 Looma tagumistest jalgadest olid killud välja löödud . 	loom tagumine jalg olema kild välja löödud|lööma .
117		 Keegi oli kunagi võtnud kangi ja selle elaja tagajalad purustanud . 	keegi olema kunagi võtma|võtnud kang ja see elajas tagajalg purustama|purustanud .
117		" "" See mu ilmselt päästiski , "" leidis Lilian ise samal ajal imestades , kuidas saab ühe kivikuju kohta midagi sellist üldse mõelda ja seda sealjuures uskuda . "	""" see mina ilmselt päästma , "" leidma Lilian ise sama aeg imestama , kuidas saama ühe kivikuju kohta miski selline üldse mõtlema ja see sealjuures uskuma ."
118		 Alver rääkis ju ... halbadest kividest . 	Alver rääkima ju ... halb kivi .
118		 Kas kujur oli selle vana tumehalli kivi hingest nii hästi aru saanud , et raius sellest just niisuguse kuju ? 	kas kujur olema see vana tumehall kivi hing|hinge nii hästi aru saama|saanud , et raiuma see just niisugune kuju ?
118		 Või oli see kunstnik ise , kes kujule sellise hinge sisse puhus ? 	või olema see kunstnik ise , kes kuju selline hing|hinge sisse puhuma ?
118		 Saatis oma mustad mõtted säärase soerdi kujul maailma ringi hulkuma . 	saatma oma must mõte säärane soerd kujul maailm ringi hulkuma .
118		 Lilian taganes silla poole , julgemata peletisele selga keerata , kuigi see oli nii ilmselgelt kivist . 	Lilian taganema sild poole , julgema peletis selg keerama , kuigi see olema nii ilmselgelt kivi .
118		 Mis sest , et kivist , mitte miski hinna eest ei oleks Lilian teda enda selja taha usaldanud . 	mis sest , et kivi , mitte miski hind eest ei olema Lilian tema ise selg taha usaldama|usaldanud .
118		 Ta leidis ka , et ei suuda end sundida kuju puudutama . 	tema leidma ka , et ei suutma ise sundima kuju puuduma|puudutama .
118		 See oleks ta sõrmede all võinud korraga liiga elusana tunduda . 	see olema tema sõrm all võima|võinud korraga liiga elus tunduma .
119		 Ta palus vendadel veel natuke aega vähemalt sillalgi istuda ja teda oodata . 	tema paluma vend veel natuke aeg vähemalt sild istuma ja tema ootama .
119		 Päris üksi ei tahtnud Lilian parki jääda , sest hoolimata turvalisest päevavalgusest võis ju juhtuda , et see ... loom ... veelkord ellu ärkab . 	päris üksi ei tahtma|tahtnud Lilian park jääma , sest hoolimata turvaline päevavalgus võima ju juhtuma , et see ... loom ... veelkord elu ärkama .
120		 Kujud . 	kuju .
120		 Pärnade vahel polnud neid üldse vähe . 	pärn vahel olema tema üldse vähe .
120		 Kaks poisikest , üks paljas nagu porgand — vallatlev Cupido , teine lausa tänapäevaselt riides , kuid üsna sarnase inglinäoga . 	kaks poisike , üks paljas nagu porgand - vallatlev Cupido , teine lausa tänapäevaselt riides , kuid üsna sarnane inglinägu .
120		 Poisid mängisid keskendunult , nagu lapsed ikka , ning neil oli selleks terve igavik . 	poiss mängima keskendunult , nagu laps ikka , ning tema olema see terve igavik .
121		 Väike valgest kivist kits jõi ojakalda ääres , rammus mahedast maakivist metsis uhkeldas künka otsas ... 	väike valge kivi kits jooma ojakallas ääres , ramm mahe maakivi metsis uhkeldama küngas otsas ...
121		 Lilian leidis isegi ühe kiviliblika . 	Lilian leidma isegi üks kiviliblikas .
122		 Pärnasalu tagumises servas varjusid viimaste ülaste vahele alasti nümf ja teda imetlev surelik , metsikud juuksesalgud õlgadel ja lillepärg peas . 	pärnasalu tagumine serv varjuma viimane ülane vahele alasti nümf ja tema imetlev surelik , metsik juuksesalk õlg ja lillepärg pea .
122		 Lilian läks lähemale . 	Lilian minema lähemale .
122		 Noormees vaatles veidi hämmeldunud ilmel tüdrukut , kes kelmi haldjana tema poole sirutus . 	noormees vaatlema veidi hämmelduma|hämmeldunud ilme tüdruk , kes kelm haldjas tema poole sirutuma .
122		 Mehe väljasirutatud käe sõrmed olid peaaegu kaaslanna õlga puudutamas , ta pea oli veidi viltu — mõtlik , keskendunud , samas häbelikult õnnelik . 	mees väljasirutatud käsi sõrm olema peaaegu kaaslanna õlg puudutama , tema pea olema veidi viltu - mõtlik , keskenduma|keskendunud , samas häbelikult õnnelik .
122		 Selline hetk , mille kestel jõutakse vaid soovida , et see veel veidi kestaks , kui ta juba läbi ongi . 	selline hetk , mis kestel jõudma vaid soovima , et see veel veidi kest , kui tema juba läbi olema .
123		 Teineteise poole sirutunud , olid nad ümbritsevale kummaliselt suletud — samamoodi , nagu värskelt armunud on kõige muu suhtes lausa uskumatult kurdid ja pimedad . 	teineteise poole sirutuma|sirutunud , olema tema ümbritsev kummaliselt suletud|sulgema - samamoodi , nagu värskelt armuma|armunud olema kõige muu suhtes lausa uskumatult kurd|kurt ja pime .
123		 Lilian tundis end ülearusena ning lahkus häbelikult . 	Lilian tundma ise ülearune ning lahkuma häbelikult .
123		 Haavunult . 	haavunult .
124		 Oli enam kui selge , et kivist noormehe jalas olid kivist martensid , et ta seljas oli kivist pluus , mille kivises taskus paistis peituvat pakk kivist sigarette . 	olema enam kui selge , et kivi noormees jalg olema kivi martens|martensi , et tema selg olema kivi pluus , mis kivine tasku paistma peituma pakk kivi sigaret .
124		 Asi , mida Lilian näha ei suutnud , oli see nägu ... 	asi , mis Lilian nägema ei suutma|suutnud , olema see nägu ...
124		 Kui — sõber — seletamatutel asjaoludel kiviks muutub , siis tuleb seda lihtsalt sündinuks tunnistada , kuigi see käib üle mõistuse . 	kui - sõber - seletamatu asjaolu kivi muutuma , siis tulema see lihtsalt sündinud tunnistama , kuigi see käima üle mõistus .
124		 Asi , mis oli talumatu , oli see õnnelik ilme . 	asi , mis olema talumatu , olema see õnnelik ilme .
124		 Lilian tundis , et ta oli millesti väga ilma jäänud . 	Lilian tundma , et tema olema millest väga ilma jääma|jäänud .
125		 Ta mõtles Jaanusele , väravatejumalale , ja tundis ennast veelgi enam hüljatuna . 	tema mõtlema Jaanus , väravatejumal , ja tundma ise veelgi enam hüljatu .
125		 Mõttetult asise ja argisena , nii et see oli hullem kui vaesus . 	mõttetult asine ja argine , nii et see olema hullem kui vaesus .
126		 Pargis kasvas kümnete kaupa tammesid . 	park kasvama kümme kaupa tamm .
126		 Aeg voolas neist mööda , linnud laulsid nende laiades võrades ja oravad tegid sinna pesa . 	aeg voolama tema mööda , lind laulma tema lai võra ja orav tegema sinna pesa .
126		 Lilian vaatas , kuidas vanad puuhiiglased õnnelikul ilmel lehte lähevad , ja ei olnud enam milleski täiesti kindel . 	Lilian vaatama , kuidas vana puuhiiglane õnnelik ilme leht minema , ja ei olema|olnud enam miski täiesti kindel .
127		 Jubedusega meenus talle Alveri jutt vanast kiviraidurist , kes tundis , et mõned kivitükid olla kuidagi ... elusad . 	jubedus meenuma tema Alver|Alveri jutt vana kiviraidur , kes tundma , et mõni kivitükk olema kuidagi ... elus .
127		 Ja teistsuguse koega . 	ja teistsugune kude .
127		 Kui kivi võis inimeseks muutuda ja inimene kiviks , siis ükskõik kummast need tükid siis sa ei olnud , kogenud kiviraidur võis erinevust tavalisest maakivist ehk aimatagi . 	kui kivi võima inimene muutuma ja inimene kivi , siis ükskõik kumb see tükk siis sina ei olema|olnud , kogema|kogenud kiviraidur võima erinevus tavaline maakivi ehk aimama .
128		 Lilian imestas , kas nendelt tammedelt lõigatud oksad võiksid ka veel mingil moel elus olla . 	Lilian imestama , kas tema tamm lõigatud|lõikama oks võima ka veel mingi mood elu olema .
128		 Või käis kõik , mis toimus sealpool piiri , siiski hoopis teistmoodi ... ta teadis , et jääbki ainult oletama . 	või käima kõik , mis toimuma sealpool piir , siiski hoopis teistmoodi ... tema teadma , et jääma ainult oletama .
128		 Valge tempel , mida valvas väravajumal Janus , oli küll uks , mis võis mõnikord avaneda , aga kuhu sealt minnakse ja mida seal nähakse , seda võisid teada ainult need , kes julgesid minna . 	valge tempel , mis valvas väravajumal januma , olema küll uks , mis võima mõnikord avanema , aga kuhu sealt minema ja mis seal nägema , see võima teadma ainult see , kes julgema minema .
