par_nr	head	sentence	lemmas
1	 Nad tulevad täna öösel 	 Nad tulevad täna öösel 	tema tulema täna öösel
2		 Indrek Hargla 	Indrek Hargla
3		" "" Doktor Lannier ? "" naise külmad sõrmed kompasid ta kätt kui jäised õhupuhangud . "	""" doktor Lannier ? "" naine külm sõrm kompama tema käsi kui jäine õhupuhang ."
3		" "" Ma tahtsin teile veel midagi öelda . "" "	""" mina tahtma sina veel miski ütlema . """
4		" "" Muidugi , Vanda . "	""" muidugi , Vanda ."
4		" Aga ütle mulle ikka Ester , eks ! "" "	"aga ütlema mina ikka ester , eks ! """
5		" "" Ei , doktor Lannier peab ütlema . "	""" ei , doktor Lannier pidama ütlema ."
5		" Tingimata peab doktor ütlema , ma tean . "" "	"tingimata pidama doktor ütlema , mina teadma . """
6		" "" Hästi , olgu siis doktor , Vanda . "	""" hästi , olema siis doktor , Vanda ."
6		" Saan ma veel midagi sinu heaks teha ? "" "	"saama mina veel miski sina heaks tegema ? """
7		" "" Ohjaa , saate küll . "	""" Ohjaa , saama küll ."
7		" Ma tahtsingi teilt paluda ... pange uks enne kinni ! "" "	"mina tahtma sina paluma ... pang uks enne kinni ! """
8		 Ester pööras pead . 	ester pöörama pea .
8		 Viimane lahkuv arst oli tõepoolest ukse lahti jätnud . 	viimane lahkuv arst olema tõepoolest uks lahti jätma|jätnud .
8		 Õige vähe paokile tegelikult ja mingit tuuletõmmet ta ei tundnud . 	õige vähe paokile tegelikult ja mingi tuuletõmme tema ei tundma|tundnud .
8		 Koridorist ei kostunud palatisse ühtegi häält . 	koridor ei kostuma|kostunud palat ühe hääl .
8		 Kuidas küll Vanda ... ? 	kuidas küll Vanda ... ?
8		 Ikka on sellega nii raske harjuda , mõtles ta . 	ikka olema see nii raske harjuma , mõtlema tema .
8		 Ikka on kuidagi kõhe teada , et need , kes ei näe , tunnevad seda , mis on su selja taga . 	ikka olema kuidagi kõhe teadma , et see , kes ei nägema , tundma see , mis olema sina selg taga .
8		 Ent võibolla Vanda lihtsalt ei kuulnud ukse klõpsatust ... 	ent võibolla Vanda lihtsalt ei kuulma|kuulnud uks klõpsatus ...
8		 Ta läks ja sulges aeglaselt ukse , tuli siis laua juurde tagasi . 	tema minema ja sulgema aeglaselt uks , tulema siis laud juurde tagasi .
8		 Vanda istus kramplikult püstist rühti hoides toolil , käed kergelt ette tõstetud , et Esterit kombata . 	Vanda istuma kramplikult püstine rüht hoidma tool , käsi kergelt ette tõstetud|tõstma , et Ester|Esteri kompama .
9		" "" Istuge siia minu kõrvale , doktor Lannier . "" "	""" istuma siia mina kõrvale , doktor Lannier . """
10		 Doktor Lannier istus ta kõrvale . 	doktor Lannier istuma tema kõrvale .
11		" "" Ma tahan , et te istute , siis te olete kauem . "	""" mina tahtma , et sina istuma , siis sina olema kauem ."
11		 Kui te seisate , lähete varem minema . 	kui sina seisma , minema varem minema .
11		" Aga ma ei taha , et te varem minema läheksite . "" "	"aga mina ei tahtma , et sina varem minema minema . """
12		 Kõik nad tahavad seda . 	kõik tema tahtma see .
12		 Kõik nad tahavad rääkida . 	kõik tema tahtma rääkima .
12		 Rääkida , rääkida , rääkida ... 	rääkima , rääkima , rääkima ...
12		 Vanda oli pisut erinev . 	Vanda olema pisut erinev .
12		 Mõnikord tahtis ta päevade viisi mõtelda . 	mõnikord tahtma tema päev viisi mõtlema .
13		" "" Niisiis , Vanda ? "" "	""" niisiis , Vanda ? """
14		" "" Jah . "" "	""" jah . """
14		 Naine haaras tal käest , jälle tundis Ester külmade sõrmede kramplikku puudutust . 	naine haarama tema käsi , jälle tundma ester külm sõrm kramplik puudutus .
14		 Kõigist haigetest olid Vanda sõrmed kõige külmemad . 	kõik haige olema Vanda sõrm kõige külmem .
14		 Ester oli tema temperatuuri mõõtnud rohkem kui protseduurid ette näevad . 	ester olema tema temperatuur mõõtma|mõõtnud rohkem kui protseduur ette nägema .
14		 See oli normis . 	see olema norm .
14		 Ühel visiidil — teisel kuul peale naise haiglasse saabumist — oli Ester oma ehmatuseks avastanud , et oli enesele pooleldi teadmata enne Vanda juurde minekut kampsuni kitli alla pannud . 	üks visiit - teine kuu peale naine haigla saabumine - olema ester oma ehmatus avastama|avastanud , et olema ise pooleldi teadmata enne Vanda juurde minek kampsun kittel alla panema|pannud .
14		 Kas ta ainult kujutas ette või oli siin palatis tõesti külmem ? 	kas tema ainult kujutama ette või olema siin palat tõesti külmem ?
15		" "" Ma pean teile midagi rääkima . "	""" mina pidama sina miski rääkima ."
15		 See on oluline . 	see olema oluline .
15		" Kas te kuulate mind ? "" "	"kas sina kuulama mina ? """
16		" "" Ma kuulan sind , Vanda . "" "	""" mina kuulama sina , Vanda . """
17		" "" Pean midagi edasi ütlema . "	""" pidama miski edasi ütlema ."
17		 Teile on sõnum . 	sina olema sõnum .
17		" Tema jättis selle sõnumi . "" "	"tema jätma see sõnum . """
18		" "" Kes tema ? "" "	""" kes tema ? """
19		" "" Efraim . "" "	""" Efraim . """
20		 Ester ohkas . 	ester ohkama .
21		" "" Ma pidin teile edasi ütlema , et nad tulevad täna öösel . "	""" mina pidama sina edasi ütlema , et tema tulema täna öösel ."
21		 Te peate täna valves olema . 	sina pidama täna valve olema .
21		 Te peate teadma . 	sina pidama teadma .
21		 Ja valmis olema . 	ja valmis olema .
21		 Nad tulevad täna öösel . 	tema tulema täna öösel .
21		" Tal võib alguses väga kole olla . "" "	"tema võima algus väga kole olema . """
22		" "" Kellel ? "" küsis Ester osavõtlikust teeseldes . "	""" kes ? "" küsima ester osavõtlik teesklema ."
22		" "" Kellel võib kole olla ? "" "	""" kes võima kole olema ? """
23		" "" Seda Efraim ei öelnud . "" "	""" see Efraim ei öelnud|ütlema . """
24		" "" Ja kes need siis tulevad ? "" "	""" ja kes see siis tulema ? """
25		" "" Nemad . "" "	""" tema . """
25		 Vanda hääles segunesid üllatus ja ükskõiksus . 	Vanda hääl segunema üllatus ja ükskõiksus .
25		" "" Nemad muidugi . "	""" tema muidugi ."
25		" Efraim tunneb neid . "" "	"Efraim tundma see . """
26		" "" Miks sa just mulle pidid seda ütlema ? "	""" miks sina just mina pidama see ütlema ?"
26		 Kas ... 	kas ...
26		" Efraim seda ka seletas ? "" "	"Efraim see ka seletama ? """
26		 Huvi , ilmuta huvi , kordas Ester endale . 	huvi , ilmutama huvi , kordama ester ise .
27		" "" Jah . "	""" jah ."
27		 Ta ütles , et teie oskate saksa keelt . 	tema ütlema , et sina oskama saksa keel .
27		 Midagi oli veel ... 	miski olema veel ...
27		 Ahjaa , ta ütles , et te ei tohi neid ära ajada . 	ahjaa , tema ütlema , et sina ei tohtima see ära ajama .
27		 Muidu ei tule ja too nad enam kunagi . 	muidu ei tulema ja tooma tema enam kunagi .
27		 Ta kauples ta välja . 	tema kauplema tema välja .
27		 Seda paluski Efraim öelda . 	see paluma Efraim ütlema .
27		 Et läbirääkimised lõppesid edukalt . 	et läbirääkimine lõppema edukalt .
27		 Ma arvan , et see on väga oluline . 	mina arvama , et see olema väga oluline .
27		 Te saate ju aru , eks ? 	sina saama ju aru , eks ?
27		 Saate ju ? 	saama ju ?
27		 Efraim ei ütle kunagi midagi sellist , mis pole oluline . 	Efraim ei ütlema kunagi miski selline , mis olema oluline .
27		" Ta on väga tõsine ja pühendatud . "" "	"tema olema väga tõsine ja pühendama|pühendatud . """
28		" "" Pühendunud ehk ? "" "	""" pühenduma|pühendunud ehk ? """
29		" "" Ei , pühendatud ikka . "	""" ei , pühendama|pühendatud ikka ."
29		 Kõik teavad seda . 	kõik teadma see .
29		 Temal on õigus öelda , teistel ei ole . 	tema olema õigus ütlema , teine ei olema .
29		 Ta tulebki alati midagi tähtsat ütlema . 	tema tulema alati miski tähtis ütlema .
29		" Ega te ei saa kauemaks minu juurde jääda ? "" "	"ega sina ei saama kauem mina juurde jääma ? """
30		" "" Ei , Vanda . "	""" ei , Vanda ."
30		 Kahjuks ei saa . 	kahjuks ei saama .
30		 Aga ma tulen varsti tagasi . 	aga mina tulema varsti tagasi .
30		" Kell on juba palju . "" "	"kell olema juba palju . """
31		" "" Jah , loomulikult ... "	""" jah , loomulikult ..."
31		 Teil on juba kiire . 	sina olema juba kiire .
31		" Teil hakkab seitsme minuti pärast loeng . "" "	"sina hakkama seitse minut pärast loeng . """
32		 Ester vaatas tahtmatult kella . 	ester vaatama tahtmatult kell .
32		" "" Peaaegu — kümne minuti pärast täpsemalt . "	""" peaaegu - kümme minut pärast täpsemalt ."
32		" Nägemiseni , Vanda . "" "	"nägemiseni , Vanda . """
33		" "" Räägite üliõpilastele minust ka ? "" "	""" rääkima üliõpilane mina ka ? """
34		" "" Mõnikord . "	""" mõnikord ."
34		" Siis , kui vaja on ja see sulle kasuks tuleb . "" "	"siis , kui vaja olema ja see sina kasu tulema . """
35		" "" Tulge varsti jälle ! "	""" tulema varsti jälle !"
35		" Ja olge siis öösel valmis . "" "	"ja olema siis öösel valmis . """
36		" "" Kahjuks pole täna minu valvekord ... "" "	""" kahjuks olema täna mina valvekord ... """
37		" "" Siis tehke nii , et oleks . "	""" siis tegema nii , et olema ."
37		" Te peate seda tegema ! "" "	"sina pidama see tegema ! """
38		" "" Hästi , Vanda , ma vaatan , mida ma teha saan . "" "	""" hästi , Vanda , mina vaatama , mis mina tegema saama . """
39		" Kui Ester ukse avas , küsis tema poole seljaga olev pime naine : "" Kas teile ei tundu , doktor Lannier , et Efraim tahab meid millegi eest hoiatada ? "" "	"kui ester uks avama , küsima tema poole selg olev pime naine : "" kas sina ei tunduma , doktor Lannier , et Efraim tahtma mina miski eest hoiatama ? """
40		 Valetada ei tohi , mõtles Ester . 	valetama ei tohtima , mõtlema ester .
40		 Mitte iialgi ei tohi neile valetada . 	mitte iialgi ei tohtima see valetama .
40		" "" Ma ei tea . "	""" mina ei teadma ."
40		" Aga küllap see nii on , kui sa ütled . "" "	"aga küllap see nii olema , kui sina ütlema . """
41		 Mööda haiglakoridori tõtates tuli talle meelde , et pole kunagi Vandale öelnud , et oskab saksa keelt . 	mööda haiglakoridor tõttama tulema tema meel , et olema kunagi vannas öelnud|ütlema , et oskama saksa keel .
42		 *** 	***
43		 Pärast loengut suudles ta doktor Lorentzonit põgusalt karvasele põsele ja lükkas aeglaselt tema käe oma pihalt . 	pärast loeng suudlema tema doktor Lorentzon|Lorentzoni põgusalt karvane põsk ja lükkama aeglaselt tema käsi oma pihk|piht .
43		 Liiga aeglaselt isegi , nii et see tegi pikema kruiisi Esteri tuharatel . 	liiga aeglaselt isegi , nii et see tegema pikem kruiis Ester|Esteri tuhar .
43		" "" Ei , Bruno . "	""" ei , Bruno ."
43		 Unusta . 	unustama .
43		" See on möödas . "" "	"see olema möödas . """
44		" "" Mõnikord see tuleb tagasi . "" "	""" mõnikord see tulema tagasi . """
45		" "" See ei tule . "" "	""" see ei tulema . """
46		" "" Siis ainult üks õhtusöök . "	""" siis ainult üks õhtusöök ."
46		 Vanade aegade meenutuseks . 	vana aeg meenutus .
46		" Ütleme , et täna kell seitse ? "" "	"ütlema , et täna kell seitse ? """
47		" "" Ainult õhtusöök ? "" "	""" ainult õhtusöök ? """
48		" "" Sa ju tunned mind ! "" "	""" sina ju tundma mina ! """
49		 Jah , tunnen küll , tahtis Ester öelda , aga see teadmine täitis ta mingi magusa rammestusega , mis raevukalt mõistusega sõdima hakkas . 	jah , tundma küll , tahtma ester ütlema , aga see teadmine täitma tema mingi magus rammestus , mis raevukalt mõistus sõdima hakkama .
49		 Õhtusöök ? 	õhtusöök ?
49		 Mis see siis niiväga ära oleks . 	mis see siis niiväga ära olema .
49		 Brunoga on väga meeldiv kuskil vaikses restoranis veini juua ja ... 	Bruno olema väga meeldiv kuskil vaikne restoran vein jooma ja ...
49		 Nojah , siis võib see tõesti tagasi tulla . 	nojah , siis võima see tõesti tagasi tulema .
49		 Aga ma olen teisiti otsustanud . 	aga mina olema teisiti otsustama|otsustanud .
49		 Ei , täna veel mitte ! 	ei , täna veel mitte !
50		" "" Mõni teine kord , Bruno . "	""" mõni teine kord , Bruno ."
50		" Ma olen täna valves . "" "	"mina olema täna valve . """
51		" "" Barbara on . "" "	""" Barbara olema . """
52		" "" Ma vahetasin temaga ära . "	""" mina vahetama tema ära ."
52		" Ta ... ta ütles , et tal on täna üks kohtamine . "" "	"tema ... tema ütlema , et tema olema täna üks kohtamine . """
52		 Barbara oli tõesti teinud häbelikku ja vaevatud nägu . 	Barbara olema tõesti tegema|teinud häbelik ja vaevama|vaevatud nägu .
52		 Keegi olevat murdumas ja tema ees põrmu langemas ; rauad on sulanud ja just täna on tal valvekord . 	keegi olema murduma ja tema ees põrm langema ; raud olema sulama|sulanud ja just täna olema tema valvekord .
52		 Ma vahetan Barbaraga ära , otsustas Ester . 	mina vahetama Barbara ära , otsustama ester .
52		 Ta on nõus , ma tean . 	tema olema nõus , mina teadma .
53		" "" Et siis homme ? "" küsis doktor Lorentzon alandliku bassetinäoga . "	""" et siis homme ? "" küsima doktor Lorentzon alandlik bassetinäo ."
54		" "" Vaatame . "	""" vaatama ."
54		" Täna pean ma valves olema . "" "	"täna pidama mina valve olema . """
54		 Nad tulevad täna öösel . 	tema tulema täna öösel .
54		 Te peate täna valves olema . 	sina pidama täna valve olema .
54		 Talle meenus Vanda . 	tema meenuma Vanda .
54		" "" Kas te Vanda kohta olete midagi otsustanud ? "" "	""" kas sina Vanda kohta olema miski otsustama|otsustanud ? """
55		" "" Ta paraneb . "	""" tema paranema ."
55		 Aeglaselt , aga kindlalt . 	aeglaselt , aga kindlalt .
55		" Mõned kuud veel , siis laseme ta koju . "" "	"mõni kuu veel , siis laskma tema kodu . """
56		" "" Ma olin täna tema juures . "" "	""" mina olema täna tema juures . """
57		" "" Muidugi sa olid . "" "	""" muidugi sina olema . """
58		" "" Ta rääkis jälle Efraimist . "" "	""" tema rääkima jälle Efraim|Efraimi . """
59		" "" Jälle ? "	""" jälle ?"
59		 Võis juba arvata , et see on möödas ... ? 	võima juba arvama , et see olema möödas ... ?
59		 Muud hallutsinatsioonid on meil õnnestunud juba välja ravida . 	muu hallutsinatsioon olema mina õnnestuma|õnnestunud juba välja ravima .
59		 Aga Efraim ... 	aga Efraim ...
59		 Ettekujutatav kontakt surnud vennaga , mõtleks ! 	ettekujutatav kontakt surema|surnud vend , mõtlema !
59		 Seda juhtub ka tervetel . 	see juhtuma ka terve .
59		 Kaotusevalu , talumatu tühjus ... 	kaotusevalu , talumatu tühjus ...
59		" Juhtub . "" "	"juhtuma . """
60		 Ester lükkas Bruno käe nüüd juba resoluutsemalt eemale . 	ester lükkama Bruno käsi nüüd juba resoluutsemalt eemale .
60		" "" Sa pole tema haiguslugu vist tähelepanelikult uurinud . "" "	""" sina olema tema haiguslugu vist tähelepanelikult uurima|uurinud . """
61		" "" Selleks oledki sina — vastava ettevalmistusega pimedate vaimuhaigete terapeut . "" "	""" see olema sina - vastav ettevalmistus pime vaimuhaige terapeut . """
62		" "" Jah , olen küll . "	""" jah , olema küll ."
62		" Aga ... "" "	"aga ... """
63		" "" Pole siin mingit 'aga' . "	""" olema siin mingi ’ aga ’ ."
63		 Mul on üle saja patsiendi , kõigil omad sümptomid . 	mina olema üle sada patsient , kõik oma sümptom .
63		 Sina teed meditsiinilised üldistused , konsiilium määrab ravi . 	sina tegema meditsiiniline üldistus , konsiilium määrama ravi .
63		 Ma ei jõua kõiki detaile meelde jätta . 	mina ei jõudma kõik detail meel jätma .
63		" Aga Vanda puhul mul jäi ... "" "	"aga Vanda puhul mina jääma ... """
64		" "" Valesti jäi . "	""" valesti jääma ."
64		 Ta ei teadnud enne haigust üldse , et tal vend olemas oli , ta polnud veel sündinud , kui vend suri . 	tema ei teadma|teadnud enne haigus üldse , et tema vend olema olema , tema olema veel sündima|sündinud , kui vend surema .
64		 Ma rääkisin emaga , kui Vanda sisse toodi ... 	mina rääkima ema , kui Vanda sisse tooma ...
64		 Poiss haigestus neljasena ja seitsmeselt suri . 	poiss haigestuma neljane ja seitsmeselt surema .
64		 Ravi ei aidanud , Efraim oli neljaselt otsekui ära vahetatud — ei tõusnudki enam voodist . 	ravi ei aidanud|aitama , Efraim olema neljaselt otsekui ära vahetama|vahetatud - ei tõusma enam voodi .
64		 Vanda hakkas Efraimist rääkima aga alles peale skisofreeniat ... 	Vanda hakkama Efraim|Efraimi rääkima aga alles peale skisofreenia ...
64		" Mingist kaotusvalust ei saa juttugi olla . "" "	"mingi kaotusvalu ei saama jutt olema . """
65		" "" Vanemate versioon , muud midagi . "	""" vanem versioon , muu miski ."
65		 Ta võis selle ise välja uurida ja see põhjustaski alguses kaotusvalu ja hiljem haiguse ... 	tema võima see ise välja uurima ja see põhjustama algus kaotusvalu ja hiljem haigus ...
65		" Et läheme "" Dino "" juurde homme ? "	"et minema "" Dino "" juurde homme ?"
65		" Ma panen laua kinni . "" "	"mina panema laud kinni . """
66		 Taas pidi Ester ühe tugeva kämblaga võitlema . 	taas pidama ester üks tugev kämmal võitlema .
66		 Ta võitis selle alles pärast väljapressitud suudlust . 	tema võitma see alles pärast väljapressitud suudlus .
66		" "" Homme võibolla küll ... "" "	""" homme võibolla küll ... """
67		" "" Kuule , sul on ju enne valvekorda kolm tundi vaba aega ? "" "	""" kuulma , sina olema ju enne valvekord kolm tund vaba aeg ? """
68		" "" Ja sinul on konsiilium . "" "	""" ja sina olema konsiilium . """
69		" "" Kurat , õige küll ... "	""" kurat , õige küll ..."
69		 Aga homme siis kindlasti . 	aga homme siis kindlasti .
69		" Vaata , et sa hiljaks ei jää . "" "	"vaatama , et sina hiljaks ei jääma . """
70		" "" Ma ei jää kunagi hiljaks . "" "	""" mina ei jääma kunagi hiljaks . """
71		 Bruno tõstis ta käe huulte juurde , suudles sõrmi ja heitis kiire pilgu Esteri käekellale . 	Bruno tõstma tema käsi huul juurde , suudlema sõrm ja heitma kiire pilk Ester|Esteri käekell .
71		" "" Kell on sul kolm minutit järel , mu kallis . "	""" kell olema sina kolm minut järel , mina kallis ."
71		" Ja kolme minutiga jõuab palju teha , oi kui palju . "" "	"ja kolm minut jõudma palju tegema , oi kui palju . """
72		 Ester Lannier libistas raamatu käest ja kuulatas . 	Ester Lannier libistama raamat käest ja kuulatama .
72		 Nagu oleks ratasvoodi koridoris liikunud . 	nagu olema ratasvoodi koridor liikuma|liikunud .
72		 Ei , küllap see ainult tundus talle . 	ei , küllap see ainult tunduma tema .
72		 Kõik haiged magavad ja tema on siin teisel korrusel üksi . 	kõik haige magama ja tema olema siin teine korrus üksi .
72		 Esimesel on valveõde ja öövaht ning mängivad kaarte . 	esimene olema valveõde ja öövaht ning mängima kaart .
72		 Ta sulges kabinetiakna — öö oli augusti kohta harjumatult külm ja tuuline — ning võbistas õlgu . 	tema sulgema kabinetiaken - öö olema august kohta harjumatult külm ja tuuline - ning võbistama õlg .
72		 Külm nagu ... Vanda juures , mõtles ta . 	külm nagu ... Vanda juures , mõtlema tema .
72		 Miks nad seda palatit korralikult ei küta ? 	miks tema see palat korralikult ei kütma ?
72		 Peaks Brunole ütlema ... 	pidama Bruno ütlema ...
72		 Jama , augustis ei köeta üldse . 	jama , august ei küdema|kütma üldse .
72		 Küllap on see lihtsalt tuulepoolne palat . 	küllap olema see lihtsalt tuulepoolne palat .
73		 Ta keetis teed , luges veel ühe peatüki , kus Mirabel lõpuks Norra suusakuurordis kaminavalguses Jamesile karunahkadel andus ja mõtles Brunole . 	tema keetma tee , lugema veel üks peatükk , kus Mirabel lõpuks Norra suusakuurort kaminavalgus James karunahk anduma ja mõtlema Bruno .
73		 Tegelikult ei tohiks ta mehe peale nii palju mõelda , ta on oma otsuse juba teinud . 	tegelikult ei tohtima tema mees peale nii palju mõtlema , tema olema oma otsus juba tegema|teinud .
73		 Või on ta ? 	või olema tema ?
74		 Kell kolm läks ta koridori ringkäigule , kiikas usteakendest sisse ja veendus , et uksed on lukus ja kõik rahulik . 	kell kolm minema tema koridor ringkäik , kiikama usteaken sisse ja veenduma , et uks olema lukk ja kõik rahulik .
74		 Miks ei peakski olema ? 	miks ei pidama olema ?
74		 Kõik pimedad magavad ja näevad oma vaimuhaigeid unesid . 	kõik pime magama ja nägema oma vaimuhaige uni .
74		 Kõik magavad , kõik on rahulik . 	kõik magama , kõik olema rahulik .
74		 Kedagi pole tulnud ... 	keegi olema tulema|tulnud ...
75		 Nojah , juba jälle ta mõtles , kuidas Vanda teadis , et ta saksa keelt oskab . 	nojah , juba jälle tema mõtlema , kuidas Vanda teadma , et tema saksa keel oskama .
75		 Ilmselt mõni pealtkuuldud vestluskatke . 	ilmselt mõni pealtkuuldud vestluskatke .
75		 Aga ta ei mäletanud end kellelegi seda üldse maininud olevat . 	aga tema ei mäletama|mäletanud ise keegi see üldse mainima|maininud olema .
75		 Saksa keel tõi talle meelde Helmuthi . 	Saks|Saksa keel tooma tema meel Helmuth .
76		 Helmuth oli kuuene , kolmeaastaselt jäi pimedaks ja suutmata pimedust taluda , haigestus . 	Helmuth olema kuuene , kolmeaastaselt jääma pime ja suutma pimedus taluma , haigestuma .
76		 Või nii arvati . 	või nii arvama .
76		 Psühhosomaatiline põhjendus on alati kõige lihtsam , eriti kui tõenäoline põhjus varnast võtta on . 	psühhosomaatiline põhjendus olema alati kõige lihtsam , eriti kui tõenäoline põhjus varn võtma olema .
76		 Ärge kunagi öelge , et teate , mis skisofreenia on — meenutas Ester oma professorit loengutes rääkimas . 	ära kunagi ütlema , et teadma , mis skisofreenia olema - meenutama Ester oma professor loeng rääkima .
76		 Seni , kui me ei tea , kuidas see tekib , ei tea me ka , mis see on . 	seni , kui mina ei teadma , kuidas see tekkima , ei teadma mina ka , mis see olema .
76		 Skisofreeniat — just seda , mis eriti noores vanuses välja lööb — oli Helmuthi suguvõsas varem esinenud . 	skisofreenia - just see , mis eriti noor vanus välja lööma - olema Helmuth suguvõsa varem esinema|esinenud .
76		 Ja mida varemas nooruses haigus tekib , seda raskem see on , seda ravimatum see on . 	ja mis varem noorus haigus tekkima , see raskem see olema , see ravimatum see olema .
76		 Poiss toodi haiglasse Saksamaalt kolm kuud tagasi . 	poiss tooma haigla Saksamaa kolm kuu tagasi .
76		 Ester polnud poisiga rääkinud . 	ester olema poiss rääkima|rääkinud .
76		 Keegi ei olnud . 	keegi ei olema|olnud .
76		 Helmuth ei rääkinud , ainult joonistas . 	Helmuth ei rääkima|rääkinud , ainult joonistama .
76		 Ester oli pilte loengutes näidanud . 	ester olema pilt loeng näidanud|näitama .
76		 Üks noor tudengineiu oli minestanud . 	üks noor tudengineiu olema minestama|minestanud .
77		 Ester jalutas koridori lõpuni , nõjatus aknalauale , vaatas pimedusse . 	ester jalutama koridor lõpp , nõjatuma aknalaud , vaatama pimedus .
77		 Saarepuu vana erahaiglaks ümberehitatud estancia tagaaias vappus ja väänles tormi käes . 	saarepuu vana erahaigla ümberehitatud estancia tagaaed vappuma ja väänlema torm käes .
77		 Oli ta ikka akna kabinetis sulgenud ? 	olema tema ikka aken kabinet sulgema|sulgenud ?
77		 Jah , oli küll . 	jah , olema küll .
77		 Tänaöine torm oli tulnud ( oli tulnud ... — lõpeta ! ) kuidagi äkiliselt ja eriti raevukana . 	tänaöine torm olema tulema|tulnud ( olema tulema|tulnud ... - lõpetama ! ) kuidagi äkiliselt ja eriti raevukas .
78		 Külm tuuleõhk puhus talle vastu sääri . 	külm tuuleõhk puhuma tema vastu säär .
78		 Ilmselt lõi torm akna jälle lahti , mõtles ta ; pöördus , ent seisatus äkki . 	ilmselt looma|lööma torm aken jälle lahti , mõtlema tema ; pöörduma , ent seisatuma äkki .
78		 Midagi oli selle puu ja tuule ulgumisega paganama valesti . 	miski olema see puu ja tuul ulgumine paganama valesti .
78		 Miski oli Esteri silmanurka häirinud , mingi seletamatult ebaharilik detail . 	miski olema Ester|Esteri silmanurk häirima|häirinud , mingi seletamatult ebaharilik detail .
78		 Silmanurka ? 	silmanurk ?
79		 Uuesti vaatas ta välja . 	uuesti vaatama tema välja .
79		 Harilik augustitorm , nagu neid ookeani rannikul tihti ette tuleb . 	harilik augustitorm , nagu tema ookean rannik tihti ette tulema .
79		 Tuul undab ja ulub , raputab katuseplekki , kolistab akendega , vedrutab puid , mängib tänavalaternatega ... 	tuul undama ja ulguma|uluma , raputama katuseplekk , kolistama aken , vedrutama puu , mängima tänavalatern ...
80		 Tegelikult nägi kõik välja nagu neil tormistel öödel ikka . 	tegelikult nägema kõik välja nagu see tormine öö ikka .
80		 Midagi oli aga teistmoodi . 	miski olema aga teistmoodi .
80		 Ester ei mõistnud alguses , mis nimelt . 	Ester ei mõistma|mõistnud algus , mis nimelt .
80		 Siis ta taipas . 	siis tema taipama .
81		 Vana saar vappus tormi käes , sahistas lehtedega , koputas oktsega vastu katuseäärt ... aga tuul ei unnanud . 	vana saar vappuma torm käes , sahistama leht , koputama oktse vastu katuseäär ... aga tuul ei undama|unnanud .
82		 Lilleklumbil , millele maja külge kinnitatud öölatern heitis kõhedat valgust , olid daaliad hääletust tuulest maadligi . 	lilleklump , mis maja külge kinnitama|kinnitatud öölatern heitma kõhe valgus , olema daalia hääletu tuul maadligi .
82		 Tuul tuli ookeani poolt , uhas maja lõunakülge , ent ei teinud ühtegi tuule häält ... 	tuul tulema ookean poolt , uhama maja lõunakülg , ent ei tegema|teinud ühe tuul hääl ...
82		 Saare tagant paistsid linnatuled , neoonlampide kutsuvad kirjad ja linnapark , mille kõik puud varjasid majesteetlikus rahus viimaseid suudluseid nautivaid armunuid . 	saar tagant paistma linnatuli , neoonlamp kutsuma kiri ja linnapark , mis kõik puu|puud varjama majesteetlik rahu viimane suudlus nautiv armunu .
82		 Linnas ei olnud tormi . 	linn ei olema|olnud torm .
83		 Estancia aiamüüri taga seisid sekvoiad , mille ükski oks ei liikunud . 	Estancia aiamüür taga seisma sekvoia , mis üks oks ei liikuma|liikunud .
84		 Ester suundus tõtlikul sammul valvekabineti poolde . 	ester suunduma tõtlik samm valvekabinet pool .
84		 Imelik torm , mõtles ta . 	imelik torm , mõtlema tema .
84		 Puhub tugeva tuulega ja ainult siin . 	puhuma tugev tuul ja ainult siin .
84		 Endiselt tundis ta tuuletõmmet , ent ust avades see kadus . 	endiselt tundma tema tuuletõmme , ent uks avama see kaduma .
84		 Kabineti aken oli kõvasti kinni . 	Kabinet aken olema kõvasti kinni .
84		 Ta astus akna juurde ja vaatas välja . 	tema astuma aken juurde ja vaatama välja .
84		 Vähemalt siit aknast paistis kõik nagu tavaliselt . 	vähemalt siit aken paistma kõik nagu tavaliselt .
84		 Müür oli lähemal ja selle tagant polnud näha ei linnaparki ega sekvoiasid tänava ääres — kabinetiaken avanes läänekülge . 	müür olema lähemal ja see tagant olema nägema ei linnapark ega sekvoia tänav ääres - kabinetiaken avanema läänekülg .
84		 Põõsad ... 	põõsas ...
84		 Need olid küll tuule käes segi paisatud , rapseldasid oksadega nagu hernehirmutis tühjade varrukatega . 	see olema küll tuul käes segi paisatud|paiskama , rapseldama oks nagu hernehirmutis tühi varrukas .
84		 Hääletu tuul sasis põõsaid ja ... 	hääletu tuul sasima põõsas ja ...
85		 ... ja see tuul ei tulnud ookeani poolt . 	... ja see tuul ei tulema|tulnud ookean poolt .
85		 Põõsad vehkisid oma lehtede ja okstega põhjatuule käes — tuule poolt , mis oli tulnud täna öösel ( oli tulnud täna öösel ... ) maismaalt . 	põõsas vehkima oma leht ja oks põhjatuul käes - tuul poolt , mis olema tulema|tulnud täna öösel ( olema tulema|tulnud täna öösel ... ) maismaa .
85		 Ookeani rannikul ei puhu kunagi tuul maa poolt merele — niipalju sadamalinna tüdruk Ester teadis . 	ookean rannik ei puhuma kunagi tuul maa poolt meri - niipalju sadamalinn tüdruk Ester teadma .
85		 Ennast rahulikuks sundides läks ta idakoridori . 	ise rahulik sundima minema tema idakoridor .
86		 Haigla idakülge uhas läänetuul . 	haigla idakülg uhama läänetuul .
86		 Sirelid kaldusid tugevalt vastu müüri . 	sirel kalduma tugevalt vastu müür .
87		 Keeristorm oli haigla oma embusse haaranud . 	keeristorm olema haigla oma embus haarama|haaranud .
87		 Tuul keerles ümber haigla ; tegi tema kohal ringe ... 	tuul keerlema ümber haigla ; tegema tema koha|koht ringe ...
87		 Ja tegelikult puhus ka majast läbi , sest Ester võis vanduda , et kõik aknad olid kinni aga koridoris uhas külm ja jäine tõmbetuul . 	ja tegelikult puhuma ka maja läbi , sest ester võima vanduma , et kõik aken olema kinni aga koridor uhama külm ja jäine tõmbetuul .
88		 Naine seisatas kabinetiukse ees . 	naine seisatama kabinetiuks ees .
88		 Korraga tundis ta vastupandamatut vajadust minna alakorrusele õe ja öövahi seltsi . 	korraga tundma tema vastupandamatu vajadus minema alakorrus õde ja öövaht selts .
88		 Ta võiks näiteks küsida ega õel mõnda raamatut ei ole ... 	tema võima näide küsima ega õde mõni raamat ei olema ...
88		 Jah , seda võiks ta tõesti teha . 	jah , see võima tema tõesti tegema .
88		 Ja vaadata valvuri telerist ilmateadet . 	ja vaatama valvur teler ilmateade .
89		 Ta tahtis juba trepi poole minna , kui kuulis , et keegi tema selja taga koridoris liikus . 	tema tahtma juba trepp poole minema , kui kuulma , et keegi tema selg taga koridor liikuma .
90		 *** 	***
91		 Midagi liikus . 	miski liikuma .
92		 See ei astunud , sammude kõla polnud kuulda . 	see ei astuma|astunud , samm kõla olema kuulma .
92		 Midagi lihtsalt liikus , sest õhk liikus . 	miski lihtsalt liikuma , sest õhk liikuma .
92		 Ja see midagi hingas . 	ja see miski hingama .
92		 No nüüd aitab , mõtles Ester . 	no nüüd aitama , mõtlema ester .
92		 Palatiuksed peavad olema öösiti lukus ja nad olid lukus . 	palatiuks pidama olema öösiti lukk ja tema olema lukk .
92		 Valvenupp töötab alati ja tualett on igas palatis eraldi . 	valvenupp töötama alati ja tualett olema iga palat eraldi .
92		 Palatiukse avanemisel hakkab kabinetis paneel piiksuma . 	palatiuks avanemine hakkama kabinet paneel piiksuma .
92		 See on valvur , kes tuli kontrollima , kas aknad on kinni , ja et mind mitte häirida , käib sokkides . 	see olema valvur , kes tulema kontrollima , kas aken olema kinni , ja et mina mitte häirima , käima sokk .
93		 See peab olema valvur . 	see pidama olema valvur .
94		 Aga lõunakoridor oli tühi . 	aga lõunakoridor olema tühi .
94		 Kui see nüüd oli mingi teravmeelse tehnilise taibuga haige , siis ... 	kui see nüüd olema mingi teravmeelne tehniline taip haige , siis ...
94		 Ester hingas sügavalt sisse ja otsustas , et nüüd kutsub ta valvuri ise üles ... 	ester hingama sügavalt sisse ja otsustama , et nüüd kutsuma tema valvur ise üles ...
95		 Te ei tohi neid ära ajada , Vanda külmad sõrmed pigistasid ta kätt , muidu ei tule ja too nad enam kunagi . 	sina ei tohtima see ära ajama , Vanda külm sõrm pigistama tema käsi , muidu ei tulema ja tooma tema enam kunagi .
96		" "" Hei , "" hõikas Ester . "	""" hei , "" hõikama Ester ."
96		" "" Kes siin on ? "" "	""" kes siin olema ? """
97		 Vaikus . 	vaikus .
97		 Koridori lõpus akna taga liikusid puuoksad . 	koridor lõpp aken taga liikuma puuoks .
97		 Ester mõtles , et ta tunneb ennast väga rumalalt . 	ester mõtlema , et tema tundma ise väga rumalalt .
97		 Kuskil kolksatas midagi . 	kuskil kolksatama miski .
97		 Kiiresti pööras naine ennast ringi . 	kiiresti pöörama naine ise ringi .
97		 Ta ei jõudnud kunagi selgusele , kas ta tegelikult nägi seda meetrikõrgust erepunakat ja läiklevat kogu nurga taha vilksatamas või mitte . 	tema ei jõudma|jõudnud kunagi selgus , kas tema tegelikult nägema see meetrikõrgus erepunakas ja läiklev kogu nurk taha vilksatama või mitte .
98		 Aga siis hakkas üks hääl karjuma . 	aga siis hakkama üks hääl karjuma .
98		 Öist haiglavaikust lõhestasid hirmukarjed . 	öine haiglavaikus lõhestama hirmukarje .
99		 Tal võib alguses väga kole olla ... 	tema võima algus väga kole olema ...
100		 Bruno Lorentzon vabastas poisi pea õrnalt Esteri sülest . 	Bruno Lorentzon vabastama poiss pea õrnalt Ester|Esteri süli .
100		 Mõlemad — kuueaastane poiss ja arst — magasid . 	mõlema - kuueaastane poiss ja arst - magama .
100		 Ester lebas põiki voodis , pea rinnale vajunud , selg vastu seina . 	ester lebama põiki voodi , pea rind vajuma|vajunud , selg vastu sein .
100		 Helmuthi alasti keha oli naine hoolsalt teki sisse mähkinud ja hoidnud , kuni nad mõlemad olid uinunud . 	Helmuth alasti keha olema naine hoolsalt tekkima sisse mähkima|mähkinud ja hoidma|hoidnud , kuni tema mõlema olema uinuma|uinunud .
100		 Madonna lapsega ... 	madonna laps ...
101		 Päike siras varahommikuselt ebalevalt ja andekspaluvalt kardinate vahelt sisse ja ripsas kiirtga Esteri kaunist ja väsinud oravanägu . 	päike sirama varahommikuselt ebalevalt ja andekspaluvalt kardin vahelt sisse ja ripsa kiirtga Ester|Esteri kaunis ja väsima|väsinud oravanägu .
101		 Magava naise näost kiirgas armastust ja rahulolu . 	Magav|Magava naine nägu kiirgama armastus ja rahulolu .
101		 Poisi nägu oli kahvatu ja kuidagi roidunud , ent ta suu hingas rahulikult ja sõrmed olid unekrambis klammerdunud Esteri käsivarre ümber . 	poiss nägu olema kahvatu ja kuidagi roiduma|roidunud , ent tema suu hingama rahulikult ja sõrm olema unekramp klammerduma|klammerdunud Ester|Esteri käsivars ümber .
102		 Bruno vaatas kella . 	Bruno vaatama kell .
102		 Pool seitse . 	pool seitse .
102		 Valveõde oli talle helistanud tund aega tagasi ja nõudnud , et doktor kiiresti tuleks . 	valveõde olema tema helistama|helistanud tund aeg tagasi ja nõudma|nõudnud , et doktor kiiresti tulema .
102		 Midagi oli õde veel lisanud , midagi segast sellest , et helistab juba pikalt , aga ei saanud tormi tõttu ühendust ja alles nüüd on need kuradi ahvid liinid korda saanud . 	miski olema õde veel lisama|lisanud , miski segane see , et helistama juba pikalt , aga ei saama|saanud torm tõttu ühendus ja alles nüüd olema see kurat ahv liin kord saama|saanud .
103		 Millise tormi tõttu , oli Bruno pahaselt interkomi ühmanud ; aknast arusaamatuses neitsivagura koidiku fikseerinud ning ennast Barbara kuumava keha kõrvalt üles ajanud . 	milline torm tõttu , olema Bruno pahaselt interkomi ühmanu ; aken arusaamatus neitsivagur koidik fikseerinu ning ise Barbara kuumav keha kõrvalt üles ajama|ajanud .
103		 Hommikune sats jääb siis ära , oli ta tigedalt mõelnud . 	hommikune sats jääma siis ära , olema tema tigedalt mõelnud|mõtlema .
103		 Aga õde siunas endiselt tormi ja neid kuradi ahve ja ütles , et doktor Lannier on kuhugi kadunud ja keegi oli ülakorrusel karjunud . 	aga õde siunama endiselt torm ja see kurat ahv ja ütlema , et doktor Lannier olema kuhugi kaduma|kadunud ja keegi olema ülakorrus karjuma|karjunud .
103		 Seepeale oli Bruno interkomi välja lülitanud ja püksid kiiremini jalga ajanud . 	seepeale olema Bruno interkomi välja lülitama|lülitanud ja püks kiiremini jalga ajama|ajanud .
104		 Helmuthi pead õrnalt padjale tõstes ja teda teki all kohendades ei saanud Bruno aru , miks poiss alasti oli . 	Helmuth pea õrnalt padi tõstma ja tema tekk all kohendama ei saama|saanud Bruno aru , miks poiss alasti olema .
104		 Ta vaatas abiotsivalt palatis ringi ega näinud kuskil pidzhaamat . 	tema vaatama abiotsivalt palat ringi ega nägema|näima|näinud kuskil pidzhaama .
104		 See oli kummaline . 	see olema kummaline .
104		 Paljugi oli veel kummaline . 	palju olema veel kummaline .
104		 Need murdunud oksad , näiteks , ümber haigla ja sellise laastamistööga vastuolus autoraadiost optimistlikul hommikutoonil hõigatud ilmateade . 	see murduma|murdunud oks , näide , ümber haigla ja selline laastamistöö vastuolu autoraadio optimistlik hommikutoon hõigatud|hõikama ilmateade .
104		 Või see , miks Ester kedagi ei kutsunud , kui Helmuth tõepoolest oli see , kes siin karjus . 	või see , miks ester keegi ei kutsuma|kutsunud , kui Helmuth tõepoolest olema see , kes siin karjuma .
105		 Helmuth ... ja karjus ? 	Helmuth ... ja karjuma ?
106		 Tekk sai poisile peale ja Ester avas silmad . 	tekk saama poiss peale ja ester avama silm .
106		 Hetkeks silmitses ta mõistmatult Brunot ja siis naeratas . 	hetk silmitsema tema mõistmatult Bruno ja siis naeratama .
107		" "" On sinuga kõik korras ? "" sositas mees "	""" olema sina kõik kord ? "" sositas mees"
108		 Esteri silmad noogutasid rõõmsalt ja uniselt . 	Ester|Esteri silm noogutama rõõmsalt ja uniselt .
109		" "" Miks sa siin magad ? "" "	""" miks sina siin magama ? """
110		 Naise pea viitas aeglaselt poisi poole — tema pärast , kuidas sa ei mõista — ja raputas siis unerammu silmist . 	naine pea viitama aeglaselt poiss poole - tema pärast , kuidas sina ei mõistma - ja raputama siis uneramm silm .
111		" "" Kas Helmuth karjus ? "" "	""" kas Helmuth karjuma ? """
112		" Ester noogutas ja äkitselt nagu midagi meenutades sositas vastuseks : "" Nad tulid täna öösel . "" "	"ester noogutama ja äkitselt nagu miski meenutama sositama vastus : "" tema tulema täna öösel . """
113		" "" Kes ? "	""" kes ?"
113		" Mis ? "" "	"mis ? """
114		" "" Nad tulid ja tõid ta tagasi . "	""" tema tulema ja tooma tema tagasi ."
114		" Ja ma ei seganud neid ... "" "	"ja mina ei segama|seganud see ... """
115		" "" Väga hea . "	""" väga hea ."
115		" Kuule ... "" ta põimis oma käed naisele ümber ta tõmbas ta hellalt voodist üles . "	"kuulma ... "" tema põimima oma käsi naine ümber tema tõmbama tema hellalt voodi üles ."
115		" "" Lähme teeme kohvi , siis räägid . "" "	""" minema tegema kohv , siis rääkima . """
116		 Naine nõjatus ta õlale ja hingas oma kitsaste värvimata huulte vahelt Bruno jaoks nii armast , unest ärganud Esteri-hommikust-pesemata-hammaste-aroomi . 	naine nõjatuma tema õlg ja hingama oma kitsas värvimata huul vahelt Bruno jaoks nii armas , uni ärganud|ärkama Esteri-hommikust-pesemata-hammaste-aroomi .
116		 Sassis juuksed paitasid mehe põske . 	sassis juus paitama mees põsk .
117		" "" Bruno ? "" "	""" Bruno ? """
117		 Esteri kondid raksusid õrnalt , kui ta voodist tõusis . 	Ester|Esteri kont raksuma õrnalt , kui tema voodi tõusma .
118		" "" Jah ? "" "	""" jah ? """
119		" "" Ta rääkis ... "" "	""" tema rääkima ... """
120		" "" Kes ? "	""" kes ?"
120		" Helmuth ? "" "	"Helmuth ? """
121		" "" Jah , ja ta näeb nüüd . "" "	""" jah , ja tema nägema nüüd . """
122		 Kohv oli kange ja terav , torkas Esterile kõhtu nagu stilett ja pani ta silmad vett jooksma . 	kohv olema kange ja terav , torkama Esterile kõht nagu stilett ja panema tema silm vesi jooksma .
122		 Bruno Lorentzon silitas ühe käega ta põske ja teisega hoidis telefonitoru . 	Bruno Lorentzon silitama üks käsi tema põsk ja teine hoidma telefonitoru .
123		" "" ... "	""" ..."
123		 Lõunaks , ma arvan . 	Lõunaks , mina arvama .
123		 Ei , varem ta ei ärka . 	ei , varem tema ei ärkama .
123		 Ei ärka , frau Lintz ... 	ei ärkama , frau Lintz ...
123		 Oleks väga hea kui lennukiga . 	olema väga hea kui lennuk .
123		 Ta tahab teid näha ... 	tema tahtma sina nägema ...
123		 Jah , justnimelt näha ! 	jah , justnimelt nägema !
123		 Ma ju räägin teile , et ... 	mina ju rääkima sina , et ...
123		 Mein Gott ... ei , ma ei valeta . 	Mein Gott ... ei , mina ei valetama .
123		" Ise ütles ... ein moment ... "" "	"ise ütlema ... ein moment ... """
123		 Põske silitanud käsi kattis telefonitoru . 	põsk silitama|silitanud käsi katma telefonitoru .
123		" "" Ester , räägi ise nendega . "	""" ester , rääkima ise tema ."
123		" Ma ei suuda seda selgeks teha ... "" "	"mina ei suutma see selge tegema ... """
124		 Kui naine telefoniga rääkis , katsus doktor Lorentzon oma mõtetes selgust luua , sest seda läheb tal hommikuse konsiiliumi jaoks väga tarvis . 	kui naine telefon rääkima , katsuma doktor Lorentzon oma mõte selgus looma , sest see minema tema hommikune konsiilium jaoks väga tarvis .
124		 Kohe väga läheb tarvis . 	kohe väga minema tarvis .
124		 Kuidas ta põhjendab , et ühe ööga sai väga rasket skisofreeniavormi põdev poiss terveks . 	kuidas tema põhjendama , et üks öö saama väga raske skisofreeniavorm põdev poiss terve .
124		 Ja sai tagasi ka nägemise . 	ja saama tagasi ka nägemine .
124		 Kuidas ta , kurat , neile seletab , millist ravi ta kasutas . 	kuidas tema , kurat , see seletama , milline ravi tema kasutama .
124		 Et orgaaniline haigus , mis nii rängalt oli hälbinud juntsu mõttemaailma , rebinud ta lahti reaalsusest ja loonud neid jubedaid kujutlusi , mida ta joonistas , oli lihtsalt üle läinud . 	et orgaaniline haigus , mis nii rängalt olema hälbima|hälbinud juntsu mõttemaailm , rebima|rebinud tema lahti reaalsus ja looma|loonud see jube kujutlus , mis tema joonistama , olema lihtsalt üle läinud|minema .
124		 Ja poiss oli hakanud ka rääkima ... 	ja poiss olema hakanud|hakkama ka rääkima ...
125		 Ester üritas midagi kannatlikult saksa keeles telefonis selgeks teha . 	ester üritama miski kannatlikult saksa keel telefon selge tegema .
125		 Naise silmis võbelesid pisarad . 	naine silm võbelema pisar .
125		 See on kõige õnnelikum hetk tema elus , mõtles Bruno . 	see olema kõige õnnelikum hetk tema elu , mõtlema Bruno .
125		 Öelda emale , et tema poeg on jälle terve , on jälle maailmas ja maailma jaoks tagasi ... 	ütlema ema , et tema poeg olema jälle terve , olema jälle maailm ja maailm jaoks tagasi ...
126		" "" Wo ist meine Mutter , "" kuulis Bruno Esterit telefonis oma öiseid poisi suust kuuldud karjeid meenutavat . "	""" Wo ist meine mutter , "" kuulma Bruno Ester|Esteri telefon oma öine poiss suu kuuldud|kuulduma|kuulma karje meenuma|meenutama ."
126		" "" Ich möchte nach Hause ... "" "	""" Ich möchte nach Hause ... """
127		 See on imeline . 	see olema imeline .
127		 Liiga imeline , et uskuda . 	liiga imeline , et uskuma .
127		 Aga arst saab uskuda ainult meditsiini . 	aga arst saama uskuma ainult meditsiin .
127		 Ja imed polegi uskumiseks , vaid paremal juhul teadmiseks võtmiseks . 	ja ime olema uskumine , vaid parem juht teadmine võtmine .
127		 Meil on üks tervenenud patsient rohkem ja see on hea . 	mina olema üks tervenema|tervenenud patsient rohkem ja see olema hea .
127		 Kõige parem . 	kõige parem .
127		 Ester pani toru hargile . 	ester panema toru hark .
128		" "" Nad jõuavad õhtuks . "	""" tema jõudma õhtu ."
128		 Tulevad esimese lennukiga . 	tulema esimene lennuk .
128		" Kaua ta haiglas peab veel olema ? "" "	"kaua tema haigla pidama veel olema ? """
129		" "" Nädala vast , mitte rohkem . "	""" nädal vast , mitte rohkem ."
129		" Kui ta ikka on terve ... "" "	"kui tema ikka olema terve ... """
130		" "" On , Bruno , on . "	""" olema , Bruno , olema ."
130		" Ma ju rääkisin temaga . "" "	"mina ju rääkima tema . """
131		 Jah , seda doktor Lorentzon teadis . 	jah , see doktor Lorentzon teadma .
131		 Nuttev poiss öös , kes ei saanud aru , kus ja miks ta on ja kes tahtis ainult koju ema juurde . 	nuttev poiss öö , kes ei saama|saanud aru , kus ja miks tema olema ja kes tahtma ainult kodu ema juurde .
131		 Ja Ester oli kuidagi hüsteerias poisi maha rahustanud ; oli suutnud ta uinutada , talle saksakeelseid muinasjutte jutustada , mida mutter'gi talle kunagi rääkinud oli — seesama mutter , kes saabub kohe , kui Helmuth on tubli poiss ja kohe magama jääb ... 	ja ester olema kuidagi hüsteeria poiss maha rahustama|rahustanud ; olema suutma|suutnud tema uinutama , tema saksakeelne muinasjutt jutustama , mis mutter ’ gi tema kunagi rääkima|rääkinud olema - seesama mutter , kes saabuma kohe , kui Helmuth olema tubli poiss ja kohe magama jääma ...
131		 Mis oleks juhtunud , kui siin poleks olnud kedagi , kes saksa keeles lastega rääkida mõistaks ? 	mis olema juhtuma|juhtunud , kui siin olema olema|olnud keegi , kes saksa keel laps rääkima mõistma ?
131		 Ester oli ju kunagi Saksamaal au-pair'iks olnud , oskas saksa lastega ümber käia ; teadis , mida ja kuidas neile rääkida ... 	ester olema ju kunagi Saksamaa au-pair ’ iks olema|olnud , oskama saksa laps ümber käima ; teadma , mis ja kuidas see rääkima ...
131		 Jah , see oli puhas õnn , et just Ester oli täna öösel valves olnud . 	jah , see olema puhas õnn , et just ester olema täna öösel valve olema|olnud .
131		 Puhas õnn , et Barbara pealelõunal helistas ja ... 	puhas õnn , et Barbara pealelõuna helistama ja ...
131		 Kurat , kes selliseid imelisi asju küll korraldab ? 	kurat , kes selline imeline asi küll korraldama ?
132		" "" Ja siis ma ütlesin talle , et ... "" "	""" ja siis mina ütlema tema , et ... """
132		 Vanda kummardus Esteri kõrva juurde ja sositas oma pimedate pimekohtingu sensuaalseima hetke saladused sõbranna kõrva . 	Vanda kummarduma Ester|Esteri kõrv juurde ja sositama oma pime pimekohting sensuaalseim hetk saladus sõbranna kõrv .
132		 Hetkeks nad vakatasid , tõmbusid teineteisest eemale ja hakkasid siis ühel hetkel , nagu märguande peale naerma . 	hetk tema vakatama , tõmbuma teineteise eemale ja hakkama siis üks hetk , nagu märguanne peale naerma .
132		 Kahe naise naer põrkus lõkerdades vastu pargitiiki ja pahane pardiema kamandas pesakonna sellisest lärmakast kohast eemale . 	kaks naine naer põrkuma lõkerdama vastu pargitiik ja pahane pardiema kamandama pesakond selline lärmakas koha|koht eemale .
132		 Saiatükid jäid vette hulpima ja paremat püüdmisaega ootama . 	saiatükk jääma vesi hulpima ja parem püüdmisaeg ootama .
132		 See saabus varsti , sest naised suundusid juba edasi . 	see saabuma varsti , sest naine suunduma juba edasi .
133		" "" Vaarikajäätise lõhn , Ester . "	""" vaarikajäätis lõhn , ester ."
133		" Tunned ? "" "	"tundma ? """
134		" "" Ei . "	""" ei ."
134		" Aga ma usun , et sina tuuned . "" "	"aga mina uskuma , et sina tuunema . """
135		" "" Muidugi tunnen . "	""" muidugi tundma ."
135		" See tuleb sealt ... pärnade poolt . "" "	"see tulema sealt ... pärn poolt . """
136		 Ester ajas kaela õieli ja vaatas pargisisemusse . 	ester ajama kael õieli ja vaatama pargisisemus .
136		 Tõepoolest , pärnasalu taga oleks nagu midagi roosakat võbelenud . 	tõepoolest , pärnasalu taga olema nagu miski roosakas võbelema|võbelenud .
136		 Umbes sellist värvi on harilikult linnapargi jäätisemüüjate kärud . 	umbes selline värv olema harilikult linnapark jäätisemüüja käru .
137		" "" Teeme siis pealegi ühed jäätised , "" soostus ta . "	""" tegema siis pealegi üks jäätis , "" soostuma tema ."
137		" "" Mis kell ta sind ootab ? "" "	""" mis kell tema sina ootama ? """
138		" "" Pool kuus . "	""" pool kuus ."
138		 Aga ootab kasvõi üheksani . 	aga ootama kasvõi üheksa .
138		" Tead , tal pole üldse ajataju ja mina ei tea , kuidas ta oma asjadega hakkama saab ! "" "	"teadma , tema olema üldse ajataju ja mina ei teadma , kuidas tema oma asi hakkama saama ! """
139		 Ester hoidis Vandat käevangust , ent teine suundus juba juhtimatagi jäätisekäru poole . 	Ester hoidma Vanda käevang , ent teine suunduma juba juhtima jäätisekäru poole .
139		" "" Mul on nii hea meel , et sina oma asjadega hakkama saad , Vanda . "" "	""" mina olema nii hea meel , et sina oma asi hakkama saama , Vanda . """
140		" "" Oh , minu pärast ei tasu sul tõesti muretseda . "" "	""" oh , mina pärast ei tasuma sina tõesti muretsema . """
141		 Ester oli selles veendunud . 	ester olema see veenduma|veendunud .
141		 Kasvõi möödajalutavate meesterahvaste pilgud Vandale kinnitasid talle seda . 	kasvõi möödajalutav meesterahvas pilk vannas kinnitama tema see .
141		 Vanda oli miniseelikus — ta oli selle mõjust lugenud ning kindel , et Gregorio tunneb seda . 	Vanda olema miniseelik - tema olema see mõju lugema|lugenud ning kindel , et Gregorio tundma see .
141		 No ja kui ei tunne , siis Vanda räägib talle , mis tal seljas on ja kui see ka ei mõju , siis ... 	no ja kui ei tundma , siis Vanda rääkima tema , mis tema selg olema ja kui see ka ei mõjuma , siis ...
141		 Isegi Ester tundis tema keha malbet ja sooja hõngust . 	isegi ester tundma tema keha malbe ja soe hõngus .
141		 See jäine külmus oli kadunud . 	see jäine külmus olema kaduma|kadunud .
142		" "" Ma ei muretsegi . "	""" mina ei muretsema ."
142		" Lihtsalt passin peale , et sa hiljaks ei jääks . "" "	"lihtsalt passima peale , et sina hiljaks ei jääma . """
143		" "" Ma ei jää kunagi hiljaks . "" "	""" mina ei jääma kunagi hiljaks . """
143		 Nüüd limpsis Vanda juba jäätist . 	nüüd limpsima Vanda juba jäätis .
143		" "" Sa tulid siis haiglast ära ? "" "	""" sina tulema siis haigla ära ? """
144		" "" Jah . "" "	""" jah . """
145		" "" Miks ? "	""" miks ?"
145		" Või ma ei tohi küsida ? "" "	"või mina ei tohtima küsima ? """
146		 Parem , kui sa tõesti ei küsiks , Vanda . 	parem , kui sina tõesti ei küsima , Vanda .
146		" Aga ta vastas : "" Helmuthi pärast . "" "	"aga tema vastama : "" Helmuth pärast . """
147		" "" Helmuthi ? "" "	""" Helmuth ? """
148		" "" Nojah . "	""" nojah ."
148		" Sa ju mäletad teda ? "" "	"sina ju mäletama tema ? """
149		" "" Ähmaselt . "	""" ähmaselt ."
149		 Ma mäletan haigla-aega üldse kuidagi ähmaselt . 	mina mäletama haigla-aeg üldse kuidagi ähmaselt .
149		 Nagu poleks ma ise päriselt seal olnud . 	nagu olema mina ise päriselt seal olema|olnud .
149		 Aga Helmuth ... 	aga Helmuth ...
149		 Jah , ma mäletan , et keegi karjus ühel ööl , kui see võimas torm oli ... 	jah , mina mäletama , et keegi karjuma üks öö , kui see võimas torm olema ...
149		 Ja pärast vist räägiti temast kogu aeg . 	ja pärast vist rääkima tema kogu aeg .
149		" Aga ta sai vist enne mind terveks ? "" "	"aga tema saama vist enne mina terve ? """
150		" "" Jah , Vanda , sai küll ... "" "	""" jah , Vanda , saama küll ... """
150		 Ester vakatas äkki . 	ester vakatama äkki .
150		" "" Sa ütlesid , et siis , kui see torm oli . "	""" sina ütlema , et siis , kui see torm olema ."
150		" Aga kuidas sa teadsid , et torm oli ? "" "	"aga kuidas sina teadma , et torm olema ? """
150		 Külma- ja hirmutunne , mida ta nii sügavale mälusoppidesse toppis , tuli tagasi . 	külm ja hirmutunne , mis tema nii sügavale mälusopp toppima , tulema tagasi .
151		" "" Tuul undas ja ulus ju nagu meeletu ! "	""" tuul undama ja uluma ju nagu meeletu !"
151		 Seda ma mäletan . 	see mina mäletama .
151		" Ja siis hakkas üks poisihääl karjuma . "" "	"ja siis hakkama üks poisihääl karjuma . """
152		 Ester asetas sõnu väga ettevaatlikult ritta . 	ester asetama sõna väga ettevaatlikult rida .
152		 Oli midagi , mida ta pidi ja tahtis juba ammu Vanda käest küsida . 	olema miski , mis tema pidama ja tahtma juba ammu Vanda käsi küsima .
152		" "" See oli seesama öö , kui sa ütlesid , et Efraim ... "" "	""" see olema seesama öö , kui sina ütlema , et Efraim ... """
153		" "" Kes ? "" "	""" kes ? """
154		" "" Efraim . "	""" Efraim ."
154		 Sinu vend . 	sina vend .
154		" Ta suri noorelt ... "" "	"tema surema noorelt ... """
155		" "" Mul pole kunagi venda olnud , Ester . "" "	""" mina olema kunagi vend olema|olnud , ester . """
156		" "" Ei , sul oli ... "" "	""" ei , sina olema ... """
157		" "" Ester ! "" "	""" Ester ! """
157		 Vanda seisatas ja haaras tal käsivarrest . 	Vanda seisatama ja haarama tema käsivars .
157		" "" Ma ei mäleta oma haigusest palju . "	""" mina ei mäletama oma haigus palju ."
157		 Ja ma ei tahagi mäletada . 	ja mina ei tahtma mäletama .
157		 Ma võisin paljugi välja mõelda ... 	mina võima palju välja mõtlema ...
157		 Ma ju olen lugenud pimedate psühhiaatriaõpikuid — aju strukturaalsed anomaaliad põhjustavad haige meeltes tegelikkusele mittevastavaid ettekujutusi ja psühhoose ... 	mina ju olema lugema|lugenud pime psühhiaatriaõpik - aju strukturaalne anomaalia põhjustama haige meel tegelikkus mittevastav ettekujutus ja psühhoos ...
157		 Mul pole kunagi venda olnud ! 	mina olema kunagi vend olema|olnud !
157		" Ja sellist nime nagu Efraim , kuulen ma esimest korda ! "" "	"ja selline nimi nagu Efraim , kuulma mina esimene kord ! """
158		" "" Mida sa sellest poisihäälest mäletad ? "" küsis Ester . "	""" mis sina see poisihääl mäletama ? "" küsima ester ."
159		" "" Ta karjus . "	""" tema karjuma ."
159		 Midagi nagu 'vooost memuut' ... 	miski nagu ’ vooost memuut ’ ...
159		 Karjus pikalt . 	Karjus pikalt .
159		" Ma ei saanud sellest aru . "" "	"mina ei saama|saanud see aru . """
160		" "" Ta karjus Wo ist meine Mutter — see on saksa keeles . "	""" tema karjuma Wo ist meine mutter - see olema saksa keel ."
160		" Ta on ju saksalne . "" "	"tema olema ju saksalne . """
161		" "" Ma ei teadnudki , et sa oskad saksa keelt . "" "	""" mina ei teadma , et sina oskama saksa keel . """
162		 Jah , muidugi sa ei teadnud , mõtles Ester . 	jah , muidugi sina ei teadma|teadnud , mõtlema ester .
163		" "" Miks sa siis Helmuthi pärast haiglast ära tulid ? "	""" miks sina siis Helmuth pärast haigla ära tulema ?"
163		" Ta sai ju terveks ? "" "	"tema saama ju terve ? """
164		 Pargivärav oli juba lähedal . 	pargivärav olema juba lähedal .
164		" "" Sai terveks . "	""" saama terve ."
164		 Sel samal ööl , kui ta karjuma hakkas . 	see sama öö , kui tema karjuma hakkama .
164		" Sel ööl sain ma aru ... "" "	"see öö saama mina aru ... """
165		" "" Millest sa aru said ? "" "	""" mis sina aru saama ? """
166		 Ester kõhkles . 	ester kõhklema .
166		 Ei saanud olla , et Vanda midagi ei mäletaks ... 	ei saama|saanud olema , et Vanda miski ei mäletama ...
166		" "" Ta toodi tagasi , "" ütles ta siis ettevaatlikult . "	""" tema tooma tagasi , "" ütlema tema siis ettevaatlikult ."
166		" "" Efraimi ei toodud kunagi tagasi . "	""" Efraimi ei toodud|tooma kunagi tagasi ."
166		 Ta jäigi vahetatud lapseks ... 	tema jääma vahetama|vahetatud laps ...
166		" Vahetatud ei ela siin maailmas kaua . "" "	"vahetatu ei elama siin maailm kaua . """
167		" "" Vahetatud lapseks ? "" "	""" vahetama|vahetatud laps ? """
167		 Vanda raputas mõistmatuses pead . 	Vanda raputama mõistmatus pea .
168		 Ester otsis sõnu . 	ester otsima sõna .
168		" "" ... Changeling , wechselbag — ma ei tea , kuidas see meie keeles õieti on , Vanda . "	""" ... Changeling , wechselbag - mina ei teadma , kuidas see mina keel õieti olema , Vanda ."
168		 Nad vahetavad mõnikord lapsi — nemad , sealtpoolt , haldjad või kes iganes . 	tema vahetama mõnikord laps - tema , sealtpoolt , haldjas või kes iganes .
168		 Ja need vahetatud on ... sellised ... poolearulised , armetud koopiad . 	ja see vahetama|vahetatud olema ... selline ... poolearuline , armetu koopia .
168		 Aga Helmuthi tõid nad tagasi , sest ... 	aga Helmuth tooma tema tagasi , sest ...
168		 Ma ei teagi , miks . 	mina ei teadma , miks .
168		 Arvan , et Efraim korraldas selle kuidagi . 	arvama , et Efraim korraldama see kuidagi .
168		 Kauples enda vastu välja . 	kauplema ise vastu välja .
168		" Sa ei mäleta siis midagi , Vanda ? "" "	"sina ei mäletama siis miski , Vanda ? """
169		" "" Ei . "	""" ei ."
169		" Aga küllap see nii oli , kui sa ütled . "" "	"aga küllap see nii olema , kui sina ütlema . """
170		 Ester ohkas . 	ester ohkama .
170		" "" Ah , olgu peale . "	""" ah , olema peale ."
170		" Eks ma ajan mingit jama vist . "" "	"eks mina ajama mingi jama vist . """
171		 Pargiväraval seisis keegi koeraga mees . 	pargivärav seisma keegi koer mees .
171		 Vandat haistes hakkas labrador saba liputama ja peremehe käsi limpsima . 	Vanda haiste hakkama labrador saba liputama ja peremees käsi limpsima .
172		" "" Gregorio on siin , ootab sind juba , "" ütles Ester . "	""" Gregorio olema siin , ootama sina juba , "" ütlema Ester ."
173		 Vanda embas sõbrannat . 	Vanda embama sõbranna .
173		" "" Ma tundsin teda juba eemalt , tead , tal on selline naljakas lõhn , "" sõnas ta lõbusalt . "	""" mina tundma tema juba eemalt , teadma , tema olema selline naljakas lõhn , "" sõnama tema lõbusalt ."
174		" "" Ole siis tubli ! "" "	""" olema siis tubli ! """
174		 Ester suudles Vandat põsele . 	Ester suudlema Vanda põsk .
175		" "" Olen küll ! "	""" olema küll !"
175		 Tead , ta tõesti sobib mulle . 	teadma , tema tõesti sobima mina .
175		 Kuule ! 	kuulma !
175		" Aga , ma tahtsin sinult ka küsida , et kas ... "" "	"aga , mina tahtma sina ka küsima , et kas ... """
175		 Vanda kummardus Esterile lähemale ja sosistas midagi kõrva . 	Vanda kummarduma Esterile lähemale ja sosistama miski kõrv .
176		 Ester naeratas . 	ester naeratama .
176		" "" Ei , "" ütles ta . "	""" ei , "" ütlema tema ."
176		" "" Niipalju kui ma tean , pole selline pimedus päritav . "	""" niipalju kui mina teadma , olema selline pimedus päritav ."
176		 Aga laste eest tuleb hästi hoolt kanda , Vanda ! 	aga laps eest tulema hästi hool kandma , Vanda !
176		 Väga hästi . 	väga hästi .
176		" Tulgu lapsi teil palju ! "" "	"tulema laps sina palju ! """
177		" Ja Vanda vastas : "" Tead , ma arvan , et nad võivad tulla juba täna öösel . "" "	"ja Vanda vastama : "" teadma , mina arvama , et tema võima tulema juba täna öösel . """
