par_nr	head	sentence	lemmas
1	 Etendus punases teatris 	 Etendus punases teatris 	etendus punane teater
2		 Karen Orlau 	Karen Orlau
3		 Üle pika aja oli Laura end jälle teatrisse sundinud . 	üle pikk aeg olema Laura ise jälle teater sundima|sundinud .
3		 Ta polnud selles iialgi midagi teab mis köitvat leidnud — lihtsalt üks lisatingimus , mida tuli täita , ning aegajalt andis see teretulnud võimaluse mõnel koosviibimisel ülesvõetud kunstikajalisel jututeemal enese asjatundikkusest täit mõnu tunda . 	tema olema see iialgi miski teadma mis köitev leidma|leidnud - lihtsalt üks lisatingimus , mis tulema täitma , ning aegajalt andma see teretulnud võimalus mõni koosviibimine ülesvõetud kunstikajaline jututeema ise asjatundikkusene täis mõnu tundma .
3		 Oluliselt ebameeldivam oleks olnud vabandavalt naeratada , öeldes , et ei tea , ei ole näinud ... 	oluliselt ebameeldivam olema olema|olnud vabandavalt naeratama , ütlema , et ei teadma , ei olema nägema|näima|näinud ...
4		 Ainult et säärane elegantne valdamine — seisund , mida ta kõige enam nautis ning mis õhkus kõigest , mida ta tegi või ütles , isegi kõigest , mida ta ennast ümbritsema sättis — nõudis tüütut kulissidetagust tööd , enne kui sai rambivalgusesse astuda ning särada . 	ainult et säärane elegantne valdamine - seisund , mis tema kõige enam nautima ning mis õhkuma kõik , mis tema tegema või ütlema , isegi kõik , mis tema ise ümbritsema sättima - nõudma tüütu kulissidetagune töö , enne kui saama rambivalgus astuma ning särama .
4		 Ta tunnistas endale varjamata , et see oligi tema kunstilembuse võti — võibolla ei kaalunud see üles tõelist pühendumust , kuid andis siiski meeletu üleoleku nende suhtes , kel puudus piisavalt peen taju või kes olid piisavalt lihtsameelsed , et oma kunstimeelt või , jumal hoidku , lausa annet mitte viimistleda : kunstialane asjatundlikkus oli parim kuulsus , mida seltskonnainimene eales võis välja mõelda ja mis andis nende pahatihti hoopis materiaalsemale igapäevategevusele ülla metseenliku kuma . 	tema tunnistama ise varjamata , et see olema tema kunstilembus võti - võibolla ei kaaluma|kaalunud see üles tõeline pühendumus , kuid andma siiski meeletu üleolek see suhtes , kes puuduma piisavalt peen taju või kes olema piisavalt lihtsameelne , et oma kunstimeel või , jumal hoidma , lausa anne mitte viimistlema : kunstialane asjatundlikkus olema parim kuulsus , mis seltskonnainimene eales võima välja mõtlema ja mis andma tema pahatihti hoopis materiaalsem igapäevategevus üllas metseenlik kuma .
4		 Õnneks leidus siiski selliseid lihtsameelseid , kes iseenese vaimulõtvuse varjamiseks hädasti vajasid Laurat oma koosviibimisi kaunistama ... 	Õnneks leiduma siiski selline lihtsameelne , kes iseenese vaimulõtvus varjamine hädasti vajama Laura oma koosviibimine kaunistama ...
5		 Irooniliselt naeratades sammus ta punase vaibaga kaetud trepist üles , toetudes hoolitsetud sõrmeotstega vaid õige põgusalt poleeritud mahagonist käsipuule , mille pehmed juugendjooned näisid ta nõudliku käe puudutustele järele andvat . 	irooniliselt naeratama sammuma tema punane vaip kaema|kaetud|katma trepp üles , toetuma hoolitsema|hoolitsetud sõrmeots vaid õige põgusalt poleerima|poleeritud mahagon käsipuu , mis pehme juugendjoon näima tema nõudlik käsi puudutus järele andma .
5		 Bordoopunane kleit , mis pehmelt ta sihvaka keha kumerustele liibus , peitis sametvolangidesse siiski piisaval määral salapära . 	bordoopunane kleit , mis pehmelt tema sihvakas keha kumerus liibuma , peitma sametvolang siiski piisav määr salapära .
5		 See oli just selle teatri kleit ning kiire kõrvalpilk fuajeepeeglisse kinnitas , kui hästi see sobib talle ja kui hästi sobib kogu teater tema kleidiga — laitmatult . 	see olema just see teater kleit ning kiire kõrvalpilk fuajeepeegel kinnitama , kui hästi see sobima tema ja kui hästi sobima kogu teater tema kleit - laitmatult .
5		 Punane teater oli ideaalne taust ta rõhutatult mariastuartlikule tualetile — üks neid elevusttekitavalt mitmetähenduslikke vihjeid , mida Laura lihtsalt mängu ilu pärast teha armastas . 	punane teater olema ideaalne taust tema rõhutatult mariastuartlik tualett - üks see elevusttekitavalt mitmetähenduslik vihje , mis Laura lihtsalt mäng ilu pärast tegema armastama .
6		 Livrees lakei avas kummardades loozhi ukse , saades tänutäheks mõõdetud annuse naeratust . 	livree lakei avama kummardama loozh uks , saama tänutäheks mõõdetud|mõõtma annus naeratus .
7		 Enne kui tuled hämardusid ja raske tumepunane lavakardin tõusis , jõudis Laura ennast sisse seada sama mugavalt nagu elupõline diivanikass . 	enne kui tuli hämarduma ja raske tumepunane lavakardin tõusma , jõudma Laura ise sisse seadma sama mugavalt nagu elupõline diivanikass .
7		 Kuna tegemist oli trupiga , kes esines suurel laval esimest korda , kavatses ta algavat vaatust tähelepanelikult jälgida , et valida oma hinnangule niiöelda selgroog , kaks järgmist vaatust ei olnud nii olulised , neid oli vaja eelkõige nüansside väljatöötamiseks . 	kuna tegemine olema trupp , kes esinema suur lava esimene kord , kavatsema tema algav vaatus tähelepanelikult jälgima , et valima oma hinnang niiöelda selgroog , kaks järgmine vaatus ei olema|olnud nii oluline , see olema vaja eelkõige nüanss väljatöötamine .
8		 Esialgu valitses laval vaikus . 	esialgu valitsema lava vaikus .
8		 Veidi diletantlik trikk — tõenäoliselt oli tegemist ikkagi küündimatu etendusega ... 	veidi diletantlik trikk - tõenäoliselt olema tegemine ikkagi küündimatu etendus ...
8		 Lavakujundus oli siiski küllalt uudne , ehkki vaikus venis pikemaks kui väljapakutud sümbolitemängu mõistmiseks vajalik . 	lavakujundus olema siiski küllalt uudne , ehkki vaikus venima pikem kui väljapakutud sümbolitemäng mõistmine vajalik .
9		 Laval laius kõrb — valged üksluised liivaluited ning taamal , silmapiiril kättesaamatult kauge oaas . 	lava laiuma kõrb - valge üksluine liivaluide ning taamal , silmapiir kättesaamatult kauge oaas .
9		 Või siis petlik peegeldus , miraazh . 	või siis petlik peegelduma , miraazh .
9		 Ülima lakoonilisuse taotlemine oli taas vääratus — see suund oli juba aegunud , kaks hooaega moest läinud ... 	ülim lakoonilisus taotlemine olema taas vääratus - see suund olema juba aeguma|aegunud , kaks hooaeg mood läinud|minema ...
10		 Laura muigas püüdlike provintslaste peale mõeldes ja suunas binokli esimestes ridades istuvale publikule . 	Laura muigama püüdlik provintslane peale mõtlema ja suund binokkel esimene rida istuv publik .
10		 Nagu alati , oli seal seekordki paar tuttavat nägu : otse vastu lava istus vabrikant Lintröm oma prouaga . 	nagu alati , olema seal seekord paar tuttav nägu : otse vastu lava istuma vabrikant Lintröm oma proua .
10		 Vaesed tõusikud — esimeses reas ... 	vaene tõusik - esimene rida ...
10		 Püha jumal , neil on seal ju sama mugav kui väikestel lastel söögilaua taga : ninaots ulatub vaevu üle lauaserva . 	püha jumal , see olema seal ju sama mugav kui väike|väikene laps söögilaud taga : ninaots ulatuma vaevu üle lauaserv .
10		" Laura teadis , mis vaheajal juhtub : proua Lintröm kohtub temaga juhuslikult , laseb kuuldavale paar hüüatust repertuaarist : "" Oo , keda ma näen , ka sina siin "" ja kutsub ta külla laupäevasele õhtusöögile , et tal oleks võimalus külalistele mitmeid kordi muuseas märku anda , et ta sõbranna Lauraga justnimelt teatris esietendusel kohtus . "	"Laura teadma , mis vaheaeg juhtuma : proua Lintröm kohtuma tema juhuslikult , laskma kuuldav paar hüüatus repertuaar : "" oo , kes mina nägema , ka sina siin "" ja kutsuma tema küla|küll laupäevane õhtusöök , et tema olema võimalus külaline mitu kord muuseas märk andma , et tema sõbranna Laura justnimelt teater esietendus kohus ."
10		 Põrgulikult lõbus ! 	põrgulikult lõbus !
10		 Tegelikult ülearugi lõbus - - Laura kaalus hetkeks , kas ta peaks arvestama võimalusega , et proua Lintrömile on juba ette kantud pikantne nali , mida Laura Sanderite soolaleivapeol endale vabrikandiproua kulul lubas . 	tegelikult ülearu lõbus - - Laura kaaluma hetk , kas tema pidama arvestama võimalus , et proua Lintrömile olema juba ette kandma|kantud pikantne nali , mis Laura Sander|Sanderite soolaleivapeo|soolaleivapidu ise vabrikandiproua kulul lubama .
10		 Ta tundis hetkelist ebamugavust ja otsustas Lintrömidest vähemalt sel õhtul eemale hoida . 	tema tundma hetkeline ebamugavus ja otsustama Lintrömi vähemalt see õhtu eemale hoidma .
10		 Samas käis nende juures söögil aga mitmeid mõjukaid inimesi ... 	samas käima tema juures söök aga mitu mõjukas inimene ...
10		 Olgu pealegi , hiljem vaatab , kuidas olukord kujuneb . 	olema pealegi , hiljem vaatama , kuidas olukord kujunema .
11		 Lavalt hakkas vaikselt kostma muusika — nukker idamaine flöödiviis — ning nähtavale ilmus valgesse kangasse mässitud kuju . 	lava hakkama vaikselt kostma muusika - nukker idamaine flöödiviis - ning nähtavale ilmuma valge kangas mässima|mässitud kuju .
11		 Ühes käes kandis ta korvi puuviljadega , teises karikat veiniga . 	üks käsi kandma tema korv puuvili , teine karikas vein .
11		 Ta sammus aegamisi üle valgete liivaluidete oaasini , seadis seal oma kandami hoolikalt maha , nagu valmistaks einet ette ja jäi siis veesilma kaldal kasvavate lopsakate puude varju seisma . 	tema sammuma aegamisi üle valge liivaluide oaas , seadma seal oma kandam hoolikalt maha , nagu valmistama eine ette ja jääma siis veesilm kallas kasvav lopsakas puu|puue vari seisma .
11		 Flöödiviis muutus tungivamaks , rahutumaks , ning lõikavalt sillerdavate helide saatel ilmus lavale teinegi tegelane : musta ürpi mässitud deemon , kes märgistas oma teed kuldse sauaga liivale lilli joonistades . 	flöödiviis muutuma tungivam , rahutum , ning lõikavalt sillerdav heli saatel ilmuma lava teine tegelane : must ürp mässima|mässitud deemon , kes märgistama oma tee kuldne sau liiv lill joonistama .
12		 Laura lõi pea selga ja pahvatas hääletult naerma . 	Laura looma|lööma pea selg ja pahvatama hääletult naerma .
12		 Oh , provintslased , milline hale allegooria ! 	oh , provintslane , milline hale allegooria !
12		 Nüüd peaks ilmuma ka kolmas tegelane — õnnetu eksinud inimhing , kes deemoni joonistatud lillede järgi kõnnib ja iial oaasini ei jõua ... 	nüüd pidama ilmuma ka kolmas tegelane - õnnetu eksima|eksinud inimhing , kes deemon joonistama|joonistatud lill järgi kõndima ja iial oaas ei jõudma ...
12		 Ta turtsatas rahulolevalt , sest kohe astuski lavale kolmas figuur : väsinud rändaja — kes püüdis liivale joonistatud lilli korjata . 	tema turtsatama rahulolevalt , sest kohe astuma lava kolmas figuur : väsima|väsinud rändaja - kes püüdma liiv joonistama|joonistatud lill korjama .
13		 Jaa , kujunditel ei olnud ju väga vigagi , kuid sellest piisas vaid viieks minutiks ja mitte kauemaks , sest kõik ülejäänu oli sadu kordi läbikäidud teema : rändur , pimestatud tühiste väärtuste ilust , jõuab deemonit jälgides hukkumise äärele , kuid saab mingi ime läbi valgustatud ning leiab lõpuks ikkagi oaasi ... 	jaa , kujund ei olema|olnud ju väga viga , kuid see piisama vaid viis minut ja mitte kauem , sest kõik ülejäänu olema sada kord läbikäidud teema : rändur , pimestama|pimestatud tühine väärtus ilu , jõudma deemon jälgima hukkumine äär , kuid saama mingi ime läbi valgustama|valgustatud ning leidma lõpuks ikkagi oaas ...
13		 Laura suunas binokli otsustavalt publikule . 	Laura suund binokkel otsustavalt publik .
14		 Ta uuris hindaval pilgul , millised kleidid esirea daamidel seljas on — lava valguses olid need küllalt hästi näha — peatus viivuks mõnel elegantsemal soengul ning uuris siis rõdu vasakut tiiba . 	tema uurima hindav pilk , milline kleit esirida daam selg olema - lava valgus olema see küllalt hästi nägema - peatuma viiv mõni elegantsem soeng ning uurima siis rõdu vasak tiib .
14		 Milline ülevoolav dekoltee oli sellel sinises kleidis daamil ! 	milline ülevoolav dekoltee olema see sinine kleit daam !
14		 Kuigi ... jaa ... 	kuigi ... jaa ...
14		 Laurale endale võinuks selline lõige siiski sobida . 	Laura ise võima selline lõige siiski sobima .
14		 Aga mitte mingil juhul nii lopsakale figuurile ! 	aga mitte mingi juht nii lopsakas figuur !
14		 Ülearu volüümikad naised olid naeruväärsed . 	ülearu volüümikas naine olema naeruväärne .
14		 Rõdul laiutav lihav blondiin tuletas talle meelde ühte ta ammust sõbrannat — sellel naisel oli mingil tabamatul viisil sarnane hoiak kunagise saleda , efektse Eriniga , kellel lisaks tohutule juuksepahmakale ning sügavsinistele silmadele oli looduse poolt kaasa antud üks kontrollimatu nõrkus — tõeline magusaisu . 	rõdu laiutav lihav blondiin tuletama tema meel ühte tema ammust sõbranna - see naine olema mingi tabamatu viis sarnane hoiak kunagine sale , efektne Eriniga , kes lisa tohutu juuksepahmakas ning sügavsinine silm olema loodus poolt kaasa andma|antud üks kontrollimatu nõrkus - tõeline magusaisu .
14		 Tänu jumalale ! 	tänu jumal !
15		 Laura kunagine korterikaaslane Erin oli liiga ambitsioonikas , et tagaplaanile jääda . 	Laura kunagine korterikaaslane Erin olema liiga ambitsioonikas , et tagaplaan jääma .
15		 Talle ei piisanud sellestki , et olla Laura kõrval — ta tahtis enamat . 	tema ei piisama|piisanud|piiskama see , et olema Laura kõrval - tema tahtma enam .
15		 Ta lihtsalt sattus õigel ajal õigesse kohta — liiga hästi ettevalmistatud juhus , et tõepoolest juhuslik olla — ja seda paraku alati oma korterikaaslase arvelt . 	tema lihtsalt sattuma õige aeg õige kohta - liiga hästi ettevalmistatud juhus , et tõepoolest juhuslik olema - ja see paraku alati oma korterikaaslane arvelt .
15		 Peale seda , kui Erin Lauralt tema isikliku moefotograafi üle lõi , sai Laural mõõt täis . 	peale see , kui Erin Laura tema isiklik moefotograaf üle looma|lööma , saama Laura mõõt täis .
15		 Tal tekkis komme baarikappi ohtralt likööre ja shokolaadi varuks osta . 	tema tekkima komme baarikapp ohtralt liköör ja shokolaad varu ostma .
15		 Peale süütut algust shokolaadikommidega leidus külmkapis ikka mõni kreemikook , ja nii ei läinud kuigi kaua , kui Erin konkurendina enam arvesse ei tulnud . 	peale süütu algus shokolaadikomm leiduma külmkapp ikka mõni kreemikook , ja nii ei läinud|minema kuigi kaua , kui Erin konkurent enam arve ei tulema|tulnud .
15		 Ka fotograaf leidis endale uue muusa — veidi saledama ... 	ka fotograaf leidma ise uus muusa - veidi saledam ...
16		 Laura naeris tasakesi ning mõõtis blondi monstrumit pilkavalt . 	Laura naerma tasakesi ning mõõtma blond monstrum pilkavalt .
16		 Kui sarnane Erinile ... 	kui sarnane Erinile ...
16		 Imepeen võimalus , et tegemist oligi Eriniga — iseäranis kui ta kallis sõbranna oma nõrkusele endistviisi vastu ei suutnud panna ja üha enam kaalu kogus . 	imepeen võimalus , et tegemine olema Eriniga - iseäranis kui tema kallis sõbranna oma nõrkus endistviisi vastu ei suutma|suutnud panema ja üha enam kaal kogus .
17		 Ta heitis kiire kontrollpilgu lavale . 	tema heitma kiire kontrollpilk lava .
17		 Nagu võiski arvata , ei toimunud seal midagi üllatavalt — ootuspärased faustitõlgendused , kus rändur ja deemon sõpradena koos rändasid ning deemon kaaslasele liivast losse tegema õpetas . 	nagu võima arvama , ei toimuma|toimunud seal miski üllatavalt - ootuspärane faustitõlgendus , kus rändur ja deemon sõber koos rändama ning deemon kaaslane liiv loss tegema õpetama .
17		 Ei — publik oli igal juhul palju huvitavam . 	ei - publik olema iga juht palju huvitavam .
18		 Põrandal , keskmise rea vasakpoolses servas köitis üks kummaliselt tuttavlik nägu ta tähelepanu . 	põrand , keskmine rida vasakpoolne serv köitma üks kummaliselt tuttavlik nägu tema tähelepanu .
18		 Kes see võis küll olla ? 	kes see võima küll olema ?
18		 Tuttav ... aga kustkohast ometi ? 	tuttav ... aga kustkohast ometi ?
18		 Ta keeras binokli teravamaks ja vaatas hoolikamalt . 	tema keerama binokkel teravam ja vaatama hoolikamalt .
18		 Anton ? ! 	Anton ? !
18		 Jumal hoidku ... 	jumal hoidma ...
18		 Binoklit hoidev käsi vajus sülle ja ta sulges viivuks silmad , et end koguda . 	binokkel hoidev käsi vajuma süli ja tema sulgema viiv silm , et ise koguma .
18		 Lavalt kostev madal trummilöök pani ta võpatama , sest hetkelises segaduses ei suutnud ta ehmatavat häält etendusega seostada . 	lava kostev madal trummilöök panema tema võpatama , sest hetkeline segadus ei suutma|suutnud tema ehmatav hääl etendus seostama .
18		 Antonit ei olnud ta ... kaheksa aastat näinud ? 	Anton ei olema|olnud tema ... kaheksa aasta nägema|näima|näinud ?
18		 Süümepiinad lahvatasid hetkeks pinnale — Laura teadis , et ta ei olnud Antoniga just kõige ausamat mängu mänginud ... aga sel ajal ta ei saanud teisiti . 	süümepiin lahvatama hetk pind - Laura teadma , et tema ei olema|olnud Anton just kõige ausam mäng mängima|mänginud ... aga see aeg tema ei saama|saanud teisiti .
18		 Muidugi oli see sündsusetu , aga sellest oli õnneks nii palju aega möödas . 	muidugi olema see sündsusetu , aga see olema õnn nii palju aeg möödas .
18		 Pealegi ei läinud Anton siis ilmselt täiesti pankrotti , kui ta nüüd siin istub , nii kallis smoking seljas ? 	pealegi ei läinud|minema Anton siis ilmselt täiesti pankrot , kui tema nüüd siin istuma , nii kallis smoking selg ?
18		 Ja tänu Antonile on siin ka tema , nii et kõik läks ju tegelikult hästi ? 	ja tänu Anton olema siin ka tema , nii et kõik minema ju tegelikult hästi ?
19		 Peen muie vallutas ta suunurga ning ta heitis Antonile pika pilgu , enne kui binokli taas lavale pööras : muutuv muusika paelus ta tähelepanu . 	peen muie vallutama tema suunurk ning tema heitma Anton pikk pilk , enne kui binokkel taas lava pöörama : muutuv muusika paeluma tema tähelepanu .
19		 Endine lõbus flöödiviis , mis liivalosside ehitamist saatis , muutus kohati nukramaks . 	endine lõbus flöödiviis , mis liivaloss ehitamine saatma , muutuma kohati nukram .
19		 Lõbusad pealiskaudsed sillerdused vajusid vaikseks melanhooliaks , murdudes haripunktil taas kerglaseks eufooriliseks trallituseks , mis aga veel õhus püsiva meeleheitekõla tõttu võltsi ja pingutatuna tundus . 	lõbus pealiskaudne sillerdus vajuma vaikne melanhoolia , murduma haripunkt taas kerglane eufooriline trallitus , mis aga veel õhk püsiv meeleheitekõla tõttu võlts ja pingutatu tunduma .
20		 Lavale tuli tegelasi juurde : deemoni ja ränduri ehitatud liivakujud ärkasid ellu ning rändur moodustas neist endale saatjaskonna , rääkides kord ühe , kord teisega ning püüdes kaaslasi käest haarata . 	lava tulema tegelane juurde : deemon ja rändur ehitama|ehitatud liivakuju ärkama elu ning rändur moodustama tema ise saatjaskond , rääkima kord ühe , kord teine ning püüdma kaaslane käsi haarama .
20		 Liivakujud vastasid ränduri püüdlustele apaatselt ja sunnitult , nagu poleks kaks loojat neisse siiski õiget elusädet sisse suutnud puhuda . 	liivakuju vastama rändur püüdlus apaatselt ja sunnitult , nagu olema kaks looja see siiski õige elusäde sisse suutma|suutnud puhuma .
20		 Kui rändur eheda vastuse puudumist tunnetas , kõlasid muusikas nukrad noodid , kui ta taas uuele liivakujule eluvaimu sisse sai , lõikas pingutatult rõõmsameelne sillerdus taas läbi . 	kui rändur ehe vastus puudumine tunnetama , kõlama muusika nukker noot , kui tema taas uus liivakuju eluvaim sisse saama , lõikama pingutatult rõõmsameelne sillerdus taas läbi .
21		 Hetkeks jäi Laura liivakujusid silmitsema . 	hetk jääma Laura liivakuju silmitsema .
21		 Miski selles kujundis tabas teda valusamalt kui ta oleks oletada osanud . 	miski see kujund tabama tema valusamalt kui tema olema oletama osanud|oskama .
21		 Liivakujud , kellele rändur kuldehteid kaela riputas ja kirevaid kangaid ümber sättis ... 	liivakuju , kes rändur kuldehe kael riputama ja kirev kangas ümber sättima ...
21		 Laura kortsutas kulmu . 	Laura kortsutama kulm .
21		 Muusika puges hinge , kraapides pilkava tahtlikkusega hoolikalt unustatud haavu . 	muusika pugema hing , kraapima pilkav tahtlikkus hoolikalt unustama|unustatud haav .
21		 Laura lõvikorts kulmude vahel muutus järsult teravamaks ja ta suunas binokli publikule . 	Laura lõvikorts kulm vahel muutuma järsult teravam ja tema suunas binokkel publik .
22		 Ta häiritud , tegevust otsiv pilk libises üle Lintrömide ( vastumeelsusevärin jooksmas üle selja , kui ta seda kergemeelset nalja meenutas ) , lendas mööda Antonist ja Erinist , otsides midagi leevendavamat — soovides peatuda tähelepanuväärsetel tualettidel , stiilsematel soengutel või ... millelgi , mis ta vaimule värskemat tööd annaks . 	tema häirima|häiritud , tegevus otsiv pilk libisema üle Lintrömide ( vastumeelsusevärin jooksma üle selg , kui tema see kergemeelne nali meenutama ) , lendama mööda Anton ja Erin|Erini , otsima miski leevendavam - soovima peatuma tähelepanuväärne tualett , stiilsem soeng või ... miski , mis tema vaim värskem töö andma .
23		 Kas oli binokliklaas muutunud veidi uduseks või mõjus talle närvesöövalt pinev muusika , igatahes sulasid inimeste innukalt lava poole pööratud näod ilmetuteks valgeteks laikudeks ning Laurale tundus , nagu pööraks kord üks , kord teine silmad lavalt üles , tema loozhi poole , ning vaataks teda sama otse ja häbenemata , nagu vaadatakse loomaaias puuripistetud veidrat looma . 	kas olema binokliklaas muutuma|muutunud veidi udune või mõjuma tema närvesöövalt pinev muusika , igatahes sulama inimene innukalt lava poole pöörama|pööratud nägu ilmetu valge laik ning Laura tunduma , nagu pöörama kord üks , kord teine silm lava üles , tema loozh poole , ning vaatama tema sama otse ja häbenema , nagu vaatama loomaaed puuripistetud veider loom .
23		 Korraga näis talle , et ka need , kes pealtnäha etendust vaatasid , piilusid teda oma teraste hiiresilmadega ... 	korraga näima tema , et ka see , kes pealtnäha etendus vaatama , piiluma tema oma teras hiiresilm ...
23		 Hägused nimetud poolprofiilid , milles üks särav süsimust silm kõõritab üles , tema poole , ning mille varjatud näopoolelt parastav irvitus vägisi üle näo tahab venida . 	hägune nimetu poolprofiil , mis üks särav süsimust silm kõõritama üles , tema poole , ning mis varjama|varjatud näopool parastav irvitus vägisi üle nägu tahtma venima .
23		 Silmapette võikus oli halvav , kuid hetke pärast suutis ta ennast siiski kokku võtta . 	silmapete võikus olema halvav , kuid hetk pärast suutma tema ise siiski kokku võtma .
23		 Siiski värisesid ta käed veidi , kui ta binokliklaase puhastas . 	siiski värisema tema käsi veidi , kui tema binokliklaas puhastama .
23		 Veider ... veider muusika ja veider etendus . 	veider ... veider muusika ja veider etendus .
24		" Laval oli "" Inimliku tragöödia "" provintsivariatsioon jõudnud järgmisesse , esimesest hetkest peale etteaimatavasse faasi : ränduril oli nälg . "	"lava olema "" Inimlik tragöödia "" provintsivariatsioon jõudma|jõudnud järgmine , esimene hetk peale etteaimatav faas : rändur olema nälg ."
24		 Ta püüdis tühja kõhtu liivale joonistatud ja liivast mätsitud kookidega täita , kuid ühed kadusid sõrmede vahelt ja teised ei kõlvanud süüa . 	tema püüdma tühi kõht liiv joonistama|joonistatud ja liiv mätsima|mätsitud kook täitma , kuid üks kaduma sõrm vahelt ja teine ei kõlbama|kõlvanud sööma .
24		 Toiduotsinguil ligines rändur oaasile , kus valges rüüs kaitseingel teda kannatlikult ootas , kuid kuna deemon ja ta liivast vormitud kaaslased oaasi välja naersid ning pilkasid nii selle valvurit kui tema pakutavat toitu , siis naeris rändur nendega kaasa ja läks oaasist mööda . 	toiduotsing liginema rändur oaas , kus valge rüü kaitseingel tema kannatlikult ootama , kuid kuna deemon ja tema liiv vormima|vormitu|vormitud kaaslane oaas välja naerma ning pilkama nii see valvur kui tema pakutav toit , siis naerma rändur see kaasa ja minema oaas mööda .
25		 Laura haigutas ja tundis end piisavalt taastununa , et pilku saali heita . 	Laura haigutama ja tundma ise piisavalt taastunu , et pilk saal heitma .
25		 Ta piidles põranda hämaramates nurkades istujaid ning püüdis mõistatada , milliste inimestega on tegemist . 	tema piidlema põrand hämaram nurk istuja ning püüdma mõistatama , milline inimene olema tegemine .
25		 Nii või teisiti sarnanes igaüks kellegagi ... 	nii või teisiti sarnanema igaüks keegi ...
25		 Näiteks see vasakus reaservas istuv heledapäine apollolokkidega noormees , kellele ta valge tärgeldatud krae ilmselgelt ebamugavust valmistas , meenutas Laurale vägisi üht innukat maapoissi , kes arvas vist , et linnas leiab ta eest hoopis kõrgema inimliigi esindajad , ja kes oleks armunud ilmselt esimesesse ettejuhtuvasse vähegi sobilikku naisterahvasse — puhtjuhuslikult oli Laura see , kellele ta oma naiivse tuhina pühendas . 	näiteks see vasak reaserv istuv heledapäine apollolokk noormees , kes tema valge tärgeldama|tärgeldatud krae ilmselgelt ebamugavus valmistama , meenutama Laura vägisi üks innukas maapoiss , kes arvama vist , et linn leidma tema eest hoopis kõrgem inimliik esindaja , ja kes olema armuma|armunud ilmselt esimene ettejuhtuv vähegi sobilik naisterahvas - puhtjuhuslikult olema Laura see , kes tema oma naiivne tuhin pühendama .
25		 Ta oli oma värskuses veidi aega ju isegi lõbustav , aga pikapeale muutus ta rikkumatus lausa uskumatult tüütuks . 	tema olema oma värskus veidi aeg ju isegi lõbustav , aga pikapeale muutuma tema rikkumatus lausa uskumatult tüütu .
25		 Nii , et Laural polnud isegi mitte kahju ... 	nii , et Laura olema isegi mitte kahju ...
26		 Ta heitis lokkispäisele mänguasjale pika pilgu ja uitles edasi . 	tema heitma lokkispäine mänguasi pikk pilk ja uitlema edasi .
26		 Veidi mõttesse vajununa ei tabanud ta kõrv uusi kõlasid muusikas ega tajunud , et teatrisaalis toimus taas vaevumärgatav muutus . 	veidi mõte vajunu ei tabama|tabanud tema kõrv uus kõlama muusika ega tajuma|tajunud , et teatrisaal toimuma taas vaevumärgatav muutus .
27		 Oaasi ja kõrbe allegooria paelus ta mõtteid ... 	oaas ja kõrb|kõrve allegooria paeluma tema mõte ...
27		 Oaas ... jah , vaikne turvaline nurgake — tegelikult lihtsalt mannetu seisva veega tiik , kus saab ohutult elupäevade lõpuni loksuda . 	oaas ... jah , vaikne turvaline nurgake - tegelikult lihtsalt mannetu seisev vesi tiik , kus saama ohutult elupäev lõpp loksuma .
27		 Viinamarjad on hapud — seepärast tulebki too pööraselt põnev võitlustanner kõrbeks ristida ja mängida mängu , et tegelikult on see nii pööraselt paheline koht . 	viinamari olema hapu - seepärast tulema too pööraselt põnev võitlustanner kõrb|kõrve ristima ja mängima mäng , et tegelikult olema see nii pööraselt paheline koht .
27		 Paheline ? 	paheline ?
28		 Ta hajameelne pilk tabas viimastest ridadest ühe tuttava näo ... 	tema hajameelne pilk tabama viimane rida üks tuttav nägu ...
28		 Eneli ! 	Eneli !
28		 Vaikne leebe Eneli , kuidas oli ta tema nii kauaks unustanud ? 	Vaikne leebe Eneli , kuidas olema tema tema nii kauaks unustama|unustanud ?
28		 Muidugi ta teadis , kuidas ta lapsepõlvesõbranna nii kauaks unarusse on jätnud , kuid hetkeks tõi nii tuttava näo nägemine ta huulile pehme naeratuse . 	muidugi tema teadma , kuidas tema lapsepõlvesõbranna nii kauaks unarus olema jätma|jätnud , kuid hetk tooma nii tuttav nägu nägemine tema huul pehme naeratus .
28		 See kustus kiiresti peidetud ohkesse , sest ... ta mäletas hästi , kuidas oli pidanud valima Eneli ja selle seltskonna vahel , kuhu ta kuuluda tahtis . 	see kustuma kiiresti peidetud|peitma ohe , sest ... tema mäletama hästi , kuidas olema pidama|pidanud valima Enel|Eneli ja see seltskond vahel , kuhu tema kuuluma tahtma .
28		 Liiga totter oleks olnud jätta nii kaua ihaldatud eesmärk sinnapaika lihtsalt sellepärast , et lihtsameelsele sõbrannale lohutust pakkuda . 	liiga totter olema olema|olnud jätma nii kaua ihaldama|ihaldatud eesmärk sinnapaika lihtsalt sellepärast , et lihtsameelne sõbranna lohutus pakkuma .
28		 Igaüks peab oma jõududega hakkama saama . 	igaüks pidama oma jõud hakkama saama .
29		 Madal trummipõrin muutus üha pinevamaks . 	madal trummipõrin muutuma üha pinevam .
29		 Laura pilk libises üle viimase rea ning korraga jättis ta süda tõepoolest löögi vahele ja ta taskurätikut hoidev vasak käsi klammerdus loozhiserva punasesse sametisse , nii et teravad sõrmenukid valgeks tõmbusid . 	Laura pilk libisema üle viimane rida ning korraga jätma tema süda tõepoolest löök vahele ja tema taskurätik hoidev vasak käsi klammerduma loozhiserv punane samet , nii et terav sõrmenukk valge tõmbuma .
29		 Tagumises reas istus ema . 	tagumine rida istuma ema .
30		 Meeletu trummirütm lõppes kõrvulukustava löögiga ning äkilisele helile tahtmatult reageerides pööras Laura hetkeks pilgu lavale , vaatas mittemidaginägeva pilguga rändurit , kes oli ennast kuivanud oaasis raagus puu oksa külge poonud ning rippus seal nagu sügavaima meeleheite kehastus , deemon sealsamas kõrval istumas ja ootamas ... 	meeletu trummirütm lõppema kõrvulukustav löök ning äkiline heli tahtmatult reageerima pöörama Laura hetk pilk lava , vaatama mittemidaginägev pilk rändur , kes olema ise kuivama|kuivanud oaas raagus puu oks külge pooma|poonud ning rippuma seal nagu sügavaim meeleheide kehastus , deemon sealsamas kõrval istuma ja ootama ...
31		 Laval toimuvat vähimalgi määral teadvustamata vaatas Laura tagasi viimasesse ritta . 	lava toimuv vähim määr teadvustamata vaatama Laura tagasi viimane rida .
31		 Koht , kus ta oli näinud ... oli tühi . 	koht , kus tema olema nägema|näima|näinud ... olema tühi .
31		 Eneli ... 	Eneli ...
31		 Eneli ... 	Eneli ...
31		 Oli midagi , mille ta oli unustanud , mis oli äärmiselt tähtis , mis pidi meelde tulema ! 	olema miski , mis tema olema unustama|unustanud , mis olema äärmiselt tähtis , mis pidama meel tulema !
32		 Deemon kriiskas põrgulikult , haarates põgeneda püüdva hinge küünte vahele ning rebides vasturabelevat õrna olevust oma pikkade küüniste ja kihvadega , kuni ohvri meeletu rabelemine vaibus jõuetuks tukslemiseks . 	deemon kriiskama põrgulikult , haarama põgenema püüdev hing|hinge küüs vahele ning rebima vasturabelev õrn olevus oma pikk küünis ja kihv , kuni ohver meeletu rabelemine vaibuma jõuetu tukslemine .
32		 Siis kustus seegi . 	siis kustuma see .
32		 Rändur oli surnud . 	rändur olema surema|surnud .
32		 Surnud ... 	surema|surnud ...
33		 Laura surus taskuräti suule ja tormas loozhist välja , jättes lakei endale jahmunult järele vaatama . 	Laura suruma taskurätt suu ja tormama loozh välja , jätma lakei ise jahmunult järele vaatama .
33		 Ta jooksis laiast trepist alla nii kiiresti , kui suutis , ja ometi tundus see talle sama aeglasena nagu unenäos põgenemine — õhk tundus raskestiläbitava takistusena , käed ja jalad ahastamapanevalt jõuetutena , keskaegne kuningannakleit takistas jooksmast ... 	tema jooksma lai trepp alla nii kiiresti , kui suutma , ja ometi tunduma see tema sama aeglane nagu unenägu põgenemine - õhk tunduma raskestiläbitav takistus , käsi ja jalg ahastamapanevalt jõuetu , keskaegne kuningannakleit takistama jooksma ...
34		 Surnud ! 	surema|surnud !
34		 Eneli oli surnud . 	Eneli olema surema|surnud .
34		 Kuidas ta sai selle ära unustada ? ! 	kuidas tema saama see ära unustama ? !
34		 See väike musta raamiga kaart ta postkastis ... 	see väike must raam kaart tema postkast ...
34		 Matus , kuhu ta ei jõudnud — ema saatis talle küll mõned pildid , aga ta pani nad kuhugi ära ... kuhu , ei mäleta . 	matus , kuhu tema ei jõudma|jõudnud - ema saatma tema küll mõni pilt , aga tema panema tema kuhugi ära ... kuhu , ei mäletama .
34		 Seal ei olnudki õieti midagi erilist ... 	seal ei olema õieti miski eriline ...
34		 Tavaline matus ... 	tavaline matus ...
34		 Vastik sügisene ilm ... 	vastik sügisene ilm ...
34		 Raagus pärnad ... 	raagus pärn ...
34		 Elupuud ... 	elupuu ...
35		 Ta lõi teatri kõrge välisukse lahti ja hingas täie rinnaga värsket õhku . 	tema looma|lööma teater kõrge välisuks lahti ja hingama täis rind värske õhk .
35		 Lämbumisetunne leevenes pisut , kuid iha pageda oli endiselt tugev : teater oli nagu ahistav unenägu , millest tuli põgeneda , ennast teadvusele raputada , ärgata ... 	lämbumisetunne leevenema pisut , kuid iha pagema olema endiselt tugev : teater olema nagu ahistav unenägu , mis tulema põgenema , ise teadvus raputama , ärkama ...
35		 Ta laskis ukse enda järel kinni langeda ja jooksis kontsade klõbinal marmortrepist alla : sealsamas , üle tee seisis vaba takso — tema proosaline pääsemine . 	tema laskma uks ise järel kinni langema ja jooksma konts klõbinal marmortrepp alla : sealsamas , üle tee seisma vaba takso - tema proosaline pääsemine .
36		 Tugev tuulehoog lükkas raske teatriukse kõrvulukustava pauguga kinni just sel hetkel , kui Laura takso poole tormates otse kihutava auto ette jooksis . 	tugev tuulehoog lükkama raske teatriuks kõrvulukustav pauk kinni just see hetk , kui Laura takso poole tormama otse kihutav auto ette jooksma .
36		 Mustas ja niklis läikiv luksuslikult jõuline loom murdis ta kokku ja pühkis teelt kõrvale nagu rohukõrre . 	must ja nikkel läikiv luksuslikult jõuline loom murdma tema kokku ja pühkima tee kõrvale nagu rohukõrs .
36		 Ta jäi lumisele teeservale liikumatu punase laiguna lebama — punases kleidis , lahtirebitud soontest voolamas tumepunane veri . 	tema jääma lumine teeserv liikumatu punane laik lebama - punane kleit , lahtirebitud soon voolama tumepunane veri .
37		 Ümbritsev maailm muutus hämaraks , tänavalaternad , mis talle näkku särasid , tuhmusid , nagu paistaksid nad läbi sügava vee . 	ümbritsev maailm muutuma hämar , tänavalatern , mis tema nägu särama , tuhmuma , nagu paistma tema läbi sügav vesi .
37		 Õieti ta vajuski hämarasse sooja sügavasse vette . 	õieti tema vajuma hämar soe sügav vesi .
37		 Ka helid tuhmusid — loomulikult , sügavas vees neid ju ei kuule ... 	ka heli tuhmuma - loomulikult , sügav vesi see ju ei kuulma ...
37		 Pidurite krigin kostis õige kaugelt — kusagilt teisest maailmast ja teisest ajast , täiesti temassepuutumatult . 	pidur krigin kostma õige kaugelt - kusagilt teine maailm ja teine aeg , täiesti temassepuutumatult .
38		 Laura püüdis kõigest hingest taas selgelt mõtelda , ning mingil uskumatul moel see õnnestuski , kustuvate meelte kiuste . 	Laura püüdma kõik hing|hinge taas selgelt mõtlema , ning mingi uskumatu mood see õnnestuma , kustuv meel kiuste .
38		 Ta tajus , et lihtsam oleks lasta teadvuski unenäomaailma libiseda , et minna võimalikult valutult , peaaegu ükskõikselt üle piiri , kuid ta ei julgenud . 	tema tajuma , et lihtsam olema laskma teadvus unenäomaailm libisema , et minema võimalikult valutult , peaaegu ükskõikselt üle piir , kuid tema ei julgema|julgenud .
39		 Viimast korda sisse hingates jõudis temani kindel teadmine , et see , mida ta ootas , oligi käes . 	viimane kord sisse hingama jõudma tema kindel teadmine , et see , mis tema ootama , olema käsi .
39		 Imelühike hetk enne seda , kui too kummaline isikupära väljendus , mida ta senini oma igaveseks hingeks pidas , lõplikult pimedusse lahustus , sai ta jahmatava selgusega aru , et edasi ei tulegi enam mitte midagi . 	imelühike hetk enne see , kui too kummaline isikupära väljenduma , mis tema senini oma igavene hing|hinge pidama , lõplikult pimedus lahustuma , saama tema jahmatav selgus aru , et edasi ei tulema enam mitte miski .
39		 Absoluutselt midagi . 	absoluutselt miski .
39		 Eesootav halastamatu olematus oli nagu lõputu pimedus , iseenesestmõistetav ja igavene . 	eesootav halastamatu olematus olema nagu lõputu pimedus , iseenesestmõistetav ja igavene .
39		 Viimast korda välja hingates tundis Laura ühtaegu ängistavat hirmu ja samas tõelist , lausa lapsikult võidurõõmsat kergendust . 	viimane kord välja hingama tundma Laura ühtaegu ängistav hirm ja samas tõeline , lausa lapsikult võidurõõmus kergendus .
40		 Kustuva teadvuse tagasopis keerles mingi kummaline rahutus — oli midagi , mis jäi arusaamatuks , mingi lahendamata vasturääkivus selles tühjuses , millega ta silmitsi seisis , aga mis see küll oli ... ja miks ... küsimus kadus olematusesse enne , kui jõudis sündidagi . 	kustuv teadvus tagasopp keerlema mingi kummaline rahutus - olema miski , mis jääma arusaamatu , mingi lahendamata vasturääkivus see tühjus , mis tema silmitsi seisma , aga mis see küll olema ... ja miks ... küsimus kaduma olematus enne , kui jõudma sündima .
