par_nr	head	sentence	lemmas
1	 INETUSE KVINTESSENTS 	 INETUSE KVINTESSENTS 	inetus kvintessents
2		 Priit Uring 	Priit Uring
3	 Visioon 	 Visioon 	visioon
4		 Euroopa Liit muutub kaugemas tulevikus Euroopa Ühendriikideks ja Eestist koos Baltimaadega saab üks osariik , kes peab alluma föderatiivseadustele . 	Euroopa liit muutuma kaugem tulevik Euroopa Ühendriik ja Eesti koos Baltimaa saama üks osariik , kes pidama alluma föderatiivseadus .
4		 Eesti saab osariigi keskuseks . 	Eesti saama osariik keskus .
4		 Kujuneb välja rahvusvaheline finantshaide ja poliitikute eliit , hulgas ka mõned inimesed Eestist . 	kujunema välja rahvusvaheline finantshai ja poliitik eliit , hulgas ka mõni inimene Eesti .
4		 Neile kuulub pea kogu vara , mis Eestis üldse on . 	tema kuuluma pea kogu vara , mis Eesti üldse olema .
4		 Ülejäänud eesti rahvas muutub alamrahvaks nagu see toimus Ordu ja piiskoppide valitsemise ajal kolmeteistkümnendal sajandil . 	ülejäänud eesti rahvas muutuma alamrahvas nagu see toimuma ordu ja piiskop valitsemine ajal kolmeteistkümnes sajand .
4		 Meie maa ja vara ostetakse eliidi poolt kokku . 	mina maa ja vara ostma eliit poolt kokku .
4		 Ametlikuks keeleks kujuneb inglise keel , sest niinimetatud eestlasi on kogu eliidi hulgas väga vähe . 	ametlik keel kujunema inglise keel , sest niinimetatud eestlane olema kogu eliit hulgas väga vähe .
4		 Majanduslik pööre toimub sõja alguses umbes aastal 2026 , kui euroraha devalveerub . 	majanduslik pööre toimuma sõda algus umbes aasta 2026 , kui euroraha devalveeruma .
4		 Siis tekib samasugune majanduslik kaos nagu vene okupatsiooni ajal Nõukogude rubla devalveerumise puhul . 	siis tekkima samasugune majanduslik kaos nagu vene okupatsioon ajal nõukogu rubla devalveerumine puhul .
4		 Ja see pööre panebki aluse eestlaste maa ja varanduse lõplikule üleminekule rahvusvahelise eliidi kätte . 	ja see pööre panema alune|alus eestlane maa ja varandus lõplik üleminek rahvusvaheline eliit kätte .
4		 Suurem sõjaline tegevus algab umbes 2026. aastal nagu öeldud ja ühtlasi algab järgmine maailmasõda , millest ka eestlased peavad osa võtma , ehkki see otseselt Eestit ei puuduta . 	suurem sõjaline tegevus algama umbes 2026. aasta nagu öeldud|ütlema ja ühtlasi algama järgmine maailmasõda , mis ka eestlane pidama osa võtma , ehkki see otseselt Eesti ei puudutama .
4		 Eestisse jõuab sõjategevus alles 2050. aasta paiku . 	Eesti jõudma sõjategevus alles 2050. aasta paiku .
4		 Sõja eesmärk on islamimaade patriarhaalne kord segamini lüüa ja hävitada islamiusuliste ühiskonna alused , et Lääne eliit pääseks veelgi paremini ligi ka islamimaade maavaldustele ja saaks nende rikkused lõplikult omale krabada . 	sõda eesmärk olema islamimaa patriarhaalne kord segamini lööma ja hävitama islamiusuline ühiskond alune|alus , et Lääne|Lääs eliit pääsema veelgi paremini ligi ka islamimaa maavaldus ja saama tema rikkus lõplikult oma krabama .
4		 Sellel sõjal ei ole muid põhjusi . 	see sõda ei olema muu põhjus .
4		 Kõik toimub nii nagu toimusid viimased sõjad Afganistanis ja Iraagis . 	kõik toimuma nii nagu toimuma viimane sõda Afganistan ja Iraak .
4		 Eestis algas samasugune segaminilöömise protsess juba alates aastast 1208 , kui lääne kristlik eliit haaras vägivaldselt Eesti maad ja varandused endale ning eestlased muutusid oma kodumaal alamrahvaks . 	Eesti algama samasugune segaminilöömine protsess juba algama aasta 1208 , kui lääs kristlik eliit haarama vägivaldselt Eesti maa ja varandus ise ning eestlane muutuma oma kodumaa alamrahvas .
4		 Nüüd , tuhat aasta hiljem , kordub sama protsess tänapäevases variandis , sest kristliku eliidi asemele tuleb ametlikult väljakuulutatud ateistlik eliit , kes ise salajas ei olegi ateistid vaid pigem maagilised fatalistid . 	nüüd , tuhat aasta hiljem , korduma sama protsess tänapäevane variant , sest kristlik eliit asemele tulema ametlikult väljakuulutatud ateistlik eliit , kes ise salajas ei olema ateist vaid pigem maagiline fatalist .
5		 ( 2003 . 	( 2003 .
5		 a. augustis Iidla targa poolt Meistrile saadetud arvutiteksti refereering ) 	a . august Iidla tark poolt meister saadetud|saatma arvutitekst refereering )
6	 Riiete küsitavus ja laip 	 Riiete küsitavus ja laip 	riie küsitavus ja laip
7		 Jääb täiesti arusaamatuks , miks inimloomadele oli vaja aegade alguses riided selga toppida . 	jääma täiesti arusaamatu , miks inimloom olema vaja aeg algus riie selg toppima .
7		 Vaadake neid praeguseid tõukoeri , kellele on mõnikord ürbid ( püksid ja vest ) ümber aetud ja kes on selles küsimuses analoogideks . 	vaatama see praegune tõukoer , kes olema mõnikord ürp ( püks ja vest ) ümber aetud|ajama ja kes olema see küsimus analoog .
7		 Inetumat ja naljakamat ning ühtlasi ebaloomulikumat vaatepilti annab otsida . 	inetum ja naljakam ning ühtlasi ebaloomulikum vaatepilt andma otsima .
7		 Aga inimesed ise korraldavad koguni moenäitusi , kus demonstreeritakse , milliseid totrusi võib inetuse arvel meie normaalse algloomalikkusega korda saata . 	aga inimene ise korraldama koguni moenäitus , kus demonstreerima , milline totrus võima inetus arvel mina normaalne algloomalikkus kord saatma .
7		 Vastupidiselt tegelikkusele peetakse seda mitte ainult moodsaks vaid isegi ilusaks … Kuid eemaletõukav on surnud inimene – laip on laip , lõõritavad ka parafraseeritud populaarsed laulusõnad lööklaulu resoluutsusega Pärnu menuansambli Kuldne Trio esituses . 	vastupidiselt tegelikkus pidama see mitte ainult moodne vaid isegi ilus … kuid eemaletõukav olema surema|surnud inimene - laip olema laip , lõõritama ka parafraseerima|parafraseeritud populaarne laulusõna lööklaul resoluutsus Pärnu menuansambel kuldne Trio esitus .
8		 On tõesti raske uskuda proosalist tõsiasja , et riideid kantakse peamiselt selleks , et sooja saada . 	olema tõesti raske uskuma proosaline tõsiasi , et riie kandma peamiselt see , et soe saama .
9	 Madisepäeva eel 	 Madisepäeva eel 	madisepäev eel
10		 Oodakem ära iga-aastane sügise 21. september , siis saame taas ja taas oma nahal kogeda , millised võisid olla ligilähedasedki ilmastikuolud Olustvere ja Lõhavere ümbruses 787 aastat tagasi . 	ootama ära iga-aastane sügis 21. september , siis saama taas ja taas oma nahk kogema , milline võima olema ligilähedane ilmastikuolu Olustvere ja Lõhavere ümbrus 787 aasta tagasi .
10		 Igast kandist , mitmest maakonnast ja nii mõnestki kihelkonnast kogunes mehi juba päevi või isegi nädalaid varem , kuni neid sai kokku vähemalt 6000 ( kuus tuhat ) hinge nagu kroonik märgib , kui mitte rohkem . 	iga kant , mitu maakond ja nii mõni kihelkond kogunema mees juba päev või isegi nädal varem , kuni tema saama kokku vähemalt 6000 ( kuus tuhat ) hing nagu kroonik märkima , kui mitte rohkem .
10		 Neid saabus nii hobustel kui jalgsi . 	tema saabuma nii hobune kui jalgsi .
10		 Tulek võttis ju tõesti omajagu aega , ühel rohkem , teisel vähem , oleneb sellest , kust täpselt tulekut alustati ja millal tulema hakati . 	tulek võtma ju tõesti omajagu aeg , üks rohkem , teine vähem , olenema see , kust täpselt tulek alustama ja millal tulema hakkama .
11		 Eks seda hobusesõnnikutki vedeles igal pool rohkesti , kui eestlaste malev alles kogunes ja kasvas . 	eks see hobusesõnnik vedelema iga pool rohkesti , kui eestlane malev alles kogunema ja kasvama .
11		 Pidi ju heinugi kaasa võtma enne kui mindi lahingusse taplema iseenda ja isamaa eest . 	pidama ju hein kaasa võtma enne kui minema lahing taplema iseenese ja isamaa eest .
11		 Peatuspaigas aga sõid sajad suksud lisaks lagedaks nii veel viimaseid päevi haljendava sügisese rohumaa kui madalamad põõsad ümberringi . 	peatuspaik aga sööma sada suksu lisa lage nii veel viimane päev haljendav sügisene rohumaa kui madalam põõsas ümberringi .
11		 Kuus tuhat meestki pidid ju kükitama ja lasti seal nii vedelat kui paksu , sest nii mõnelgi oli kõht eelseisva lahingu tähenduse ja õuduste eelaimuste pärast lahti , nii et fekaalihais tahtis koguni hinge matta enne kui päris tapluses endas veriseks uhamiseks läks … See oli ka tegelikuks ekskrementpõhjuseks , miks kogu aeg ühe koha peal ei saadud paigal püsida vaid pidevalt ja aegamööda vahetas terve malev nagu mingi hiigelolend oma asupaika sadade meetrite ulatuses , jättes maha nii ratsude kui sõjameeste poolt täispasandatud , lagastatud ja lehkavad eelmised peatuskohad . 	kuus tuhat mees pidama ju kükitama|kükkima ja laskma seal nii vedel kui paks , sest nii mõni olema kõht eelseisev lahing tähendus ja õudus eelaimus pärast lahti , nii et fekaalihais tahtma koguni hing matma enne kui päris taplus ise verine uhamine minema … see olema ka tegelik ekskrementpõhjus , miks kogu aeg üks koha|koht peal ei saadud|saama paigal püsima vaid pidevalt ja aegamööda vahetama terve malev nagu mingi hiigelolend oma asupaik sada meeter ulatus , jätma maha nii ratsu kui sõjamees poolt täispasandatud , lagastama|lagastatud ja lehkama eelmine peatuskoht .
11		 Sestap tuli edasi nihkuda võimaluse korral vastutuult , et niimoodi tuulepealsest vähegi värskemat õhku kätte saada . 	sestap tulema edasi nihkuma võimalus korral vastutuul , et niimoodi tuulepealne vähegi värskem õhk käsi saama .
11		 Ja segunes seal tegelikult hobusehõng meeste higivine ja härjahaisuga , sest viimaseid kasutati heinte ja proviandi kaasavedamiseks kui vooriloomi . 	ja segunema seal tegelikult hobusehõng mees higivine ja härjahais , sest viimane kasutama hein ja proviant kaasavedamine kui vooriloom .
11		 Ka lisandus kogu buketile härjasita omalaadne lehk … Kõike seda saatsid lakkamatud hirnumised , korskamised , nohinad , inisemised , möirged , metallikõlksatused ja meeste jutukõmin või pobin , olenevalt sellest , mis päevaajaga tegemist oli . 	ka lisanduma kogu bukett härjasitt omalaadne lehk … kõik see saatma lakkamatu hirnumine , korskamine , nohin , inisemine , möire , metallikõlksatus ja mees jutukõmin või pobin , olenevalt see , mis päevaaeg tegemine olema .
11		 Öösiti lisandusid sellele tooni võrra vaiksemale kontserdile pimeduses põlevate lõkete praksumine , magavate meeste norskamine , peeretused ja muud unehäälitsused … Aga teada sai kõike seda vaid niiöelda seespool olija ehk osavõtja , sest maastiku vahelduv reljeef ja metsakohin varjasid kõik nähtu ja kuuldu juba mõnesaja meetri kaugusel ja versta võrra eemal polnud kõigest sellest enam kuulda ega näha ei kippu ega kõppu … 	öösiti lisanduma see toon võrra vaiksem kontsert pimedus põlev lõke praksumine , magav mees norskamine , peeretus ja muu unehäälitsus … aga teadma saama kõik see vaid niiöelda seespool olija ehk osavõtja , sest maastik vahelduv reljeef ja metsakohin varjama kõik nähtu ja kuuldu juba mõnisada meeter kaugusel ja verst võrra eemal olema kõik see enam kuulma ega nägema ei kipp ega kõpp …
12		 Nõnda läksid esivanemad vastu 21. septembrile 1217 ( kahekümne esimesele septembrile tuhat kakssada seitseteist ) , mil Madisepäeva tolleaegses suurimas välilahingus löödi halastamatu järjekindlusega tunde väldanud käsitsivõitluse käigus maha Sakala maavanem Lembitu . 	nõnda minema esivanem vastu 21. september 1217 ( kakskümmend esimene september tuhat kakssada seitseteist ) , mil madisepäev tolleaegne suurim välilahing lööma halastamatu järjekindlus tund väldanud|vältama käsitsivõitlus käigus maha Sakala maavanem Lembit .
12		 Meie rahvuslik hull luuletaja Mart Raud kirjutas kahekümnenda sajandi keskel tagantjärgi selle kohta , et raudkatk üle mandri ja väinajää viis laiali vabadust surmava risti ja raiuti Lembitu julge pää . 	mina rahvuslik hull luuletaja Mart raud kirjutama kahekümnes sajand keskel tagantjärgi see kohta , et raudkatk üle mander|manner ja väinajää viima laiali vabadus surmav rist|risti ja raiuma Lembit julge pää .
12		 Just nii võetigi maha selle mehe ülemine nupp , kelle kohta TV-3 miljonimängu saatejuht Hans Võrokene täiesti ajuvabalt märkis eelmise aasta ühes ajalooteemalises saatelõigus , et see oli siis tookord sellele oinale Mihklipäevaks . 	just nii võtma maha see mees ülemine nupp , kes kohta TV-3 miljonimäng saatejuht Hans Võrokene täiesti ajuvabalt märkima eelmine aasta ühes ajalooteemaline saatelõik , et see olema siis tookord see oinas mihklipäev .
12		 Vähemalt mõni saadet jälginud inimene kutsub tollest õhtust alates iga kord saatejuhti uue nimega ja selleks on Oinas … 	vähemalt mõni saade jälgima|jälginud inimene kutsuma too õhtu alates iga kord saatejuht uus nimi ja see olema oinas …
13	 Ai linna juhtum 	 Ai linna juhtum 	ai linn juhtum
14		 Ja ühe päevaga löödi seal maha 12 ( kaksteist ) tuhat inimest , noori ja vanu , naisi ja lapsi , vigaseid ja terveid , sõdijaid ja tsiviilisikuid . 	ja üks päev lööma seal maha 12 ( kaksteist ) tuhat inimene , noor ja vana , naine ja laps , vigane ja terve , sõdija ja tsiviilisik .
14		 See teeb 500 ( viissada ) inimest tunnis ja 8,333 inimest minutis . 	see tegema 500 ( viissada ) inimene tund ja 8,333 inimene minut .
14		 Iga kustuva isiku kohta tuleb seega tapaprotseduuri kestuseks keskmiselt seitse ja pool sekundit . 	iga kustuv isik kohta tulema seega tapaprotseduur kestus keskmiselt seitse ja pool sekund .
14		 Tegelikult käis asi palju kiiremini , sest siinse arvestuse aluseks on võetud ööpäev , aga tapatööd tehti vähem kui ööpäev , sest lahing algas varahommikul . 	tegelikult käima asi palju kiiremini , sest siinne arvestus alune|alus olema võetud|võtma ööpäev , aga tapatöö tegema vähem kui ööpäev , sest lahing algama varahommik .
14		 Ja lõppes õhtul . 	ja lõppema õhtu .
14		 Kõik see toimus Vana Testamendi aegadel ja hävitamisele läks juba teine linn pärast juutide poolt Jordani jõe otsustavat forsseerimist . 	kõik see toimuma vana testament aeg ja hävitamine minema juba teine linn pärast juut poolt Jordan|Jordani jõgi otsustav forsseerimine .
14		 Esimene oli teatavasti Jeeriko ja see tehti hoopistükkis tümaks , aga seal mättasse löödute arvu piiblist ei leia . 	esimene olema teatavasti Jeeriko ja see tegema hoopistükkis tüma , aga seal mätas löödud arv piibel ei leidma .
14		 Küll aga märgitakse juba eelmainitud teise tolleaegse asustatud punkti elanike arvuks ja ühtlasi mahalöödute arvuks kaksteist tuhat . 	küll aga märkima juba eelmainitud teine tolleaegne asustama|asustatud punkt elanik arv ja ühtlasi mahalöödud arv kaksteist tuhat .
14		 Selle linna nimi oli Ai . 	see linn nimi olema ai .
14		 Kas nüüd sobiks juudirahvale meenutada ja meelde tuletada : 	kas nüüd sobima juudirahvas meenutama ja meel tuletama :
15		 “ Aivai , aivai ! 	“ Aivai , aivai !
15		 Mida te küll tegite algaegadel kohe pärast Pühale Maale jõudmist Ai linnaga ja selle elanikega ? 	mis sina küll tegema algaeg kohe pärast püha maa jõudmine ai linn ja see elanik ?
15		 Lõite kõik viimseni maha ! 	looma|lööma kõik viimseni maha !
15		 Oh seda inetust ja õudu , mis taolisi võite saata võib ! ” 	oh see inetu ja õud , mis taoline võit saatma võima ! ”
16	 Argipäev imeilusal sinisel planeedil 	 Argipäev imeilusal sinisel planeedil 	argipäev imeilus sinine planeet
17		 Punases rüüs elus ja täie teadvuse juures keskealine kinniseotud kätega põlvitav meessoost abitu pantvang lükati kusagil Iraagis suletud ruumis ( mitte looduslikus keskkonnas ) mustas riides ja näomaskiga mehe poolt pikali ja lükkaja nüsis tal pea suure terava noaga maha – selleks läks aega 32 ( kolmkümmend kaks ) sekundit ja seda suhtelist kiirust on meediakanalites millegipärast rõhutatud . 	punane rüü elu ja täis teadvus juures keskealine kinniseotud käsi põlvitav meessugu abitu pantvang lükkama kusagil Iraak suletud|sulgema ruum ( mitte looduslik keskkond ) must riie ja näomask mees poolt pikali ja lükkaja nüsima tema pea suur terav nuga maha - see minema aeg 32 ( kolmkümmend kaks ) sekund ja see suhteline kiirus olema meediakanal millegipärast rõhutama|rõhutatud .
17		 Eksekutsioon talletati videokaameraga ja seda näitasid maailma telesaatejaamad üle kogu meie imeilusa sinise planeedi . 	eksekutsioon talletama videokaamera ja see näitama maailm telesaatejaam üle kogu mina imeilus sinine planeet .
17		 Neli ülejäänud näomaskides mustas rüüs meest vaatasid seda võigast toimingut suure huviga kohapeal vahetult pealt . 	neli ülejäänud näomask must rüü mees vaatama see võigas toiming suur huvi kohapeal vahetult pealt .
18		 Eesti Raadiost kuuldus samal septembripäeval kella 14.45 paiku saade , mille käigus hästikoolitatud meeshääl teatas : 	Eesti raadio kuulduma sama septembripäev kell 14.45 paiku saade , mis käigus hästikoolitatud meeshääl teatama :
19		 “ Tuleb kõigile seda mõistuslikult selgitada … ” Lõpetuseks tuletas diktor meelde , et saate nimetus on “ Argipäev . ” 	“ tulema kõik see mõistuslikult selgitama … ” lõpetus tuletama diktor meel , et saade nimetus olema “ argipäev . ”
20	 Noad keldris 	 Noad keldris 	nuga kelder
21		 Vargad olid ta omal ajal õnnestunult erastatud linnakorteri keldriboksi sisse murdnud ja viinud ära esemeid kaugelt rohkem kui viie tuhande krooni väärtuses . 	varas olema tema oma aeg õnnestunult erastama|erastatud linnakorter keldriboks sisse murdma|murdnud ja viima|viinud ära ese kaugelt rohkem kui viis tuhat kroon väärtus .
21		 Läinud olid sõiduauto suvekummid , uued kalamehekummikud ja kõik ta kalapüügiriistad , mis ootasid kevadise püügihooaja algust . 	läinud|minema olema sõiduauto suvekumm|suvekummi , uus kalamehekummik ja kõik tema kalapüügiriist , mis ootama kevadine püügihooaeg algus .
21		 Politseisse ta varguse kohta avaldust ei esitanudki , olles veendunud , et see on mõttetu , kuna politsei nii väikeste vargusasjadega ei tegele . 	politsei tema vargus kohta avaldus ei esitama , olema veenduma|veendunud , et see olema mõttetu , kuna politsei nii väike|väikene vargusasi ei tegelema .
21		 Pealegi oleks nad teda ennast süüdistama hakanud , et miks teil nii lihtne lukk keldri välisuksel on ja miks teil nii viletsalt lukustatud keldriboks on . 	pealegi olema tema tema ise süüdistama hakanud|hakkama , et miks sina nii lihtne lukk kelder välisuks olema ja miks sina nii vilets lukustama|lukustatud keldriboks olema .
21		 Kahju hüvitamisest ei maksa rääkidagi , sest nii väikest kahju ei hakkaks kindlustuski hüvitama . 	kahi|kahju hüvitamine ei maksma rääkima , sest nii väike|väikene kahi|kahju ei hakkama kindlustusk hüvitama .
21		 Kuid pärast varguse avastamist ja keldriboksi luku parandamist tekkis tal keldri vastu tülgastus ja ta ei tahtnud sinna enam jalgagi tõsta . 	kuid pärast vargus avastamine ja keldriboks lukk parandamine tekkima tema kelder vastu tülgastuma ja tema ei tahtma|tahtnud sinna enam jalg tõstma .
21		 Muide , vargad olid jätnud vedelema keldri põrandale mitu pika teraga puupeaga kööginuga ja ta kujutas ette , mis siis oleks juhtunud , kui ta juhuslikult just kuriteo toimepanemise käigus oleks keldrisse läinud . 	muide , varas olema jätma|jätnud vedelema kelder põrand mitu pikk tera puupea kööginuga ja tema kujutama ette , mis siis olema juhtuma|juhtunud , kui tema juhuslikult just kuritegu toimepanemine käigus olema kelder läinud|minema .
21		 Siis tõenäoliselt ei vedelenuks need mitte keldri põrandal vaid oleks jäänud pärast torkamist otsapidi sügavale tema surnukehasse , mis oleks verest tühjaks jooksnuna avastatud võib olla alles järgmisel päeval , sest majaelanikel ei olnud tavaks keldris iga päev käia . 	siis tõenäoliselt ei vedelema see mitte kelder põrand vaid olema jääma|jäänud pärast torkamine otsapidi sügavale tema surnukeha , mis olema veri tühi jooksnu avastama|avastatud võima olema alles järgmine päev , sest majaelanik ei olema|olnud tava kelder iga päev käima .
22	 Ära I 	 Ära I 	ära I
23		 Ära joo sina viina 	ära jooma sina viin
24		 Ära joo sina õlut 	ära jooma sina õlu
25		 Ära käi nii tihti kõrtsides 	ära käima nii tihti kõrts
26		 Tore salm . 	tore salm .
26		 Ainult , et kõikidest äradest hoolimata on ta joonud nii viina kui õlut ja käinud tihti kõrtsides . 	ainult , et kõik ära hoolimata olema tema jooma|joonud nii viin kui õlu ja käima|käinud tihti kõrts .
26		 Ükskord sattus pärast kõrtsi sulgemist isegi kaklusse ja keegi lõi teda selja tagant peadpidi vastu paekiviseina , nii et otsaette tekkis mitme sentimeetri pikkune lahtine haav , kust voolas üle näo ja riiete ohtralt verd . 	ükskord sattuma pärast kõrts sulgemine isegi kaklus ja keegi looma|lööma tema selg tagant peadpidi vastu paekivine , nii et otsaette tekkima mitu sentimeeter pikkune lahtine haav , kust voolama üle nägu ja riie ohtralt veri .
26		 Vigastus õmmeldi hiljem traumapunktis ilma tuimestuseta kinni . 	vigastus õmblema hiljem traumapunkt ilma tuimestus kinni .
26		 Muuseas ta ei tundnud alkoholijoobe tõttu tõesti valu , välja arvatud esimene piste . 	muuseas tema ei tundma|tundnud alkoholijoove tõttu tõesti valu , välja arvama|arvatud esimene piste .
26		 Aga seegi oli täiesti talutav . 	aga see olema täiesti talutav .
26		 Mitte midagi üle mõistuse käivat . 	mitte miski üle mõistus käima .
26		 Traumapunktis lauale heites tundis ta hoopis jahmatavalt meeldivat lõõgastust . 	traumapunkt laud heitma tundma tema hoopis jahmatavalt meeldiv lõõgastus .
26		 Äkilise pingelanguse tõttu oli operatsioonilaual lebamine otsekui puhkuse eest . 	äkiline pingelangus tõttu olema operatsioonilaud lebamine otsekui puhkus eest .
27	 Ära II 	 Ära II 	ära II
28		 See naine , kes viina ei joo 	see naine , kes viin ei jooma
29		 On mulle armas 	olema mina armas
30		 Oh tuleks ta jah , jah , jah 	oh tulema tema jah , jah , jah
31		 Mind suudlema 	mina suudlema
32		 Seegi on tore salm . 	see olema tore salm .
32		 Aga ühtegi taolist naist ta oma elus ei ole seni kohanud . 	aga ühte taoline naine tema oma elu ei olema seni kohama|kohanud|kohtama .
32		 Kuid lootus sureb viimasena . 	kuid lootus surema viimane .
32		 Veel on aega . 	veel olema aeg .
32		 Ja pealegi on tal põues tõeline õhuke õhkkerge materialiseerunud lootus , mis mahub tengelpunga vahele , maksab 20 ( kakskümmend ) krooni ning kestab vähemalt 7 ( seitse ) päeva . 	ja pealegi olema tema põu tõeline õhuke õhkkerge materialiseeruma|materialiseerunud lootus , mis mahtuma tengelpung vahele , maksma 20 ( kakskümmend ) kroon ning kestma vähemalt 7 ( seitse ) päev .
32		 Kuni järgmise kolmapäevani , mil toimub Viking Loto iganädalane järjekordne loosimine , mille tulemusena avaneb tal lõpuks ometi võimalus saada miljonäriks . 	kuni järgmine kolmapäev , mil toimuma Viking Loto iganädalane järjekordne loosimine , mis tulemus avanema tema lõpuks ometi võimalus saama miljonär .
33	 Hommikute lahkumised 	 Hommikute lahkumised 	hommik lahkumine
34		 Ülimõnusaks järgnevuseks valmistudes , kuid siis hoopis äkki tekkinud tugevast jõuetusest kokku varisedes oli ta suikunud , suu vastu vähetuntud naise vulvat , mida ta ennist suudles . 	ülimõnus järgnevus valmistuma , kuid siis hoopis äkki tekkima|tekkinud tugev jõuetus kokku varisema olema tema suikuma|suikunud , suu vastu vähetuntud naine vulva , mis tema ennist suudlema .
34		 Lämbe suveöö , pummelunginõrkus ja sellest tingitud teadvusekadu niitis nad mõlemad põõsa alla pikali ning virgumine hommikul oli eelmisel päeval toimunud lausjoomise tõttu piisavalt häbiväärne . 	lämbe suveöö , pummelunginõrkus ja see tingima|tingitud teadvusekadu niitma tema mõlema põõsas alla pikali ning virgumine hommik olema eelmine päev toimuma|toimunud lausjoomine tõttu piisavalt häbiväärne .
34		 Aga üsa lõhnas tuttavalt koduselt ja naine oli toibudes lükanud mehe näo tasakesi oma paremale kintsule ning seejärel bikiinid üles tagasi tõmmanud . 	aga üsk lõhnama tuttav koduselt ja naine olema toibuma lükanud|lükkama mees nägu tasakesi oma parem kints ning seejärel bikiinid üles tagasi tõmbama|tõmmanud .
34		 Mehel olid silmad rähkas ja pea alles huugas eilsest ülemäärasest trimpamisest . 	mees olema silm rähka ja pea alles huugama eilne ülemäärane trimpamine .
34		 Ka mälus oli teatav lünk . 	ka mälu olema teatav lünk .
35		 Vähetuntud naine oli talle joomingu käigus imestunult maininud : 	vähetuntud naine olema tema jooming käigus imestunult mainima|maininud :
36		 “ Kuidas sa sellise tundliku hingega üldse mõistuse juures olla võid ! ” 	“ kuidas sina selline tundlik hing|hinge üldse mõistus juures olema võima ! ”
37		 “ Näe , olen ! ” vastas mees õlut peale rüübates . 	“ nägema , olema ! ” vastama mees õlu peale rüüpama .
38		 Nii saabusid hommikud oma igapäevase lahkumisega . 	nii saabuma hommik oma igapäevane lahkumine .
38		 Ärkamine ise on ju vaid unest eemaldumine . 	ärkamine ise olema ju vaid uni eemaldumine .
38		 Öine kuselkäimine näiteks polnud küll tõeline lahkumine vaid üksnes mingi vahevirge olek . 	öine kuselkäimine näide olema küll tõeline lahkumine vaid üksnes mingi vahevirge olek .
38		 Pimeduses kobas ta harjumuspäraselt mööblit , et millegagi kokkupõrkamata jõuda tualetti . 	pimedus kobama tema harjumuspäraselt mööbel , et miski kokkupõrkamata jõudma tualett .
38		 Isegi põietühjendamise ajaks ei süüdanud ta elektrit , et mitte meeldivast uneseisundist liiga kaugele eemalduda . 	isegi põietühjendamine aeg ei süüdanud|süütama tema elekter , et mitte meeldiv uneseisund liiga kaugele eemalduma .
39	 Eesti mehe päring turteltuvide asjus 	 Eesti mehe päring turteltuvide asjus 	Eesti mees päring turteltuvi asi
40		 Vaenupäevadki olid olemas , selles polnud kahtlust . 	Vaenupäev|Vaenupäevadki olema olema , see olema kahtlus .
40		 Naise puhul olid need seotud kuupuhastusega . 	naine puhul olema see seotud|siduma kuupuhastus .
40		 Kui see naisel algas , siis tundus nagu oleks abikaasa oma senise teadvusetaseme kaotanud ja kuhugi madalale langenud . 	kui see naine algama , siis tunduma nagu olema abikaasa oma senine teadvusetase kaotama|kaotanud ja kuhugi madal langema|langenud .
40		 Tema sooline kuuluvus oleks nagu ähmastunud neil päevil . 	tema sooline kuuluvus olema nagu ähmastuma|ähmastunud see päev .
40		 Ka oli naine kõik see aeg pahur ja vaenulik . 	ka olema naine kõik see aeg pahur ja vaenulik .
40		 Võiks isegi öelda , et naine oli lausa aldis tüli norima sellel ajal. 	võima isegi ütlema , et naine olema lausa aldis tüli norima see aeg .
40		 Ja seda tühiste asjade pärast . 	ja see tühine asi pärast .
40		 Kus on siis nüüd see võrdõiguslikkus , küsis mees endalt ja temas tekkis veendumus , et võrdõiguslikkust mehe ja naise vahel ei saagi olla , kui kumbki oma loomupäraseid kohustusi täidaks ja looduslikke suundumusi järgiks . 	kus olema siis nüüd see võrdõiguslikkus , küsima mees ise ja tema tekkima veendumus , et võrdõiguslikkus mees ja naine vahel ei saama olema , kui kumbki oma loomupärane kohustus täitma ja looduslik suundumus järgima .
40		 Vana Testamendi kohaselt on naine kuupuhastuse päevadel igal juhul roojane . 	vana testament kohaselt olema naine kuupuhastus päev iga juht roojane .
40		 Küsimus oli vaid tuvide ohverdamises … 	küsimus olema vaid tuvi ohverdamine …
41		 Seoses eelnevaga tegi mees teatmeteostest märkmeid ja väljakirjutusi : 	seoses eelnev tegema mees teatmeteos märge ja väljakirjutus :
42		 Feminism – poliitiliselt naiste ja meeste võrdseid õigusi taotlev naisliikumine ; meditsiiniliselt naiselike tunnuste esinemine mehel ; antonüüm – lingvistiline vastandsõna , näiteks soe - külm ; vastupidiselt sünonüüm on samatähenduslik sõna . 	feminism - poliitiliselt naine ja mees võrdne õigus taotlev naisliikumine ; meditsiiniliselt naiselik tunnus esinemine mees ; antonüüm - lingvistiline vastandsõna , näiteks soe - külm ; vastupidiselt sünonüüm olema samatähenduslik sõna .
42		 Antonüümipaar on märksõna koos oma vastandiga ( suur : väike ; vabastama : vangistama ) . 	antonüümipaar olema märksõna koos oma vastand ( suur : väike ; vabastama : vangistama ) .
42		 Vastandsõnu nimetatakse antonüümideks . 	vastandsõna nimetama antonüüm .
42		 Näiteks mees < - > naine . 	näide mees < - > naine .
42		 Illustreerivad laused : 	illustreerima lause :
43		 “ Poeg on juba meheks sirgunud . 	“ poeg olema juba mees sirguma|sirgunud .
43		 Tütar on juba naine mis naine . ” 	tütar olema juba naine mis naine . ”
44		 Mees : meeshing , meesinimene , meesterahvas , meeskodanik , mehepoeg , mehenäss , mehemürakas , mehenatuke , kangem pool , meesisik , meesolend , mehetükk \kõnekujund\ , tugevam pool , püksikandja \kõnekujund\ , harkjalg \kõnekujund\ . 	mees : meeshing , meesinimene , meesterahvas , meeskodanik , mehepoeg , mehenäss , mehemürakas , mehenatuke , kangem pool , meesisik , meesolend , mehetükk \ kõnekujund \ , tugevam pool , püksikandja \ kõnekujund \ , harkjalg \ kõnekujund \ .
44		 Naine : naisterahvas , naisisik , naisolend , naisinimene , naiskodanik , naishing , seelikukandja , põllekandja , naisolevus , õrnem pool . 	naine : naisterahvas , naisisik , naisolend , naisinimene , naiskodanik , naishing , seelikukandja , põllekandja , naisolevus , õrnem pool .
45		 Ovulatsioon – bioloogiliselt tähendab munaraku väljumist munasarjast . 	ovulatsioon - bioloogiliselt tähendama munarakk väljumine munasari .
45		 Naisisikutel . 	naisisik .
46		 Veel uuris ta aeg-ajalt loomuliku uudishimu tõttu Raamatute Raamatut . 	veel uurima tema aeg-ajalt loomulik uudishimu tõttu raamat raamat .
46		 Ja selgitaski välja , et Vana Testamendi 3. Moosese raamatu 15. peatükk kannab pealkirja “ Ihu ebapuhtusest ja korraldused selle kõrvaldamiseks ” ning seal öeldakse naise kuupuhastuse kohta järgmist : 	ja selgitama välja , et vana testament 3. Mooses raamat 15. peatükk kandma pealkiri “ ihk|ihu ebapuhtus ja korraldus see kõrvaldamine ” ning seal ütlema naine kuupuhastus kohta järgmine :
47		 19 . Ja kui naisel on voolus , ta ihust voolab verd , siis ta ei ole puhas seitse päeva ja igaüks , kes teda puudutab , on õhtuni roojane . 	19 . ja kui naine olema voolus , tema ihk|ihu voolama veri , siis tema ei olema puhas seitse päev ja igaüks , kes tema puudutama , olema õhtu roojane .
48		 28 . Aga kui naine saab puhtaks oma voolusest , siis ta lugegu seitse päeva ja pärast seda ta on puhas . 	28 . aga kui naine saama puhas oma voolus , siis tema lugema seitse päev ja pärast see tema olema puhas .
49		 29 . Ja kaheksandal päeval ta võtku enesele kaks turteltuvi või kaks muud tuvi ja viigu need preestrile kogudusetelgi ukse juurde . 	29 . ja kaheksas päev tema võtma ise kaks turteltuvi või kaks muu tuvi ja viima see preester kogudusetelk uks juurde .
50		 30 . Ja preester ohverdagu üks neist patuohvriks ja teine põletusohvriks ning preester toimetagu tema eest lepitust Jehoova ees ta ebapuhta vooluse pärast . ” 	30 . ja preester ohverdama üks tema patuohver ja teine põletusohver ning preester toimetama tema eest lepitus Jehoova ees tema ebapuhas voolus pärast . ”
51		 Järeldused oma subjektiivsetest vaimsetest tähelepanekutest tegi ta niisugused : 	järeldus oma subjektiivne vaimne tähelepanek tegema tema niisugune :
52		 “ Seega on mees ja naine kui mõisted juba keeleliselt vastandid ja tegelikult on nad seda ka olenditena anatoomiliselt ja füsioloogiliselt . 	“ seega olema mees ja naine kui mõiste juba keeleliselt vastand ja tegelikult olema tema see ka olend anatoomiliselt ja füsioloogiliselt .
52		 Kust siis nende võrdsus ? ” 	kust siis tema võrdsus ? ”
53		 Oma linnu-uurimuse lõpetuseks oleks soovinud mees küsida kaasaegsetelt naistelt ja eriti neilt , kes pole teadlikud vanatestamentlikest käskudest-keeldudest , kuid on üle mõistuse moodsad ja emantsipeerunud : 	oma linnu-uurimus lõpetus olema soovima|soovinud mees küsima kaasaegne naine ja eriti tema , kes olema teadlik vanatestamentlik käskudest-keeld , kuid olema üle mõistus moodne ja emantsipeeruma|emantsipeerunud :
54		 “ Kus on teie turteltuvid või nende asendusained , mida peaksite igakuiste roojapäevade tõttu ohverdama kasvõi mõtteski , et saada kunagi uuesti vooruslikeks ? ” 	“ kus olema sina turteltuvi või tema asendusaine , mis pidama igakuine roojapäev tõttu ohverdama kasvõi mõte , et saama kunagi uuesti vooruslik ? ”
55		 Kahjuks pole kõnesoleval mehel tänase päevani õnnestunud oma päringut ühelegi adressaadile edastada . 	kahjuks olema kõnesolev mees tänane päev õnnestuma|õnnestunud oma päring üks adressaat edastama .
56	 Jaapani prelüüd 	 Jaapani prelüüd 	Jaapan prelüüd
57		 Ja kui ma kunagi leban kirstus , käed risti rinnal , siis kasvagu mu surnud niuetest välja kaks asja . 	ja kui mina kunagi lebama kirst , käsi risti rind , siis kasvama mina surema|surnud niue välja kaks asi .
57		 Üks on püha Fudzijama mägi ( muidugi vähendatud mõõtkavas , pigem müstilise kustunud pahaloomulise kasvajamudelina ) , millel otsas kobrutab valge pilvemütsike , nii ilus , nii ilus … Kui mälestus vulkaanist , mis iial enam ei purska sinitaeva taustal inetusi ja tuhvi , laavat ning tapvalt kuumi hõõguvaid spermapahvakuid . 	üks olema püha Fudzijama mägi ( muidugi vähendama|vähendatud mõõtkava , pigem müstiline kustuma|kustunud pahaloomuline kasvajamudel ) , mis ots kobrutama valge pilvemütsike , nii ilus , nii ilus … kui mälestus vulkaan , mis iial enam ei purskama sinitaevas taust inetus ja tuhv , laava ning tapvalt kuum hõõguv spermapahvak .
57		 Teine olgu püha lill krüsanteem , mille värvi jätaksin igaühe isikliku fantaasia otsustada . 	teine olema püha lill krüsanteem , mis värv jätma igaüks isiklik fantaasia otsustama .
57		 See õitsegu siis minu poolt viimast korda kõikidele olnud ja olevatele ning tulevastele geiÜadele … Või hoopis asetatagu mu laip kirstumõõtmelise akvaariumi esialgu ajutiselt puhtasse vette , kus laisa majesteetlikkusega ujuvad põhjast tõusvate pilkupüüdvate õhumulliridade vahel seni veel oma õndsas teadmatuses suured kopsakad nii pooleteisekilosed karpkalad nagu Tallinnas Sõpruse puiestee Citymarketis . 	see õitsema siis mina poolt viimane kord kõik olema|olnud ja olev ning tulevane geiÜa … või hoopis asetama mina laip kirstumõõtmeline akvaarium esialgu ajutiselt puhas vesi , kus laisk majesteetlikkus ujuma põhi tõusev pilkupüüdev õhumullirida vahel seni veel oma õnnis teadmatus suur kopsakas nii pooleteisekilone karpkala nagu Tallinn Sõprus|Sõpruse puiestee Citymarket .
57		 Just sedaliiki kalad , kes samuti on Jaapanis pühad olendid ja kes vääramatu aeglusega on määratud surema kui elavad pühendumused minu kunagisele kehale , mille keemilised lagunemisühendid vesikeskkonnast lõpuste kaudu neisse sisenedes nad paratamatult ära mürgitavad . 	just sedaliik kala , kes samuti olema Jaapan püha olend ja kes vääramatu aeglus olema määrama|määratu|määratud surema kui elav pühendumus mina kunagine keha , mis keemiline lagunemisühend vesikeskkond lõpus kaudu see sisenema tema paratamatult ära mürgitama .
57		 Nii saavad nad ohvriks mu isikliku inetuse kvintessentsile ja kaunisõnaliseks sissejuhatuseks pikaajalisele Surmaseisundile . 	nii saama tema ohver mina isiklik inetus kvintessents ja kaunisõnaline sissejuhatus pikaajaline surmaseisund .
57		 Sellest alates on mul au olla teie endine laip . 	see alates olema mina au olema sina endine laip .
