par_nr	head	sentence	lemmas
1	 Kõver mets 	 Kõver mets 	kõver mets
2		 Siim Veskimees 	Siim Veskimees
3		 Keskusesse jõudmise ajaks olin ennast siiski natuke kogunud . 	keskus jõudmine aeg olema ise siiski natuke koguma|kogunud .
3		 Võtsin postkontorist kaugekõne ja mul vedas : sain teada , et Kroux on arhiivis , helistasin sinna ja seal oli ( ilmselt ta tuttav ) tädi lahkesti nõus teda toru otsa kutsuma ; muide , hääle järgi otsustades oli sel tädil aastaid kakskümmend ... 	võtma postkontor kaugekõne ja mina vedama : saama teadma , et Kroux olema arhiiv , helistama sinna ja seal olema ( ilmselt tema tuttav ) tädi lahkesti nõus tema toru otsa kutsuma ; muide , hääl järgi otsustama olema see tädi aasta kakskümmend ...
4		" "" Kroux , kus on Vainamäe kabel ? "" "	""" Kroux , kus olema Vainamäe kabel ? """
5		" Kümme sekundit kostis torust vaid traatide suminat , siis pahvatas ta : "" Kust sa selle nime said ? "" "	"kümme sekund kostma toru vaid traat sumin , siis pahvatama tema : "" kust sina see nimi saama ? """
6		 Piilusin kohalikke tädikesi , kes olid kiviks tardunud ja jõllitasid mind ümmarguste silmadega . 	piiluma kohalik tädike , kes olema kivi tarduma|tardunud ja jõllitama mina ümmargune silm .
7		" "" Ma ei saa praegu seletada , "" laususin hädiselt . "	""" mina ei saama praegu seletama , "" lausuma hädiselt ."
8		" "" Oota . "" "	""" ootama . """
9		 Ootasin . 	ootama .
10		" "" Võta kaart , "" jõudis Kroux lõpuks toru juurde tagasi . "	""" võtma kaart , "" jõudma Kroux lõpuks toru juurde tagasi ."
10		" "" Vanapa piiskopi kroonikad ... aga see sind ei huvita ... "	""" Vanapa piiskop kroonika ... aga see sina ei huvitama ..."
10		" Kirjeldab seda , lähtudes Igrise jõest ja vanast vallamajast ... "" "	"kirjeldama see , lähtuma Igris jõgi ja vana vallamaja ... """
11		" "" Lühemalt . "" "	""" lühemalt . """
12		 Ta ohkas ja nimetas koordinaadid . 	tema ohkama ja nimetama koordinaat .
13		" "" Kui sa ei leia , otsi idast ... või pisut kirdest , "" märkis ta veel . "	""" kui sina ei leidma , otsima ida ... või pisut kirre , "" märkima tema veel ."
13		" "" Kusagil seal peab see olema . "" "	""" kusagil seal pidama see olema . """
14		 Tegin kaardile pliiatsiga märgi , tänasin teda ja viskasin toru hargile . 	tegema kaart pliiats märk , tänama tema ja viskama toru hark .
14		 Juba numbreid kaardi servale kirjutades teadsin , et objekt asub traadiga piiratud alal , meie salapärasest kaksikaiaringist umbes kaks kilomeetrit kagus . 	juba number kaart serv kirjutama teadma , et objekt asuma traat piirama|piiratud ala , mina salapärane kaksikaiaring umbes kaks kilomeeter kagu .
14		 Maksin tädile nõutud hinna ja lahkusin postkontorist , tunne selline , et too mutt haaras telefonitoru veel enne , kui õieti uksest välja sain . 	maksma tädi nõudma|nõutu|nõutud hind ja lahkuma postkontor , tunne selline , et too mutt haarama telefonitoru veel enne , kui õieti uks välja saama .
14		 Silmitsesin minuti kaarti ja ajasin siis masinale hääle sisse . 	silmitsema minut kaart ja ajama siis masin hääl sisse .
14		 Taevas oli tumehall , õhus keerles üksikuid valgeid helbeid ja hakkas juba kergelt hämarduma , kuigi kell oli umbes kolm — seegi lühike talvehakupäev oli pöördumatult läbi ning ma pidin kiirustama . 	taevas olema tumehall , õhk keerlema üksik valge helve|helves ja hakkama juba kergelt hämarduma , kuigi kell olema umbes kolm - see lühike talvehakupäev olema pöördumatult läbi ning mina pidama kiirustama .
15		 Külaserval oleksin peaaegu pidurdanud — mulle näis , et too salapärane folklorist , Jaan Rebane , silmitseb mind eemalt puude alt . 	külaserv olema peaaegu pidurdama|pidurdanud - mina näima , et too salapärane folklorist , Jaan Rebane , silmitsema mina eemalt puu|puue alt .
15		 Mida ta seal tegi ? 	mis tema seal tegema ?
15		 Juhuseid ei ole olemas . 	juhus ei olema olema .
15		 Jälgis ta mind ? 	jälgima tema mina ?
15		 Ent ma võisin ka eksida ja talle seal järgi jooksma poleks ma niikuinii hakanud , nii et sõitsin edasi . 	ent mina võima ka eksima ja tema seal järgi jooksma olema mina niikuinii hakanud|hakkama , nii et sõitma edasi .
16		 Suundusin vallakeskusest kagusse , kus Metsa kolmemeetrisest hulga viletsam okastraataed ümbritses teisi , arvatavasti palju tavalisemaid hüljatud sõjaväeobjekte . 	suunduma vallakeskus kagu , kus mets kolmemeetrine hulk viletsam okastraataed ümbritsema teine , arvatavasti palju tavalisem hülgama|hüljatud sõjaväeobjekt .
16		 Tee lõppes kohe sealsamas , tühjade aknaaukude ja sisselangenud katustega kasarmute juures , edasi läksid vaid vanad rattajäljed , mis mind eriti ei aidanud , nii et pidin maastikul orienteeruma üldiste pinnavormide järgi . 	tee lõppema kohe sealsamas , tühi aknaauk ja sisselangenud katus kasarm juures , edasi minema vaid vana rattajälg , mis mina eriti ei aidanud|aitama , nii et pidama maastik orienteeruma üldine pinnavorm järgi .
16		 Loen seetõttu päris heaks tulemuseks , et leidsin juba peale pooletunnist otsimist kesk üht räämas võserikku hoone , mille ajahambast puretud , kuid endiselt väärikas profiil eristus rabavalt noist jubedatest tellistest ja betoonist käkerdistest , mille rõlge maitselagedus vene armee olemust ja suutlikkust vägagi adekvaatselt peegeldas . 	lugema seetõttu päris hea tulemus , et leidma juba peale pooletunnine otsimine kesk üks räämas võserik hoone , mis ajahammas purema|puretud , kuid endiselt väärikas profiil eristuma rabavalt too jube tellis ja betoon käkerdis , mis rõlge maitselagedus vene armee olemus ja suutlikkus väga adekvaatselt peegeldama .
17		 Peatasin auto kabelist paarikümne meetri kaugusel , ronisin välja ja võtsin endale paar minutit ringivahtimiseks , kuulatamiseks ja ... khm — nuusutamiseks , et ümbritsevast pilti saada . 	peatama auto kabel paarkümmend meeter kaugusel , ronima välja ja võtma ise paar minut ringivahtimine , kuulatamine ja ... khm - nuusutamine , et ümbritsev pilt saama .
17		 Miski ei liikunud ja esialgu ei leidnud ma ühtki märki , et keegi seal viimastel aastatel üldse liikunud oleks . 	miski ei liikuma|liikunud ja esialgu ei leidma|leidnud mina üks märk , et keegi seal viimane aasta üldse liikuma|liikunud olema .
17		" Lumesadu oli pisut tihenenud , ent maha langenud helbed sulasid kohe ja äbarik sompus videvik , mida põhjamaalased millegipärast "" päevaks "" nimetavad , tõotas kesta veel paar tundi . "	"lumesadu olema pisut tihenema|tihenenud , ent maha langema|langenud helve|helves sulama kohe ja äbarik sompus videvik , mis põhjamaalane millegipärast "" päev "" nimetama , tõotama kestma veel paar tund ."
17		 Hõre mõnehektarine puudesalu oli tegelikult hüljatud surnuaed . 	hõre mõnehektarine puudesalu olema tegelikult hülgama|hüljatud surnuaed .
17		 Üksikud hauasambad seisid veel püsti , seltsiks roostes autovrakid ja muu koli , muidu aga võis harvade vanade puude vahelt näha igas suunas päris kaugele . 	üksik hauasamba|hauasammas seisma veel püsti , selts roostes autovrakk ja muu koli , muidu aga võima harv vana puu|puue vahelt nägema iga suunas päris kaugele .
18		 Ma ei pea end ise eriliseks militaristiks , kuigi keskmise vedelvorstiga võrreldes ma seda ilmselt olen . 	mina ei pidama ise ise eriline militarist , kuigi keskmine vedelvorst võrdlema mina see ilmselt olema .
18		 Igatahes , nagu eespool juba mainitud , tean ma , mispidi relv käes käib ; pealegi on parim viis pahandusi vältida nende vastu valmistuda . 	igatahes , nagu eespool juba mainima|mainitud , teadma mina , mispidi relv käsi käima ; pealegi olema parim viis pahandus vältima tema vastu valmistuma .
18		 Mul oli TT taga vöö vahel , teise kannika peal seltsiks käänispea-jahinuga , nüüd võtsin autost pumba , kontrollisin , et see on laetud ja padrun rauas , kinnitasin taskulambi toru külge juhuks , kui tuleb midagi pimedas otsida , ja olin valmis . 	mina olema TT taga vöö vahel , teine kannikas peal selts käänispea-jahinuga , nüüd võtma auto pump , kontrollima , et see olema laadima|laetud ja padrun raud , kinnitama taskulamp toru külge juht , kui tulema miski pime otsima , ja olema valmis .
18		 Jäin siiski veel korraks kõhklema . 	jääma siiski veel korraks kõhklema .
18		" Mul olid püssi padrunites vaid "" tavaline "" seatina . "	"mina olema püss padrun vaid "" tavaline "" seatina ."
18		" Ma ei olnud meie "" päkapikkude "" pihtasaamist soomustläbistavaga tegelikult võtnud tõsiselt , ent ega mul midagi selle vastu ei olnud , et automaat edaspidi just nendega laadida ... "	"mina ei olema|olnud mina "" päkapikk "" pihtasaamine soomustläbistav tegelikult võtma|võtnud tõsiselt , ent ega mina miski see vastu ei olema|olnud , et automaat edaspidi just see laadima ..."
18		 Paraku oli Pille jutt minus hulga uusi mõtteid tekitanud ja ma ei olnud enam milleski kindel . 	paraku olema Pille jutt mina hulga uus mõte tekitama|tekitanud ja mina ei olema|olnud enam miski kindel .
19		 Ent peale paarisekundist jalalt jalale tammumist sai sissejuurdunud ratsionalism võitu ja ma hakkasin minema . 	ent peale paarisekund jalg jalg tammumine saama sissejuurdunud ratsionalism võit ja mina hakkama minema .
19		 Esimestel meetritel tundsin end tobedana , siis lõi treening välja ja ma libisesin vaikselt ühe jämeda sammaldunud tüve tagant teise taha , liikudes lagedal kiiresti ja ebaühtlaselt , tardudes varjus ja lastes pilgul ringi käia . 	esimene meeter tundma ise tobe , siis looma|lööma treening välja ja mina libisema vaikselt üks jäme sammalduma|sammaldunud tüvi tagant teine taha , liikuma lagedal kiiresti ja ebaühtlaselt , tarduma vari ja laskma pilk ringi käima .
19		 Kabel oli igivanast murenevast paekivist , seinad suuremalt jaolt terved , kui mitte arvestada paari mahakukkunud karniisikivi . 	kabel olema igivana murenev paekivi , sein suurem jagu terve , kui mitte arvestama paar mahakukkunud karniisikivi .
19		 Akendest sisse ma ei näinud , need olid kas lootusetult määrdunud või hoopistükkis kinni löödud . 	aken sisse mina ei nägema|näima|näinud , see olema kas lootusetult määrduma|määrdunud või hoopistükkis kinni löödud|lööma .
19		 Korraks kihvatas sees , kui nägin igivanu raame ja klaase , mida kattis niiskusest pundunud vineer , aga muinsuskaitse jaoks ei olnud mul aega . 	korraks kihvatama sees , kui nägema igivana raam ja klaas , mis katma niiskus punduma|pundunud vineer , aga muinsuskaitse jaoks ei olema|olnud mina aeg .
19		 Hoonel oli ainult üks ukseava ja uks ise oli raske , heas korras ja paksu plekiga üle löödud . 	Hoonel olema ainult üks ukseava ja uks ise olema raske , hea kord ja paks plekk üle löödud|lööma .
19		 Tegin ümbruskonnas veel ühe tiiru , otsides maapinnalt ja mujalt võimalikke jälgi . 	tegema ümbruskond veel üks tiir , otsima maapind ja mujalt võimalik jälg .
19		 Leidsin neid piisavalt — inimese ja koera omi , aga need ei öelnud mulle rohkem , kui et see paik ei ole sugugi nii hüljatud kui esmapilgul paistis . 	leidma tema piisavalt - inimene ja koer oma , aga see ei öelnud|ütlema mina rohkem , kui et see paik ei olema sugugi nii hülgama|hüljatud kui esmapilk paistma .
19		 Ka kabeli uks osutus petlikuks , sest selle juurde tagasi jõudes veendusin kahekümne sekundiga , et seda on hiljuti avatud — lukk oli uus ja terve ning hingedelt ei voolanud alla mitte niiskus — neid oli õlitatud . 	ka kabel uks osutuma petlik , sest see juurde tagasi jõudma veenduma kakskümmend sekund , et see olema hiljuti avama|avatud - lukk olema uus ja terve ning hing ei voolama|voolanud alla mitte niiskus - see olema õlitama|õlitatud .
19		 Nõrgaks kohaks osutus hoopis vastus , mille paari jalahoobiga seinast kätte sain . 	nõrk koha|koht osutuma hoopis vastus , mis paar jalahoop sein käsi saama .
20		 Hoones oli pime . 	hoone olema pime .
20		 Tõmbasin ukse lahti ja süütasin lambi . 	tõmbama uks lahti ja süütama lamp .
20		 Ootasin mõned sekundid ja viskusin siis edasi , valmisvaadatud nurka . 	ootama mõni sekund ja viskuma siis edasi , valmisvaadatud nurk .
20		 Miski ei liikunud . 	miski ei liikuma|liikunud .
20		 Veel kiire ring lambiga , siis ühe kasti varju . 	veel kiire ring lamp , siis ühe kast vari .
20		 Nüüd oli mul võimalik ruumi vaadelda ja selle minutiga adapteerusid ka silmad . 	nüüd olema mina võimalik ruum vaatlema ja see minut adapteeruma ka silm .
20		" Nina "" läbipuhumisest "" väljas oli vist kasu olnud , sest hämmastusega tõdesin , et ruumis oli rääsunud praelõhn . "	"nina "" läbipuhumine "" väljas olema vist kasu olema|olnud , sest hämmastus tõdema , et ruum olema rääsuma|rääsunud praelõhn ."
20		 Siin oli keegi hiljuti söönud — järelikult elanud ? 	siin olema keegi hiljuti sööma|söönud - järelikult elama|elanud ?
20		 Mitte tingimata , ent ma ei suudaks kujutleda kedagi , kes sellisesse paika pidu pidama tuleb ... 	mitte tingimata , ent mina ei suutma kujutlema keegi , kes selline paik pidu pidama tulema ...
21		 Ruumi keskel oli suur musta ehituspapiga kaetud laud , selle kohal tagurpidi keeratud rist ja keset lauda suur liud . 	ruum keskel olema suur must ehituspapi|ehituspapp kaema|kaetud|katma laud|laug , see kohal tagurpidi keerama|keeratud rist ja keset laud suur liud|liug .
21		 Tegin ruumis tiiru , igaks juhuks kontrollides , et viibin seal tõesti üksi , vaatasin üle aknad juhuks , kui muudkaudu kiiresti lahkuda tuleb , ja asusin siis kummalist musta altarit ja liuda uurima . 	tegema ruum tiir , iga juht kontrollima , et viibima seal tõesti üksi , vaatama üle aken juht , kui muudkaudu kiiresti lahkuma tulema , ja asuma siis kummaline must altar ja liud uurima .
21		 Liual olid praejäänused . 	liud olema praejäänus .
21		 Mõistatasin , mis kummaline religioon küll siin oma ohvrisöömaaega pidas ja silmitsesin luid , püüdes aimata , mis loomaga tegu . 	mõistatama , mis kummaline religioon küll siin oma ohvrisöömaaeg pidama ja silmitsema luu , püüdma aimama , mis loom tegu .
21		 Nendes jäänustes oli midagi piinavalt tuttavat ... 	see jäänus olema miski piinavalt tuttav ...
21		 Ma ei tea tagantjärele , mis hetkel mulle koitma hakkas , mida ma õieti näen . 	mina ei teadma tagantjärele , mis hetk mina koitma hakkama , mis mina õieti nägema .
21		 Ma ei olnud tundnud mingit hingeliigutust , nähes Zagorno-Karabahhi külade tänavatel vedelevaid tursunud laipu ; oli väga vastik , kuid ma jäin täiesti teovõimeliseks , kui käsigranaat ühel meie kaasvõitlejal sisikonna ruumi laiali paiskas , ent seda liuda vaadates hakkas mul paha . 	mina ei olema|olnud tundma|tundnud mingi hingeliigutus , nägema Zagorno-Karabahh|Zagorno-Karabahhi küla tänav vedelev tursuma|tursunud laip ; olema väga vastik , kuid mina jääma täiesti teovõimeline , kui käsigranaat üks mina kaasvõitleja sisikond ruum laiali paiskama , ent see liud vaatama hakkama mina paha .
21		 Seal lebasid praetud ja söödud inimlapse jäänused ... 	seal lebama praadima|praetud ja söödud|sööma inimlaps jäänus ...
22		 Auto signalisatsioon hakkas lõugama . 	auto signalisatsioon hakkama lõugama .
22		 Sekundi murdosaks vihastasin , et kuradi halb õnn — on ju signa teinekordki ise lahti läinud — ent siis adusin , et siin sellega arvestada ei tohi . 	sekund murdosa vihastama , et kurat halb õnn - olema ju signa teinekord ise lahti läinud|minema - ent siis aduma , et siin see arvestama ei tohtima .
22		 Olin ühe pika hüppega uksel ja viskusin enne edasitormamist kiiresti piidalt piidale , pilguga paremalt-vasakult kontrollides , et keegi mind sealsamas ei passi . 	olema üks pikk hüpe uks ja viskuma enne edasitormamine kiiresti piit piit , pilk paremalt-vasakult kontrollima , et keegi mina sealsamas ei pass .
22		 Jõudsin siiski vahejuhtumiteta auto juurde ja — relvatoru ümbrust katmas — vaatasin oma sõiduriista üle . 	jõudma siiski vahejuhtum auto juurde ja - relvatoru ümbrus katma - vaatama oma sõiduriist üle .
22		 Esimesel ringil tundus kõik korras olevat , ent tegin veel ühe tiiru , kuna olin vahtinud rohkem ümbrust kui autot . 	esimene ring tunduma kõik kord olema , ent tegema veel üks tiir , kuna olema vahtima|vahtinud rohkem ümbrus kui auto .
22		 Siis leidsingi , et keegi on proovinud tagaluuki avada . 	siis leidma , et keegi olema proovima|proovinud tagaluuk avama .
22		 Sõraga . 	sõrg .
23		 Vaatasin veel kord ringi ja võtsin mõttes arvesse kohad , kus inimene võiks redutada . 	vaatama veel kord ringi ja võtma mõte arve koha|koht , kus inimene võima redutama .
23		 Mind märkamatult kirbule võtta — rääkimata ligihiilimisest — polnud seal nii lihtne , ent potentsiaalseid varitsuskohti leidus siiski piisavalt . 	mina märkamatult kirp võtma - rääkimata ligihiilimine - olema seal nii lihtne , ent potentsiaalne varitsuskoht leiduma siiski piisavalt .
24		 Tegin , nagu ei saaks tagaluuki võtmega lahti , avasin juhiukse , otsisin mingi kruvikeeraja , toetasin püssi auto külje najale ja kummardusin nokitsema . 	tegema , nagu ei saama tagaluuk võti lahti , avama juhiuks , otsima mingi kruvikeeraja , toetama püss auto külg najale ja kummarduma nokitsema .
24		 Püüdsin sel moel neid sitapäid , kes võisid veel läheduses passida , mind ründama ahvatleda . 	püüdma see mood see sitapea , kes võima veel lähedus passima , mina ründama ahvatlema .
24		 Mu lootused täitusid , sest varsti nägin ümaral roostevabal käepidemel peegeldumas liikuvat varju . 	mina lootus täituma , sest varsti nägema ümar roostevaba käepide peegelduma liikuv vari .
24		" Ootasin , et see lähemale tuleks ja teritasin kõrvu , kuid tasase kruusakrigina asemel lajatas eemalt tuttava aktsendiga hoiatushüüe : "" Olav , selja taga ! "" "	"ootama , et see lähemale tulema ja teritama kõrv , kuid tasane kruusakrigin asemel lajatama eemalt tuttav aktsent hoiatushüüe : "" Olav , selg taga ! """
25		 Kirusin mõttes , astusin sujuvalt sammu kõrvale , pöördusin ja tõstsin püstoli . 	kiruma mõte , astuma sujuvalt samm kõrvale , pöörduma ja tõstma püstol .
25		 Olin selle juba autos käepäraselt ette vöö vahele torganud ja kaitseriivist vabastanud , mõeldes mõrult , et toruots on detsimeeter munadest ja täpselt õigele poole ... 	olema see juba auto käepäraselt ette vöö vahele torganud|torkama ja kaitseriiv vabastama|vabastanud , mõtlema mõrult , et toruots olema detsimeeter muna ja täpselt õige poole ...
26		 Tüüp oli veel üle kümne meetri eemal ja sõrg oli tal löögivalmilt peos püsti . 	tüüp olema veel üle kümme meeter eemal ja sõrg olema tema löögivalmilt peo|pidu püsti .
26		 See oli raskesti määratletavas vanuses tüüpilise prükkari välimusega mees — räpased dressipüksid ja veelgi räpasem nailonjope , alkohooliku kuhtunud keha ja sisselangenud lõust — ja ta jäi mind üsna totralt vahtima , suutmata otsustada , mida edasi teha . 	see olema raskesti määratletav vanus tüüpiline prükkari välimus mees - räpane dressipüksid ja veelgi räpasem nailonjope , alkohoolik kuhtuma|kuhtunud keha ja sisselangenud lõust - ja tema jääma mina üsna totralt vahtima , suutma otsustama , mis edasi tegema .
27		" "" Tule nüüd ilusti siia ! "" "	""" tulema nüüd ilusti siia ! """
28		 Ta ei liikunud . 	tema ei liikuma|liikunud .
28		 Heitsin kärme pilgu üle õla , kust Jaan Rebane lähemale ruttas . 	heitma kärme pilk üle õlg , kust Jaan Rebane lähemale ruttama .
28		 Tal oli veel oma viiskümmend meetrit tulla . 	tema olema veel oma viiskümmend meeter tulema .
28		 Astusin sammu kõrvale ja viskasin veel ühe kiirpilgu üle õla , et veenduda , kas ma nägin esimesel korral ikka õieti — meie folkloristil oli revolver peos . 	astuma samm kõrvale ja viskama veel üks kiirpilk üle õlg , et veenduma , kas mina nägema esimene kord ikka õieti - mina folklorist olema revolver peo|pidu .
28		 Prükkar seisis endiselt liikumatult . 	Prükkar seisma endiselt liikumatult .
29		" "" Siia ! "" "	""" siia ! """
30		" "" Tševo ? "	""" Tševo ?"
30		 Ja ne panimaju ... 	ja ne panimaja ...
30		" "" 1 Mees ei liikunud ikka , vaid hakkas selle asemel kõva häälega ja suhteliselt seosetult hädaldama . "	""" 1 mees ei liikuma|liikunud ikka , vaid hakkama see asemel kõva hääl ja suhteliselt seosetult hädaldama ."
30		 Muigasin algul , arvates , et ta üritab etendada kustunud mõistusega süüdimatut inimvaret , kuid taipasin siis , et ilmselt püüab ta kellelegi märku anda või liikumise müra summutada . 	muigama algul , arvama , et tema üritama etendama kustuma|kustunud mõistus süüdimatu inimvare , kuid taipama siis , et ilmselt püüdma tema keegi märk andma või liikumine müra summutama .
30		 Mu üksildane luurekäik oli üle kasvanud lausa rahvakogunemiseks ja madal profiil võis üle parda minna , nii et tulistasin talle jalge ette maha . 	mina üksildane luurekäik olema üle kasvama|kasvanud lausa rahvakogunemine ja madal profiil võima üle parras minema , nii et tulistama tema jalg ette maha .
31		" "" Marss , siia ! "" "	""" marss , siia ! """
32		 Hädaldamine jätkus , ent lask oli tüübi mõistmisvõimet oluliselt parandanud — ta nihkus vastutahtmist lähemale , tõstes ka ühtlasi käed , paremas endiselt sõrg . 	hädaldamine jätkuma , ent lask olema tüüp mõistmisvõime oluliselt parandama|parandanud - tema nihkuma vastutahtmine lähemale , tõstma ka ühtlasi käsi , parem endiselt sõrg .
32		 Täheldasin teatud üllatusega , et ei saa enam aru ühestki kaltsaka sõnast , see polnudki nagu enam kõne , vaid meenutas pigem mingit poolmeloodilist manamist . 	täheldama teadma|teatud üllatus , et ei saama enam aru ühest kaltsakas sõna , see olema nagu enam kõne , vaid meenutama pigem mingi poolmeloodiline manamine .
33		 Olin pea iga sekund ka ümbrusele kõrvalpilgu heitnud ja nüüd sai seegi tasutud — tabasin liikumise endast paremal ja viskusin instinktiivselt maha . 	olema pea iga sekund ka ümbrus kõrvalpilk heitma|heitnud ja nüüd saama see tasuma|tasutud - tabama liikumine ise parem ja viskuma instinktiivselt maha .
33		 Raksatas lask ja rikošett lõi ühest hauasambast killu välja . 	raksatama lask ja rikošett looma|lööma üks hauasamba|hauasammas kild välja .
33		 Vaevalt kolmandiksekund hiljem kostis selja tagant teine lask ja sellele vastas valukisa sealtpoolt , kust mind oli tulistatud . 	vaevalt kolmandiksekund hiljem kostma selg tagant teine lask ja see vastama valukisa sealtpoolt , kust mina olema tulistama|tulistatud .
33		 Hetk hiljem maandus mu kõrval sõrg , paisates üles liiva . 	hetk hiljem maanduma mina kõrval sõrg , paiskama üles liiv .
33		 Veeretasin end laskja suhtes auto taha ja tõusin põlvele . 	veeretama ise laskja suhtes auto taha ja tõusma põli|põlv .
33		 Prükkar põgenes põigeldes , tulistasin talle järele ja tabasin kolmanda lasuga . 	Prükkar põgenema põiklema , tulistama tema järele ja tabama kolmas lask|lasu .
33		 Ta röögatas kilavalt ja kukkus , ajas end aga kohe üles ja vankus ühe puu taha . 	tema röögatama kilavalt ja kukkuma , ajama ise aga kohe üles ja vankuma üks puu taha .
33		 Eemal , sadakond meetrit kabelist paremal , tekkis mingi liikumine , kärgatasid lasud . 	eemal , sadakond meeter kabel paremal , tekkima mingi liikumine , kärgatama lask|lasu .
33		 Kuulid vilistasid kusagil , igatahes minust turvaliselt kaugel , ja kui ma auto tagant välja piilusin , seisis Jaan tolle samba taga , kus oli peitunud esimene laskja , ja tulistas revolvri tühjaks eemal põgenevate kujude poole . 	kuul vilistama kusagil , igatahes mina turvaliselt kaugel , ja kui mina auto tagant välja piiluma , seisma Jaan too samba|sammas taga , kus olema peituma|peitunud esimene laskja , ja tulistama revolver tühi eemal põgenev kuju poole .
33		 Läkitasin ka oma viimased neli laengut neile järele , samal ajal ümber auto püssi juurde nihkudes . 	läkitama ka oma viimane neli laeng tema järele , sama aeg ümber auto püss juurde nihkuma .
34		 Jaan laadis revolvrit , sestap kulutasin ka ise paar sekundit , et püstolisse uus magasin sisse lükata , relv kaitseriivistada ja vöö vahele panna . 	Jaan laad revolver , sestap kulutama ka ise paar sekund , et püstol uus magama sisse lükkama , relv kaitseriivistama ja vöö vahele panema .
34		 Oli veel kraadi võrra hämaramaks läinud , ent vaadet segasid kõige rohkem kabeli ümber voogavad hõredad udujoomed . 	olema veel kraad|kraat võrra hämaram läinud|minema , ent vaade segama kõige rohkem kabel ümber voogama hõre udujoom .
34		 See , kellele mina pihta olin saanud , püsis puu taga , kust tal kuhugi minna ei olnud ja see , keda Jaan oli tulistanud , lamas veritsevat jalga hoides lagedal . 	see , kes mina pihta olema saama|saanud , püsima puu taga , kust tema kuhugi minema ei olema|olnud ja see , kes Jaan olema tulistama|tulistanud , lamama veritsev jalg hoidma lagedal .
34		 Jaan võttis vasaku käega maast tolle tegelase parabellumi , uuris seda , pani riivi ja libistas endale mantlitaskusse . 	Jaan võtma vasak käsi maa too tegelane parabellum , uurima see , panema riiv ja libistama ise mantlitasku .
34		 Ootasin , kuni ta sellega valmis sai ja võtsin siis ta enda hoolikalt kirbule . 	ootama , kuni tema see valmis saama ja võtma siis tema ise hoolikalt kirp .
35		" "" Pane see revolver nüüd ilusti maha . "" "	""" panema see revolver nüüd ilusti maha . """
36		 Ta mõõtis mind viis sekundit tusaselt ja asetas siis relva käepäraselt ühe hauaplaadi lamedale tipule . 	tema mõõtma mina viis sekund tusaselt ja asetama siis relv käepäraselt üks hauaplaat lame tipp .
37		 See , mis minus nende viimaste minutitega oli tärganud , ei olnud tavaline raev . 	see , mis mina see viimane minut olema tärganud|tärkama , ei olema|olnud tavaline raev .
37		 Need , kes tegid seda seal kabelis , ei kuulu inimsoo hulka . 	see , kes tegema see seal kabel , ei kuuluma inimsugu hulka .
37		 Ka need , kes sellest teavad ja midagi ei ütle , ei kuulu inimsoo hulka . 	ka see , kes see teadma ja miski ei ütlema , ei kuuluma inimsugu hulka .
37		 Olin endast väljas , kiiretest arusaamatutest sündmustest segaduses ja ei saanud kedagi usaldada . 	olema ise väljas , kiire arusaamatu sündmus segadus ja ei saama|saanud keegi usaldama .
37		 Mingis kontekstis sai Jaan sellest õieti aru , sest hakkas aeglasel mõõdetud toonil rääkima : 	mingi kontekst saama Jaan see õieti aru , sest hakkama aeglane mõõdetud|mõõtma toon rääkima :
38		" "" Me oleme loodetavasti ühel poolel . "	""" mina olema loodetavasti üks pool ."
38		" Sündinud on midagi kohutavat , aga sina trambid ringi nagu marutõbine commandos ja sellel võivad olla ettenähtamatud tagajärjed . "" "	"sündima|sündinud olema miski kohutav , aga sina trampima ringi nagu marutõbine commandos ja see võima olema ettenähtamatu tagajärg . """
39		" "" Sa teadsid , mis siin on ? "" "	""" sina teadma , mis siin olema ? """
40		" "" Mis siin siis on ? "	""" mis siin siis olema ?"
40		" Vana kabel ... "" "	"vana kabel ... """
41		" "" Lõpeta teesklus , neetud ! "" "	""" lõpetama teesklus , needma|neetud ! """
41		 Mu hääl katkes . 	mina hääl katkema .
41		 Ta uuris mind ning veendus ilmselt , et olin piisavalt näinud ja nähtust aru saanud . 	tema uurima mina ning veenduma ilmselt , et olema piisavalt nägema|näima|näinud ja nähtu aru saama|saanud .
42		" "" Mina seda ei teinud . "	""" mina see ei tegema|teinud ."
42		 Ma ... 	mina ...
42		" Ma üritan leida ja takistada neid , kes seda tegid . "" "	"mina üritama leidma ja takistama see , kes see tegema . """
43		 Ta vaikis . 	tema vaikima .
44		" "" Jah ? "" õhutasin teda . "	""" jah ? "" õhutama tema ."
45		" "" Sa ei peaks end siia segama ... "" "	""" sina ei pidama ise siia segama ... """
46		" "" Bullshit . "	""" Bullshit ."
46		 Mis siin toimub ? 	mis siin toimuma ?
46		" Kes sa õieti oled ? "" "	"kes sina õieti olema ? """
47		" "" Ma ei tohi sulle vastata . "	""" mina ei tohtima sina vastama ."
47		" Ja meil oleks parem siit kiiresti lahkuda . "" "	"ja mina olema parem siit kiiresti lahkuma . """
48		 Astusin paar sammu lähemale , kindla kavatsusega tal püssipäraga hambad kurku lüüa , ja ta tõstis käed kaitseks näo ette . 	astuma paar samm lähemale , kindel kavatsus tema püssipära hammas kurk lööma , ja tema tõstma käsi kaitse nägu ette .
49		 Peatusin . 	peatuma .
49		" "" Ei , mitte nii . "" "	""" ei , mitte nii . """
49		 Langetasin püssi ja osutasin toruga ta revolvrile . 	langetama püss ja osutama toru tema revolver .
49		" "" Sul on kaks võimalust — räägi või võta relv . "" "	""" sina olema kaks võimalus - rääkima või võtma relv . """
50		 Ta vaatas mu poole ja kõhkles . 	tema vaatama mina poole ja kõhklema .
51		" "" Võta relv ! "" "	""" võtma relv ! """
51		 Mul ei olnud vaja eriti teeselda , mu hääl võnkus püüdest end valitseda ja sõrm võbeles päästikul . 	mina ei olema|olnud vaja eriti teesklema , mina hääl võnkuma püü|püüe ise valitsema ja sõrm võbelema päästik .
52		 Ta ohkas . 	tema ohkama .
52		" "" Sa ei usu ... "" "	""" sina ei uskuma ... """
53		 Vaikisin ja ootasin . 	vaikima ja ootama .
54		" "" Ma töötan NSA juures . "	""" mina töötama NSA juures ."
54		" Kas sa tead , mis see on ? "" "	"kas sina teadma , mis see olema ? """
55		" "" Ameerika luureorganisatsioon . "" "	""" Ameerika luureorganisatsioon . """
56		" "" Meil on kokkulepe venelastega , et me aitame jälgima ... jälgida seda piirkonda . "	""" mina olema kokkulepe venelane , et mina aitama jälgima ... jälgima see piirkond ."
56		 Siin toimub asju , mis sarnanevad kõige rohkem X-files'ides toimuvaga . 	siin toimuma asi , mis sarnanema kõige rohkem X-file ’ ide toimuv .
56		 Sa muidugi tead seda seriaali ? 	sina muidugi teadma see seriaal ?
56		" Kas ma jätkan ? "" "	"kas mina jätkama ? """
57		 Noogutasin . 	noogutama .
57		 See oli nii absurdne , et selle taga võis isegi midagi olla . 	see olema nii absurdne , et see taga võima isegi miski olema .
57		 Ma ei naernud . 	mina ei naerma|naernud .
57		 Kaarel oli vigastatud , Ellu ja ta laps olid kadunud , mingid kaltsakad olid meid asja eest , teist taga tulistanud ja liud mustal altaril oli juba ise piisavalt ebareaalne . 	Kaarel olema vigastama|vigastatud , elu ja tema laps olema kaduma|kadunud , mingi kaltsakas olema mina asi eest , teine taga tulistama|tulistanud ja liud|liug must altar olema juba ise piisavalt ebareaalne .
57		 Tahtsin teada , kuhu ta välja jõuab . 	tahtma teadma , kuhu tema välja jõudma .
58		 Ta otsis sõnu . 	tema otsima sõna .
58		" "" Vahel juhtub inimestega kummalisi asju . "	""" vahel juhtuma inimene kummaline asi ."
58		 See on seotud ühe või teise kohaga . 	see olema seotud|siduma üks või teine koha|koht .
58		 Venelased ehitasid ühele kohale siin aia ümber ja proovisid uurida . 	venelane ehitama üks koha|koht siin aed ümber ja proovima uurima .
58		 Nüüd , kokkuleppel Eesti valitsusega , olen mina siin . 	nüüd , kokkulepe Eesti valitsus , olema mina siin .
58		" Muide , meil oleks ehk parem jätkata seda juttu kusagil mujal ? "" "	"muide , mina olema ehk parem jätkama see jutt kusagil mujal ? """
59		 Vaikisime taas veerand minutit . 	vaikima taas veerand minut .
59		 Siis ta jätkas : 	siis tema jätkama :
60		" "" Tegemist on valitsustevahelise kokkuleppega . "	""" tegemine olema valitsustevaheline kokkulepe ."
60		 Ma ei tööta konkreetselt mitte kellegi poole heaks . 	mina ei töötama konkreetselt mitte keegi poole heaks .
60		" Sinu sekkumine ... "" "	"sina sekkumine ... """
61		" "" Bullshit , "" viskasin tüdinult . "	""" Bullshit , "" viskama tüdinult ."
61		" "" See mind ei huvita . "	""" see mina ei huvitama ."
61		 Kes nad olid ? 	kes tema olema ?
61		 Kust ma nad leian ? 	kust mina tema leidma ?
61		 Mis juhtus Kaarliga ? 	mis juhtuma Kaarel|Kaarli ?
61		" Kus on Ellu ? "" "	"kus olema Ellu ? """
61		 Sõnad takerdusid korraks suus . 	sõna takerduma korraks suu .
61		" "" Oli see tema laps ? "" "	""" olema see tema laps ? """
62		 Ta kõhkles uuesti , skaneerides pilguga rahutult ümbrust . 	tema kõhklema uuesti , skaneerima pilk rahutult ümbrus .
62		 Olin ka ise seda teinud , kuid näha polnud muud , kui et kabeli ümber lainetas nüüd üsna tihe udutomp . 	olema ka ise see tegema|teinud , kuid nägema olema muu , kui et kabel ümber lainetama nüüd üsna tihe udutomp .
63		" "" Me peaksime tõepoolest siit kiiresti lahkuma . "" "	""" mina pidama tõepoolest siit kiiresti lahkuma . """
64		" "" Miks ? "" tahtsin teada . "	""" miks ? "" tahtma teadma ."
64		" "" Ja mis haavatutest saab ? "" "	""" ja mis haavatu saama ? """
65		" Ta vaatas mind hetke mingi kõleda lõbususega , pomises midagi oma nina alla , siis ohkas : "" Hilja . "	"tema vaatama mina hetk mingi kõle lõbusus , pomisema miski oma nina alla , siis ohkama : "" hilja ."
65		 Kas ma võin nüüd oma relva võtta ? 	kas mina võima nüüd oma relv võtma ?
65		" Well , asi on selles , et teisedki peale nende ... scavengers ... "" "	"Well , asi olema see , et teine peale tema ... scavengers ... """
65		" ( "" Prükkarid , "" ütlesin talle ette ) "" ... ei taha , et me siin oleme ja ma eelistaks oma revolvrit omada see aeg . "" "	"( "" Prükkar|Prükkari , "" ütlema tema ette ) "" ... ei tahtma , et mina siin olema ja mina eelistama oma revolver omama see aeg . """
66		 Noogutasin lühidalt . 	noogutama lühidalt .
66		 Ta kloppis kõigepealt puhtaks oma millalgi mahatoetatud põlve , võttis seejärel relva ja asus seda üsna snobistlikult valge taskurätikuga puhastama . 	tema kloppima kõigepealt puhas oma millalgi mahatoetatud põli|põlv , võtma seejärel relv ja asuma see üsna snobistlikult valge taskurätik puhastama .
66		 Astusin läbilastud jalaga tegelast korraks lähemalt uurima . 	astuma läbilastud jalg tegelane korraks lähemalt uurima .
66		 Nädalase habeme ja ärajoodud lõustaga kaltsukubu oli mingisuguse rihma abil suurema verejooksu kinni saanud ja istus näost kahvatuna ühe kivi najal . 	Nädalane|Nädalas|Nädalase habe ja ärajoodud lõust kaltsukubu olema mingisugune rihm abil suurem verejooks kinni saama|saanud ja istuma nägu kahvatu üks kivi najal .
66		 Nägin sealtsamast , et see , keda mina olin tulistanud , oli ikka veel oma puu taga . 	nägema sealtsamast , et see , kes mina olema tulistama|tulistanud , olema ikka veel oma puu taga .
66		 Ma ei olnud ka Jaani hetkekski silmist lasknud , teda küll enam otseselt kirbul hoidmata . 	mina ei olema|olnud ka Jaan|Jaani hetk silm laskma|lasknud , tema küll enam otseselt kirp hoidma .
66		 Kui ma tema poole tagasi läksin , hakkas ta ise rääkima : 	kui mina tema poole tagasi minema , hakkama tema ise rääkima :
67		" "" On üks jõuk . "	""" olema üks jõuk ."
67		 Nad usuvad ... saatanasse . 	tema uskuma ... saatan .
67		 Satanism . 	satanism .
67		 Nad viivad end transsi ja soovivad saada üleinimlikku jõudu , ohverdades ristimata last . 	tema viima ise transs ja soovima saama üleinimlik jõud , ohverdama ristimata laps .
67		" Neis ei ole kõik korras , aga meid huvitab , mis on siin taga , miks nendega nii juhtub ? "" "	"see ei olema kõik kord , aga mina huvitama , mis olema siin taga , miks see nii juhtuma ? """
68		" "" Mustlased ? "" "	""" mustlane ? """
69		" "" Mustlased ? "	""" mustlane ?"
69		 Jah , vist küll ... nii ilmselt kohalikud ütlesid . 	jah , vist küll ... nii ilmselt kohalik ütlema .
69		 Nad ei ole mustlased . 	tema ei olema mustlane .
69		 Elule jalgu jäänud inimesed ; vanasti öeldi — paadialused . 	Elu jalg jääma|jäänud inimene ; vanasti ütlema - paadialune .
69		 Prükkarid . 	Prükkar|Prükkari .
69		 Mõned ühinesid jõuguga alles hiljuti . 	mõni ühinema jõuk alles hiljuti .
69		" Nad on ohtlikud . "" "	"tema olema ohtlik . """
70		" "" Oli see Ellu laps ? "" "	""" olema see Ellu laps ? """
71		" Ta kõhkles hetke , ja ma plahvatasin : "" Räägi , mees ! "	"tema kõhklema hetk , ja mina plahvatama : "" rääkima , mees !"
71		 Kui ma su valelt taban , siis löön sul vähemalt hambad kurku . 	kui mina sina valelt tabama , siis lööma sina vähemalt hammas kurk .
71		 Ja ma vannun ... ükskõik mille nimel , et kui sa sellega seotud oled , siis teen su tümaks ! 	ja mina vanduma ... ükskõik mis nimel , et kui sina see seotud|siduma olema , siis tegema sina tümama !
71		 Mida sa , kurat , keerutad ? 	mis sina , kurat , keerutama ?
71		" Kus on Ellu ja Susanna ? "" "	"kus olema Ellu ja Susanna ? """
72		 Ta suunurk tuksatas . 	tema suunurk tuksatama .
72		 Adusin järsku , et ta peab olema professionaal . 	aduma järsku , et tema pidama olema professionaal .
72		 Küllap ta oli juba taibanud , et oli mind seal auto tagaluugi juures asjata lolliks pidanud ja hoiatanud , kõike muud — kuni relva puhastamiseni — oli ta aga teinud elukutselise vaistliku perfektsusega . 	küllap tema olema juba taibanud|taipama , et olema mina seal auto tagaluuk juures asjata loll pidama|pidanud ja hoiatama|hoiatanud , kõik muu - kuni relv puhastamine - olema tema aga tegema|teinud elukutseline vaistlik perfektsus .
72		 Kuidas ta siis lasi end kirbule võtta ? 	kuidas tema siis laskma ise kirp võtma ?
72		 Järelikult me olimegi ühel poolel ? 	järelikult mina olema üks pool ?
72		 Miks ta tahtis mind siit minema saada ? 	miks tema tahtma mina siit minema saama ?
72		 Et mulle kuidagi selgeks teha , et pean nähtust vaikima , ja mind mängust kõrvaldada ? 	et mina kuidagi selge tegema , et pidama nähtus vaikima , ja mina mäng kõrvaldama ?
72		 Siin oli muidugi võimalus kauplemiseks . 	siin olema muidugi võimalus kauplemine .
72		 Aga ma ei tohtinud seda meest alahinnata , sest kui ta tõesti oli USA valitsuse teenistuses , pidi ta päris palju oskama ja teadma . 	aga mina ei tohtima|tohtinud see mees alahindama , sest kui tema tõesti olema USA valitsus teenistus , pidama tema päris palju oskama ja teadma .
73		 Enne , kui ta vastata jõudis , hakkas esimene kaltsakas eemal puu taga karjuma ja tormas siis longates ja veritsevat külge kinni hoides kabeli poole . 	enne , kui tema vastama jõudma , hakkama esimene kaltsakas eemal puu taga karjuma ja tormama siis lonkama ja veritsev külg kinni hoidma kabel poole .
73		 Jälgisin teda sihikuga . 	jälgima tema sihik .
74		" "" Ära lase , "" napsas Jaan kiiresti . "	""" ära laskma , "" napsama Jaan kiiresti ."
74		 Kogu kadus uttu , ja mõni sekund hiljem kostis sealt pikk loomalik õudus- ja valukisa , mis läks üle korinaks ja lõppes siis järsult . 	kogu kaduma udu , ja mõni sekund hiljem kostma sealt pikk loomalik õudus ja valukisa , mis minema üle korin ja lõppema siis järsult .
74		 Vaatasin kulme kergitades Jaani poole , kes ignoreeris mu sõnatut küsimust vaevutajutava , pisut kohatuna tunduva lõbususega ja vastas hoopis eelmisele küsimusele : 	vaatama kulm kergitama Jaan|Jaani poole , kes ignoreerima mina sõnatu küsimus vaevutajutav , pisut kohatu tunduv lõbusus ja vastama hoopis eelmine küsimus :
75		" "" Ei , ma olen kindel , et see ei ole Ellu laps . "	""" ei , mina olema kindel , et see ei olema Ellu laps ."
75		 Õigemini on see loogiline järeldus . 	õigemini olema see loogiline järeldus .
75		 Kadunud on veel üks laps . 	kaduma|kadunud olema veel üks laps .
75		" Krutaja Triin , kui see sulle midagi ütleb ? "" "	"Krutaja Triin , kui see sina miski ütlema ? """
76		" "" Olen seda nime korra kuulnud . "" "	""" olema see nimi kord kuulma|kuulnud . """
76		 Milline oli seos Pille ja Jaani vahel ? 	milline olema seos Pille ja Jaan|Jaani vahel ?
77		" "" Ta ema oli joodik . "	""" tema ema olema joodik ."
77		 Mul ... ma ... see on pikk jutt . 	mina ... mina ... see olema pikk jutt .
77		 Mul on tõendeid , et see Krutaja oli nende satanistidega kuidagi seotud ... võib-olla mitte otseselt . 	mina olema tõend , et see Krutaja olema see satanist kuidagi seotud|siduma ... võib-olla mitte otseselt .
77		 Ja see laps seal oli suurem . 	ja see laps seal olema suurem .
77		 Susanna oli väiksem . 	Susanna olema väiksem .
77		" Ma võin muidugi eksida . "" "	"mina võima muidugi eksima . """
78		" "" Sa teadsid sellest siin ... "	""" sina teadma see siin ..."
78		" Sa mõõtsid teda . "" "	"sina mõõtma tema . """
79		 Ta muigas kurvalt . 	tema muigama kurvalt .
79		" "" Ja fotografeerisin ja võtsin tükikesi näidiseks . "	""" ja fotografeerima ja võtma tükike näidis ."
79		" Sa ei kujuta ette , mida ma kõike näinud olen ... ja läbi elanud . "" "	"sina ei kujutama ette , mis mina kõik nägema|näima|näinud olema ... ja läbi elama|elanud . """
79		 Ta andis mulle peaga märku jääda auto taha , kus ma niigi olin , ja nihkus ise kuus-seitse sammu kõrvale , ühe tüve taha . 	tema andma mina pea märk jääma auto taha , kus mina niigi olema , ja nihkuma ise kuus-seitse samm kõrvale , üks tüvi taha .
80		" "" Nii et see on tõesti laps ... "" ei suutnud ma ütlemata jätta . "	""" nii et see olema tõesti laps ... "" ei suutma|suutnud mina ütlemata jätma ."
81		 Ta ringivilanud pilk jäi mul häiritult pidama . 	tema ringivilanud pilk jääma mina häiritult pidama .
81		" "" Sa olid nii veendunud ? "" "	""" sina olema nii veenduma|veendunud ? """
82		 Oli minu kord ebamääraselt noogutada . 	olema mina kord ebamääraselt noogutama .
82		" "" Silmad nägid , järeldus oli ... aga sellist asja uskuda ... "" "	""" silm nägema , järeldus olema ... aga selline asi uskuma ... """
82		 Taandusin pisut ja toetusin seljaga vastu autot , sest mul hakkas jälle paha . 	taanduma pisut ja toetuma selg vastu auto , sest mina hakkama jälle paha .
83		" "" Ellu on pastori tütar , ta laps peaks olema igal juhul ristitud ? "" meenus mulle järsku . "	""" elu olema pastor tütar , tema laps pidama olema iga juht ristima|ristitud ? "" meenuma mina järsku ."
84		" Jaan vaatas mind kaastundlikult ja irvitas nüüd varjamatult : "" Kas sa tõesti usud , et sel on tegelikult vähimatki tähtsust ? "" "	"Jaan vaatama mina kaastundlikult ja irvitama nüüd varjamatult : "" kas sina tõesti uskuma , et see olema tegelikult vähim tähtsus ? """
85		 Ta vinnastas revolvri ja tõi vasaku käe parema randmele toeks . 	tema vinnastama revolver ja tooma vasak käsi parem ranne tugi .
85		 Ta õieti ei pööranudki mulle enam tähelepanu , puurides valvsa pilguga udu . 	tema õieti ei pöörama mina enam tähelepanu , puurima valvas pilk udu .
86		 Kabeli läheduses muutusid eristatavaks kaks tumedat varju . 	kabel lähedus muutuma eristatav kaks tume vari .
86		 Esimesel hetkel näis , et tegu on suurte koerte või huntidega , siis aga tõusid nad püsti ja meie poole liikusid ebaloomulikult pikkade hüpetega umbes kahemeetrised halli karusnahka rüütatud kogud . 	esimene hetk näima , et tegu olema suur koer või hunt , siis aga tõusma tema püsti ja mina poole liikuma ebaloomulikult pikk hüpe umbes kahemeetrine hall karusnahk rüütama|rüütatud koguma .
86		 Edasine toimus väga kähku . 	Edasine toimuma väga kähku .
86		 Jaan pidi endapoolsega ise hakkama saama , sest jõudsin parasjagu relva tõsta ja korralikult sihtida , jõudes veel täheldada , et neil on nagu koeramaskid peas . 	Jaan pidama endapoolne ise hakkama saama , sest jõudma parasjagu relv tõstma ja korralikult sihtima , jõudma veel täheldama , et tema olema nagu koeramask pea .
86		 Sõdur , kes imetleb vaenlase rõivamoodi , on surnud sõdur . 	sõdur , kes imetlema vaenlane rõivamood , olema surema|surnud sõdur .
86		 Pigem automaatselt vajutasin päästikule . 	pigem automaatselt vajutama päästik .
86		 Distants oli kahanenud vähem kui viiele meetrile ja sellelt kauguselt on võimatu mööda lasta , seda enam , et mul olid laengud üle ühe kartetš ja kuul , ja peale lasku oleks ründaja rindkere pidanud välja nägema nagu sõelapõhi , nagu ka selg , sest need rasked haavlid lendavad näiteks metsseast läbi . 	distants olema kahanema|kahanenud vähem kui viis meeter ja see kaugus olema võimatu mööda laskma , see enam , et mina olema laeng üle üks kartetš ja kuul , ja peale lask olema ründaja rindkere pidama|pidanud välja nägema nagu sõelapõhi , nagu ka selg , sest see raske haavel lendama näide metssiga läbi .
86		 Tüüp aga mörises vaid , vankus pisut jalgadel ja tuli siis edasi . 	tüüp aga mörisema vaid , vankuma pisut jalg ja tulema siis edasi .
86		 Teine laeng . 	teine laeng .
86		 Ta koperdas taas tahapoole , ent sai tasakaalu tagasi ja jätkas tulemist . 	tema koperdama taas tahapoole , ent saama tasakaal tagasi ja jätkama tulemine .
86		 Olin juba peale esimest lasku arvanud , et tal on ehk soomusvest , kuid sellisest lööb suurekaliibriline kuul läbi . 	olema juba peale esimene lask arvama|arvanud , et tema olema ehk soomusvest , kuid selline lööma suurekaliibriline kuul läbi .
86		 Tal pidi olema kõrgema klassi kaitse . 	tema pidama olema kõrgem klass kaitse .
86		 Kolmanda laengu , jälle haavlid , saatsin talle näkku . 	kolmas laeng , jälle haavel , saatma tema nägu .
86		 Lendas karvatuuste ja midagi tumedat , ta möirgas , ent jätkas tulemist . 	lendama karvatuust ja miski tume , tema möirgama , ent jätkama tulemine .
86		 Midagi oli nüüd väga viltu . 	miski olema nüüd väga viltu .
86		 Ega mul muud teha polnud , järjekordne laadimisliigutus — ja tuld ! , seekord kuul näkku , toruots oli tulija lõustast juba vaevalt vaksa kaugusel . 	ega mina muu tegema olema , järjekordne laadimisliigutus - ja tuli ! , seekord kuu nägu , toruots olema tulija lõust juba vaevalt vaks kaugusel .
86		 Oli muidugi hämar , ent kuul näis temast läbi minevat , ja selle asemel , et veel kord tulistada , virutasin talle püssipäraga . 	olema muidugi hämar , ent kuul näima tema läbi minema , ja see asemel , et veel kord tulistama , virutama tema püssipära .
86		 Sellel oli rohkem mõju — ta lendas selili , ent hakkas end kohe jälle püsti ajama . 	see olema rohkem mõju - tema lendama selili , ent hakkama ise kohe jälle püsti ajama .
86		 Peast lipsas läbi , et halva unenäo moodi päev kogub aina tuure , sest need neli lasku oleksid pidanud peatama ka ründava dinosauruse . 	Peast lipsama läbi , et halb unenägu moodi päev koguma aina tuur , sest see neli lask olema pidama|pidanud peatama ka ründav dinosaurus .
86		 Õnneks polnud mul aega masendusse langeda , jätkus muudki tegemist . 	õnn olema mina aeg masendus langema , jätkuma muu tegemine .
86		 Olin kõrvalt kuulnud , et ka Jaan tulistas kaks korda , ent mul polnud aega vaadata , kuidas tal läheb . 	olema kõrvalt kuulma|kuulnud , et ka Jaan tulistama kaks kord , ent mina olema aeg vaatama , kuidas tema minema .
86		 Nüüd raksatas kolmas revolvrilask ja kogu mu jalge ees haaras endal rinnust , kähises vaikselt ja vajus maha tagasi . 	nüüd raksatama kolmas revolvrilask ja kogu mina jalg ees haarama ise rind , kähisema vaikselt ja vajuma maha tagasi .
86		 Kuni ta suremisega ametis oli , jõudsin ringi vaadata ja fikseerida , et ka teine ründaja lamab liikumatult . 	kuni tema suremine amet olema , jõudma ringi vaatama ja fikseerima , et ka teine ründaja lamama liikumatult .
87		 Tardusime , relvad tõstetud , valmis järgmiseks rünnakuks . 	tarduma , relv tõstetud|tõstma , valmis järgmine rünnak .
87		 Oli juba üsna hämaraks läinud , nii et nähtavus polnud enam suurem asi . 	olema juba üsna hämar läinud|minema , nii et nähtavus olema enam suurem asi .
87		 Keegi tormas eemal pimeduses , kuulsime jalgade tatsumist , ent nägime vaid varje nelja-viiekümne meetri kaugusel puude vahel . 	keegi tormama eemal pimedus , kuulma jalg tatsumine , ent nägema vaid vari nelja-viiskümmend meeter kaugusel puu|puue vahel .
87		 Siis jäi kõik vaikseks ja liikumatuks . 	siis jääma kõik vaikne ja liikumatu .
88		" Kummardusin meie ründajaid uurima , kuid Jaan kähvas : "" Get back ! "" "	"kummarduma mina ründaja uurima , kuid Jaan kähvama : "" Get back ! """
89		 Ta sihtis hoolikalt ja tulistas mõlemale kuuli pähe . 	tema sihtima hoolikalt ja tulistama mõlema kuul pea .
90		" "" Vii auto eemale . "	""" viima auto eemale ."
90		" Umbes sada meetrit . "" "	"umbes sada meeter . """
91		 Kummardusin siiski enne korraks neid lamavaid kogusid uurima ja märkisin silmanurgast , et Jaan jälgis mind natuke lootusetul ilmel , ise kiiruga revolvrit laadides . 	kummarduma siiski enne korraks see lamav kogu uurima ja märkima silmanurk , et Jaan jälgima mina natuke lootusetu ilme , ise kiir|kiird revolver laad .
91		 Laipadel ei olnud koeramaske ega karusnahkseid kombinesoone . 	laip ei olema|olnud koeramask ega karusnahkne kombinesoon .
91		 Need seal maas olid libahundid . 	see seal maas olema libahunt .
91		 Olid , lamasid ja jooksid verd — ümberlükkamatu fakt , mis vilistas mu arvamusele taoliste ebausu sünnitiste võimalikkuse kohta . 	olema , lamama ja jooksma veri - ümberlükkamatu fakt , mis vilistama mina arvamus taoline ebausk sünnitis võimalikkus kohta .
91		" Muide , nad meenutasid hunti ainult "" näo poolest "" , sest nende jalad lõppesid selliste sõrmede ( või varvastega ) , mille põhjal oleks võinud neid hallikarvalisteks gorilladeks pidada . "	"muide , tema meenutama hunt ainult "" nägu poolest "" , sest tema jalg lõppema selline sõrm ( või varvas ) , mis põhjal olema võima|võinud see hallikarvaline gorilla pidama ."
92		 Kaalusin , kas süüdata lamp , et neid paremini näha , kuid Jaan mõistis mu kavatsust ja raputas keelavalt pead . 	kaaluma , kas süütama lamp , et tema paremini nägema , kuid Jaan mõistma mina kavatsus ja raputama keelavalt pea .
93		" "" Kas sa saad nii , et ka auto laternaid ei süüta ? "" "	""" kas sina saama nii , et ka auto latern ei süütama ? """
94		 Noogutasin . 	noogutama .
94		" "" Vajad sa lampi ? "" "	""" vajama sina lamp ? """
95		 Ta raputas pead ja andis märku kuulatada . 	tema raputama pea ja andma märk kuulatama .
95		 Keegi liikus taas kusagil kaugemal pimeduses . 	keegi liikuma taas kusagil kaugemal pimedus .
95		 Jaan vaatas kiiresti taha ja panin alles nüüd tähele , et hauaplaadi najal istunud haavatu on kadunud . 	Jaan vaatama kiiresti taha ja panema alles nüüd tähele , et hauaplaat najal istuma|istunud haavatu olema kaduma|kadunud .
96		" "" Mine ! "" "	""" minema ! """
97		 Ajasin auto eemale ja kiirustasin tagasi , käigu pealt püssi laadides . 	ajama auto eemale ja kiirustama tagasi , käik pealt püss laad .
97		 Poolel teel sain Jaaniga kokku . 	Poolel teel saama Jaan|Jaani kokku .
98		" "" Läksime , "" tahtis ta minust mööduda . "	""" minema , "" tahtma tema mina mööduma ."
99		" "" Aga ... "" "	""" aga ... """
100		" "" See ei ole sinu mure . "" "	""" see ei olema sina mure . """
101		" "" Me ei saa ju ometi laipu siia niisama vedelema jätta ! "	""" mina ei saama ju ometi laip siia niisama vedelema jätma !"
101		" Ja ma tahan neid lähemalt vaadata . "" "	"ja mina tahtma tema lähemalt vaatama . """
102		 Astusin edasi , oodates iga hetk selja tagant käsklust seisma jääda . 	astuma edasi , ootama iga hetk selg tagant käsklus seisma jääma .
102		 Seda ei tulnud , Jaan hoopis järgnes mulle . 	see ei tulema|tulnud , Jaan hoopis järgnema mina .
103		 Laibad olid kadunud . 	laip olema kaduma|kadunud .
103		 Uurisin maapinda , algul niisama ja siis lambivalgel , ning tundsin ennast järjest tobedamalt . 	uurima maapind , algul niisama ja siis lambivalge , ning tundma ise järjest tobedamalt .
104		" "" Mis sa nendega tegid ? "" "	""" mis sina tema tegema ? """
105		" "" Ma ütlesin , see pole sinu mure . "" "	""" mina ütlema , see olema sina mure . """
106		 Oli juba üsna pime , udu oli hajunud ja kui valgusvihk libises üle pärani kabeliukse , olin kindel , et laibad on sinna peidetud . 	olema juba üsna pime , udu olema hajuma|hajunud ja kui valgusvihk libisema üle pärani kabeliuks , olema kindel , et laip olema sinna peidetud|peitma .
106		 Ent mul ei olnud mingit tahtmist seda uurima minna . 	ent mina ei olema|olnud mingi tahtmine see uurima minema .
107		 Aga Jaaniga ei olnud ma veel lõpetanud ... 	aga Jaan|Jaani ei olema|olnud mina veel lõpetama|lõpetanud ...
108		" "" Lepime kokku , et enam ei sihi teineteist ? "" kuulsin oma selja taga asjaosalise pehmet tooni , enne kui mõtte lõpuni jõudsin mõelda . "	""" leppima kokku , et enam ei sihtima teineteise ? "" kuulma oma selg taga asjaosaline pehme toon , enne kui mõte lõpp jõudma mõtlema ."
108		" "" See teeb närviliseks . "	""" see tegema närviline ."
108		 Läheks ehk korraks minu poole , Undva tallu ? 	minema ehk korraks mina poole , Undva talu ?
108		 Pisut brändit ? 	pisut brändi ?
108		" See kulub ära . "" "	"see kuluma ära . """
109		 Mu õlad vajusid longu . 	mina õlg vajuma longu .
109		 Korraga olin lihtsalt väsinud ja segaduses . 	korraga olema lihtsalt väsima|väsinud ja segadus .
109		 Noogutasin ja pöördusin . 	noogutama ja pöörduma .
110		" "" Mis need su püstolis olid ? "	""" mis see sina püstol olema ?"
110		" Hõbekuulid ? "" küsisin , kui auto poole tagasi kõndisime . "	"hõbekuul ? "" küsima , kui auto poole tagasi kõndima ."
111		 Ta raputas pead . 	tema raputama pea .
111		" "" Depleted uranium , kuidas iganes see eesti keeles võiks olla . "" "	""" Deplete|Depleted uranium , kuidas iganes see eesti keel võima olema . """
111		 Ta otsis taskust ja ulatas mulle ühe padruni , mis väljanägemiselt oli küll igatpidi tavaline 0.357-ne Magnum . 	tema otsima tasku ja ulatama mina üks padrun , mis väljanägemine olema küll igatpidi tavaline 0.357-ne magnum .
112		" "" Need vist ei ole enam satanistid ? "" turtsatasin seda talle tagasi andes . "	""" see vist ei olema enam satanist ? "" turtsatama see tema tagasi andma ."
113		" "" Ei . "" "	""" ei . """
114		" "" Mis need siis on ? "	""" mis see siis olema ?"
114		" Ma usun , et sa pead oma loo tagasi võtma ja uue jutustama . "" "	"mina uskuma , et sina pidama oma lood|loog|lugu tagasi võtma ja uus jutustama . """
115		" "" Jah . "" "	""" jah . """
