par_nr	head	sentence	lemmas
1	 Hirmul ei ole kodu 	 Hirmul ei ole kodu 	hirm ei olema kodu
2		 Tiit Tarlap 	Tiit Tarlap
3		 Ma ei ütleks , et see augustiõhtu peitis endas algusest peale midagi endelist . 	mina ei ütlema , et see augustiõhtu peitma ise algus peale miski endeline .
3		 Pärastpoole tundus muidugi teisiti , aga niimoodi otsustades ei tuleks hinnang kuigi objektiivne . 	pärastpoole tunduma muidugi teisiti , aga niimoodi otsustama ei tulema hinnang kuigi objektiivne .
3		 Mõistus käsib igatahes arvata , et kõik pidi olema üsna tavaline , ja küllap oligi . 	mõistus käskima igatahes arvama , et kõik pidama olema üsna tavaline , ja küllap olema .
3		 Jõe kohal hõljus loojangujärgne uduloor ja praksuv lõke liivasel kaldaseljandikul lennutas sädemeid oma taevaste sugulaste poole . 	jõgi kohal hõljuma loojangujärgne uduloor ja praksuv lõke liivane kaldaseljandik lennutama säde oma taevane sugulane poole .
3		 Öö tõotas tulla selge ja tähine . 	öö tõotama tulema selge ja tähine .
4		 Jalas lühikesed džiinid , tõi Oll telgist seljakoti meie proviandiga ja pani tule äärde maha . 	jalas lühike džiinid , tooma Oll telk seljakott mina proviant ja panema tuli äärde maha .
5		" "" Vaata ette , "" hoiatas ta Aleksit . "	""" vaatama ette , "" hoiatama tema Aleks ."
5		" "" Siin kotis on sool . "	""" siin kott olema sool ."
5		" Sa katsu sellest kaugemale hoida . "" "	"sina katsuma see kaugemale hoidma . """
6		 Ma puhkesin kohusetruult naerma , Aleks kaasa arvatud . 	mina puhkema kohusetruult naerma , ale kaasa arvama|arvatud .
6		 See , kuidas ta kunagi ürgammu uhhaa keetis , milles kartulitükid pinnal ujusid , polnud laita nali . 	see , kuidas tema kunagi ürgamb uhhaa keetma , mis kartulitükk pind ujuma , olema laitma nali .
6		 Vähemalt esimesel viiel aastal kindlasti mitte . 	vähemalt esimene viis aasta kindlasti mitte .
6		 Kuid nüüd oli neid möödas juba kakskümmend . 	kuid nüüd olema see möödas juba kakskümmend .
6		 Nagu meie koolipõlvestki . 	nagu mina koolipõli|koolipõlv .
7		 Siin , jõeäärses väikelinnas saime vahel endistviisi kokku . 	siin , jõeäärne väikelinn saama vahel endistviisi kokku .
7		 Mitte küll igal suvel ja mitte alati kõik neljakesi . 	mitte küll iga suvi ja mitte alati kõik neljakesi .
7		 Eelmisel aastal näiteks käis Oll Inglismaal sümpoosionil ja enne seda oli Tomil valimiskampaania . 	eelmine aasta näide käima Oll Inglismaa sümpoosion ja enne see olema Tom valimiskampaania .
7		 Aga siit olime kord maailma läinud , siin elasid endiselt meie vanemad ning siin oli võimalus kohtumiseks suurem kui kusagil mujal . 	aga siit olema kord maailm läinud|minema , siin elama endiselt mina vanem ning siin olema võimalus kohtumine suurem kui kusagil mujal .
7		 Ja kui see juhtus , ei jätnud me tegemata traditsioonilist kalaretke Kääpatõkkele , meie kadunud nooruse pärusmaale . 	ja kui see juhtuma , ei jätma|jätnud mina tegema traditsiooniline kalaretk kääpatõke , mina kaduma|kadunud noorus pärusmaa .
8		 Tegelikult oli see juba ammu minetanud esialgse tähenduse ja muutunud millekski hoopis muuks — tõenäoliselt palju vajalikumaks , kuid ka nukramaks . 	tegelikult olema see juba ammu minetama|minetanud esialgne tähendus ja muutuma|muutunud miski hoopis muu - tõenäoliselt palju vajalikum , kuid ka nukram .
8		 Oma peresid me retkedele kaasa ei võtnud . 	oma pere mina retk kaasa ei võtma|võtnud .
8		 Nüüd enam mitte , ehkki algul seda vahel juhtus . 	nüüd enam mitte , ehkki algul see vahel juhtuma .
8		 Hakkas koguni tunduma , et just nende eest me siia pagesimegi . 	hakkama koguni tunduma , et just see eest mina siia pagema .
8		 Mitte oma naiste ja laste eest , keda me ju armastasime , vaid rutiini , kohusetunde ja kompromisside eest . 	mitte oma naine ja laps eest , kes mina ju armastama , vaid rutiin , kohusetunne ja kompromiss eest .
8		 Elu eest , mis näilisest edust hoolimata ei läinud sugugi nii , nagu kunagi mõeldud ja millest peredel oli oma oluline ja kinninaelutav roll . 	elu eest , mis näiline edu hoolimata ei läinud|minema sugugi nii , nagu kunagi mõeldud|mõtlema ja mis pere olema oma oluline ja kinninaelutav roll .
9		 Ainult et ka pagemine oli juba ammu muutunud rutiiniks . 	ainult et ka pagemine olema juba ammu muutuma|muutunud rutiin .
9		 Just siin , oma päriskodus tajusime aasta-aastalt üha selgemini , kui vähe oli meis veel säilinud neid , kes me kunagi olime olnud . 	just siin , oma päriskodu tajuma aasta-aastalt üha selgemini , kui vähe olema mina veel säilima|säilinud tema , kes mina kunagi olema olema|olnud .
10		 Me ei rääkinud sellest iialgi . 	mina ei rääkima|rääkinud see iialgi .
10		 Isegi siis mitte , kui grokk meid jutukaks tegi . 	isegi siis mitte , kui grokk mina jutukas tegema .
10		 Me paistsime olevat lõbusad ja enamasti õnnestus meil end veenda , et me olimegi seda . 	mina paistma olema lõbus ja enamasti õnnestuma mina ise veenma , et mina olema see .
10		 Nii , nagu me kunagi olime mänginud kedagi , kes me ihaldasime olla , mängisime nüüd kohusetundlikult neid , kes me tookord ise olime . 	nii , nagu mina kunagi olema mängima|mänginud keegi , kes mina ihaldama olema , mängima nüüd kohusetundlikult see , kes mina tookord ise olema .
10		 See oli võlts , aga me teesklesime , et see läheb meil korda . 	see olema võlts , aga mina teesklema , et see minema mina kord .
10		 Me vajasime seda . 	mina vajama see .
10		 Ja see oli vist ainus põhjus , miks traditsioon ei olnud veel välja surnud . 	ja see olema vist ainus põhjus , miks traditsioon ei olema|olnud veel välja surema|surnud .
11		" "" Joo , inimlaps ! "" ulatas Aleks Tomile grokikannu . "	""" jooma , inimlaps ! "" ulatama Aleks Tom grokikann ."
11		" "" Nüüd ei keelaks seda sulle isegi vanad spartalased . "	""" nüüd ei keelama see sina isegi vana spartalane ."
11		" Vananevatele meestele andvat vein nooruse tagasi . "" "	"vananev mees andma vein noorus tagasi . """
12		" "" Nende tärmin oli nelikümmend , "" protesteeris Torn šašlõkivardale tuge otsides . "	""" tema tärmin olema nelikümmend , "" protesteerima Torn šašlõkivarras tugi otsima ."
13		" "" Noh , need paar puuduvat aastat annab ajalugu sulle andeks , "" kinnitas Aleks ajaloo nimel . "	""" noh , see paar puuduv aasta andma ajalugu sina andeks , "" kinnitama Aleks ajalugu nimel ."
14		 Oll turtsatas . 	Oll turtsatama .
15		" "" Tuleta oma sõnu meelde , direktorihärra ! "	""" tuletama oma sõna meel , direktorihärra !"
15		" Tuleta neid hoolega meelde , kui hakkad mõnd patustanud gümnasisti tänavale viskama . "" "	"Tuleta see hool meel , kui hakkama mõni patustama|patustanud gümnasist tänav viskama . """
16		 Gümnaasiumidirektor Aleks sügas oma musta täishabet . 	Gümnaasiumidirektor Aleks sügama oma must täishabe .
16		 Selles ei olnud veel ainsatki halli karva . 	see ei olema|olnud veel ainus hall karv .
17		" "" Ma saadan nad otseteed sinu juurde Akadeemiasse , "" otsustas ta . "	""" mina saatma tema otsetee sina juurde Akadeemia , "" otsustama tema ."
17		" "" Võid neist seal epikuurlaste fraktsiooni moodustada . "" "	""" võima see seal epikuurlane fraktsioon moodustama . """
18		" "" Fraktsioonid on rohkem Tomi rida , "" leidis Oll kolmeaastase staažiga linnapea poole vaadates . "	""" fraktsioon olema rohkem Tom rida , "" leidma Oll kolmeaastane staaž linnapea poole vaatama ."
18		" "" Mis on uudist munitsipaalorganeis ? "" "	""" mis olema uudis munitsipaalorgan ? """
19		" "" Oh , tikime ja heegeldame nagu muistegi , "" kinnitas Tom vagusalt . "	""" oh , tikkima ja heegeldama nagu muiste , "" kinnitama Tom vagusalt ."
20		" "" Tubli , "" kiitis Oll . "	""" tubli , "" kiitma Oll ."
20		" "" Vähemalt midagi püsivat siin muutuval maamunal . "	""" vähemalt miski püsiv siin muutuv maamuna ."
20		 Kuulge , poisid , kas Sven on ikka elus ? 	kuulma , poiss , kas Sven olema ikka elus ?
20		" Ta pole juba kaks tundi suud lahti teinud . "" "	"tema olema juba kaks tund suu lahti tegema|teinud . """
21		 Kuna Sven olin mina , avasin kärmelt suu ja pistsin sinna mahlast nõrguva lihatüki . 	kuna Sven olema mina , avama kärmelt suu ja pistma sinna mahl nõrguv lihatükk .
21		 See oli alles palav ja põletas , nii et hakkasin jalamaid lurinal õhku ahmima . 	see olema alles palav ja põletama , nii et hakkama jalamaid lurinal õhk ahmima .
22		" "" Enne joo ja alles siis sure , "" õpetas Tom ja küünitas minu poole pooliku õllepudeli . "	""" enne jooma ja alles siis surema , "" õpetama Tom ja küünitama mina poole poolik õllepudel ."
22		" "" Kuidas edeneb ristisõda toimetajate vastu ? "" "	""" kuidas edenema ristisõda toimetaja vastu ? """
23		" Kustutasin õllega tulekahju suus ja vangutasin kergendatult pead : "" Sõda käib veriselt ja halastamatult . "	"kustutama õlu tulekahju suu ja vangutama kergendatult pea : "" sõda käima veriselt ja halastamatult ."
23		 Nad on nüüd ära õppinud kolmveerandi tähestikust ja tõmbavad maha kõik need tähed mida nad ei tunne . 	tema olema nüüd ära õppima|õppinud kolmveerand tähestik ja tõmbama maha kõik see täht mis tema ei tundma .
23		 Ja kinnitavad siis , et tekst ei kõlba kuhugi . 	ja kinnitama siis , et tekst ei kõlbama kuhugi .
23		" Selleks ajaks on neil loomulikult juba õigus . "" "	"see aeg olema tema loomulikult juba õigus . """
24		" "" Haistan õeluse hõngu , "" konstateeris Aleks ninaga õhku vedades . "	""" haistma õelus hõng , "" konstateerima Aleks nina õhk vedama ."
24		" "" Ime , et nad sind veel üldse trükivad . "" "	""" imema , et tema sina veel üldse trükkima . """
25		" "" Ega nad ei teekski seda , aga nad peavad kriitikutele vahel midagi järada andma . "" "	""" ega tema ei tegema see , aga tema pidama kriitik vahel miski järama andma . """
26		 Vastaskaldal mustendava metsa kohale oli tõusnud hiigelsuur kuuketas . 	vastaskallas mustendav mets kohale olema tõusma|tõusnud hiigelsuur kuuketas .
26		 Ümbrus muutus ka ilma lõkke abita valgemaks . 	ümbrus muutuma ka ilma lõke abi valgem .
26		 See oli hõbedane , lummav valgus . 	see olema hõbedane , lummav valgus .
26		 Nooruse valgus , turgatas mulle pähe . 	noorus valgus , turgatama mina pea .
26		 Aga võibolla oli see hoopis grokk , mis seda kõrva sosistas . 	aga võibolla olema see hoopis grokk , mis see kõrv sosistama .
26		 Vanadel spartalastel võis ju ka õigus olla . 	vana spartalane võima ju ka õigus olema .
27		" "" Lähen , vaatan tulematerjali , "" ütles Oll end püsti ajades . "	""" minema , vaatama tulematerjal , "" ütlema Oll ise püsti ajama ."
28		" "" Võta lamp kaasa , "" soovitas Aleks . "	""" võtma lamp kaasa , "" soovitama Aleks ."
28		 Oll lõi käega . 	Oll looma|lööma käsi .
29		" "" Ma tulen ka , "" ütlesin endalegi ootamatult ja tõusin samuti . "	""" mina tulema ka , "" ütlema ise ootamatult ja tõusma samuti ."
30		" "" Kas lambi asemel ? "" tögas Tom süütu häälega . "	""" kas lamp asemel ? "" tögama Tom süütu hääl ."
31		" Kaldarinnakult vaatas Oll lõkke poole tagasi ja hoiatas : "" Hoidke , lapsed , et te end täis ei joo ! "" "	"kaldarinnak vaatama Oll lõke poole tagasi ja hoiatama : "" hoidma , laps , et sina end täis ei jooma ! """
32		 Me läksime õlg õla kõrval üle kuuvalge niidu lepiku poole ja ma kandsin endas suurt soovi terve maailmaga ära leppida . 	mina minema õlg õlg kõrval üle kuuvalge niit lepik poole ja mina kandma ise suur soov terve maailm ära leppima .
32		 See oli imelik . 	see olema imelik .
32		 Enda arust olin joonud vaid õige pisut . 	ise arust olema jooma|joonud vaid õige pisut .
32		 Nüüd aga tundsin äkki heldimust nagu kauni muusika eelmängu . 	nüüd aga tundma äkki heldimus nagu kaunis muusika eelmäng .
32		 Ja iga sammuga näis see aina süvenevat . 	ja iga samm näima see aina süvenev .
33		" "" Võrratu , et me jälle siin oleme , "" ütles Oll ning juba häälest sain aru , et temaga on sarna lugu . "	""" võrratu , et mina jälle siin olema , "" ütlema Oll ning juba hääl saama aru , et tema olema sarn lugu ."
33		 Meie mõlema tundeaparaadid pidid olema põhjalikult paigast ära . 	mina mõlema tundeaparaat pidama olema põhjalikult paik ära .
33		 Kuid mina olin küll viimane , kes selle üle kurtma tikkus . 	kuid mina olema küll viimane , kes see üle kurtma tikkuma .
33		 See oli imeline . 	see olema imeline .
33		 Näis , nagu oleks süütu lapsepõlv tagasi pöördunud . 	näima , nagu olema süütu lapsepõlv tagasi pöörduma|pöördunud .
34		 Lepik kasvas siinsamas , aga nende sadakonna meetri jooksul olin jõudnud unustada , miks me siia tulime . 	Lepik kasvama siinsamas , aga tema sadakond meeter jooksul olema jõudma|jõudnud unustama , miks mina siia tulema .
34		 Miski tõmbas mind edasi ja ma ei näinud ainsatki põhjust sellele vastu puigelda . 	miski tõmbama mina edasi ja mina ei nägema|näima|näinud ainus põhjus see vastu puiklema .
34		 Enamgi veel — oleksin pahaks pannud iga katset mind tagasi hoida . 	enam veel - olema paha panema|pannud iga katse mina tagasi hoidma .
34		 Astusin läbi kastese rohu puudest mööda ja Oll kõndis mu kõrval niisama loomulikult , nagu oleksime kokku rääkinud . 	astuma läbi kastene rohi puu|puue mööda ja Oll kõndima mina kõrval niisama loomulikult , nagu olema kokku rääkima|rääkinud .
34		 Tekkis kummaline tunne , otsekui käiksin kusagilt minuni ulatuvas kutsuvas valgusvihus , ja siis ma taipasin äkki , et ma käisingi selles , sest nägin seda nüüd . 	tekkima kummaline tunne , otsekui käima kusagilt mina ulatuv kutsuv valgusvihk , ja siis mina taipama äkki , et mina käima see , sest nägema see nüüd .
35		 See oli smaragdroheline kiir , mis langes taevast umbes kolmekümnekraadise nurga all ning laienes meieni jõudes otsekui lehtriks , mis mu endasse sulges . 	see olema smaragdroheline kiir , mis langema taevas umbes kolmekümnekraadine nurk all ning laienema mina jõudma otsekui lehter , mis mina ise sulgema .
35		 Peaaegu samal hetkel märkasin ka teist , esimesega suuresti kattuvat kiirt . 	peaaegu sama hetk märkama ka teine , esimene suuresti kattuv kiir .
35		 Too kaldus veidike kõrvale ja lõppes samasuguse lehtriga . 	too kalduma veidike kõrvale ja lõppema samasugune lehter .
35		 See oli Olli oma . 	see olema Olli oma .
35		 Siis nägin , et kiiri oli koguni neli . 	siis nägema , et kiir olema koguni neli .
35		 Kaks ülejäänut suundusid kuhugi meie seljataha , kuid lähenesid meile aeglaselt . 	kaks ülejäänu suunduma kuhugi mina seljataha , kuid lähenema mina aeglaselt .
35		 Teadsin isegi ilma ümber pööramata , et need küündisid lõkke äärest lahkunud Tomi ja Aleksini , kes tulid lähemale . 	teadma isegi ilma ümber pöörama , et see küündima lõke äärest lahkuma|lahkunud Tom ja Aleks , kes tulema lähemale .
35		 See ei olnud loogiline järeldus , see oli just nimelt teadmine , otsekui oleksid smaragdsed kiired ja neid ühendav miski sidunud meid kõiki ühtseks tervikuks . 	see ei olema|olnud loogiline järeldus , see olema just nimelt teadmine , otsekui olema smaragdne kiir ja see ühendav miski siduma|sidunud mina kõik ühtne tervik .
36		 Kiirte hargnemisnurga järgi sain aru , et see , mis neid välja saatis , ei tohtinud olla eriti kaugel . 	kiir hargnemisnurk järgi saama aru , et see , mis tema välja saatma , ei tohtima|tohtinud olema eriti kaugel .
36		 Vahemaa võis ulatuda sajast meetrist kahesajani , aga selle täpsemat määratlemist segas kiirte asendi järjekindel muutumine . 	vahemaa võima ulatuma sada meeter kakssada , aga see täpsem määratlemine segama kiir asend järjekindel muutumine .
36		 Lisaks näis ka nende ühtimispunkt pidevalt liikuvat . 	lisa näima ka tema ühtimispunkt pidevalt liikuv .
36		 See lähenes ... 	see lähenema ...
37		 Ma ei tundnud hirmu . 	mina ei tundma|tundnud hirm .
37		" Võibolla olin ma "" ära tehtud "" , võimalik aga , et selleks ei jätkunud enam lihtsalt ruumi . "	"võibolla olema mina "" ära tegema|tehtud "" , võimalik aga , et see ei jätkuma|jätkunud enam lihtsalt ruum ."
37		 Sest tunne , mis täitis kogu mu teadvust , oli niivõrd sügav ja erutav , et miski muu sinna enam ei mahtunud . 	sest tunne , mis täitma kogu mina teadvus , olema niivõrd sügav ja erutav , et miski muu sinna enam ei mahtuma|mahtunud .
37		 Üheainsa hetke jooksul oleks mu silmadelt nagu kae langenud ja mulle olid avatud Universumi saladused . 	üksainus hetk jooksul olema mina silm nagu kae langema|langenud ja mina olema avama|avatud universum saladus .
37		 Ma mõistsin äkki Olemise Suurt Tähendust , selle üheaegset tühisust ja grandioossust . 	mina mõistma äkki olemine suur tähendus , see üheaegne tühisus ja grandioossus .
37		 Kohalt liikumata tajusin end pöörase kiirusega hõljuvat tühjuses keset päikesi ja planeete — isegi mitmetes , loendamatutes kohtades korraga , ja eri aegades — ning ma ise olingi see tühjus ja need päikesed ja planeedid ; seda kõike aga täitis säärane hiilgus ja sära , mis oleks mind sekundi murdosa jooksul aatomiteks pihustanud , kui see oleks kerkinud mu ette tegelikult ja mitte vaid läbi mu teadvuse . 	koha|koht liikuma tajuma ise pöörane kiirus hõljuv tühjus keset päike|päikene ja planeet - isegi mitu , loendamatu koht korraga , ja eri aeg - ning mina ise olema see tühjus ja see päike|päikene ja planeet ; see kõik aga täitma säärane hiilgus ja sära , mis olema mina sekund murdosa jooksul aatom pihustama|pihustanud , kui see olema kerkima|kerkinud mina ette tegelikult ja mitte vaid läbi mina teadvus .
38		 Ma seisin liikumatult , jälgides kiirte ühenduspunkti lähenemist , ja tundsin mõõtmatut õnne . 	mina seisma liikumatult , jälgima kiir ühenduspunkt lähenemine , ja tundma mõõtmatu õnn .
38		 Ent sellega kaasnes ühtaegu ka niisama mõõtmatu ja enneolematu piin , kuna seal oli veel enam , määratult enam seesugust , mis jäi lootusetult väljaspoole vastuvõtu ja arusaamise piiri olendile , kelleks ma olin loodud . 	ent see kaasnema ühtaegu ka niisama mõõtmatu ja enneolematu piin , kuna seal olema veel enam , määratult enam seesugune , mis jääma lootusetult väljaspool vastuvõtt ja arusaamine piir olend , kes mina olema loodud|looma .
38		 Sellest jäi hing kinni . 	see jääma hing kinni .
38		 Oleksin tahtnud oma piiratuse üte nutta nagu väike laps . 	olema tahtma|tahtnud oma piiratus üte nutma nagu väike laps .
38		 Saanud osa kujutlematust , tahtsin kohe veelgi enamat . 	saama|saanud osa kujutlematus , tahtma kohe veelgi enam .
39		 Ühtäkki ma nägin seda . 	ühtäkki mina nägema see .
39		 Just siis , kui Aleks ja Tom kohale jõudsid ja kõik neli kiirt asusid ühele tasapinnale , eristas silm nende liitumiskoha ümber energia külma sädelust . 	just siis , kui Aleks ja Tom kohale jõudma ja kõik neli kiir asuma üks tasapind , eristama silm see liitumiskoha|liitumiskoht ümber energia külm sädelus .
39		 Ma ei tea , miks ma arvasin , et sädelus on nimelt külm ning et see on just energia , aga millegipärast polnud selles vähimatki kahtlust . 	mina ei teadma , miks mina arvama , et sädelus olema nimelt külm ning et see olema just energia , aga millegipärast olema see vähim kahtlus .
39		 See oli lihtsalt enesestmõistetav . 	see olema lihtsalt enesestmõistetav .
39		 See moodustas osa Kõiksusest , mida ma alles äsja olin tunnetanud . 	see moodustama osa kõiksus , mis mina alles äsja olema tunnetama|tunnetanud .
40		 Sädelus materialiseerus tuhmiks , öötaevast heledamaks ellipsiks ja maandus vihiseva heli saatel sujuvalt meie ette . 	sädelus materialiseeruma tuhm , öötaevas heledam ellips ja maanduma vihisev heli saatel sujuvalt mina ette .
40		 Kuuldus , nagu oleks tühjenenud autokumm . 	kuuldus , nagu olema tühjenema|tühjenenud autokumm .
40		 Kui objekt paigale jäi , vaibus ka heli . 	kui objekt paigale jääma , vaibuma ka heli .
40		" Ainult nüüd ei olnud see enam ellips , vaid kuuele liigendatud "" ämblikujalale "" toetuv hallikas muna . "	"ainult nüüd ei olema|olnud see enam ellips , vaid kuus liigendama|liigendatud "" ämblikujalg "" toetuv hallikas muna ."
41		 Hirmu ei olnud ikka veel . 	Hirmu ei olema|olnud ikka veel .
41		 Ka meie moodustasime osa Kõiksusest . 	ka mina moodustama osa kõiksus .
41		 Hirmu tunda oleks tähendanud karta iseennast . 	hirm tundma olema tähendama|tähendanud kartma iseenese .
42		 Midagi konkreetset mõtlemata tahtsin lähemale minna . 	miski konkreetne mõtlema tahtma lähemale minema .
42		 See oli järgnemine samale kutsele , mis oli mind lõkke äärest tulles edasi ajanud . 	see olema järgnemine sama kutse , mis olema mina lõke äärest tulema edasi ajama|ajanud .
42		 Kuid ma ei liikunud paigast . 	kuid mina ei liikuma|liikunud paik .
42		 Ma ei saanud seda teha , justkui oleks kuuvalge õhk tahkeks tihenenud ja mu keha endasse tarretanud . 	mina ei saama|saanud see tegema , justkui olema kuuvalge õhk tahke tihenema|tihenenud ja mina keha ise tarretama|tarretanud .
42		 Või tegi seda smaragdne lehter , mis mind ikka veel ümbritses ? 	või tegema see smaragdne lehter , mis mina ikka veel ümbritsema ?
43		 Muna — või kabiin ? — oli umbes autosuurune , kui nii kohatut võrdlust üldse kasutada , aga jalad hoidsid seda paari meetri võrra maapinnast kõrgemal . 	muna - või kabiin ? - olema umbes autosuurune , kui nii kohatu võrdlus üldse kasutama , aga jalg hoidma see paar meeter võrra maapind kõrgemal .
43		 Selle alaosast väljus hääletult peenike varras , mis pikenes sujuvalt , kuni ulatus rohuni . 	see alaosa väljuma hääletult peenike varras , mis pikenema sujuvalt , kuni ulatuma rohi .
43		 Varda ümber tekkis kuuvalgusest intensiivsem , kuid servadest järkjärgult tuhmuv helendus . 	varras ümber tekkima kuuvalgus intensiivsem , kuid serv järkjärgult tuhmuv helendus .
43		 Siis ilmusid sellesse helendusse kaks olendit . 	siis ilmuma see helendus kaks olend .
43		 Nad ei laskunud sinna oma munakujulisest kabiinist ega tekkinud ka aegamisi nagu neid ümbritsev kuma . 	tema ei laskuma|laskunud sinna oma munakujuline kabiin ega tekkima|tekkinud ka aegamisi nagu see ümbritsev kuma .
43		 Ühel hetkel nad lihtsalt seisid seal , kus neid napp sekundikümnendik tagasi veel ei olnud . 	üks hetk tema lihtsalt seisma seal , kus tema napp sekundikümnendik tagasi veel ei olema|olnud .
44		 Nad olid väikest kasvu , küündides vaevu poolteise meetrini , kuid proportsionaalse kehaehitusega oma liibuvate , kombinesoonilaadsete ihukatete all . 	tema olema väike|väikene kasv , küündima vaevu poolteist meeter , kuid proportsionaalne kehaehitus oma liibuv , kombinesoonilaadne ihukate all .
44		 Üksnes juusteta pead olid ebaloomulikult suured . 	üksnes juus pea olema ebaloomulikult suur .
44		 Mingeid peakatteid ega hingamisaparaate nad ei kandnud ja me nägime selgesti nende suuri , aga muidu täiesti inimlikke silmi . 	mingi peakate ega hingamisaparaat tema ei kandma|kandnud ja mina nägema selgesti see suur , aga muidu täiesti inimlik silm .
44		 Ninad ja kõrvalestad olid väga väikesed , huultel peaaegu puudusid huuled . 	nina ja kõrvalest olema väga väike|väikene , huul peaaegu puuduma huul .
45		 Nad seisid niisama liikumatult nagu meiegi , pilgud meile pööratud , kummalgi üks käsi nende vahelt maani ulatuva varda küljes , otsekui ammutaksid nad sellest elujõudu . 	tema seisma niisama liikumatult nagu mina , pilk mina pöörama|pööratud , kumbki üks käsi tema vahelt maa ulatuv varras küljes , otsekui ammutama tema see elujõud .
45		 Millegipärast tundusid nende silmad mulle ääretult kurbadena . 	millegipärast tunduma tema silm mina ääretult kurb .
45		 Ning etteheitvaina . 	ning etteheitev .
45		 Aga võibolla mõtlesin selle ka pärast juurde , kui mul juba põhjust oli . 	aga võibolla mõtlema see ka pärast juurde , kui mina juba põhjus olema .
45		 Kuidas ma saaksin seda tagantjärele veel kindlaks teha ? 	kuidas mina saama see tagantjärele veel kindel tegema ?
46		 See oli Oll , kes esimesena sai kõnevõimeliseks . 	see olema Oll , kes esimene saama kõnevõimeline .
46		 Teadlasena ta pidigi ootamatuste vastu paremini ette valmistatud olema . 	teadlane tema pidama ootamatus vastu paremini ette valmistama|valmistatud olema .
46		 Siis taipasin ka mina , et suudan rääkida . 	siis taipama ka mina , et suutma rääkima .
46		 Ma ainult ei teadnud , mida öelda . 	mina ainult ei teadma|teadnud , mis ütlema .
47		" "" Kes te olete ? "" kuulsin Olli küsivat . "	""" kes sina olema ? "" kuulma Olli küsiv ."
47		 Tal oli päris normaalne hääl , ainult pisut kõlatu , nagu alati , kui ta kõigest jõust millelegi kontsentreeruda püüdis . 	tema olema päris normaalne hääl , ainult pisut kõlatu , nagu alati , kui tema kõik jõud miski kontsentreeruma püüdma .
48		 Üks olendeist tõi kuuldavale rea erilisi , kurisevaid häälitsusi , mis oma lühikeste intervallidega meenutasid kõnet — ainult arusaamatut . 	üks olend tooma kuuldav rida eriline , kurisev häälitsus , mis oma lühike intervall meenutama kõne - ainult arusaamatu .
48		 Häälitsedes ei liikunud tema suu üldse , üksnes avanes , nii et helid pidid tekkima kurgus . 	häälitsema ei liikuma|liikunud tema suu üldse , üksnes avanema , nii et heli pidama tekkima kurk .
48		 Kui ta vaikis , pööras teine olend näo kaaslase poole ja kurises midagi omakorda . 	kui tema vaikima , pöörama teine olend nägu kaaslane poole ja kurisema miski omakorda .
48		 Siis vaatasid nad mõlemad taas üksisilmi meid ja hakkasin tajuma , kuidas miski mu teadvusse tungib . 	siis vaatama tema mõlema taas üksisilmi mina ja hakkama tajuma , kuidas miski mina teadvus tungima .
48		 See oli võõras , kuid mitte vaenulik . 	see olema võõras , kuid mitte vaenulik .
48		 Ja ma ei saanud sellest aru . 	ja mina ei saama|saanud see aru .
48		 Ajuti näisin kuulvat tuttavaid sõnu ja terveid lausekatkendeid , kuid mõte , mida nad pidid väljendama , jäi niisama arusaamatuks kui kurinate kuulamisel . 	ajuti näima kuulma tuttav sõna ja terve lausekatkend , kuid mõte , mis tema pidama väljendama , jääma niisama arusaamatu kui kurin kuulamine .
49		 See meenutas äsjast barjääri Kõiksuse tajumisel , polnud ainult nii piinarikas . 	see meenutama äsjane barjäär kõiksus tajumine , olema ainult nii piinarikas .
49		 Nüüd ei pidanud ma ju peatuma poolel teel . 	nüüd ei pidama|pidanud mina ju peatuma pool tee .
49		 Ma ei mõistnud mitte poolikult , vaid üldse mitte midagi ega aimanud seetõttu ka ähmaselt , millest ilma jään . 	mina ei mõistma|mõistnud mitte poolikult , vaid üldse mitte miski ega aimama|aimanud seetõttu ka ähmaselt , mis ilma jääma .
49		 Võibolla puudusid meie inimlikus teadvuses vastavad märksõnad hoopis . 	võibolla puuduma mina inimlik teadvus vastav märksõna hoopis .
50		" "" Kust te tulete ? "" püüdis Oll teist liini pidi kontakteeruda . "	""" kust sina tulema ? "" püüdma Oll teine liin pidama kontakteeruma ."
51		 Sel korral oli vastus täiesti arusaadav . 	see korral olema vastus täiesti arusaadav .
51		 Tajusin seda meeldiva , hõbedase häälena , mis kõlas nii selgesti , nagu oleksin kuulnud seda loomulikul teel . 	tajuma see meeldiv , hõbedane hääl , mis kõlama nii selgesti , nagu olema kuulma|kuulnud see loomulik tee .
51		 Seda hämmastavam oli aga vastuse mõte . 	see hämmastavam olema aga vastus mõte .
52		" "" Me ei tule kusagilt , "" ütles hääl . "	""" mina ei tulema kusagilt , "" ütlema hääl ."
52		" "" Me oleme kogu aeg siin olnud . "" "	""" mina olema kogu aeg siin olema|olnud . """
53		" "" Mida te selle all mõtlete ? "" küsis Oll enam kui hämmeldunult . "	""" mis sina see all mõtlema ? "" küsima Oll enam kui hämmeldunult ."
54		" "" Sedasama , mis teiegi , "" järgnes kiire ja kindel vastus . "	""" seesama , mis sina , "" järgnema kiire ja kindel vastus ."
54		" "" Siinset planeeti . "" "	""" siinne planeet . """
55		" "" Aga ... see on ju ... võimatu , "" pomises Oli ebaleva häälega . "	""" aga ... see olema ju ... võimatu , "" pomisema olema ebalev hääl ."
56		" "" Absurdne ! "" pahvatas keegi , vist Tom . "	""" Absurdne ! "" pahvatama keegi , vist Tom ."
57		" "" Kas te tahate öelda , et meid ei ole olemas ? "" küsis hõbedane hääl etteheitvalt . "	""" kas sina tahtma ütlema , et mina ei olema olema ? "" küsima hõbedane hääl etteheitvalt ."
58		" "" Mitte seda , aga ... "" "	""" mitte see , aga ... """
59		" "" Miks me sel juhul teid kunagi näinud ei ole ? "" küsisin omakorda . "	""" miks mina see juht sina kunagi nägema|näima|näinud ei olema ? "" küsima omakorda ."
59		" "" Miks me teist midagi ei tea ? "" "	""" miks mina sina miski ei teadma ? """
60		" "" Kas te siis näete kunagi seda , mida te näha ei taha ? "" küsis hääl vastu . "	""" kas sina siis nägema kunagi see , mis sina nägema ei tahtma ? "" küsima hääl vastu ."
61		" "" See on absudne ! "" kordas Tom uuesti . "	""" see olema absudne ! "" kordama Tom uuesti ."
61		" "" Kelleks te meid peate ? "	""" kes sina mina pidama ?"
61		" Me oleme tõsised inimesed , nii et võtke vaevaks mitte naljatada ! "" "	"mina olema tõsine inimene , nii et võtma vaev mitte naljatama ! """
62		 Mulle tundus , et ma peaaegu näen teda ütlemas neid sõnu oma raekojas . 	mina tunduma , et mina peaaegu nägema tema ütlema see sõna oma raekoda .
63		" "" No vaadake nüüd , "" sõnas hääl märksa vaiksemalt kui enne , nii et teda oli juba raske kuulata . "	""" no vaatama nüüd , "" sõnama hääl märksa vaiksemalt kui enne , nii et tema olema juba raske kuulama ."
63		" "" Kas ma siis ei öelnud ? "" "	""" kas mina siis ei öelnud|ütlema ? """
64		" "" Aga see teie siinolek pole tõsi ! "" karjatas Oll paaniliselt . "	""" aga see sina siinolek olema tõsi ! "" karjatama Oll paaniliselt ."
64		" "" Seda ei saa olla . "	""" see ei saama olema ."
64		" Rääkige meile tõtt ! "" "	"rääkima mina tõsi ! """
65		" "" Me ... ei saa ... rääkida ... nendega , kes ... meisse ei ... usu ... kes ... sisimas ... "" rääkis hääl katkendlikult ja pihustudes nagu raadiojaam segajate küüsis , kuni hääbus täiesti arusaamatuks . "	""" mina ... ei saama ... rääkima ... see , kes ... mina ei ... uskuma ... kes ... sisim ... "" rääkima hääl katkendlikult ja pihustuma nagu raadiojaam segaja küüsis , kuni hääbuma täiesti arusaamatu ."
66		" "" Oodake ! "" hüüatasin selle tähendust taibates meeleheitega . "	""" ootama ! "" hüüatama see tähendus taipama meeleheide ."
67		 Kuid oli juba hilja . 	kuid olema juba hilja .
67		 Ka minu usk ei osutunud piisavaks ning hetk hiljem polnud kaht väikest kogu enam näha . 	ka mina usk ei osutuma|osutunud piisav ning hetk hiljem olema kaks väike|väikene kogu enam nägema .
67		 Abitus tardumuses vaatasime pärani silmadega , kuidas peen varras , mille kõrval nad olid seisnud , uuesti maapinnast eraldus ja muna alaossa tõmbus . 	abitu tardumus vaatama pärani silm , kuidas peen varras , mis kõrval tema olema seisma|seisnud , uuesti maapind eralduma ja muna alaosa tõmbuma .
67		 Sedamööda , kuidas ta lühemaks muutus , tuhmus ka helendus . 	sedamööda , kuidas tema lühem muutuma , tuhmuma ka helendus .
67		 Kui mõlemad olid lõplikult kadunud , täitis õhku jällegi sisisev heli ning smaragdkiiri pikaks venitades hakkas objekt kõrgust võtma . 	kui mõlema olema lõplikult kaduma|kadunud , täitma õhk jällegi sisisev heli ning smaragdkiir pikk venitama hakkama objekt kõrgus võtma .
67		 Paarikümne meetri järel tegi ta äkilise pöörde ja otsekui lakkas olemast . 	paarkümmend meeter järel tegema tema äkiline pööre ja otsekui lakkama olema .
67		 Koos oma allikaga kadusid samal hetkel ka kõik neli kiirt . 	koos oma allikas kaduma sama hetk ka kõik neli kiir .
68		 Me olime maha jäetud ja vabad . 	mina olema maha jäetud|jätma ja vaba .
68		 Nõnda vabad , et tundsin rinnas külma pitsitust . 	nõnda vaba , et tundma rind külm pitsitus .
68		 Lihased allusid nüüd jälle aju korraldustele ja me tammusime nende abil mõttetult paigal nagu orientiiri kaotanud ratsaniketa hobused . 	lihas alluma nüüd jälle aju korraldus ja mina tammuma tema abil mõttetult paigal nagu orientiir kaotama|kaotanud ratsanik hobune .
69		 Ka meie vaim oli jälle vaba . 	ka mina vaim olema jälle vaba .
69		 Side oli katkenud ja laskis meid alles praegu päriselt mõista , mis oli juhtunud . 	Side olema katkema|katkenud ja laskma mina alles praegu päriselt mõistma , mis olema juhtuma|juhtunud .
69		 Siiani olime viibinud niivõrd tugevas lummuses , et võtsime seda suurel määral kui midagi loomulikku . 	siiani olema viibima|viibinud niivõrd tugev lummus , et võtma see suur määr kui miski loomulik .
69		 Tõeline jahmatus tuli alles nüüd . 	tõeline jahmatus tulema alles nüüd .
69		 Ikka veel jalgadel vankudes otsisime üksteise pilke ja — kummaline küll — püüdsime neid samal ajal vältida . 	ikka veel jalg vankuma otsima üksteise pilk ja - kummaline küll - püüdma tema sama aeg vältima .
70		 Tegin mõne kobava sammu kohani , kus oli seisnud lennuaparaat , ja kükitasin paika , mida oli puudutanud helendusest ümbritsetud varras . 	tegema mõni kobav samm koha|koht , kus olema seisma|seisnud lennuaparaat , ja kükitama paik , mis olema puudutama|puudutanud helendus ümbritsema|ümbritsetud varras .
70		 Rohi tundus katsudes veel vaevumärgatavalt soe . 	Rohi tunduma katsuma veel vaevumärgatavalt soe .
70		 See oli nagu tahtmatu hüvastijätt sõbralt , keda sa oled surmani solvanud ja enam kunagi ei kohta . 	see olema nagu tahtmatu hüvastijätt sõber , kes sina olema surm solvama|solvanud ja enam kunagi ei kohtama .
71		 Ühtaegu taipasin , et minu teadmisest , mida olin kandnud endas terve kontakti aja , polnud enam raasugi järel . 	ühtaegu taipama , et mina teadmine , mis olema kandma|kandnud ise terve kontakt aeg , olema enam raas järel .
71		 Otsekui kadunud unenäost . 	otsekui kaduma|kadunud unenägu .
71		 Ma isegi ei teadnud enam , milles see seisnes . 	mina isegi ei teadma|teadnud enam , mis see seisnema .
71		 Oli vaid mälestus , et teadmine oli olnud , ja meeletu kahjutunne selle kaotamisest . 	olema vaid mälestus , et teadmine olema olema|olnud , ja meeletu kahjutunne see kaotamine .
71		 Ja lootusetu , lootusetu igatsus ... 	ja lootusetu , lootusetu igatsus ...
72		 Keegi tuli ja seisis mu kõrvale . 	keegi tulema ja seisma mina kõrvale .
72		 See oli Oll . 	see olema Oll .
72		 Pead tõstes nägin , kuidas tema vaade end maapinnalt lahti rebis ja taevasse pöördus . 	pea tõstma nägema , kuidas tema vaade end maapind lahti rebima ja taevas pöörduma .
72		 Tema näole oli kirjutatud hirm . 	tema nägu olema kirjutama|kirjutatud hirm .
72		 See oli esimene hirm kogu juhtumi algusest saadik . 	see olema esimene hirm kogu juhtum algus saadik .
72		 Oma naiivsuses ei mõistnud ma veel , mida see tähendas . 	oma naiivsus ei mõistma|mõistnud mina veel , mis see tähendama .
73		" "" Hullumeelsus , "" pomises Aleks vaevukuuldavalt . "	""" hullumeelsus , "" pomisema Aleks vaevukuuldavalt ."
73		" "" Me kõik oleme hulluks läinud . "" "	""" mina kõik olema hull läinud|minema . """
74		" "" Seda ei saanud olla ! "" karjatas Oll peaaegu hüsteeriliselt . "	""" see ei saama|saanud olema ! "" karjatama Oll peaaegu hüsteeriliselt ."
74		 Tema hääl näis katkestavat viimasegi nähtamatu niidi , mis meid toimuvaga vahetult ühendas , ja alludes uuele , vastupandamatule impulsile , taganesime sellest kohast eemale , nagu ähvardaks meid siin needus . 	tema hääl näima katkestama viimane nähtamatu niit , mis mina toimuv vahetult ühendama , ja alluma uus , vastupandamatu impulss , taganema see koha|koht eemale , nagu ähvardama mina siin needus .
75		" "" Me peaksime sellest vist ... kuhugi teatama ? "" küsis Aleks ebakindlalt , kui me jälle tule juures olime . "	""" mina pidama see vist ... kuhugi teadma|teatama ? "" küsima Aleks ebakindlalt , kui mina jälle tuli juures olema ."
75		 Teised vaatasid rõhutult kõrvale . 	teine vaatama rõhutult kõrvale .
76		" "" Mida ? "" küsis Tom lõpuks . "	""" mis ? "" küsima Tom lõpuks ."
76		" "" Seda , et neli soliidset , positsiooniga inimest kaanisid end grüünes täis ja nägid viirastusi ? "" "	""" see , et neli soliidne , positsioon inimene kaanima end grüünes täis ja nägema viirastus ? """
77		" "" Me ei ole purjus , "" ütlesin vaikselt . "	""" mina ei olema purjus , "" ütlema vaikselt ."
77		" "" Ja need ei olnud viirastused . "" "	""" ja see ei olema|olnud viirastus . """
78		 Tom vaatas mulle otsa , nagu oleks ta minust vähemalt kuuskümmend aastat vanem . 	Tom vaatama mina otsa , nagu olema tema mina vähemalt kuuskümmend aasta vanem .
78		 Ta ei öelnud sõnagi , aga see , mida ta mõtles , oli niigi arusaadav . 	tema ei öelnud|ütlema sõna , aga see , mis tema mõtlema , olema niigi arusaadav .
78		 Keda võis huvitada , mis juhtus ja mis ei juhtunud ? 	kes võima huvitama , mis juhtuma ja mis ei juhtuma|juhtunud ?
78		 Kaalukas oli ainult see , mida arvati . 	Kaalukas olema ainult see , mis arvama .
78		 Ja viimane ei jätnud oletusteks just palju ruumi . 	ja viimane ei jätma|jätnud oletus just palju ruum .
79		" "" Seda blamaaži ei peseks me elu lõpuni maha , "" ütles Aleks ja väristas õlgu . "	""" see blamaaž ei pesema mina elu lõpp maha , "" ütlema Aleks ja väristama õlg ."
80		" "" Igatahes mitte enne järgmist suve , "" lisas Tom mornilt . "	""" igatahes mitte enne järgmine suvi , "" lisama Tom mornilt ."
80		" "" Ja mul on siis uued valimised ... "" "	""" ja mina olema siis uus valimine ... """
81		" "" Seda ei saanud juhtuda ! "" raius Oll kivinenud näoga , silmades peaaegu fanaatiline läige . "	""" see ei saama|saanud juhtuma ! "" raiuma Oll kivinema|kivinenud nägu , silm peaaegu fanaatiline läige ."
81		" "" See on absoluutne teaduslik absurd ! "	""" see olema absoluutne teaduslik absurd !"
81		 Kõigile asjadele leidub mingi loogiline seletus . 	kõik asi leiduma mingi loogiline seletus .
81		 Leidub ka sellele . 	leiduma ka see .
81		" Me ainult ei tea seda veel praegu . "" "	"mina ainult ei teadma see veel praegu . """
82		 Aleks noogutas . 	Aleks noogutama .
82		 Neid kõiki oli vallanud hirm , paaniline hirm selle ees , et kaaslased ei vaiki . 	see kõik olema valdama|vallanud hirm , paaniline hirm see ees , et kaaslane ei vaikima .
82		 Et neid tõmmatakse nende hästikorraldatud elude juurest sellesse vastikusse , mõttetusse loosse nagu mõnda räpasesse skandaali . 	et see tõmbama see hästikorraldatud elu juurest see vastikus , mõttetu lood|loog|lugu nagu mõni räpane skandaal .
82		 Vaimusilmas nägid nad juba oma mõranevaid reputatsioone ja põrmu langevat mainet . 	vaimusilm nägema tema juba oma mõranev reputatsioon ja põrm langema maine .
82		 Sest kui palju oli neid , kes ihkasid uskuda neist kõike halvimat . 	sest kui palju olema see , kes ihkama uskuma see kõik halvim .
82		 Neid , kellele oli kasulik luua nende ümber ebausaldusväärsuse müüti , nagu nad — tõenäoliselt — olid kellegagi teinud ka ise , võideldes oma kohakese eest päikese all . 	see , kes olema kasulik looma see ümber ebausaldusväärsus müüt , nagu tema - tõenäoliselt - olema keegi tegema|teinud ka ise , võitlema oma kohake eest päike|päikene all .
83		 Ma sain sellest aru , sest tajusin ise sedasama , olgugi et minul oli kaotada mõõtmatult vähem kui neil - - on ju minutaolisi alati pisut põrunuiks peetud . 	mina saama see aru , sest tajuma ise seesama , olgugi et mina olema kaotama mõõtmatult vähem kui tema - - olema ju minutaoline alati pisut põrunud peetud|peetuma|pidama .
83		 Ning see , mida me siin soojal augustiööl kustuva lõkke ääres sõlmisime , ei olnud midagi muud kui sõnatu vaikimisleping . 	ning see , mis mina siin soe augustiöö kustuv lõke ääres sõlmima , ei olema|olnud miski muu kui sõnatu vaikimisleping .
83		 Midagi polnud juhtunud . 	miski olema juhtuma|juhtunud .
83		 Midagi ei tohtinud juhtunud olla . 	miski ei tohtima|tohtinud juhtuma|juhtunud olema .
84		 Grokk oli külmaks läinud , aga me ei teinud sellest numbrit . 	grokk olema külm läinud|minema , aga mina ei tegema|teinud see number .
84		 Praegu lihtsalt tuli midagi juua . 	praegu lihtsalt tulema miski jooma .
84		 Tomil oli seljakotis veel üks pudel , Ollil teine . 	Tom olema seljakott veel üks pudel , Olli teine .
84		 Ka minu kolmveerandliitrises jahimeheplaskus leidus üht-teist kõlblikku . 	ka mina kolmveerandliitrine jahimeheplasku leiduma üht-teist kõlblik .
84		 Päikesetõusuks olime kõik silmini purjus , rohkem kui kunagi varem oma senise elu jooksul . 	päikesetõus olema kõik silm purjus , rohkem kui kunagi varem oma senine elu jooksul .
84		 Mäletan vaid häguselt , kuidas ma mingil suvalisel , ajavoolust otsekui välja rebitud hetkel neljakäpuli telki ronisin , sinna jõuetult lamama jäin ja nutta ihkasin . 	mäletama vaid häguselt , kuidas mina mingi suvaline , ajavool otsekui välja rebima|rebitud hetk neljakäpul|neljakäpuli telk ronima , sinna jõuetult lamama jääma ja nutma ihkama .
85		 Mõistsin sel hetkel lootusetu , tapva selgusega , et neist , kes me kunagi olime olnud — ja keda me siin asjatult otsimas käisime — , polnud enam midagi järel . 	mõistma see hetk lootusetu , tappev selgus , et tema , kes mina kunagi olema olema|olnud - ja kes mina siin asjatult otsima käima - , olema enam miski järel .
85		 Üldse mitte midagi . 	üldse mitte miski .
85		 Ja veel mõtlesin , et hirmul ei ole kodu nagu täidelgi . 	ja veel mõtlema , et hirm ei olema kodu nagu täi .
85		 Ta tekib meist endist ja elab meis endis . 	tema tekkima mina endine ja elama mina ise .
85		 Ainult et hirm on hullem . 	ainult et hirm olema hullem .
85		 Sest täid võivad sind ainult häirida , kuid jätavad ka niisugusena oma peremeheks . 	sest täi võima sina ainult häirima , kuid jätma ka niisugune oma peremees .
85		 Hirm aga hakkab valitsema ... 	hirm aga hakkama valitsema ...
