par_nr	head	sentence	lemmas
1	" Operatsioon "" Ogaline Päike "" "	" Operatsioon "" Ogaline Päike "" "	"Operatsioon "" ogaline päike """
2		 Siim Veskimees 	Siim Veskimees
3		" "" Kas sa tõesti näed siin midagi ? "" vaatas Öäk imestunult ringi . "	""" kas sina tõesti nägema siin miski ? "" vaatama Öäk imestunult ringi ."
4		" "" Sinu silmad . "	""" sina silm ."
4		" Tegelikult muidugi ei näe , see on puhas kujutis , ainult natuke korrigeeritud võremeetrite käänupunktide järgi . "" "	"tegelikult muidugi ei nägema , see olema puhas kujutis , ainult natuke korrigeerima|korrigeeritud võremeeter käänupunkt järgi . """
5		 Öäk vaatas uuesti pead vangutades ringi , siis laskus istme seljatoele . 	Öäk vaatama uuesti pea vangutama ringi , siis laskuma iste seljatugi .
5		" "" Mugav , kiire . "	""" mugav , kiire ."
5		 See on juba reisimine ! 	see olema juba reisimine !
5		" Ja kõige kummalisem on mõelda , et terve mu laev , mida sa teenitud lugupidamatusega sädekühvliks nimetasid , on kusagil all laoruumis . "" "	"ja kõige kummalisem olema mõtlema , et terve mina laev , mis sina teenima|teenitud lugupidamatus sädekühvel nimetama , olema kusagil all laoruum . """
6		" "" Viimase sädelennu teeme sellega . "" "	""" viimane sädelend tegema see . """
7		" "" Eh Zätereit , pead sa seda mulle meelde tuletama ... "" "	""" eh Zätereit , pidama sina see mina meel tuletama ... """
8		" "" Tõe eest pole pääsu , nii et kas on mõtet end kiusata ajutise unustusega ? "	""" tõde|tõsi eest olema pääs , nii et kas olema mõte ise kiusama ajutine unustus ?"
8		 Aga ma targutan . 	aga mina targutama .
8		 Meil on aega — räägi palun veel midagi Nozilast . 	mina olema aeg - rääkima paluma veel miski Nozila .
8		" Rahulikult ja mis pähe tuleb . "" "	"rahulikult ja mis pea tulema . """
9		" "" Pähe tuleb ... "	""" pea tulema ..."
9		" Siis peaksin ma alustama oma vanaemast . "" "	"siis pidama mina alustama oma vanaema . """
9		 Ta vaatas vilksamisi kõrvale . 	tema vaatama vilksamisi kõrvale .
10		 Teise mehe nägu oli ükskõikne ja liikumatu , kui ta looritatud pilguga tühjusesse vaatas . 	teine mees nägu olema ükskõikne ja liikumatu , kui tema looritama|looritatud pilk tühjus vaatama .
11		" "" Alusta siis vanaemast , "" lausus ta vaikselt , kõlgutades purki mingi joogiga üle tooli käsipuu rippuvas käes , raske kogu lõdvalt puhkamas , teravad varjud madalate hallide juuste ja habemega raamitud näos . "	""" alustama siis vanaema , "" lausuma tema vaikselt , kõlgutama purk mingi joogi|jook üle tool käsipuu rippuv käsi , raske kogu lõdvalt puhkama , terav vari madal hall juus ja habe raamima|raamitud nägu ."
12		 Vaikus tihenes . 	vaikus tihenema .
12		 Zätereit ootas . 	Zätereit ootama .
12		 Ta teadis , et kulub enne aega , kui tähise tühjuse asemele tekib lapsepõlve taevas . 	tema teadma , et kuluma enne aeg , kui tähis tühjus asemele tekkima lapsepõli|lapsepõlv taevas .
12		 Lõpuks hakkas Öäk rääkima : 	lõpuks hakkama Öäk rääkima :
13		" "" Õieti pean ma jutustama ühe vana legendi . "	""" õieti pidama mina jutustama üks vana legend ."
13		 Sa ei ole seda arvatavasti kuulnud , sest päriselt olen ma alles nüüd sinuga suheldes aru saanud , kui suur on Universum . 	sina ei olema see arvatavasti kuulma|kuulnud , sest päriselt olema mina alles nüüd sina suhtlema aru saama|saanud , kui suur olema universum .
13		 Elades ühel planeedil , ei hooma me tegelikult kunagi isegi Galaktika suurust . 	elades üks planeet , ei hoomama mina tegelikult kunagi isegi Galaktika|Galaktikas suurus .
13		 Ma olen käinud Buna Tleel aga see polnud ka see . 	mina olema käima|käinud Buna Tleel aga see olema ka see .
13		 Lihtsalt üks järjekordne linn , palju kordi suurem kui ükski Nozilal , aga elutul , hingamiskõlbmatu atmosfääriga planeedil . 	lihtsalt üks järjekordne linn , palju kord suurem kui ükski Nozilal , aga elutu , hingamiskõlbmatu atmosfäär planeet .
13		 Ma tean ka küll , et Rhinodont on Nozilast kaheksakümmend valgusaastat , ent selle sisu ... 	mina teadma ka küll , et Rhinodont olema Nozila kaheksakümmend valgusaasta , ent see sisu ...
13		 Isegi mulle , piloodile ! 	isegi mina , piloot !
13		 Ja Tuukan on tuhande ringis ... 	ja tuukan olema tuhat ringis ...
14		 Ma kasvasin ühes neist küladest , mis laiutavad ümber Nozila ekvaatori . 	mina kasvama üks see küla , mis laiutama ümber Nozila ekvaator .
14		" "" Laiutavad "" , on õige sõna , sest ruumi on meil tohutult . "	""" Laiutav "" , olema õige sõna , sest ruum olema mina tohutult ."
14		 Kogu planeedi kohta alla kümne miljoni inimese . 	kogu planeet kohta alla kümme miljon inimene .
14		 Päevad on tulised , ööd krõbedad . 	päev olema tuline , öö krõbe .
14		 Ja nii kogu aeg , suviti natuke kuumem , talviti natuke külmem . 	ja nii kogu aeg , suviti natuke kuumem , talviti natuke külmem .
14		 Vaid päikese tõusul ja loojangul on lühike aeg , mil temperatuur on inimesele vastuvõetav . 	vaid päike|päikene tõus ja loojang olema lühike aeg , mis temperatuur olema inimene vastuvõetav .
14		 Me kõik teadsime varajasest noorusest , et kaugele minna ja ära eksida ei tohi — kui jäid päevaks kõrbesse , olid surnud , jäid ööseks , olid ka surnud . 	mina kõik teadma varajane noorus , et kaugele minema ja ära eksima ei tohtima - kui jääma päev kõrb|kõrve , olema surema|surnud , jääma ööseks , olema ka surema|surnud .
15		 Vanaema hoidis meid , sellal kui vanemad olid ära , enamasti tööl , põldudel . 	vanaema hoidma mina , sellal kui vanem olema ära , enamasti töö , põld .
15		 Päris lõpuks läks ta vist natuke segaseks , ent temas oli midagi ... 	päris lõpuks minema tema vist natuke segane , ent tema olema miski ...
15		 Midagi varasematest aegadest , midagi suurematest aegadest . 	miski varasem aeg , miski suurem aeg .
15		 Ehk jättis mulle selle mulje viis , kuidas ta neid oma lugusid vestis , selles oli selget igatsust . 	ehk jätma mina see mulje viis , kuidas tema see oma lugu vest , see olema selge igatsus .
15		 Seda lugu , kuidas inimesed Nozilasse jõudsid , rääkis ta korduvalt . 	see lugu , kuidas inimene Nozila jõudma , rääkima tema korduvalt .
15		 See meeldis meile . 	see meeldima mina .
15		 Ette rutates — muidugi ei vasta see tõele . 	ette ruttama - muidugi ei vastama see tõde|tõsi .
15		 Keegi meie eellastest peab olema planeedil käinud ja suured generaatorid rajanud juba vähemalt kümmekond miljonit aastat tagasi . 	keegi mina eellane pidama olema planeet käima|käinud ja suur generaator rajama|rajanud juba vähemalt kümmekond miljon aasta tagasi .
15		 Ajaloolased aga väidavad , et püsiva asustuse jälgi ei ole miljonite aastate kaupa kuni viimase sajatuhandeni . 	ajaloolane aga väitma , et püsiv asustus jälg ei olema miljon aasta kaupa kuni viimane sajatuhanne .
15		 Meie praegused teadmised minevikust lõppevad umbes kirjeldatud sündmuste ajal , nii et see on ainuke tegelikkusega sobiv punkt ... 	mina praegune teadmine minevik lõppema umbes kirjeldama|kirjeldatud sündmus ajal , nii et see olema ainuke tegelikkus sobiv punkt ...
16		 Nii et siis suur peremaja — neid hüütaks meil tarudeks — kus võis muide seeski ära eksida — oli ju pinda hektarites ... lõpuks käis ju pea kogu elu katuse all . 	nii et siis suur peremaja - see hüüdma mina taru - kus võima muide sees ära eksima - olema ju pind hektar ... lõpuks käima ju pea kogu elu katus all .
16		 Maja keskel on tavaliselt suur , minu lapsepõlvekodu puhul peaaegu selle kosmoselaeva suurune hall . 	maja keskel olema tavaliselt suur , mina lapsepõlvekodu puhul peaaegu see kosmoselaev suurune hall .
16		 Suured klaasseinad , suletud , välja arvatud lühikesed hetked hommikul ja õhtul . 	suur klaassein , suletud|sulgema , välja arvama|arvatud lühike hetk hommik ja õhtu .
16		 Enamikule seintest ja akendest võib ju lasta kujutise või need läbipaistvaks muuta , nii et päris kindel ei võinud kunagi olla , mida sa parasjagu nägid ... 	Enamikule sein ja aken võima ju laskma kujutis või see läbipaistev muutma , nii et päris kindel ei võima|võinud kunagi olema , mis sina parasjagu nägema ...
16		 Meil olid omad toad , ent enamasti vedasime pimeõhtutel oma madratsid kokku vähe kõrgemasse soppi halli nurgas , kust nägime kogu kõrbe ja lahtistest talveaia ustest tuli võõrplaneetsete taimede eksootilisi lõhnu . 	mina olema oma tuba , ent enamasti vedama pimeõhtu oma madrats kokku vähe kõrgem sopp hall nurk , kust nägema kogu kõrb|kõrve ja lahtine talveaed uks tulema võõrplaneetne taim eksootiline lõhn .
16		 Multimeedia on kinni pandud , meid teki alla topitud . 	multimeedia olema kinni pandud|panema , mina tekk alla topitud|toppima .
16		 Tuled on hämaraks keeratud , vanaema on oma toa seina kõrvale lükanud ja istub seal kiiktoolis lambivalgel . 	tuli olema hämar keerama|keeratud , vanaema olema oma tuba sein kõrvale lükanud|lükkama ja istuma seal kiiktool lambivalge .
16		 Tavaliselt oli tal mingi näputöö käes , kui ta vaikselt pajatas , meil silma peal hoidis ja lõpetas alles siis , kui kuulajate hulk oli nulli jõudnud , see tähendab , et me kõik magasime . 	tavaliselt olema tema mingi näputöö käes , kui tema vaikselt pajatama , mina silm peal hoidma ja lõpetama alles siis , kui kuulaja hulk olema null jõudma|jõudnud , see tähendama , et mina kõik magama .
17		 Tollal ma ei teadnud , mis on õieti Urth . 	tollal mina ei teadma|teadnud , mis olema õieti Urth .
17		 Muide ka autentseks peetavad allikad räägivad üksteisele vastu , nii et vanaema versioon ei ole halvem kui teised . 	muide ka autentne peetav allikas rääkima üksteise vastu , nii et vanaema versioon ei olema halvem kui teine .
17		 Jutt hakkab tavaliselt sellest , et Seitsmeteistkümne Nõukogu sooritas riigipöörde ja kihutas eoone võimul olnud valitsejad minema . 	jutt hakkama tavaliselt see , et seitseteist nõukogu sooritama riigipööre ja kihutama eoone võim olema|olnud valitseja minema .
17		 Loomulikult oli rojalistidel palju toetajaid alluvatel planeetidel , erinevad armeedki toetasid kord üht , kord teist poolt , isegi väeosad läksid teinekord lõhki ja hävitasid end sisetülis . 	loomulikult olema rojalist palju toetaja alluv planeet , erinev armee toetama kord üks , kord teine pool , isegi väeosa minema teinekord lõhki ja hävitama ise sisetüli .
17		 Nii oli õnne ja uue ajastu asemel tulemuseks kaos , suur lepitamatu kodusõda laastas Vana Kuningriiki , lahingulaevad ja muudki alused kuni võitluseks pea kõlbmatute kaubapaatideni pidasid sädetaguses võitlusi , nii et üksikud sähvatused ja vrakid isegi tavaruumi lendasid , jäädes ainsaks märgiks mitte kunagi tagasi pöörduvatest alustest . 	nii olema õnn ja uus ajastu asemel tulemus kaos , suur lepitamatu kodusõda laastama vana kuningriik , lahingulaev ja muu alune|alus kuni võitlus pea kõlbmatu kaubapaat pidama sädetagune võitlus , nii et üksik sähvatus ja vrakk isegi tavaruum lendama , jääma ainus märk mitte kunagi tagasi pöörduv alune|alus .
17		 Saatuse irooniana läks piir läbi Urthi enda süsteemi — Urth 4 ( sest tegelikult ei tehta pea kunagi vahet tähe ja selle pealinnplaneedi vahel ) langes esimesena ja Ize , Urthi tähe viieteistkümnes planeet , viimasena . 	saatus iroonia minema piir läbi Urth|Urthi ise süsteem - Urth 4 ( sest tegelikult ei tegema pea kunagi vahe täht ja see pealinnplaneet vahel ) langema esimene ja Ize , Urth|Urthi täht viieteistkümnes planeet , viimane .
17		 Rojaliste jäi aina vähemaks ja lõpuks polnudki järgi pea kedagi , püsis ainult vana ihukaitseülem , kes oli olude sunnil ka Ize kindluse komandant . 	rojalist jääma aina vähem ja lõpuks olema järgi pidama keegi , püsima ainult vana ihukaitseülem , kes olema olu sunnil ka Ize kindlus komandant .
17		 Aga lootust ei olnud . 	aga lootus ei olema|olnud .
17		 Harvemaks jäid ka rünnakud uue valitsuse vastu , juba hakkas hajuma võitjate hirm , et veel kusagil ilmub välja hiigelarmee rojaliste . 	harvem jääma ka rünnak uus valitsus vastu , juba hakkama hajuma võitja hirm , et veel kusagil ilmuma välja hiigelarmee rojalist .
17		 Selline oli olukord , kui Ize kindlus koondas oma tule ja raius kaardiväe laevadele tee välja . 	selline olema olukord , kui Ize kindlus koondama oma tuli ja raiuma kaardivägi laev tegema välja .
17		 Neid ei suudetud peatada , kuid hakati jälitama , ja neid jäi aina vähemaks ja vähemaks , kuni ka mitmelt poolt tagaajamisega ühinenud suured lahingulaevad hakkasid neile järele jõudma . 	see ei suudetud|suutma peatama , kuid hakkama jälitama , ja see jääma aina vähem ja vähem , kuni ka mitu poolt tagaajamine ühinema|ühinenud suur lahingulaev hakkama tema järele jõudma .
17		 Ihukaitseülema laev pöördus , mõned rüütlid koos temaga . 	ihukaitseülem laev pöörduma , mõni rüütel koos tema .
18		" "" Mine , printsess , "" ütles vana mees , kes teadis , et rohkem ta teha ei suuda . "	""" minema , printsess , "" ütlema vana mees , kes teadma , et rohkem tema tegema ei suutma ."
19		" "" Kuhu ? "" küsis printsess , perekonna viimane võsu . "	""" kuhu ? "" küsima printsess , perekond viimane võsu ."
19		 Ekraanidel oli ta sünge ja kahvatu , näis palju vanem , kui tegelikult oli ; päris laps oli ta . 	ekraan olema tema sünge ja kahvatu , näima palju vanem , kui tegelikult olema ; päris laps olema tema .
19		 Ka tema teadis , et kõik on läbi . 	ka tema teadma , et kõik olema läbi .
20		" "" Kuhu , vana sõber ? "" "	""" kuhu , vana sõber ? """
20		 Selline kõnetus oli suurim austusavaldus , mida valitsev monarh võis oma sõdurile osutada , ja kui irooniline see ka tunduks , seda ta sel hetkel oli . 	selline kõnetus olema suurim austusavaldus , mis valitsev monarh võima oma sõdur osutama , ja kui irooniline see ka tunduma , see tema see hetk olema .
20		" "" Murrame koos läbi ! "" "	""" murdma koos läbi ! """
21		 Vanamees vangutas pead . 	vanamees vangutama pea .
22		" "" Mina olen juba surnud . "	""" mina olema juba surema|surnud ."
22		 Mine kuhugi kaugele . 	minema kuhugi kaugele .
22		 Su laev on üks kiiremaid . 	sina laev olema üks kiirem .
22		 Ühel päeval kohtute kõik , kes te siit pääsete . 	üks päev kohus kõik , kes sina siit pääsema .
22		 Otsi endale planeet , kuhu ei ole astunud inimese jalg ja jää sinna . 	otsima ise planeet , kuhu ei olema astuma|astunud inimene jalg ja jääma sinna .
22		 Varsti on uutel valitsejatel muudki teha , kui sind otsida . 	varsti olema uus valitseja muu tegema , kui sina otsima .
22		 Siis kogute te jõudu ja kuningriik sünnib uuesti ; seni peab ta elama teie südametes . 	siis koguma sina jõud ja kuningriik sündima uuesti ; seni pidama tema elama sina süda .
22		 Mine ära . 	minema ära .
22		" Siin on vaid surm ja sa ei tohi surra , sest siis kaob tõesti ka viimane lootus . "" "	"siin olema vaid surm ja sina ei tohtima surema , sest siis kaduma tõesti ka viimane lootus . """
23		 Salakoodid olid ammu antud , kõigele oli mõeldud . 	salakood|salakoot olema ammu andma|antud , kõik olema mõeldud|mõtlema .
23		 Vist ei mõistnud paljud neist kunagi , et ajalugu on uue lehekülje pööranud , et nende aeg on alatiseks läbi . 	vist ei mõistma|mõistnud palju tema kunagi , et ajalugu olema uus lehekülg pöörama|pööranud , et tema aeg olema alatiseks läbi .
23		 Veel viimast korda helises vana komandöri hääles iidse aadlisoo uhkus , kui ta oma laeva lähenevatele vaenlastele vastu pööras . 	veel viimane kord helisema vana komandör hääl iidne aadlisoo|aadlisugu uhkus , kui tema oma laev lähenev vaenlane vastu pöörama .
23		 Muistset lahingulaulu lauldes kihutas ta ühele suurematest laevadest vastu . 	muistne lahingulaul laulma kihutama tema üks suurem laev vastu .
23		 Ta laev põles heledas tules , kui vaenlase löögid teda tabasid , ent temagi laev oli parem kui enamikul ründajatest , nii et ta jõudis sihile — rammis suurt ristlejat . 	tema laev põlema hele tuli , kui vaenlane löök tema tabama , ent tema laev olema parem kui enamik ründaja , nii et tema jõudma siht - rammima suur ristleja .
23		 Tema kaaslastel nii hästi ei läinud , paljud neist olid samuti teisi rammida üritanud , kuid enamasti hävitati enne kokkupõrget . 	tema kaaslane nii hästi ei läinud|minema , palju tema olema samuti teine rammima üritama|üritanud , kuid enamasti hävitama enne kokkupõrge .
23		 Võideldi alla andmata , kibeda vihaga , võitlust , mis oleks teinud neile au , kui keegi oleks seda üles täheldanud . 	võitlema alla andma , kibe viha|viht , võitlus , mis olema tegema|teinud tema au , kui keegi olema see üles täheldama|täheldanud .
23		 Vähe oli neid ja ülestõusnute mass lämmatas nad . 	vähe olema see ja ülestõusnu mass lämmatama tema .
23		 Kui võitjad jälle mahti said ringi vaadata , oli printsess kaugusesse kadunud . 	kui võitja jälle mahti saama ringi vaatama , olema printsess kaugus kaduma|kadunud .
24		 Sellal oli Seitsmeteistkümne Nõukogu end juba palees sisse seadnud ja tegi oma igapäevast tööd . 	sellal olema seitseteist nõukogu ise juba palee sisse seadma|seadnud ja tegema oma igapäevane töö .
24		 Tõsi küll , seda oleks mujal hulga paremini saanud teha . 	tõsi küll , see olema mujal hulga paremini saama|saanud tegema .
25		" "" Nüüd algab uus ajastu , "" kuulutasid nad kõigile , hääles viha . "	""" nüüd algama uus ajastu , "" kuulutama tema kõik , hääl viha ."
25		" "" Vabadus , võrdsus , suur vaimne tõus , õitseng . "	""" vabadus , võrdsus , suur vaimne tõus , õitseng ."
25		" Ja siin saab olema meie keskus . "" "	"ja siin saama olema mina keskus . """
26		" Ja kui Esimees seda ühes kõnes ka Nõukogule kordas , kuulis ta jälle Vana poolt vaikset pilkavat küsimust : "" Ausalt ? "" "	"ja kui esimees see üks kõne ka nõukogu kordama , kuulma tema jälle vana poolt vaikne pilkav küsimus : "" ausalt ? """
27		 Vana oli ainuke , kes seda endale lubada võis . 	vana olema ainuke , kes see ise lubama võima .
28		" "" Aga muidugi , "" jätkas Esimees pisut ebakindlalt . "	""" aga muidugi , "" jätkama Esimees pisut ebakindlalt ."
28		" "" Sa vaata seda ehitist — milline tõusvate joonte ilu . "	""" sina vaatama see ehitis - milline tõusev joon ilu ."
28		" See on valitsusele väärikas koht . "" "	"see olema valitsus väärikas koht . """
29		" "" Aga mina arvan , et me ei tunne end kunagi koduselt siin , kesk miljoniaastaseid traditsioone ja luksust . "	""" aga mina arvama , et mina ei tundma ise kunagi koduselt siin , kesk miljoniaastane traditsioon ja luksus ."
29		" Muide , me võitsime jälle . "" "	"muide , mina võitma jälle . """
30		" "" Ja miks sa sellest nii süngel toonil räägid ? "	""" ja miks sina see nii sünge toon rääkima ?"
30		" Kas põgenev kaardivägi on purustatud ? "" "	"kas põgenev kaardivägi olema purustama|purustatud ? """
31		" "" Jah . "	""" jah ."
31		 Ent kui meil tavalistelt läks 2,7 laeva ühe vaenlase kohta , siis selles tagaajamises on läinud 6,2 . 	ent kui mina tavaline minema 2,7 laev üks vaenlane kohta , siis see tagaajamine olema läinud|minema 6,2 .
31		" Ja printsess pääses põgenema . "" "	"ja printsess pääsema põgenema . """
32		" "" Me peame ta hävitama ! "" "	""" mina pidama tema hävima|hävitama ! """
32		 Ja ülejäänud nõukogu liikmed noogutasid nõusolekuks . 	ja ülejäänud nõukogu liige noogutama nõusolek .
33		 Sõjaminister läks marssali juurde ja käskis printsess iga hinna eest kinni püüda . 	sõjaminister minema marssal juurde ja käskima printsess iga hind eest kinni püüdma .
33		 See kutsus oma staabiülema ja käskis sel vastav operatsioon ette valmistada ja käima panna . 	see kutsuma oma staabiülem ja käskima see vastav operatsioon ette valmistama ja käima panema .
33		 Staabiülem , väheke mõelnud , kutsus esimese erioperatsioonide lüli koloneli ja määras selle tagaajamise üldjuhiks . 	staabiülem , väheke mõelnud|mõtlema , kutsuma esimene erioperatsioon lüli kolonel ja määrama see tagaajamine üldjuht .
33		 Kolonel kutsus välja oma kõige teenekama kapteni ja käskis tal põgenik tagasi tuua või hävitada . 	kolonel kutsuma välja oma kõige teenekam kapten ja käskima tema põgenik tagasi tooma või hävitama .
33		 Kapten mõtles natuke , et kes võiks sellega hakkama saada ja palju tal üldse oli võimalik selleks ressursse eraldada , ilma et muud ülesanded ohtu satuksid . 	kapten mõtlema natuke , et kes võima see hakkama saama ja palju tema üldse olema võimalik see ressurss eraldama , ilma et muu ülesanne oht sattuma .
33		 Ta vabastas ühe oma vanematest leitnantidest jooksvatest ülesannetest . 	tema vabastama ühe oma vanem leitnant jooksev ülesanne .
33		 Paraku oli leitnant laiskvorst , kes lihtsalt kutsus välja oma seersandi ja andes talle põgeniku ligikaudse suuna , käskis asjaga tegelda . 	paraku olema leitnant laiskvorst , kes lihtsalt kutsuma välja oma seersant ja andma tema põgenik ligikaudne suund , käskima asi tegelema .
33		 Tollest seersandist rühmakomandörini jõudes oli info juba niipalju lahjenenud , et Nõukogu imperatiivsest käsust oli saanud tüütu rutiin . 	too seersant rühmakomandör jõudma olema info juba niipalju lahjenema|lahjenenud , et Nõukogu imperatiivne käsk olema saama|saanud tüütu rutiin .
33		 Rühmakomandör kutsus välja kaks teenekat võitlejat ja lahingulendurit , kes mingi bürokraatliku segaduse tõttu ümberformeerimistel olid tema juurde sattunud , ja keda ta ei sallinud , kuna nad olid head ja kuulsad sõdurid . 	rühmakomandör kutsuma välja kaks teenekas võitleja ja lahingulendur , kes mingi bürokraatlik segadus tõttu ümberformeerimine olema tema juurde sattuma|sattunud , ja kes tema ei sallima|sallinud , kuna tema olema hea ja kuulus sõdur .
33		 Nähes head võimalust neist lahti saada , viskas ta meestele kausta pihku ja kupatas nad oma toast välja , mida kõnealused ka rõõmuga sündida lasid . 	nägema hea võimalus see lahti saama , viskama tema mees kaust pihk ja kupatama tema oma tuba välja , mis kõnealune ka rõõm sündima laskma .
33		 Olles enne pika retke tarvis kohalikus laos rüüstamise korraldanud , olidki nad varsti oma tundmatu sihi poole teel . 	olema enne pikk retk tarvis kohalik ladu|lagu rüüstamine korraldama|korraldanud , olema tema varsti oma tundmatu siht poole tee .
33		 Hiljem on püütud väita , et see oli nii mõeldudki ja et tegelikult oli lahendus geniaalne . 	hiljem olema püüdma|püütud väitma , et see olema nii mõtlema ja et tegelikult olema lahendus geniaalne .
33		 Paraku on see puhas mõttetus . 	paraku olema see puhas mõttetus .
34		 Ja printsessi laeva kaduvat jälge otsides arutasid nad korduvalt oma võimalusi . 	ja printsess laev kaduv jälg otsima arutama tema korduvalt oma võimalus .
35		" "" Käsk otse valitsusest , "" urises üks . "	""" käsk otse valitsus , "" urisema üks ."
35		" "" Huvitav , miks see meieni jõudis ? "" "	""" huvitav , miks see mina jõudma ? """
36		" "" Võib-olla ei taheta teda üldse kätte saada ? "	""" võib-olla ei tahtma tema üldse käsi saama ?"
36		" Saata kaks meest erilise varustuseta ... "" täiendas teine . "	"saatma kaks mees eriline varustus ... "" täiendama teine ."
37		" "" Ja mis siis meist saab ? "	""" ja mis siis mina saama ?"
37		" Süüdi oleme igal juhul . "" "	"süüdi olema iga juht . """
38		" "" Nii et parem keerame kuhugi Servale ? "	""" nii et parem keerama kuhugi serv ?"
38		" Pidime end üldse selle kambaga siduma ! "" "	"pidama ise üldse see kamp siduma ! """
39		" "" Nüüd on hilja . "	""" nüüd olema hilja ."
39		" Kui me tee pealt midagi huvitavat ei leia , pole meil eriti kuhugi minna . "" "	"kui mina tee pealt miski huvitav ei leidma , olema mina eriti kuhugi minema . """
40		" "" Täita ülesanne ? "	""" täitama ülesanne ?"
40		" Aga printsessi laev ? "" "	"aga printsess laev ? """
41		" "" "" Helesinine viirastus "" . "	""" "" helesinine viirastus "" ."
41		" Tavaliste lahingulennukitega teda ei võta . "" "	"tavaline lahingulennuk tema ei võtma . """
42		" "" Ainult kui õnnestuks rünnata teda pea vastaskülgedelt , siis arvatavasti üks meist jõuaks sihile . "" "	""" ainult kui õnnestuma ründama tema pea vastaskülg , siis arvatavasti üks mina jõudma siht . """
43		" "" Ei ole kutsuv lahendus . "" "	""" ei olema kutsuv lahendus . """
44		" "" Seda minagi . "" "	""" see mina . """
45		" "" Ajada ta valgusbarjäärile lõksu ? "	""" ajama tema valgusbarjäär lõks ?"
45		" Kui hea piloot ta on ? "" "	"kui hea piloot tema olema ? """
46		" "" Piisavalt . "	""" piisavalt ."
46		" Lisaks on ta aadlik , mis tähendab , et tark ja kaval . "" "	"lisa olema tema aadlik , mis tähendama , et tark ja kaval . """
47		" "" Ja peamiselt on ta väga veetlev neiu . "	""" ja peamiselt olema tema väga veetlev neiu ."
47		" Kuidagi ei tahaks teda tappa . "" "	"kuidagi ei tahtma tema tapma . """
48		 Pärast pikka jälitamist jõudsid nad Nozila kohal printsessile järele . 	pärast pikk jälitamine jõudma tema Nozila kohal printsess järele .
48		 Nad olid ettevaatlikud ja pidasid mitu päeva kaugdistantsilt võitlust . 	tema olema ettevaatlik ja pidama mitu päev kaugdistants võitlus .
49		 Sellest kohast libises mu vanaema kiiresti üle , sest kosmosevõitluste termineid ta ei tundnud ja arvatavasti ei saanud ta jutustusest lihtsalt aru , nii et ta jätkas sealt , et kõik kolm laeva said viga ja kukkusid erinevates kohtades planeedile alla . 	see koha|koht libisema mina vanaema kiiresti üle , sest kosmosevõitlus termin tema ei tundma|tundnud ja arvatavasti ei saama|saanud tema jutustus lihtsalt aru , nii et tema jätkama sealt , et kõik kolm laev saama viga ja kukkuma erinev koht planeet alla .
49		 Ise üritasin teismeliseeas tagantjärele rekonstrueerida , mis algses jutustuses juhtuda võis , ning sarnaste lahingute kirjeldusi sünteesides arvan , et peeti silmas võimalust , kus nad , üritades üksteist valgusbarjääri lähedale lõksu püüda , sattusid ruumipöörisesse ja tardumise vältimiseks pidid tegema avariiväljumise , mis enamasti põletab küll sädeefektorid maha . 	ise üritama teismeliseiga tagantjärele rekonstrueerima , mis algne jutustus juhtuma võima , ning sarnane lahing kirjeldus sünteesima arvama , et pidama silm võimalus , kus tema , üritama üksteise valgusbarjäär lähedale lõks püüdma , sattuma ruumipööris ja tardumine vältimine pidama tegema avariiväljumine , mis enamasti põletama küll sädeefektor|sädeefektori maha .
50		 Igatahes ei jäänud neil muud üle , kui maanduda ja üritada abi kutsuda . 	igatahes ei jääma|jäänud tema muu üle , kui maanduma ja üritama abi kutsuma .
50		 Laevad laskusid madalale tasandikule ekvaatori lähedale , kus tundus olevat kõike vajalikku . 	laev laskuma madal tasandik ekvaator lähedale , kus tunduma olema kõik vajalik .
50		 Abi aga ei tulnud ega tulnud . 	abi aga ei tulema|tulnud ega tulema|tulnud .
50		 Barjäärid langesid , kolme laeva vrakid olid ühendatud üheks majaks . 	barjäär langema , kolm laev vrakk olema ühendama|ühendatud üks maja .
50		 Siis sündis esimene laps . 	siis sündima esimene laps .
50		 Siis teine . 	siis teine .
50		 Siis kolmas . 	siis kolmas .
50		 Ja nii edasi . 	ja nii edasi .
50		 Vanaks elasid nad , ning kakskümmend kaks oli neid lapsi . 	Vanaks elama tema , ning kakskümmend kaks olema see laps .
50		 Laevades oli kõike eluks vajalikku , nii et järgides aegade algusest tuttavaid protseduure , harisid nad maad . 	laev olema kõik elu vajalik , nii et järgima aeg algus tuttav protseduur , harima tema maa .
50		 Vähesed taimed suutsid planeedil ellu jääda , ainsad , mis pinna kohe omaks võtsid , olid suured kaktused . 	vähene taim suutma planeet elu jääma , ainus , mis pind kohe oma võtma , olema suur kaktus .
50		 Tundmatu pinnas muutis nende olemust ja nii saadi nende vartest imelist peiatot , eluvedelikku . 	tundmatu pinnas muutma tema olemus ja nii saama tema vars imeline peiato , eluvedelik .
51		 Piloodid , kes olid palju vanemad , surid enne . 	piloot , kes olema palju vanem , surema enne .
51		 Kui printsess surema hakkas , oli neid , kes ta voodi ümber kogunesid , üle saja . 	kui printsess surema hakkama , olema tema , kes tema voodi ümber kogunema , üle sada .
51		 Ja neile lausus ta sõnad , mis on hiljem tuntud Nozila Testamendina : 	ja tema lausuma tema sõna , mis olema hiljem tundma|tuntud Nozila testament :
52		" "" Teie ei ole näinud tähti . "	""" sina ei olema nägema|näima|näinud täht ."
52		 Mina olen . 	mina olema .
52		 Minu isa ei suutnud mulle jätta sadu tuhandeid tähti hõlmavat kuningriiki , mina suudan teile jätta vaid selle planeedi . 	mina isa ei suutma|suutnud mina jätma sada tuhat täht hõlmav kuningriik , mina suutma sina jätma vaid see planeet .
52		 See planeet kannab vilja . 	see planeet kandma vili .
52		 Elu on ainus , mis tähendust omab . 	elu olema ainus , mis tähendus omama .
52		 Mis siis , et need on vaid ogalised kaktused , kibedad , kui minu kaotus . 	mis siis , et see olema vaid ogaline kaktus , kibe , kui mina kaotus .
52		 Te olete kuninglikust verest , ent nüüd on teie oma vaid see kera , kord tuline , kord külm . 	sina olema kuninglik veri , ent nüüd olema sina oma vaid see kera , kord tuline , kord külm .
52		 Ühel päeval tuleb keegi ja te saate siit minema lennata . 	üks päev tulema keegi ja sina saama siit minema lendama .
52		 Osa teist astuvad vastu oma saatusele kaugel oma sünnimaailmast , osa jäävad siia . 	osa sina astuma vastu oma saatus kaugel oma sünnimaailm , osa jääma siia .
52		 Ent te kõik pidage meeles , mida ma oma elu hinnaga õppinud olen — ka vaenlane võib olla armas ja just sellisest vaenlaste armuühendusest te kõik sündinud olete . 	ent sina kõik pidama meel , mis mina oma elu hind õppima|õppinud olema - ka vaenlane võima olema armas ja just selline vaenlane armuühendus sina kõik sündinu olema .
52		 Nii nagu see armetu kera on teile andnud peiato , ja kuigi see täna on tähtede vahel tundmatu , makstakse teile selle eest kunagi kallist hinda . 	nii nagu see armetu kera olema sina andma|andnud peiato , ja kuigi see täna olema täht vahel tundmatu , maksma sina see eest kunagi kallis hind .
52		 Kuni teie vahel valitseb arm vaatamata vihale , te elate ja valitsete , olgu see kuningriik kasvõi vaid teie südames . 	kuni sina vahel valitsema arm vaatamata viha|viht , sina elama ja valitsema , olema see kuningriik kasvõi vaid sina süda .
52		 Kui te lähete mugavuse ja viha teed , olete kadunud . 	kui sina minema mugavus ja viha|viht tee , olema kaduma|kadunud .
52		" Kaitske väärtusi , mis teil on , sest sellelt , kel midagi väärtuslikku on , tahetakse seda alati võtta . "" "	"kaitsma väärtus , mis sina olema , sest see , kes miski väärtuslik olema , tahtma see alati võtma . """
53		 Ta suri , ja mõned nädalad hiljem maandus planeedil tähelaev . 	tema surema , ja mõni nädal hiljem maanduma planeet tähelaev .
53		 Need olid kaupmehed Servalt , kes otsisid uusi kaupu . 	see olema kaupmees serv , kes otsima uus kaup .
53		 Nozila elanikel jätkus oidu pakkuda peiatot vähehaaval ning oma päritolust üldse vaikida , küll aga demonstreerida laevade kahureid . 	Nozila elanik jätkuma oid pakkuma peiato vähehaaval ning oma päritolu üldse vaikima , küll aga demonstreerima laev kahur .
53		" Ühendused taastati , planeedile tuli ka teisi elanikke , aga ta on senini Urthi viimase printsessi järeltulijate võimu all . "" "	"ühendus taastama , planeet tulema ka teine elanik , aga tema olema senini Urth|Urthi viimane printsess järeltulija võim all . """
54		 Mehed vaikisid mõne aja , Zätereit ilmselt otsimas jutus ivasid ja Öäk ikka veel majas keset kõrbe . 	mees vaikima mõni aeg , Zätereit ilmselt otsima jutt iva ja Öäk ikka veel maja keset kõrb .
55		 Lõpuks Öäk ohkas . 	lõpuks Öäk ohkama .
55		" "" Paljud usuvad seda . "	""" palju uskuma see ."
55		" Mitte just nagu religiooni , aga ilmselt ikka arvatakse , et selles on palju tõtt . "" "	"mitte just nagu religioon , aga ilmselt ikka arvama , et see olema palju tõsi . """
56		" "" Urthi viimane printsess ju tõesti kadus . "	""" Urth|Urthi viimane printsess ju tõesti kaduma ."
56		 Arvatakse muidugi , et ta sai mõnes lahingus surma . 	arvama muidugi , et tema saama mõni lahing surm .
56		 Igatahes ei ilmunud ta kunagi kusagilt välja . 	igatahes ei ilmuma|ilmunud tema kunagi kusagilt välja .
56		" Sa mainisid , et planeet on sisuliselt umbes saja perekonna võimu all ja need on natuke teisest rassist ? "" "	"sina mainima , et planeet olema sisuliselt umbes sada perekond võim all ja see olema natuke teine rass ? """
57		" "" Mitte just otseselt . "" "	""" mitte just otseselt . """
57		 Öäk kehitas õlgu . 	Öäk kehitama õlg .
57		" "" Mina olen ka seda tõugu . "	""" mina olema ka see tõug ."
57		 Sisuliselt on kõik , kel sellel planeedil üldse midagi määrata on . 	sisuliselt olema kõik , kes see planeet üldse miski määrama olema .
57		 Jaa , oleme heleda nahaga ja pikad . 	jaa , olema hele nahk ja pikk .
57		 Erineme hilisematest sisserändajatest ... natuke . 	erinema hilisem sisserändaja ... natuke .
57		 Aga ühtegi materiaalset tõendit selle kohta ei ole , pealegi ei ole planeet loomuliku eluga ning biosfääri forsseeritud arendamist on alustatud rohkem kui kümme miljonit aastat tagasi . 	aga ühte materiaalne tõend see kohta ei olema , pealegi ei olema planeet loomulik elu ning biosfäär forsseerima|forsseeritud arendamine olema alustama|alustatud rohkem kui kümme miljon aasta tagasi .
57		 Vanad generaatorid on alles , oleme neid üldlevinud skeemi järgi täiendanud . 	vana generaator olema alles , olema tema üldlevinud skeem järgi täiendama|täiendanud .
57		 Võib-olla oli planeet kaua aega tühi , võib-olla olid need tõesti Urthi põgenenud rojalistid , kes sinna pakku tulid . 	võib-olla olema planeet kaua aeg tühi , võib-olla olema see tõesti Urth põgenema|põgenenud rojalist , kes sinna pakk tulema .
57		 Nad võisid ka näiteks põliselanikud tappa või kõrvale tõrjuda ... 	tema võima ka näide põliselanik tapma või kõrvale tõrjuma ...
57		 Kui üldse on asustuses olnud mingi üks laine , kust meie tõutunnused pärit on . 	kui üldse olema asustus olema|olnud mingi üks laine , kust mina tõutunnus pärit olema .
57		" Kes seda enam teab ... "" "	"kes see enam teadma ... """
58		 Öäk sirutas oma klaasi baariroboti poole . 	Öäk sirutama oma klaas baarirobot poole .
59		" "" Selle joogiga võib harjuda , kuigi ta maitseb hoopis teisiti kui meie kaktuseviin , tekela . "	""" see joogi|jook võima harjuma , kuigi tema maitsema|maitsma hoopis teisiti kui mina kaktuseviin , tekela ."
60		" Olgu , sinu kord rääkida . "" "	"olema , sina kord rääkima . """
