par_nr	head	sentence	lemmas
1	 Kliendi soov 	 Kliendi soov 	klient soov
2		 Indrek Hargla 	Indrek Hargla
3		 Kinnisvaraagent Finch tõukas õlaga rasket ust . 	Kinnisvaraagent Finch tõukama õlg raske uks .
3		 See avanes hädaldava kriuksumise ja kägina saatel , summutades hetkeks musträstaste äreva säutsumise , mille kahe mehe ilmumine lossiõuele oli esile kutsunud . 	see avanema hädaldav kriuksumine ja kägin saatel , summutama hetk musträstas ärev säutsumine , mis kaks mees ilmumine lossiõu olema esile kutsuma|kutsunud .
4		" "" Minu arust kriuksub uks just parjalt , "" ütles Collins . "	""" mina arust kriuksuma uks just parja , "" ütlema Collins ."
4		" "" Selline ettevaatlikkusele manitsev võigas hääl — nagu avaks mõnda hauakabelit . "	""" selline ettevaatlikkus manitsev võigas hääl - nagu avama mõni hauakabel ."
4		 Uks ise on ju kah stiilne . 	uks ise olema ju kah stiilne .
4		" Loodan , et uus omanik seda välja ei vaheta . "" "	"lootma , et uus omanik see välja ei vahetama . """
5		" "" Uks on 18. sajandist . "	""" uks olema 18. sajand ."
5		" Vastavalt lepingule ei tohi ta nii vanu asju välja vahetada , "" vastas Finch . "	"vastavalt leping ei tohtima tema nii vana asi välja vahetama , "" vastama Finch ."
5		" "" Heal juhul ta ainult õlitab seda . "" "	""" hea juht tema ainult õlitama see . """
6		" "" Õlitagu pealegi , "" irvitas Collins . "	""" õlitama pealegi , "" irvitama Collins ."
6		" "" Kas või kaks korda päevas . "	""" kas või kaks kord päev ."
6		 Muidugi võin ma ka kääksumise ära koristada . 	muidugi võima mina ka kääksumine ära koristama .
6		 Aga me arvasime , et see loob mõnusa õhkkonna . 	aga mina arvama , et see looma mõnus õhkkond .
6		 Praegu on ta muide ülepäevasel rezhiimil . 	praegu olema tema muide ülepäevane rezhiim .
6		" See peaks piisav olema . "" "	"see pidama piisav olema . """
7		 Nad sisenesid häärberisse ja Finch lülitas peremehelikult tuled põlema . 	tema sisenema häärber ja Finch lülitama peremehelikult tuli põlema .
7		 Hall täitus tuhmi ja sünge valgusega . 	hall täituma tuhm ja sünge valgus .
7		 Finch vaatas ringi — muutunud polnud midagi . 	Finch vaatama ringi - muutuma|muutunud olema miski .
7		 Massiivne antiikmööbel , maalid millelt põrnitsesid ammu surnud parukais mehed , perekonnavapid seintel . 	massiivne antiikmööbel , maal mis põrnitsema ammu surema|surnud parukas mees , perekonnavapp sein .
8		" "" Soovite kohe üle vaadata ? "" päris Collins . "	""" soovima kohe üle vaatama ? "" pärima Collins ."
8		" "" Või võtame väikse sherri ? "	""" või võtma väike sherri ?"
8		 Pudel on kapis , aga rohkem majas , nagu isegi teate , kedagi ei ole . 	pudel olema kapp , aga rohkem maja , nagu isegi teadma , keegi ei olema .
8		" Tuleb iseteenindusega leppida . "" "	"tulema iseteenindus leppima . """
9		 Finch võbistas õlgu . 	Finch võbistama õlg .
9		 Hallis oli külm ning kõhe ja rusuv tunne , mida ta igakord Darmouth Mansion'is tundis , tuli tagasi . 	Hall|Halli olema külm ning kõhe ja rusuv tunne , mis tema igakord Darmouth Mansion ’ is tundma , tulema tagasi .
10		" "" Teate , võtaks küll , "" ütles ta Collinsile . "	""" teadma , võtma küll , "" ütlema tema Collinsile ."
10		" "" Sherri sobib selle majaga hästi kokku . "" "	""" sherri sobima see maja hästi kokku . """
11		" "" Ohoh ! "	""" ohoh !"
11		" Kõik , mis siin on , sobib selle majaga hästi kokku , "" itsitas Collins silma pilgutades . "	"kõik , mis siin olema , sobima see maja hästi kokku , "" itsitama Collins silm pilgutama ."
11		" "" Ma ütleksin isegi , et see on stiilseim maja omataoliste seas Inglismaal . "" "	""" mina ütlema isegi , et see olema stiilseim maja omataoline seas Inglismaa . """
12		" "" Minu teada s e l l i s e i d maju rohkem ju ei ole , või kuidas ? "" "	""" mina teadma s e l l i s e i d maja rohkem ju ei olema , või kuidas ? """
13		" "" V e e l ei ole , "" täpsustas Collins . "	""" V e e l ei olema , "" täpsustama Collins ."
13		" "" Meie eduka koostöö jätkumiseks selle pitsi me nüüd tõstamegi . "	""" mina edukas koostöö jätkumine see pits mina nüüd tõstma ."
13		" Üks moment ... "" "	"üks moment ... """
13		 Collins asutas ennast baarkapi poole , kuid Finch , tunnetades oma peremehekohust , jõudis temast ette . 	Collins asutama ise baarkapp poole , kuid Finch , tunnetama oma peremehekohus , jõudma tema ette .
14		" "" Ärge nähke vaeva ! "	""" ära nägema vaev !"
14		" Seni olen mina veel omanik . "" "	"seni olema mina veel omanik . """
14		 Finch sammus kriuksuval parketist põrandal suurejoonelise mahagonkapi juurde , avas baarilaeka ning küünitas käe roheka pudeli järele . 	Finch sammuma kriuksuv parkett põrand suurejooneline mahagonkapp juurde , avama baarilaegas ning küünitama käsi rohekas pudel järele .
14		 Kui ta kahte pokaali helepruuni sherrit valas , kuulis ta seljataga Collinsi häält . 	kui tema kaks pokaal helepruun sherri valama , kuulma tema seljataga Collins|Collinsi hääl .
15		" "" Muuseas , mida te sellest tugitoolist arvate ? "	""" muuseas , mis sina see tugitool arvama ?"
15		 Meil tuli teda veidi kohendada , mõned vanad detailid uutega vahetada . 	mina tulema tema veidi kohendama , mõni vana detail uus vahetama .
15		" Kuid minu arust ei paista muutus üldse välja . "" "	"kuid mina arust ei paistma muutus üldse välja . """
16		" "" Moment , "" ütles Finch . "	""" moment , "" ütlema Finch ."
16		 Ta asetas pokaalid baarikapi eendile ja suunas pilgu tugitoolile , mis asus sealsamas kõrval , väikse madala lauakese ees ning paistis kõigi tunnuste järgi olevat sobivaim koht , kus vana baarikapi sisemuse hüvesid nautida . 	tema asetama pokaal baarikapp eend ja suund pilk tugitool , mis asuma sealsamas kõrval , väike madal lauake ees ning paistma kõik tunnus järgi olema sobivaim koht , kus vana baarikapp sisemus hüve nautima .
17		 Kiirel vaatlusel ei avastanud ta mingeid ebakõlasid . 	kiire vaatlus ei avastama|avastanud tema mingi ebakõla .
17		 Tugitool näis täpselt sellena , mis ta pidi olema : 18. sajandi meistri de Blanco töö , mille alghind igal korralikul Londoni oksjonil algab neljast tuhandest naelast ja milles nii mõnigi George III aegne tähtis tegelane on omaaegseid napse nautinud . 	tugitool näima täpselt see , mis tema pidama olema : 18. sajand meister de Blanco töö , mis alghind iga korralik London oksjon algama neli tuhat nael ja mis nii mõni Georg III aegne tähtis tegelane olema omaaegne naps nautima|nautinud .
17		 Mustast brokaadist sügava tooli käetoed olid kaunistatud messingnuplitega , seljatoel võis veel aimata kulunud perekonnavapi kujutist . 	must brokaat sügav tool käetugi olema kaunistama|kaunistatud messingnuppel , seljatugi võima veel aimama kuluma|kulunud perekonnavapp kujutis .
18		" "" Suurepärane tool . "	""" suurepärane tool ."
18		" Mina küll aru ei saa , et ... "" nentis Finch ja vakatas , kui ta sirutas käe taas sherripokaalide poole . "	"mina küll aru ei saama , et ... "" nentima Finch ja vakatama , kui tema sirutama käsi taas sherripokaal poole ."
18		 Kurku tõusis klomp . 	kurk tõusma klomp .
18		 Mis sest , et ta teadis ... 	mis sest , et tema teadma ...
19		 Helepruuni sherri asemel oli pokaalides ruuge punane vedelik . 	helepruun sherri asemel olema pokaal ruuge punane vedelik .
19		 Veri . 	veri .
20		 Collins naeris täiest südamest , tema parastavad naeruturtsatused kõlasid vana võlvlae all ja põrkusid sealt ebameeldivalt Finchi kõrva . 	Collins naerma täis süda , tema parastav naeruturtsatus kõlama vana võlvlaad|võlvlagi all ja põrkuma sealt ebameeldivalt Finch|Finchi kõrv .
21		" "" Rabav , mis ? "	""" Rabav , mis ?"
21		 Üks meie teravmeelsemaid leiutisi , kas te ei leia ? 	üks mina teravmeelsem leiutis , kas sina ei leidma ?
21		 Hetkeks tähelepanu mujale ... ja teie naps muutub vereks ! 	hetk tähelepanu mujale ... ja sina naps muutuma veri !
21		" Ei , ei , oodake , "" ruttas ta lisama , kui nägi Finchi pilku pokaalidelt ära pööramas . "	"ei , ei , ootama , "" ruttama tema lisama , kui nägema Finch pilk pokaal ära pöörama ."
22		 Vaid mõne sekundi jooksul tõmbus vedelik taas pruunikaks , nagu poleks kunagi punane olnudki . 	vaid mõni sekund jooksul tõmbuma vedelik taas pruunikas , nagu olema kunagi punane olema .
22		 Muutus oli olnud nii kiire , et Finch hetkeks isegi kahtles , kas oli üldse verd näinud . 	muutus olema olema|olnud nii kiire , et Finch hetk isegi kahtlema , kas olema üldse veri nägema|näima|näinud .
23		" "" Just , just , "" kinnitas Collins , ikka veel vaikselt naeru põksudes . "	""" just , just , "" kinnitama Collins , ikka veel vaikselt naer põks ."
23		" "" Nii see ongi mõeldud — meelepete . "	""" nii see olema mõeldud|mõtlema - meelepete ."
23		 Kas ma tõesti nägin verd ? ! 	kas mina tõesti nägema veri ? !
23		 See pole ju ometi võimalik ! 	see olema ju ometi võimalik !
23		 Ilmselt mulle ainult tundus nii — ja inimene unustab juhtunu . 	ilmselt mina ainult tunduma nii - ja inimene unustama juhtunu .
23		 Ainult et mõne päeva pärast kordub sama lugu . 	ainult et mõni päev pärast korduma sama lugu .
23		 Hetkeks käest pandud sherriklaasi ilmub veri . 	hetk käsi pandud|panema sherriklaas ilmuma veri .
23		 Ainult hetkeks ! 	ainult hetk !
23		 Sama meelepete teist korda ! 	sama meelepete teine kord !
23		" Ja teid haarab hirm . "" "	"ja tee haarama hirm . """
24		" "" Väga teravmeelne , "" tähendas Finch pisut kohmetunult . "	""" väga teravmeelne , "" tähendama Finch pisut kohmetunult ."
24		" "" Ainult et ma ei saa verd näha . "	""" ainult et mina ei saama veri nägema ."
24		 Arst ütles , et see on mingi küllalt tihti esinev foobia — verekartus , hematofoobia . 	arst ütlema , et see olema mingi küllalt tihti esinev foobia - verekartus , hematofoobia .
24		 Olen püüdnud seda küll ravida , aga asjatult . 	olema püüdma|püüdnud see küll ravima , aga asjatult .
24		" Oleksin pidanud teile sellest rääkima . "" "	"olema pidama|pidanud sina see rääkima . """
25		" "" Andke andeks , vanapoiss , "" ruttas Collins vabandama . "	""" andma andeks , vanapoiss , "" ruttama Collins vabandama ."
25		" "" Ma tõesti ei teadnud . "	""" mina tõesti ei teadma|teadnud ."
25		" Aga trikk oli mõjuv , mis ? "" "	"aga trikk olema mõjuv , mis ? """
26		" "" Oli küll . "	""" olema küll ."
26		" Eriti veel siis , kui sa pole selliseks ... etenduseks valmis . "" "	"eriti veel siis , kui sina olema selline ... etendus valmis . """
27		" "" Noh , k o g u etendust te pole ju veel näinudki . "" "	""" noh , k o g u etendus sina olema ju veel nägema|näima . """
28		 Collins haaras oma sherri ja suundus halli teise nurka diivani poole . 	Collins haarama oma sherri ja suunduma hall teine nurk diivan poole .
28		 Millegipärast otsustas Finch aga oma joogist loobuda . 	millegipärast otsustama Finch aga oma joogi|jook loobuma .
29		 Nad võtsid istet ja Collins õngitses portfellist sülearvuti , olles enne kuskilt diivani alt võlunud juhtmeotsa , mille arvutiga ühendas . 	tema võtma iste ja Collins õngitsema portfell sülearvuti , olema enne kuskilt diivan alt võluma|võlunud juhtmeots , mis arvuti ühendama .
30		" "" See sherritrikk põhineb mingil keerulise nimega preparaadil , mida jooki puistasime . "	""" see sherritrikk põhinema mingi keeruline nimi preparaat , mis jook puistama ."
30		 Ütleme , et see oleks nagu peale kauba . 	ütlema , et see olema nagu peale kaup .
30		" Päris värk on aga kõik siin — kõik , nagu tellisite . "" "	"päris värk olema aga kõik siin - kõik , nagu tellima . """
31		 Collins keskendus ekraanile . 	Collins keskenduma ekraan .
31		 Finch nägi , et programm avanes pildist , mis kujutas Darmouth Mansionit . 	Finch nägema , et programm avanema pilt , mis kujutama Darmouth Mansioni .
32		" "" See juhe on muidugi ajutine nähtus , "" seletas Collins õhinal . "	""" see juhe olema muidugi ajutine nähtus , "" seletama Collins õhinal ."
32		" "" Siin põranda all on väike keskjaam . "	""" siin põrand all olema väike keskjaam ."
32		 Praegu juhin ma süsteemi siit . 	praegu juhtima mina süsteem siit .
32		 Teie võite aga , kas variant A — jätta süsteem juhurezhiimi või variant B — programeerida kogu kupatus sellisele sagedusele , nagu ise soovite . 	sina võima aga , kas variant A - jätma süsteem juhurezhiim või variant B - programeerima kogu kupatus selline sagedus , nagu ise soovima .
32		 Mina soovitaksin varianti B , sest juhurezhiim ei arvesta inimese psühholoogiat ja võib kohati üle pakkuda . 	mina soovitama variant B , sest juhurezhiim ei arvestama inimene psühholoogia ja võima kohati üle pakkuma .
32		" Ma ei tea ju kui kõva närvikava sel teie ostjal — mis ta nimi nüüd oligi — on . "" "	"mina ei teadma ju kui kõva närvikava see sina ostja - mis tema nimi nüüd olema - olema . """
33		" "" Weerbeck . "	""" Weerbeck ."
33		" Austin Weerbeck III , "" kostis Finch . "	"Austin Weerbeck III , "" kostma Finch ."
33		" "" Teise põlve miljonär . "" "	""" Teise põli|põlv miljonär . """
34		" "" Minu pärast kasvõi viienda . "	""" mina pärast kasvõi viies ."
34		" Vaadake siia ! "" "	"vaatama siia ! """
35		 Collins klõbistas oskuslikult klahvidel ja ekraanile kuvus valikmenüü . 	Collins klõbistama oskuslikult klahv ja ekraan kuvuma valikmenüü .
36		" "" Praegu on kogu süsteem maas . "	""" praegu olema kogu süsteem maas ."
36		 Me käivitame selle , näete , siit . 	mina käivitama see , nägema , siit .
36		 Nüüd valime kas kogu tsirkuse või eraldi tegelased . 	nüüd valima kas kogu tsirkus või eraldi tegelane .
36		 Alustame üksikkujudest . 	alustama üksikkuju .
36		" Muuseas , kõigepealt kustutame tuled . "" "	"muuseas , kõigepealt kustutama tuli . """
37		 Valgus kustus , kogu hall vajus hämarusse . 	valgus kustuma , kogu hall vajuma hämarus .
37		 Finch tundis kerget erutusvärinat , kui ta sülearvutile lähemale kummardus . 	Finch tundma kerge erutusvärin , kui tema sülearvuti lähemale kummarduma .
38		" "" Etteaste numero uno . "	""" etteaste numero uno ."
38		 Peata mees . 	Peata mees .
38		" Vaadake , palun , sinna trepi poole ! "" "	"vaatama , paluma , sinna trepp poole ! """
39		 Finch pööras pea trepi poole . 	Finch pöörama pea trepp poole .
39		 Õhtupimeduses seletas ta vana treppi , mis viis hallist häärberi teisele korrusele . 	õhtupimedus seletama tema vana trepp , mis viima hall häärber teine korrus .
39		 Seinal trepi kohal rippusid portreed , käsipuu oli kaunistatud suurejooneliste tammefiguuridega . 	sein trepp kohal rippuma portree , käsipuu olema kaunistama|kaunistatud suurejooneline tammefiguur .
39		 Üks õige inglise trepp , mõtles Finch . 	üks õige inglise trepp , mõtlema Finch .
39		 Kõik oli vaikne . 	kõik olema vaikne .
39		 Siis tajus ta liikumist . 	siis tajuma tema liikumine .
39		 Hämarusest eraldus tume kogu , mille kontuure polnud veel võimalik eristada . 	hämarus eralduma tume kogu , mis kontuur olema veel võimalik eristama .
39		 Kuju oleks nagu tekkinud seinast , umbes trepi keskel . 	kuju olema nagu tekkima|tekkinud sein , umbes trepp keskel .
39		 Must lüheldane kogu . 	must lüheldane kogu .
39		 Siis astus ta , ei , libises , hõljus trepi kohalt allapoole . 	siis astuma tema , ei , libisema , hõljuma trepp kohalt allapoole .
40		 Finch ahmis õhku . 	Finch ahmima õhk .
41		 Pimedusest kasvas maani mantlit kandev mees . 	pimedus kasvama maa mantel kandev mees .
41		 Ainult sel mehel polnud pead . 	ainult see mees olema pea .
41		 Käed olid tal ette sirutatud , nagu otsiks ta teed . 	käsi olema tema ette sirutama|sirutatud , nagu otsima tema tee .
41		 Ülestõstetud krae kohalt võis aimata valendavat kaelakonti . 	ülestõstetud krae kohalt võima aimama valendav kaelakont .
41		" Mees ei olnud "" päris "" . "	"mees ei olema|olnud "" päris "" ."
41		 Ei pidanudki olema . 	ei pidama olema .
41		 Ta ei paistnud just läbi , kuid tema piirjooned olid piisavalt ähmased , et ilmutist viirastuseks pidada . 	tema ei paistma|paistnud just läbi , kuid tema piirjoon olema piisavalt ähmane , et ilmutis viirastus pidama .
41		 Kummitus peatus , olles jõudnud trepimademele . 	kummitus peatuma , olema jõudma|jõudnud trepimade .
41		 Ta tegi veel ühe sammu , hakkas siis võbelema ja kadus aeglaselt . 	tema tegema veel üks samm , hakkama siis võbelema ja kaduma aeglaselt .
41		 Olles juba poolenisti haihtunud , haaras ta ühe käega õhku , otsekui proovides kedagi lüüa . 	olema juba poolenisti haihtuma|haihtunud , haarama tema üks käsi õhk , otsekui proovima keegi lööma .
41		 Siis oli ta läinud . 	siis olema tema läinud|minema .
42		 Finch tundis külmavärinaid . 	Finch tundma külmavärin .
42		 Ta oli küll seesuguseks etteasteks valmistunud , kuid viirastus oli olnud piisavalt realistlik , et isegi teadjas inimeses hirmuvärinaid esile kutsuda . 	tema olema küll seesugune etteaste valmistuma|valmistunud , kuid viirastus olema olema|olnud piisavalt realistlik , et isegi teadja inimene hirmuvärin esile kutsuma .
43		" "" Ja kõik täpses vastavuses legendile , "" sositas Collins . "	""" ja kõik täpne vastavus legend , "" sositama Collins ."
43		" "" See oli söör Eamond Barnsley . "	""" see olema söör Eamond Barnsley ."
43		 Vana Daumontville tappis ta just siin trepi juures . 	vana Daumontville tapma|tappima tema just siin trepp juures .
43		 Kõigepealt suskas teda pistodaga rindu ja seejärel raius pea maha . 	kõigepealt suskama tema pistoda rindu ja seejärel raiuma pea maha .
43		 Teenrid nägid pealt . 	teener nägema pealt .
43		 Muuseas , ka verelaigu võib põrandale tekitada . 	muuseas , ka verelaik võima põrand tekitama .
43		 Aga soovitav oleks ainult 14. mail — siis kui Barnsley tapeti . 	aga soovitav olema ainult 14. maa|mai - siis kui Barnsley tapma .
43		" Aga ma võin teile siiski näidata ... "" "	"aga mina võima sina siiski näitama ... """
44		" "" Aitäh , pole vaja . "" "	""" aitäh , olema vaja . """
45		" "" Õige , te ei kannata ju verd . "	""" õige , sina ei kannatama ju veri ."
45		 Olgu peale , läheme edasi . 	olema peale , minema edasi .
45		 Show , nagu öeldakse jätkub ! 	show , nagu ütlema jätkuma !
45		" Vana Daumontville isiklikult . "" "	"vana Daumontville isiklikult . """
46		 Kostis köhatus , nii realistlik , et Finch pidas köhijaks algul Collinsit . 	kostma köhatus , nii realistlik , et Finch pidama köhija algul Collinsi .
46		 Too aga irvitas vaid hämarusest vastu ja osutas peaga tugitooli suunas — selle sama , mille konstruktsiooni oli tulnud pisut muuta . 	too aga irvitama vaid hämarus vastu ja osutama pea tugitool suund - see sama , mis konstruktsioon olema tulema|tulnud pisut muutma .
46		 Kinnisvaraagent pööras pead ja nägi ruumi teises nurgas asetsevas tugitoolis kellegi pead . 	kinnisvaraagent pöörama pea ja nägema ruum teine nurk asetsev tugitool keegi pea .
46		 Kiilaspead , mille külgedelt langesid pikad tumedad juuksed . 	kiilaspea , mis külg langema pikk tume juus .
46		 Siis pea pöördus — pöördus ebaloomulikult , täisringi pidi nagu öökullil . 	siis pea pöörduma - pöörduma ebaloomulikult , täisring pidama nagu öökull .
46		 Kostus isegi kaelaluude naginat . 	kostuma isegi kaelaluu nagin .
46		 Viirastus pööras oma kollakalt hõõguvad silmad otse Finchi poole . 	viirastus pöörama oma kollakas hõõguv silm otse Finch|Finchi poole .
46		 Viimane võpatas ja hammustas tahtmatult keelde . 	viimane võpatama ja hammustama tahtmatult keel .
46		 Siis kostus võigas hauatagune naer , kuid mitte ilmutise poolt , vaid siitsamast Finchi kõrva äärest . 	siis kostuma võigas hauatagune naer , kuid mitte ilmutis poolt , vaid siitsamast Finch|Finchi kõrv äärest .
46		 Kollased silmad puurisid ennast vaataja näkku ja siis oli ilmutis äkki kadunud . 	kollane silm puurima ise vaataja nägu ja siis olema ilmutis äkki kaduma|kadunud .
46		 Ainult kohutava naeru kaja hõljus veel võlvide all . 	ainult kohutav naer kaja hõljuma veel võlv all .
47		" "" Kõik nagu oli , "" seletas Collins . "	""" kõik nagu olema , "" seletama Collins ."
47		" "" Kui sheriff koos sõduritega Daumontville'ile järele tuli , istus too seal tugitoolis ja naeris ainult oma haiglast naeru . "	""" kui sheriff koos sõdur Daumontville ’ ile järele tulema , istuma too seal tugitool ja naerma ainult oma haigla naer ."
47		" Ta hukati küll Doncasteris aga teda on siin tugitoolis hiljem nähtud . "" "	"tema hukkama küll Doncaster|Doncasteri aga tema olema siin tugitool hiljem nägema|nähtud|nähtuma . """
48		" "" Te olete kohalikke pärimusi vist päris hoolikalt uurinud ? "" päris Finch . "	""" sina olema kohalik pärimus vist päris hoolikalt uurima|uurinud ? "" pärima Finch ."
48		" "" Mina neid detaile küll kõiki ei mäleta . "" "	""" mina see detail küll kõik ei mäletama . """
49		" "" Amet kohustab , "" Collins ei püüdnudki hääles kõlavat uhkustunnet varjata . "	""" amet kohustama , "" Collins ei püüdma hääl kõlav uhkustunne varjama ."
49		" "" Kaks meest kaevasid arhiivides ja töötasid koduloolisi pärimusi läbi . "	""" kaks mees kaevama arhiiv ja töötama kodulooline pärimus läbi ."
49		 Sest ka uus omanik võib ju oma elukoha ajaloo vastu huvi tunda ning blufi läbi näha . 	sest ka uus omanik võima ju oma elukoht ajalugu vastu huvi tundma ning bluff läbi nägema .
49		 Ei mingit ülepakkumist ega isiklikku fantaasialendu . 	ei mingi ülepakkumine ega isiklik fantaasialend .
49		" Tõsi , mõningad asjad oleme me ise lisanud , sest Darmouthi kummitused on vahest üsna kujutlusvaesed , "" lisas ta itsitades . "	"tõsi , mõningas asi olema mina ise lisama|lisanud , sest Darmouth|Darmouthi kummitus olema vahest üsna kujutlusvaene , "" lisama tema itsitama ."
49		" "" Eriti hästi on meil õnnestunud audiopool . "	""" eriti hästi olema mina õnnestuma|õnnestunud audiopool ."
49		 Näiteks keldris sositab naisehääl ühe Miltoni soneti fragmenti ning magamistoas kostub aegajalt kellegi ohkeid . 	näide kelder sositama naisehääl ühe Milton|Miltoni sonett fragment ning magamistuba kostuma aegajalt keegi ohe .
49		 Kui mäletate , siis poos Daumontville hobusetallis leedi Elizabethi pihiisa ja sinna me korraldasime viirastusliku köie . 	kui mäletama , siis pooma Daumontville hobusetall leedi Elizabeth pihiisa ja sinna mina korraldama viirastuslik köis .
49		 Kui te selle poole käe sirutate , ilmub teie silme ette poodud pihiisa nägu . 	kui sina see poole käsi sirutama , ilmuma sina silm ette poodud|pooma pihiisa nägu .
49		 Teate , kuidas poodu välja näeb ? 	teadma , kuidas poodu välja nägema ?
49		 Peast välja valgunud silmad , tursunud keel hammaste vahel , nägu sinine , uriini ja spermalaik jalge all ... 	pea välja valguma|valgunud silm , tursuma|tursunud keel hammas vahel , nägu sinine , uriin ja spermalaik jalg all ...
49		" Kõik nagu kohtuekspertiisi toimikutes , poisid nägid kaks kuud vaeva . "" "	"kõik nagu kohtuekspertiis toimik , poiss nägema kaks kuu vaev . """
50		 Finch muigas omaette . 	Finch muigama omaette .
50		 Etendus ületas tema parimaid ootusi . 	etendus ületama tema parim ootus .
51		" "" Kas see hääl seal keldris peaks kuuluma leedi Elizabethile ? "" küsis ta . "	""" kas see hääl seal kelder pidama kuuluma leedi Elizabeth ? "" küsima tema ."
52		" "" Ehhe , minge tehke kindlaks ! "	""" ehhe , minema tegema kindel !"
52		 Minu teada 17. sajandil veel lindistusvõimalus puudus . 	mina teadma 17. sajand veel lindistusvõimalus puuduma .
52		 Kui aga legendi õppida , hoidis vana Daumontville naist keldris mittu kuud kinni , enne kui ta suri . 	kui aga legend õppima , hoidma vana Daumontville naine kelder mittu kuu kinni , enne kui tema surema .
52		" Leedi läks vist peast pisut segi , sest olevat kogu aeg päheõpitud Miltonit korranud . "" "	"leedi minema vist pea pisut segi , sest olema kogu aeg päheõpitud Milton|Miltoni kordama|korranud . """
53		" "" Elizabethi te ei teinud ? "" päris Finch edasi . "	""" Elizabeth sina ei tegema|teinud ? "" päris Finch edasi ."
54		" "" Ei . "	""" ei ."
54		 Noore leedi vaimu pole keegi kunagi näinud . 	noor leedi vaim olema keegi kunagi nägema|näima|näinud .
54		 Pole mõtet üle pingutada , nagu ma juba ütlesin . 	olema mõte üle pingutama , nagu mina juba ütlema .
54		 Kuigi poisid proovisid küll , aga ma pidasin targemaks isetegevus lõpetada . 	kuigi poiss proovima küll , aga mina pidama targem isetegevus lõpetama .
54		 Piirdusime nõrga hologa magamistoas . 	piirduma nõrk holo magamistuba .
54		" Kerge ehmatus enne uinumist , paarisekundiline välgatus , ei enamat . "" "	"Kerge ehmatus enne uinumine , paarisekundiline välgatus , ei enam . """
55		 Collins klõbistas taas arvuti kallal . 	Collins klõbistama taas arvuti kallal .
55		 Hallis süttisid tuled . 	Hall|Halli süttima tuli .
56		" "" Nüüd ma paluks teid teisele korrusele , Finch . "" "	""" nüüd mina paluma sina teine korrus , Finch . """
57		 Teisel korrusel seisatasid mehed koridoris . 	teine korrus seisatama mees koridor .
57		 Eespool lõppes käik aknaga , sealt 30 jardi kauguselt hargnes tee kahele poole . 	eespool lõppema käik aken , sealt 30 jard kaugus hargnema tee kaks poole .
57		 Mõlemat seina palistas usterivi . 	mõlema sein palistama usterivi .
57		 Finch pani tähele , et siin põrand ei kägisenud . 	Finch panema tähele , et siin põrand ei kägisema|kägisenud .
57		 Nad sammusid täielikus vaikuses ... 	tema sammuma täielik vaikus ...
58		 ... midagi vuhises Finchilt kõrva äärest mööda , kellegi nähtamatud nahksed tiivad sahisesid õhus . 	... miski vuhisema Finchilt kõrv äärest mööda , keegi nähtamatu nahkne tiib sahisema õhk .
58		 Finch seisatas . 	Finch seisatama .
58		 Tiibade vuhin kaugenes ja siis kostis koridori lõpust akna juurest tugev põntsatus . 	tiib vuhin kaugenema ja siis kostma koridor lõpp aken juurest tugev põntsatus .
58		 Kellgi teravad küüned kriipisid aknale . 	Kellg|Kellgi|Kellk terav küüs kriipima aken .
58		 Finch tundis külmavärinaid . 	Finch tundma külmavärin .
59		" "" Räägitakse , et see on Daumontville'i hing , kes sedaviisi nähtamatult ringi lendab ja püüab majast välja pääseda , "" rääkis Collins . "	""" rääkima , et see olema Daumontville ’ i hing , kes sedaviisi nähtamatult ringi lendama ja püüdma maja välja pääsema , "" rääkima Collins ."
60		 Finch raputas vaid pead . 	Finch raputama vaid pea .
60		" "" Poleks iial uskunud , et te kõiki jutte nii hästi realiseerida suudate . "" "	""" olema iial uskuma|uskunud , et sina kõik jutt nii hästi realiseerima suutma . """
61		" "" Kuidas siis muidu ? "	""" kuidas siis muidu ?"
61		 Legendi elustamine mõjub palju tõepärasemalt kui uute kummituste väljamõtlemine . 	legend elustamine mõjuma palju tõepärasemalt kui uus kummitus väljamõtlemine .
61		 Kui siin on ikka aastasadu nähtud Barnsley'd , Daumontville'i ja madam Gloriat , siis on aines täiesti olemas . 	kui siin olema ikka aastasada nägema|nähtud|nähtuma Barnsley ’ d , Daumontville ’ i ja madam Gloriat , siis olema aines täiesti olema .
61		 Muidugi on tänapäeva visuaaltehnika ning meie firma eriti võimelised looma ka sootuks uusi ja , lubage mul öelda , olematuid koletisi , kõiksugu põrgudeemoneid näiteks . 	muidugi olema tänapäev visuaaltehnika ning mina firma eriti võimeline looma ka sootuks uus ja , lubama mina ütlema , olematu koletis , kõiksugu põrgudeemon näide .
61		 Ma ei mõtle muidugi liikuvaid nukke , see oleks labane ! 	mina ei mõtlema muidugi liikuv nukk , see olema labane !
61		" Ei , ainult käega katsumatud "" viirastused "" , osavalt seintesse peidetud sensorid , hologeneraatorid , mikrotshipsid , kõlarid . "	"ei , ainult käsi katsumatu "" viirastus "" , osavalt sein peidetud|peitma sensor , hologeneraator , mikrotships|mikrotshipsi , kõlar ."
61		 Ja kõigile on õudus garanteeritud , kõigile ekstsentrilistele miljonäridele , kes soovivad osta ehtsat inglise kummituslossi . 	ja kõik olema õudus garanteerima|garanteeritud , kõik ekstsentriline miljonär , kes soovima ostma ehtne inglise kummitusloss .
61		 Peab ainult lootma , et nad oma elektriarve vastu haiglast huvi ei tunne . 	pidama ainult lootma , et tema oma elektriarve vastu haigla huvi ei tundma .
61		 Pidime nimelt vajaliku energiavälja saamiseks erinevatele elektritarvikutele üht-teist juurde lisama . 	pidama nimelt vajalik energiaväli saamine erinev elektritarvik üht-teist juurde lisama .
61		 Et lisaenergiat ära peita . 	et lisaenergia ära peitma .
61		 Meie projekt on energia suhtes üsnagi nõudlik , ehitasime kaks salageneraatorit , mis annavad meie lapsukestele niiöelda elujõu . 	mina projekt olema energia suhtes üsna nõudlik , ehitama kaks salageneraator , mis andma mina lapsuke niiöelda elujõud .
61		 See polnud lihtne , aga me saime sellega hakkama . 	see olema lihtne , aga mina saama see hakkama .
61		 Üks endine Kaitseministeeriumi salajase osakonna töötaja müüs meile mõned üsna huvitavad materjalid . 	üks endine kaitseministeerium salajane osakond töötaja müüma mina mõni üsna huvitav materjal .
61		" Projekt Macabeus , olete kuulnud ? "" "	"projekt Macabeus , olema kuulma|kuulnud ? """
62		" "" Vist mitte . "" "	""" vist mitte . """
63		" "" Pole ka tähtis . "	""" olema ka tähtis ."
63		 Mingite kõrvalefektide tõttu see hüljati . 	mingi kõrvalefekt tõttu see hülgama .
63		" Aga tehnoloogia on meie käsutuses ja asetab meid konkurentidest vähemalt viie aasta võrra ette . "" "	"aga tehnoloogia olema mina käsutus ja asetama mina konkurent vähemalt viis aasta võrra ette . """
64		" "" Ja-jah , muidugi . "	""" ja-jah , muidugi ."
64		 Teie firma on parim ... 	sina firma olema parim ...
64		 Muide , te mainisite madam Gloriat . 	muide , sina mainima madam Gloriat .
64		" Kas see on ... ? "" "	"kas see olema ... ? """
65		" "" Just nimelt . "	""" just nimelt ."
65		 Kurikuulsa John Daumontville'i ema , kelle vaim ei saa hauas oma poja hirmutegude pärast rahu . 	Kurikuulsa John Daumontville ’ i ema , kes vaim ei saama haud oma poeg|poja hirmutegu pärast rahu .
65		" Muuseas , lubage esitleda , sealt ta tulebki ! "" "	"muuseas , lubama esitlema , sealt tema tulema ! """
66		 Finch jäi võpatades seisma , kui koridori nurga tagant ilmus uus lummutis . 	Finch jääma võpatama seisma , kui koridor nurk tagant ilmuma uus lummutis .
66		 Surnukahvatu vana naine , kes hoidis ettesirutatud käes küünalt . 	surnukahvatu vana naine , kes hoidma ettesirutatud käsi küünal .
66		 Ei mingit leegivarju seintel — kummitus hõljus hääletult läbi õhu , tema elutud silmad uuristasid end tühjusesse . 	ei mingi leegivari sein - kummitus hõljuma hääletult läbi õhk , tema elutu silm uuristama ise tühjus .
66		 Võigas kuju tuli otse Finchi peale , läks temast läbi ja kadus koridori teises otsas , jättes kiinisvaraagendi laubalt hirmuhigi pühkima . 	võigas kuju tulema otse Finch peale , minema tema läbi ja kaduma koridor teine ots , jätma kiinisvaraagent laup hirmuhigi pühkima .
67		" "" Kas siis seda on ka nähtud ? "" küsis Finch , kui oli jõudnud toibuda . "	""" kas siis see olema ka nägema|nähtud|nähtuma ? "" küsima Finch , kui olema jõudma|jõudnud toibuma ."
68		" "" Üsna palju . "	""" üsna palju ."
68		 Tegemist on muuseas ühe levinuma kummitistüübiga inglise mütoloogias . 	tegemine olema muuseas üks levinum kummitistüüp inglise mütoloogia .
68		 Madam Gloria oli hispaanlanna , katoliiklane . 	Madam Gloria olema hispaanlanna , katoliiklane .
68		" Tema fanaatiline religioosssus arvatakse olevat ka surmajärgse ilmumise üheks põhjuseks . "" "	"tema fanaatiline religioossus arvama olema ka surmajärgne ilmumine üks põhjus . """
69		" "" Kes selliseid jaburdusi arvab ? "" ei saanud Finch aru . "	""" kes selline jaburdus arvama ? "" ei saama|saanud Finch aru ."
70		" "" Uurijad — või teadlased , nagu nad ise end nimetavad . "	""" uurija - või teadlane , nagu tema ise ise nimetama ."
70		 Pea kõik inglise kummituslossid on usinate vaimuotsijate poolt läbi uuritud . 	pea kõik inglise kummitusloss olema usin vaimuotsija poolt läbi uurima|uuritud .
70		" Loomulikult on lossivaim parasjagu puhkusel , kui ootusärevuses teadusejüngrid on oma kaamerad üles sättinud , "" kõhistas Collins naerda . "	"loomulikult olema lossivaim parasjagu puhkus , kui ootusärevus teadusejünger olema oma kaamera üles sättima|sättinud , "" kõhistama Collins naerma ."
70		" "" Te ei kujuta ette , kui palju on inimesi , kes kõiki neid jutte usuvad . "	""" sina ei kujutama ette , kui palju olema inimene , kes kõik see jutt uskuma ."
70		 Eks sellepärast neid välja mõeldaksegi . 	eks sellepärast see välja mõtlema .
70		" Et on inimesi , kes usuvad . "" "	"et olema inimene , kes uskuma . """
71		 Veel tubli kaks tundi demonstreeris elektroonikafirma peainsener Desmond Collins oma kätetööd vanade losside ülesostjale ja edsimüüjale Timothy Finchile . 	veel tubli kaks tund demonstreerima elektroonikafirma peainsener Desmond Collins oma kätetöö vana loss ülesostja ja edsimüüja Timothy Finchile .
71		 Iga uue tehnikasaavutuse ilmumisel muutus Finch näost üha rohelisemaks ning temas süvenes veendumus , et inimene , kes on nõus õ i g e kummituslossi eest sellist summat lauale laduma , ei tea päris täpselt , mida soovib . 	iga uus tehnikasaavutus ilmumine muutuma Finch nägu üha rohelisem ning tema süvenema veendumus , et inimene , kes olema nõus õ i g e kummitusloss eest selline summa laud laduma , ei teadma päris täpselt , mis soovima .
71		 Ja ta oli päris kindel , et ameerika miljonär Austin Weerbeck III ei pea selles majas aastatki vastu . 	ja tema olema päris kindel , et ameerika miljonär Austin Weerbeck III ei pidama see maja aasta vastu .
71		 Kuid lõppude lõpuks peab iga klient saama ikkagi täpselt selle , mida tahab . 	kuid lõpp lõpp pidama iga klient saama ikkagi täpselt see , mis tahtma .
71		 Ja kui klient tahab viirastuste käes vaevlevat häärberit koos ühe korraliku majalegendiga , siis selle ta ka saab . 	ja kui klient tahtma viirastus käes vaevlev häärber koos üks korralik majalegend , siis see tema ka saama .
71		" Ja saavad ka kõik järgmised kliendid , kel on piisavalt raha , et Finch saaks tasuda "" elektriliste lisatööde "" eest ühele tagasihoidliku nimetusega Londoni äärelinna elektroonikafirmale . "	"ja saama ka kõik järgmine klient , kes olema piisavalt raha , et Finch saama tasuma "" elektriline lisatöö "" eest üks tagasihoidlik nimetus London äärelinn elektroonikafirma ."
72		 Kui mehed lõpuks majast väljusid , tundis Finch , et üks kangem naps kulub talle väga ära . 	kui mees lõpuks maja väljuma , tundma Finch , et üks kangem naps kuluma tema väga ära .
72		 Ometigi soovis ta selle juua oma kodulähedases pubis , mitte selles majas . 	ometigi soovima tema see jooma oma kodulähedane pubi , mitte see maja .
72		" Hoolikalt kuulas ta Collinsi seletusi , kuidas kummitusprgoramm just paraja sagedusega tööle panna , et mitte "" üle pingutada "" . "	"hoolikalt kuulama tema Collins seletus , kuidas kummitusprgoramm just paras sagedus töö panema , et mitte "" üle pingutama "" ."
72		 Insener lülitas majast lahkudes elektri ja kogu kummitustekrempli välja . 	insener lülitama maja lahkuma elekter ja kogu kummitustekrempel välja .
72		 Demonstratsioonesinemised olid edukalt lõpetatud . 	demonstratsioonesinemine olema edukalt lõpetama|lõpetatud .
73		 Kruusaselt hooviteelt heitis Finch veel häärberile viimase pilgu . 	kruusane hoovitee heitma Finch veel häärber viimane pilk .
73		 Hakkas hämarduma , musträstad olid ammu vaikinud , maja mähkus sumedasse kesk-inglise öhe . 	hakkama hämarduma , musträstas olema ammu vaikima|vaikinud , maja mähkuma sume kesk-inglise öö .
74		" "" Õigusliku poole pealt on kõik korras , "" seletas Collins taskust autovõtmeid õngitsedes . "	""" õiguslik pool pealt olema kõik kord , "" seletama Collins tasku autovõti õngitsema ."
74		" "" Weerbeck ei tohi kapitaalremonti teha , kuna tegu arhitektuuriväärtusega . "	""" Weerbeck ei tohtima kapitaalremont tegema , kuna tegu arhitektuuriväärtus ."
74		" Ja meie tegime ainult parandusliku iseloomuga elektritöid , eks ole ? "" "	"ja mina tegema ainult paranduslik iseloom elektritöö , eks olema ? """
75		 Finch noogutas ja heitis majale viimase pilgu . 	Finch noogutama ja heitma maja viimane pilk .
75		 Teise korruse nurgapoolsest aknast oleks nagu kumanud nõrk kahkjas valgus . 	teine korrus nurgapoolne aken olema nagu kumama|kumanud nõrk kahkjas valgus .
75		 Veider , mõtles Finch autosse istudes , elekter lülitati ju ometi välja . 	veider , mõtlema Finch auto istuma , elekter lülitama ju ometi välja .
75		 Veidi enne , kui ta autoukse kinni tõmbas , nägi ta aknaavasse ilmuvat midagi , mis meenutas noort naisenägu . 	veidi enne , kui tema autouks kinni tõmbama , nägema tema aknaava ilmuma miski , mis meenutama noor naisenägu .
75		 Tühjad silmakoopad hauakahvatus , ilgesse vihagrimassi kõverdunud näos . 	tühi silmakoobas hauakahvatu , ilge vihagrimass kõverduma|kõverdunud nägu .
75		 Võigas hauatagune irve ... 	võigas hauatagune irve ...
76		 Ilmselt siis varugeneraatori ja säästufailide viperused , otsusas Finch , kui kuulas Collinsi juttu , mida kõike nende firma veel valmis on looma , kuni jaguks vaid ostjaid , kes usuks vaime . 	ilmselt siis varugeneraator ja säästufail viperus , otsusas Finch , kui kuulama Collins|Collinsi jutt , mis kõik see firma veel valmis olema looma , kuni jaguma vaid ostja , kes uskuma vaim .
76		 Finch tahtis vaid kiiremini siit minema pääseda . 	Finch tahtma vaid kiiremini siit minema pääsema .
77		 Teise põlve miljonär Austin Weerbeck III kustutas tugeva liigutusega sigareti massiivsesse vandliluust tuhatoosi ning pööras taas pilgu oma külalisele . 	teine põli|põlv miljonär Austin Weerbeck III kustutama tugev liigutus sigaret massiivne vandliluu tuhatoos ning pöörama taas pilk oma külaline .
77		 Kauaoodatud ja tähtsale külalisele , kes istus Darmouth Mansioni omaniku kabinetis ning paistis suurde tugitooli lausa uppuvat . 	Kauaoodatud ja tähtis külaline , kes istuma Darmouth Mansion|Mansioni omanik kabinet ning paistma suur tugitool lausa uppuv .
77		 Külaline oli väikest kasvu vanemapoolne mees , kandis halli odavat ülikonda ning lääpatallatud kingi , mis ei ulatanudki põrandale , vaid rippusid kõhnade jalgade otsas naljakalt õhus , paljastades lumivalged sokid . 	külaline olema väike|väikene kasv vanemapoolne mees , kandma hall odav ülikond ning lääpatallatud king , mis ei ulatama põrand , vaid rippuma kõhn jalg otsas naljakalt õhk , paljastama lumivalge sokk .
77		 Mehe üks kraepool oli kunstlikult suuremaks õmmeldud , kattes nii vasemat näopoolt . 	mees üks kraepool olema kunstlikult suurem õmblema|õmmeldud , kate nii vasem näopool .
78		 Juba ammu ei hinnanud Weerbeck oma külalisi nende välimuse järgi . 	juba ammu ei hindama|hinnanud Weerbeck oma külaline see välimus järgi .
79		 Veel enam neid , kelle otsimiseks oli ta kulutanud kuid ja meeletu rahasumma . 	veel enam see , kes otsimine olema tema kulutama|kulutanud kuid ja meeletu rahasumma .
79		 Miljonäri ei heidutanud külalise tagasihoidlik riietus ega pudupoodniku-taoline pisike nirginägu , mida kaunistasid pisikesed kikkvurrud . 	Miljonäri ei heidutama|heidutanud külaline tagasihoidlik riietus ega pudupoodniku-taoline pisike nirginägu , mis kaunistama pisike|pisikene kikkvurr .
79		 Weerbeck pakkus külalisele oma hõbeportsigarist sigaretti , unustades , et oli seda juba korduvalt teinud . 	Weerbeck pakkuma külaline oma hõbeportsigar sigaret , unustama , et olema see juba korduvalt tegema|teinud .
80		" "" Me ei suitseta , "" vastas mees pisut puises inglise keeles . "	""" mina ei suitsetama , "" vastama mees pisut puine inglise keel ."
81		" "" Vabandage , unustasin , "" vastas Weerbeck väsinud häälel . "	""" vabandama , unustama , "" vastama Weerbeck väsima|väsinud hääl ."
81		" "" Mul pole t e i e g a varem kokkupuutumist olunud . "	""" mina olema t e i e g a varem kokkupuutumine olunud ."
81		" Te vist ei suitseta keegi ? "" "	"sina vist ei suitsetama keegi ? """
82		" "" See räägib pigem teie heast õnnest , "" kostis külaline . "	""" see rääkima pigem sina hea õnn , "" kostma külaline ."
82		" "" Me tõepoolest ei suitseta . "	""" mina tõepoolest ei suitsetama ."
82		" See mõjuks , teate , haistmisele ja segaks muidu kah keskendumist . "" "	"see mõjuma , teade , haistmine ja segama muidu kah keskendumine . """
83		" "" Ma ei mõista , mis sel kõigel on haistmisega pistmist , mister Grpowski ? "" "	""" mina ei mõistma , mis see kõik olema haistmine pistmine , mister Grpowski ? """
84		" "" Pan , kui tohiksin paluda . "	""" pan , kui tohtima paluma ."
84		" Pan Grpowski . "" "	"Pan Grpowski . """
85		" "" Jälle unustasin , "" kostis Weerbeck , sedapuhku vabandamata . "	""" jälle unustama , "" kostma Weerbeck , sedapuhku vabandama ."
85		" "" Edaspidi püüan meeles pidada . "" "	""" edaspidi püüdma meel pidama . """
86		" "" Olge nii lahke . "	""" olema nii lahke ."
86		" Mul on vaja võimalikult rohkem endaks jääda , et teie murega toime tulla , "" vastas väike mees . "	"mina olema vaja võimalikult rohkem ise jääma , et sina mure toim|toime tulema , "" vastama väike mees ."
86		" "" Kuid läheksime asja juurde . "	""" kuid minema asi juurde ."
86		 Teie kiri oli üsna pealiskaudne , ometigi suutsin sellest mõista asja pakilisust ning ... vast ka jubedust . 	sina kiri olema üsna pealiskaudne , ometigi suutma see mõistma asi pakilisus ning ... vast ka jubedus .
86		" Siiski palun teid pisut lähemalt seletada . "" "	"siiski paluma sina pisut lähemalt seletama . """
87		" "" Teil on õigus , "" ütles Weerbeck . "	""" sina olema õigus , "" ütlema Weerbeck ."
87		" "" Ma pole harjunud asju kirja teel seletama . "	""" mina olema harjuma|harjunud asi kiri teel seletama ."
87		 Eelistan alati näost näkku kohtumist . 	eelistama alati nägu nägu kohtumine .
87		 Kuigi teie puhul ma hüppaksin üle oma harjumusest soovituskirju paluda , sest juhuslikult tunnen ma senjoor Vargast üsna hästi . 	kuigi sina puhul mina hüppama üle oma harjumus soovituskiri paluma , sest juhuslikult tundma mina senjoor varas üsna hästi .
87		 Tema mulle teist rääkiski . 	tema mina teine rääkima .
87		" See lugu seal Barcelonas olnud üpriski kohutav ? "" "	"see lugu seal Barcelona olema|olnud üpris kohutav ? """
88		" "" Üks sügavamaid ja raskemaid seestumisjuhtumeid selle sajandi Euroopas , "" vastas pan Grpowski nukralt ja lükkas põselt katva krae . "	""" üks sügavam ja raskem seestumisjuhtum see sajand Euroopa , "" vastama pan Grpowski nukralt ja lükkama põsk kattev krae ."
88		 Vasakut näopoolt kattis põletatud ristikujuline arm . 	vasak näopool katma põletama|põletatud ristikujuline arm .
88		 Weerbeck pööras tülgastunult pilgu ära — armi alt võis aimata kinnikasvamatut lihashaava , mis eemaletõukavalt punetas . 	Weerbeck pöörama tülgastunult pilk ära - arm alt võima aimama kinnikasvamatu lihashaav , mis eemaletõukavalt punetama .
89		" "" See oli tema hüvastijätusuudlus , "" nentis Grpowski kiretult . "	""" see olema tema hüvastijätusuudlus , "" nentima Grpowski kiretult ."
89		" "" Ta ütles , et tunneb mind selle armi järgi teises ilmas ära . "	""" tema ütlema , et tundma mina see arm järgi teine ilm ära ."
89		" Võimalik , et tunnebki . "" "	"võimalik , et tundma . """
90		" "" Olete siis endale koleda elukutse valinud , "" tähendas miljonär . "	""" olema siis ise kole elukutse valima|valinud , "" tähendama miljonär ."
90		" "" Kuid üsnagi tasuva , nagu ma aru saan ? "" "	""" kuid üsna tasuv , nagu mina aru saama ? """
91		" "" Eksortsistiks sünnitakse , "" vastas väike mees . "	""" Eksortsisti sündima , "" vastama väike mees ."
91		" "" Meid on välja valitud . "	""" mina olema välja valima|valitud ."
91		 Tasuvuse koha pealt on teil aga õigus . 	tasuvus koha|koht pealt olema sina aga õigus .
91		" Me ei ole odavad . "" "	"mina ei olema odav . """
92		" "" Nojah . "	""" nojah ."
92		 Kuid lähme asja juurde ! 	kuid minema asi juurde !
92		 Ma olen senjoor Vargase juhtumiga üldjoontes kursis . 	mina olema senjoor Vargas juhtum üldjoon kurss .
92		 Minu lugu on vist pisut erinev . 	mina lugu olema vist pisut erinev .
92		 Darmouthis pole tegu seestumisega , nagu suvatsesite väljenduda . 	Darmouthis olema tegu seestumine , nagu suvatsema väljenduma .
92		" Ei minus ega minu naises ei ela ühtki saatanat , vähemalt minu teada mitte , kuigi olen mõningatele äripartneritele selliseks sedastamiseks mõnikord põhjust andnud , "" sõnas Weerbeck itsitades . "	"ei mina ega mina naine ei elama üks saatan , vähemalt mina teadma mitte , kuigi olema mõningas äripartner selline sedastamine mõnikord põhjus andma|andnud , "" sõnama Weerbeck itsitama ."
92		 Kuid Grpowski ei naernud . 	kuid Grpowski ei naerma|naernud .
93		" "" Niisiis , on mul tegemist ainult vaimudega , mitte füüsilise koletisega , "" jätkas Weerbeck taas tõsinedes . "	""" niisiis , olema mina tegemine ainult vaim , mitte füüsiline koletis , "" jätkama Weerbeck taas tõsinema ."
93		" "" Tunnistan , et olen selles ise süüdi . "	""" tunnistama , et olema see ise süüdi ."
93		 Vanas eas hakkab inimene igasugu rumalusi tahtma . 	vana iga hakkama inimene igasugu rumalus tahtma .
93		 Mina näiteks soovisin omandada üht mõnusat kummituslossi ja lasin endale , nagu öeldakse , ise varba peale . 	mina näide soovima omandama üks mõnus kummitusloss ja laskma ise , nagu ütlema , ise varb peale .
93		 Asi ületas kõik mu ootused ja närvikõdi asemel külalistele olen ise mitmeid kordi hirmu pärast peaaegu püksi teinud . 	asi ületama kõik mina ootus ja närvikõdi asemel külaline olema ise mitu kord hirm pärast peaaegu püks tegema|teinud .
93		 Ja need kummitused ilmuvad ikka siis , kui majas pole peale minu ja minu abikaasa kedagi . 	ja see kummitus ilmuma ikka siis , kui maja olema peale mina ja mina abikaasa keegi .
93		 Mul on kõrini sellest , kui ma oma magamistoa ukselt koputust kuulen , lähen avama ja ukse tagant mitte kedagi eest leides pööran ümber ja minu toas on keegi vanaldane missis , kes kõigi tunnuste järgi paistab surnud olevat . 	mina olema kõrini see , kui mina oma magamistuba uks koputus kuulma , minema avama ja uks tagant mitte keegi eest leidma pöörama ümber ja mina tuba olema keegi vanaldane missis , kes kõik tunnus järgi paistma surema|surnud olema .
93		 OK , ta haihtub üsna pea , kuid siis põrkan ma hommikul koridoris kokku selle auväärse proua pojaga , kes liigub pea selja taha pööratud ja naerab oma võigast naeru . 	OK , tema haihtuma üsna pea , kuid siis põrkama mina hommik koridor kokku see auväärne proua poeg|poja , kes liikuma pea selg taha pöörama|pööratud ja naerma oma võigas naer .
93		" Mul on sellest kõrini ! "" "	"mina olema see kõrini ! """
94		" "" Kolige siis minema , "" pakkus Grpowski . "	""" kolima siis minema , "" pakkuma Grpowski ."
94		" "" Inglismaal peaks selliseid losse ju hulgi olema . "	""" Inglismaa pidama selline loss ju hulgi olema ."
94		" Mõtlen ilma kummitusteta losse . "" "	"mõtlema ilma kummitus loss . """
95		" "" See pole väljapääs , "" lõikas Weerbeck järsult . "	""" see olema väljapääs , "" lõikama Weerbeck järsult ."
95		" "" Ma pole harjunud nii lihtsalt alla andma . "	""" mina olema harjuma|harjunud nii lihtsalt alla andma ."
95		 Põgenemine naeruvääristaks mind . 	põgenemine naeruvääristama mina .
95		 Kui mul on probleem , siis ma likvideerin selle , mitte ei jookse minema . 	kui mina olema probleem , siis mina likvideerima see , mitte ei jooksma minema .
95		 Pealegi mulle meeldib siinne loodus ja arhitektuur . 	pealegi mina meeldima siinne loodus ja arhitektuur .
95		 Olen just sellisest lossist ammu unistanud . 	olema just selline loss ammu unistama|unistanud .
95		 Ei ! 	ei !
95		" Kaduma peavad kummitused , mitte mina . "" "	"kaduma pidama kummitus , mitte mina . """
96		 Grpowski laiutas käsi , otsekui öeldes , et kliendi soov on talle seaduseks . 	Grpowski laiutama käsi , otsekui ütlema , et klient soov olema tema seadus .
97		" "" Vaadake , "" lisas miljonär häält tasandades . "	""" vaatama , "" lisama miljonär hääl tasandama ."
97		" "" Minu naine ootab nimelt last . "	""" mina naine ootama nimelt laps ."
97		 Meie esimest . 	mina esimene .
97		 Ta on niigi üsnagi hirmul ja ma ei luba , et mingi äkki ilmunud viirastus ... 	tema olema niigi üsna hirm ja mina ei lubama , et mingi äkki ilmuma|ilmunud viirastus ...
97		" Mõistate ? "" "	"mõistma ? """
98		 Grpowski noogutas . 	Grpowski noogutama .
99		" "" Nagu ma aru saan , käib teie viirastustega kaasas ka mingi legend ? "" päris ta siis mõtlikult . "	""" nagu mina aru saama , käima sina viirastus kaasas ka mingi legend ? "" päris tema siis mõtlikult ."
100		" "" Jah . "	""" jah ."
100		 Lühidalt on see järgmine . 	lühidalt olema see järgmine .
100		 Elas siin kunagi keegi John Daumontville , keegi haige ja sadistlik mõisnik . 	elama siin kunagi keegi John Daumontville , keegi haige ja sadistlik mõisnik .
100		 Ta kosis või õigemini ostis endale naiseks noorukese kaunitari — leedi Elizabethi . 	tema kosima või õigemini ostma ise naine nooruke|noorukene kaunitar - leedi Elizabeth .
100		 Loomulikult ei kannatanud tüdruk vanamehe perversset seksuaaltehnikat välja ( andke andeks , detailie pole teada ) ning leidis harva abieluvälist lohutust söör Eamond Barnsley hellustest . 	loomulikult ei kannatama|kannatanud tüdruk vanamees perversne seksuaaltehnika välja ( andma andeks , detailie olema teadma ) ning leidma harva abieluväline lohutus söör Eamond Barnsley hellus .
100		 Oli üks naabruses elav krahv , kui ma õigesti mäletan , selline paras Don Juan . 	olema üks naabrus elav krahv , kui mina õigesti mäletama , selline paras Don Juan .
100		 Vaevalt toogi eriline dzhentelmen oli — pärimus räägib , et mees pasundas oma saagist terves krahvkonnas . 	vaevalt too eriline dzhentelmen olema - pärimus rääkima , et mees pasundama oma saagis terve krahvkond .
100		 Nii või teisiti , igatahes sai vanamees naise kõrvalhüpetest teada . 	nii või teisiti , igatahes saama vanamees naine kõrvalhüpe teadma .
100		 Võimalik , et ta piinas selle info välja Elizabethi pihiisalt , sest viimane jäi kadunuks ja tema poodud ja kõdunenud laip leiti hiljem hobusetallist . 	võimalik , et tema piinama see info välja Elizabeth pihiisa , sest viimane jääma kadunu ja tema poodud|pooma ja kõdunema|kõdunenud laip leidma hiljem hobusetall .
100		 Kutsunud ta siis ühel päeval pahaaimamatu Barnsley külla ja hukanud siinsamas lossis . 	kutsuma|kutsunud tema siis üks päev pahaaimamatu Barnsley küla|küll ja hukanud|hukkama siinsamas loss .
100		" Olen ka noorsandi näinud , too on võtnud kombeks ilma peata ringi kolistada , sest Daumontville valis just sellise hukkamismooduse . "" "	"olema ka noorsand nägema|näima|näinud , too olema võtma|võtnud komme ilma pea ringi kolistama , sest Daumontville valima just selline hukkamismoodus . """
101		" "" Kas Barnsley vaim ilmub oma surmapäeval ? "" küsis eksortsist . "	""" kas Barnsley vaim ilmuma oma surmapäev ? "" küsima eksortsi ."
102		" "" Pole õrna aimugi . "	""" olema õrn aim ."
102		" Mis tähtsust sel on ? "" "	"mis tähtsus see olema ? """
103		" "" Kõigel on tähtsust . "	""" kõik olema tähtsus ."
103		" Kui ta ilmub ainult oma surmapäeval , ei saa ma teda välja manada . "" "	"kui tema ilmuma ainult oma surmapäev , ei saama mina tema välja manama . """
104		" "" Miks te peate ta välja manama ? "" ei saanud Weerbeck aru . "	""" miks sina pidama tema välja manama ? "" ei saama|saanud Weerbeck aru ."
105		" "" Kuidas ma saan hävitada seda , mida pole ? "" küsis Grpowski vastu . "	""" kuidas mina saama hävitama see , mis olema ? "" küsima Grpowsk|Grpowski vastu ."
105		" "" Eksortsist tegeleb välja ilmunud Kurjaga . "	""" Eksorts|Eksortsi tegelema välja ilmuma|ilmunud kuri ."
105		 Kui Kuri on peidus , tuleb välja kutsuda . 	kui kuri olema peit , tulema välja kutsuma .
105		" Mõni vaim on aga nii tugevalt seotud tema loonud energiaplahvatusega , et ta kummitab ainult ühel päeval aastas ja ainult ühes kohas . "" "	"mõni vaim olema aga nii tugevalt seotud|siduma tema looma|loonud energiaplahvatus , et tema kummitama ainult üks päev aasta ja ainult üks koha|koht . """
106		" "" Nojah , võimalik . "	""" nojah , võimalik ."
106		 Eks te ise tea . 	eks sina ise teadma .
106		" Aga lugu läheb edasi . "" "	"aga lugu minema edasi . """
107		" "" Ma kuulan . "" "	""" mina kuulama . """
108		" "" Pärast noore võistleja mõrvamist asus Daumontville oma naise kallale . "	""" pärast noor võistleja mõrvamine asuma Daumontville oma naine kallale ."
108		 Kuna naine ei nägevat oma õiget meest , siis pole talle silmi tarvis , otsustas timukas ja torkas naisel silmad peast välja . 	kuna naine ei nägema oma õige mees , siis olema tema silm tarvis , otsustama timukas ja torkama naine silm pea välja .
108		 Siis lohistas ta leedi Elizabethi keldrisse ja hoidis teda seal niikaua , kuni tüdruk füüsilisse alandusse , nälga ja hullusesse suri . 	siis lohistama tema leedi Elizabeth kelder ja hoidma tema seal niikaua , kuni tüdruk füüsiline alandus , nälg ja hullus surema .
108		 Ilmselt käis ta seal teda perioodiliselt vägistamas . 	ilmselt käima tema seal tema perioodiliselt vägistama .
108		" Kogu tragöödia tuli ilmsiks alles kuid hiljem . "" "	"kogu tragöödia tulema ilmsiks alles kuid hiljem . """
109		" "" Ja kõik tegelased ilmuvad vastavuses sellele legendile ? "" "	""" ja kõik tegelane ilmuma vastavus see legend ? """
110		" "" Minu arvates pole tegu legendiga vaid tõestisündinud looga . "	""" mina arvama olema tegu legend vaid tõestisündinud lood|loog|lugu ."
110		" Kohtukroonikas on kõik kirjas . "" "	"kohtukroonika olema kõik kirjas . """
111		" "" Mind huvitab , kas teie vaimud kordavad sama tegevust , nagu siin kunagi usuti toimuvat ? "" "	""" mina huvitama , kas sina vaim kordama sama tegevus , nagu siin kunagi uskuma toimuma ? """
112		" "" Jah , suures osas küll . "" "	""" jah , suur osa küll . """
113		" "" Kas te Elizabethi olete samuti näinud ? "" "	""" kas sina Elizabeth olema samuti nägema|näima|näinud ? """
114		" "" Usun , et olen teda keldris kuulnud . "	""" uskuma , et olema tema kelder kuulma|kuulnud ."
114		" Magamistoas on vahel pimeduses kumanud üks väga kaunis naisenägu . "" "	"magamistuba olema vahel pimedus kumama|kumanud üks väga kaunis naisenägu . """
115		" "" Olid sellel silmad peas ? "" "	""" olema see silm pea ? """
116		" "" Kuidas ? "	""" kuidas ?"
116		 Ah jaa ... 	ah jaa ...
116		 Ma arvan , et olid küll . 	mina arvama , et olema küll .
116		 Nägu nagu lihtsalt välgahtaks korraks . 	nägu nagu lihtsalt välgahtama korraks .
116		 Väga õrnalt . 	väga õrnalt .
116		 See on väga ilus blond tütarlaps , väga sooja ilmega . 	see olema väga ilus blond tütarlaps , väga soe ilme .
116		" Aga olen teda näinud vaid paar korda . "" "	"aga olema tema nägema|näima|näinud vaid paar kord . """
117		" "" Teil pidi vist mingi nimekiri olema ? "" "	""" sina pidama vist mingi nimekiri olema ? """
118		" "" Siin , "" Weerbeck avas sahtli , võttis sealt mapi ja ulatas selle Grpowskile . "	""" siin , "" Weerbeck avama sahtel , võtma sealt mapp ja ulatama see Grpowskile ."
118		" "" Olen püüdnud kõik kummituste ilmumised võimalikult täpselt kirja panna , nagu soovisite . "" "	""" olema püüdma|püüdnud kõik kummitus ilmumine võimalikult täpselt kiri panema , nagu soovima . """
119		" "" Hea küll . "	""" hea küll ."
119		" Kuulake nüüd mind , "" ütles eksortsist ja võttis mapi . "	"kuulama nüüd mina , "" ütlema eksortsist ja võtma mapp ."
119		" "" Juba täna te lahkute koos abikaasaga siit majast . "	""" juba täna sina lahkuma koos abikaasa siit maja ."
119		 Samuti tahan ma , et kõik teenijad oleksid läinud . 	samuti tahtma mina , et kõik teenija olema läinud|minema .
119		 Te jätate mulle kõik võtmed , kõik majaplaanid . 	sina jätma mina kõik võti , kõik majaplaan .
119		" Te jätate mulle oma koordinaadid ja kui õhk on puhas , ma helistan teile . "" "	"sina jätma mina oma koordinaat ja kui õhk olema puhas , mina helistama sina . """
120		" "" Kas te garanteerite ... "" "	""" kas sina garanteerima ... """
121		" "" Ma ei garanteeri mitte midagi . "	""" mina ei garanteerima mitte miski ."
121		 See on väga keeruline juhtum . 	see olema väga keeruline juhtum .
121		 Ilmselt on teie ilmumine siin majas äratanud mingi vana energia . 	ilmselt olema sina ilmumine siin maja äratama|äratanud mingi vana energia .
121		" Teie naine on noor ? "" "	"sina naine olema noor ? """
122		" "" Minust kolmkümmend aastat noorem . "" "	""" mina kolmkümmend aasta noorem . """
123		" "" Võimalik , et vaimud ilmusid just seepärast . "	""" võimalik , et vaim ilmuma just seepärast ."
123		" Nad tulid hoiatama , nad tunnevad , et vana tragöödia võib korduda ... "" "	"tema tulema hoiatama , tema tundma , et vana tragöödia võima korduma ... """
124		" "" Kuulge , mida te endale õige lubate ! "" röögatas Weerbeck . "	""" kuulma , mis sina ise õige lubama ! "" röögatama Weerbeck ."
124		" "" Janet ja mina ... "" "	""" Jane ja mina ... """
125		" "" Ärge karjuge , palun ! "	""" ära karjuma , paluma !"
125		 Seesuguseid juhtumeid on varem esinenud . 	seesugune juhtum olema varem esinema|esinenud .
125		 Pealegi ei väida ma ju , et neil õigus oleks . 	pealegi ei väitma mina ju , et tema õigus olema .
125		" Ma arvan , et teie olete viirastusi rohkem näinud , kui teie naine ? "" "	"mina arvama , et sina olema viirastus rohkem nägema|näima|näinud , kui sina naine ? """
126		" "" Vist küll , "" pomises Weerbeck mõnevõrra rahunedes . "	""" vist küll , "" pomisema Weerbeck mõnevõrra rahunema ."
126		" "" Aga nagu ma juba ütlesin , ootab Janet last ja ta ei liigu palju ringi . "	""" aga nagu mina juba ütlema , ootama Jane laps ja tema ei liikuma palju ringi ."
126		 Veel enam öösel ja pimedates kohtades . 	veel enam öösel ja pime koht .
126		" Aga need jõletised kipuvad rohkem hämaras ilmuma . "" "	"aga see jõletis kippuma rohkem hämar ilmuma . """
127		" "" Veel üks küsimus . "	""" veel üks küsimus ."
127		" Ega te ei tea , kas leedi Elizabeth ootas last ? "" "	"ega sina ei teadma , kas leedi Elizabeth ootama laps ? """
128		" "" Kust mina peaks seda teadma ? "" laiutas miljonär käsi . "	""" kust mina pidama see teadma ? "" laiutama miljonär käsi ."
129		" "" Minge nüüd , "" ütles Grpowski pärast pausi ja tõusis püsti . "	""" minema nüüd , "" ütlema Grpowski pärast paus ja tõusma püsti ."
129		" "" Minge nüüd siit ära . "" "	""" minema nüüd siit ära . """
130		 *** 	***
131		 Doncasteri ühe kalleima pansionaadi luksusnumbri rõdul istusid mees ja naine . 	Doncaster|Doncasteri ühe kalleim pansionaat luksusnumber rõdu istuma mees ja naine .
131		 Naise ümarad kehavormid rääkisid paari peatselt ees ootavast tähtsast sündmusest . 	naine ümar kehavorm rääkima paar peatselt ees ootav tähtis sündmus .
131		 Mees kandis heledat suveülikonda ja rüüpas ohtra jääga rikutud viskit ning luges õhtust ajalehte . 	mees kandma hele suveülikond ja rüüpama ohter jää rikkuma|rikutud viski ning lugema õhtune ajaleht .
132		" "" Austin ? "" päris naine , kui oli pikalt oma lugemisse süübinud meest jälginud . "	""" Austin ? "" päris naine , kui olema pikalt oma lugem|lugemine süübinud mees jälgima|jälginud ."
132		" "" Kas sulle ei tundu meie olukord kuidagi kummaline ? "" "	""" kas sina ei tunduma mina olukord kuidagi kummaline ? """
133		" "" Mis ? "	""" mis ?"
133		 Ah kummaline ? 	ah kummaline ?
133		" Mida sa täpselt silmas pead ? "" rebis Austin Weerbeck end uudistest lahti ja jäi abikaasale otsa vaatama . "	"mis sina täpselt silm pidama ? "" rebima Austin Weerbeck end uudis lahti ja jääma abikaasa otsa vaatama ."
134		" "" Kõik . "	""" kõik ."
134		 See meie redutamine siin , kui sinu poolakast tuttav omi imetrikke teeb . 	see mina redutamine siin , kui sina poolakas tuttav oma imetrikk tegema .
134		" Üldse need viirastused ja puha . "" "	"üldse see viirastus ja puha . """
135		" "" Loomulikult on see kummaline . "	""" loomulikult olema see kummaline ."
135		" Kummitus ei ole just kõige harilikum asi siin maailmas . "" "	"kummitus ei olema just kõige harilikum asi siin maailm . """
136		" "" Sa ise ju soovisid kummituslossi osta . "" "	""" sina ise ju soovima kummitusloss ostma . """
137		" "" Ma ei pidanud silmas , et nad peavad nii realistlikud olema . "	""" mina ei pidama|pidanud silm , et tema pidama nii realistlik olema ."
137		 Pigem lootsin omandada mõnd heasoovlikku majavaimu . 	pigem lootma|lootsima omandama mõni heasoovlik majavaim .
137		 Ah , mis jama ma küll räägin ! 	ah , mis jama mina küll rääkima !
137		" Ämbrisse astusin ma , Janet . "" "	"ämber astuma mina , Jane . """
138		 Naine ohkas . 	naine ohkama .
138		" "" Nende realistlikkus ongi vahest kõige veidram . "	""" tema realistlikkus olema vahest kõige veidram ."
138		" Kas sa ei leia ? "" "	"kas sina ei leidma ? """
139		" "" Ma ei saa sinust päris täpselt aru , kallis . "" "	""" mina ei saama sina pärima täpselt aru , kallis . """
140		 Janet liigutas mõtlikul ilmel lusikat tühjaksjoodud teetassis . 	Jane liigutama mõtlik ilme lusikas tühjaksjoodud teetass .
140		" "" Vaata , "" hakkas ta siis mehele ettevaatlikult seletama . "	""" vaatama , "" hakkama tema siis mees ettevaatlikult seletama ."
140		" "" Need kummitused , keda mina olen näinud , samuti ka need , kellest sa mulle rääkinud oled ... "	""" see kummitus , kes mina olema nägema|näima|näinud , samuti ka see , kes sina mina rääkima|rääkinud olema ..."
140		 Nad on liiga loomulikud . 	tema olema liiga loomulik .
140		 Nad kõik käituvad , nagu me arvame , et nad käituvad . 	tema kõik käituma , nagu mina arvama , et tema käituma .
140		" Ilmuvad seal , kus neid alati kuidagi lahti seletada saab . "" "	"ilmuma seal , kus tema alati kuidagi lahti seletama saama . """
141		" "" Noh , aga nii on nad toiminud juba mingid kolmsada aastat ? ! "" "	""" noh , aga nii olema tema toimima|toiminud juba mingi kolmsada aasta ? ! """
142		" "" Aga kust meie seda teame ? "" päris Janet kiiresti vastu . "	""" aga kust mina see teadma ? "" pärima Jane kiiresti vastu ."
142		" "" Kuidas meie maja on omandanud kummituslegendi . "	""" kuidas mina maja olema omandama|omandanud kummituslegend ."
142		" Vasta mulle , palun , ma tahan kuulda , kuidas sa seda ütled ! "" "	"vastama mina , paluma , mina tahtma kuulma , kuidas sina see ütlema ! """
143		 Weerbeck rüüpas kulme kortsutades pruunikat jooki , mis kunagi oli olnud shoti üheviljaviski . 	Weerbeck rüüpama kulm kortsutama pruunikas jook , mis kunagi olema olema|olnud shoti üheviljaviski .
144		" "" Neid on ju nähtud . "	""" see olema ju nägema|nähtud|nähtuma ."
144		" Inimesed on näinud kummitusi , nii lihtne see ongi . "" "	"inimene olema nägema|näima|näinud kummitus , nii lihtne see olema . """
145		" "" Ja nii lihtsalt sa seda kõike usudki ? "" "	""" ja nii lihtsalt sina see kõik uskuma ? """
146		" "" Ma olen ise neid näinud , sinagi olend näinud , Janet . "	""" mina olema ise see nägema|näima|näinud , sina olend nägema|näima|näinud , Jane ."
146		" Millega sa rahul pole ? "" "	"mis sina rahul olema ? """
147		" "" Ma pole rahul sellega , et meie oleme näinud kummitusi tegemas kõike seda , mida teised inimesed enne meid on väidetavalt näinud neid tegemas . "	""" mina olema rahul see , et mina olema nägema|näima|näinud kummitus tegema kõik see , mis teine inimene enne mina olema väidetavalt nägema|näima|näinud tema tegema ."
147		" Ma arvan , et tõeline kummitus peaks väheke originaalsem olema . "" "	"mina arvama , et tõeline kummitus pidama väheke originaalsem olema . """
148		 Austin Weerbeckil võttis jupp aega , et mõista , mida ta abikaasa põhjaosariiklase terav mõistus tahtis talle selgeks teha . 	Austin Weerbeck|Weerbecki võtma jupp aeg , et mõistma , mis tema abikaasa põhjaosariiklane terav mõistus tahtma tema selge tegema .
149		" "" Sa siis ei usu ... "" alustas ta . "	""" sina siis ei uskuma ... "" alustama tema ."
150		" "" Asi pole uskumises , "" katkestas naine teda . "	""" asi olema uskumine , "" katkestama naine tema ."
150		" "" Barnsley laskub täpselt mööda seda treppi , mille mademel ta tapeti . "	""" Barnsley laskuma täpselt mööda see trepp , mis made tema tapma ."
150		 Daumontville istub just seal , kus politsei ta kinni nabis . 	Daumontville istuma just seal , kus politsei tema kinni nabima .
150		 Gloria kõnnib täpselt seal , kus ta küünlaga oma õhtust ringkäiku tegi . 	Gloria kõndima täpselt seal , kus tema küünal oma õhtune ringkäik tegema .
150		 Poodud pihiisa ilmutab end seal , kus ta poodi . 	poodu pihiisa ilmutama ise seal , kus tema pood .
150		 Saad aru , mida ma tahan öelda ? 	saama aru , mis mina tahtma ütlema ?
150		 Kunagi lasid inimesed liikvele legendi Darmouthi viirastustest ja nad mõtlesid ilmutised tegema seda , mida nad reaalses elus tegid . 	kunagi laskma inimene liikvele legend Darmouth|Darmouthi viirastus ja tema mõtlema ilmutis tegema see , mis tema reaalne elu tegema .
150		 Kõiki neid kummituste stseene on nähtud , saad aru ! 	kõik see kummitus stseen olema nägema|nähtud|nähtuma , saama aru !
150		" Aga keegi pole näinud vägistatud ja pimestatud Elizabethi , seepärast tema ei "" kummitagi "" . "	"aga keegi olema nägema|näima|näinud vägistatu ja pimestatu Elizabeth , seepärast tema ei "" kummitagi "" ."
150		 Vaene naine oli keldris kinni . 	vaene naine olema kelder kinni .
150		 Kuulu järgi oli küll teada , mida temaga tehti , aga keegi peale Daumontville'i ei näinud teda . 	kuuld järgi olema küll teadma , mis tema tegema , aga keegi peale Daumontville ’ i ei nägema|näima|näinud tema .
150		" Miks ei tee ükski viirastus seda , mida pole nähtud teda tegemas ? "" "	"miks ei tegema ükski viirastuma see , mis olema nägema|nähtud|nähtuma tema tegema ? """
151		" "" Sa siis tahad öelda ... "" "	""" sina siis tahtma ütlema ... """
152		" "" Et mängitakse sinu ebausul ja rahal , aga võibolla tahab meid keegi hoopis Darmouthist välja süüa ! "" "	""" et mängima sina ebausk ja raha , aga võibolla tahtma mina keegi hoopis Darmouth|Darmouthi välja sööma ! """
153		" "" Mis raha siia puutub ? "" "	""" mis raha siia puutuma ? """
154		" "" Sul on palju raha . "	""" sina olema palju raha ."
154		 Ja sa näed seetõttu ainult probleemi , mida lahendada . 	ja sina nägema seetõttu ainult probleem , mis lahendama .
154		" Rasedus teeb aga naised tundlikuks ja järelemõtlikuks , kas tead . "" "	"rasedus tegema aga naine tundlik ja järelemõtlik , kas teadma . """
155		 Weerbeck näppis tusaselt kasvama hakanud habemetüügast . 	Weerbeck näppima tusaselt kasvama hakanud|hakkama habemetüügas .
155		 Talle ei meeldinud oma naisega vaielda . 	tema ei meeldima|meeldinud oma naine vaidlema .
155		 Eriti veel siis , kui tal argumente ei olnud . 	eriti veel siis , kui tema argument ei olema|olnud .
155		 Kui asja sellise nurga alt vaadelda , siis tõesti tundub kogu lugu vähe kummalisemana . 	kui asi selline nurk alt vaatlema , siis tõesti tunduma kogu lugu vähe kummalisem .
155		 Aga siis hakkas tema taskus telefon helisema . 	aga siis hakkama tema tasku telefon helisema .
155		 Miljonär ajas küünarnukiga oma viskiklaasi ümber , kui ta rapsides telefoni järgi küünitles . 	miljonär ajama küünarnukk oma viskiklaas ümber , kui tema raps telefon järgi küünitle .
156		" "" Mister Weerbeck ? "	""" mister Weerbeck ?"
156		" Grpowski siin , "" kostus eksortsistile omane pehme inglisekeelne hääldus . "	"Grpowski siin , "" kostuma eksortsist omane pehme inglisekeelne hääldus ."
156		" "" Ma arvan , et te võiksite tulla . "	""" mina arvama , et sina võima tulema ."
156		 Kasvõi kohe . 	kasvõi kohe .
156		 Aga parem kui üksi , sest majas pole elektrit . 	aga parem kui üksi , sest maja olema elekter .
156		 Ma arvan , et nendega on nüüd lõpp . 	mina arvama , et see olema nüüd lõpp .
156		" Vähemalt enamusega . "" "	"vähemalt enamus . """
157		 Väiksekasvuline pan istus Darmouth Mansioni hoovil pingil ja jõi kiirete sõõmudega võõrapärase nimetusega mineraalvett . 	väiksekasvuline pan istuma Darmouth Mansion|Mansioni hoov pink ja jooma kiire sõõm võõrapärane nimetus mineraalvesi .
157		 Weerbeck peatas oma auto pidurite sahisedes kruusasel platsil ja tormas erutatult eksosristi juurde . 	Weerbeck peatama oma auto pidur sahisema kruusane plats ja tormama erutatult eksosrist juurde .
157		 Ta kandis ikka veel heledat suveülikonda , kuigi õhtune ilm hakkas juba jahedaks tõmbama . 	tema kandma ikka veel hele suveülikond , kuigi õhtune ilm hakkama juba jahe tõmbama .
158		 Grpowski jalge ees lebas suur kohver . 	Grpowsk|Grpowski jalg ees lebama suur kohver .
158		 Mehel oli väga väsinud ilme , tema nukrad nirgisilmad piidlesid tujutult miljonäri . 	mees olema väga väsima|väsinud ilme , tema nukker nirgisilm piidlema tujutult miljonär .
159		" "" Mis juhtus , miks majas elektrit pole ? "" hõikas Weerbeck kaugelt , kui oli heitnud pilgu valgustamata majale ja hoovile . "	""" mis juhtuma , miks maja elekter olema ? "" hõikama Weerbeck kaugelt , kui olema heitma|heitnud pilk valgustamata maja ja hoov ."
160		" "" Kogu teie alajaam ja majasisesed jaotuskarbid on läbi põlenud , "" kostis poolakas vaikselt . "	""" kogu sina alajaam ja majasisene jaotuskarp olema läbi põlema|põlenud , "" kostma poolakas vaikselt ."
161		" "" Miks te küll seda pidite tegema ? "" päris miljonär tigedalt . "	""" miks sina küll see pidama tegema ? "" päris miljonär tigedalt ."
161		" "" Minu teada polnud kummitustel elektrist sooja ega külma . "" "	""" mina teadma olema kummitus elekter soe ega külm . """
161		 Ta istus Grpowski kõrvale ja vaatas palgatule küsivalt otsa . 	tema istuma Grpowsk kõrvale ja vaatama palgatu küsivalt otsa .
162		" "" Mitte mina , "" vastas küsitatu . "	""" mitte mina , "" vastama küsitatu ."
162		" "" Tema tegi seda . "	""" tema tegema see ."
162		 Aga kuidas ja miks , see on iseasi . 	aga kuidas ja miks , see olema iseasi .
162		" Muuseas , teie häärber peaks enam-vähem puhas olema . "" "	"muuseas , sina häärber pidama enam-vähem puhas olema . """
163		" "" Lähme siis sisse ? "" "	""" minema siis sisse ? """
164		" "" Ma ei soovitaks . "	""" mina ei soovitama ."
164		 Ta läks küll keldrisse , kuid ei pruugi sinna kauaks jääda . 	tema minema küll kelder , kuid ei pruukima sinna kauaks jääma .
164		" Ma tahan , et te enne minu aruande ära kuulaksite , kui majja lähete . "" "	"mina tahtma , et sina enne mina aruanne ära kuulama , kui maja minema . """
165		" "" Rääkige siis ! "" "	""" rääkima siis ! """
166		 Ja poolakas rääkis . 	ja poolakas rääkima .
167		 Kui Euroopa parim eksortsist oli töö kallale asunud , täheldas ta kohe mingi seni kogematu välja olemasolu majas . 	kui Euroopa parim eksortsist olema töö kallale asuma|asunud , täheldama tema kohe mingi seni kogematu välja olemasolu maja .
167		 Kummati polnud see energiaväli päris teistpoolset päritolu — ta ei reageerinud ühelegi loitsule ega tahtnud Ohverdusest kuuldagi . 	kummati olema see energiaväli päris teistpoolne päritolu - tema ei reageerima|reageerinud üks loits ega tahtma|tahtnud ohverdus kuulma .
167		 Eksortsismi üks põhireegleid nägi nimelt ette , et Kuri Vaim tuleb välja manada , pakkudes manaja hinge otsekui boonuseks ja teenustasuks . 	Eksortsism üks põhireegel nägema nimelt ette , et kuri vaim tulema välja manama , pakkuma manaja hing otsekui boonus ja teenustasu .
167		" Hiljem peaks siis manaja muidugi Vaimu petma ja oma hinge "" tagasi varastama "" . "	"hiljem pidama siis manaja muidugi Vaim petma ja oma hing|hinge "" tagasi varastama "" ."
167		 Selles trikis ongi eksortsistide töö kõige raskem osa . 	see trikk olema eksortsist töö kõige raskem osa .
167		 Kuidas protseduur täpselt käib — seda ei tahtnud poolakas avaldada — aukoodeks ja tsunftiseadus ei lubavat . 	kuidas protseduur täpselt käima - see ei tahtma|tahtnud poolakas avaldama - aukoodeks ja tsunftiseadus ei lubama .
167		 Mõned tema endised kolleegid polnud sellega hakkama saanud ja tulemused olnud üpris kurvad ... 	mõni tema endine kolleeg olema see hakkama saama|saanud ja tulemus olema|olnud üpris kurb ...
167		 Igatahes oli Darmouth Mansioni energiaväli väga kummaline . 	igatahes olema Darmouth Mansion|Mansioni energiaväli väga kummaline .
167		 See eksisteeris väga veidratel tunnetussagedustel . 	see eksisteerima väga veider tunnetussagedus .
167		 Sellistel , millest astraaltasand jääb veel kaugele , kuid hariliku inimese taju juba hääbub . 	selline , mis astraaltasand jääma veel kaugele , kuid harilik inimene taju juba hääbuma .
167		 Grpowski oli katsetanud Lihuniku meetodit . 	Grpowski olema katsetama|katsetanud lihunik meetod .
167		 Pühitsetult liigaasta viimasel päeval tapetud härja veri tuli valada kohta , kus Vaim sagedamini ilmub ( veri oli tal konserveeritud teaduse viimase sõna järgi ) . 	pühitsetult liigaasta viimane päev tapetud|tapma härg veri tulema valama kohta , kus vaim sagedamini ilmuma ( veri olema tema konserveerima|konserveeritud teadus viimane sõna järgi ) .
167		 Harilikult teeb see deemoni näljaseks ja ta ilmub . 	harilikult tegema see deemon näljane ja tema ilmuma .
167		 Muidugi on tarvis ka üht teatavat loitsu , keeles , mida ammu Maal enam ei räägita . 	muidugi olema tarvis ka üks teatav loits , keel , mis ammu maa enam ei rääkima .
167		 Vaim oligi ilmunud . 	vaim olema ilmuma|ilmunud .
167		 See oli vana Daumontville , kes tegi oma tuntud trikki tugitoolis ja kadus seejärel . 	see olema vana Daumontville , kes tegema oma tundma|tuntud trikk tugitool ja kaduma seejärel .
167		 Veri teda ei huvitanud . 	veri tema ei huvitama|huvitanud .
167		 Grpowski aga oli tundnud sel hetkel välja tugevalt kasvamas . 	Grpowski aga olema tundma|tundnud see hetk välja tugevalt kasvama .
167		 Ja siis ilmus kummitus , kes kõigi tunnuste järgi pidi olema leedi Elizabeth . 	ja siis ilmuma kummitus , kes kõik tunnus järgi pidama olema leedi Elizabeth .
167		 Aga tema kohta puudusid Weerbeckil igasugused märkmed . 	aga tema kohta puuduma Weerbeck|Weerbecki igasugune märge .
167		 Lisaks käitus ka uus silmitu vaim väga erinevalt Daumontville'i omast . 	lisa käituma ka uus silmitu vaim väga erinevalt Daumontville ’ i oma .
167		 Ta tahtis eksortsistiga s u h e l d a. 	tema tahtma eksortsist s u h e l d a .
168		 Oma haiglasel moel muidugi . 	oma haiglane mood muidugi .
168		 Grpowski blokeeris oma meeled Daremberg- Rufinuse kontrapassaadiga . 	Grpowski blokeerima oma meel Daremberg Rufinus kontrapassaat .
168		 Paraku oli Elizabeth kiirem . 	paraku olema Elizabeth kiirem .
168		 Taas oli Darmouthi väli kasvanud ( sellise nime all lubas poolakas ka selle uue ilmingu erialakirjanduses jäädvustada ) . 	taas olema Darmouth|Darmouthi väli kasvama|kasvanud ( selline nimi all lubama poolakas ka see uus ilming erialakirjandus jäädvustama ) .
168		 Mingid sõnad tungisid eksortsisti teadvusesse . 	mingi sõna tungima eksortsist teadvus .
168		 Tegu oli mingi poeemiga väga vanas inglise keeles , millest vapper poolakas mõhkugi aru ei saanud . 	tegu olema mingi poeem väga vana inglise keel , mis vapper poolakas mõhkugi aru ei saama|saanud .
168		 Äkitselt kostus võigas hauatagune naer , ilmus Daumontville , tema sees madam Gloria , laest kukkusid üksteise järel täiesti identsed poomisnöörid , läbi õhu lendles poodud pihiisa . 	äkitselt kostuma võigas hauatagune naer , ilmuma Daumontville , tema sees madam Gloria , laad|lagi kukkuma üksteise järel täiesti identne poomisnöör , läbi õhk lendlema poodud|pooma pihiisa .
168		 Kõik ümberringi hakkas korraga sahisema ja vuhisema , kostusid ohked , kriipimised ja kõik muud kujuteldavad vaimuhääled , mis meeletus kakofoonias segunesid ega reageerinud ühelegi loitsule ega muule menetlusele . 	kõik ümberringi hakkama korraga sahisema ja vuhisema , kostuma ohe , kriipimine ja kõik muu kujuteldav vaimuhääl , mis meeletus kakofoonia segunema ega reageerima|reageerinud üks loits ega muu menetlus .
168		 Peata Barnsley muudkui laskus ja laskus mööda treppi alla — haihtus mademel , et trepiotsal jälle uuesti ilmuda . 	Peata Barnsley muudkui laskuma ja laskuma mööda trepp alla - haihtuma made , et trepiots jälle uuesti ilmuma .
169		 Midagi sellist polnud Grpowski kunagi varem kohanud . 	miski selline olema Grpowsk kunagi varem kohama|kohanud|kohtama .
169		 Esimesest ehmatusest üle saanud , hakkas ta tähele panema , et p e a l e leedi Elizabethi käitusid kõik vaimud kuidagi üheselt ja standardselt . 	esimene ehmatus üle saama|saanud , hakkama tema tähele panema , et p e a l e leedi Elizabeth käituma kõik vaim kuidagi üheselt ja standardselt .
169		 Vaid silmadeta ja mädanenud näoga noor naisevaim suutis ansamblist erinevalt käituda . 	vaid silm ja mädanema|mädanenud nägu noor naisevaim suutma ansambel erinevalt käituma .
169		 Ta võitles nendega ... 	tema võitlema tema ...
170		 See olevat olnud kõige kummalisem kogemus paljunäinud eksortsisti praktikas . 	see olema olema|olnud kõige kummalisem kogemus paljunäinud eksortsist praktika .
170		 Ta oli oma teadvusega murdnud Darmouthi energiavälja , see avanes äkki ja korraga , kogu oma okultses olekus . 	tema olema oma teadvus murdma|murdnud Darmouth|Darmouthi energiaväli , see avanema äkki ja korraga , kogu oma okultne olek .
170		 Ainult Elizabeth ei allunud tema korraldustele . 	ainult Elizabeth ei alluma|allunud tema korraldus .
170		 Ja vaatemängust , kus poolakale oli jäänud pelgalt kõrvaltvaatja roll , hakkasid tegelased ükshaaval kaduma . 	ja vaatemäng , kus poolakas olema jääma|jäänud pelgalt kõrvaltvaatja roll , hakkama tegelane ükshaaval kaduma .
170		 Haihtuma ... 	haihtuma ...
170		 Ning energiaväli hakkas nõrgenema . 	ning energiaväli hakkama nõrgenema .
170		 Aeglaselt , aga pöördumatult . 	aeglaselt , aga pöördumatult .
170		 Keegi nagu tappis seda . 	keegi nagu tapma|tappima see .
170		 Kõik mõjus väga arusaamatuna , kuid selles segaduses oli olnud ometi oma loogika . 	kõik mõjuma väga arusaamatu , kuid see segadus olema olema|olnud ometi oma loogika .
171		 Eksortsist vaikis . 	Eksorts|Eksortsi vaikima .
172		" "" Mis siis õieti juhtus ? "" küsis Weerbeck . "	""" mis siis õieti juhtuma ? "" küsima Weerbeck ."
172		" "" Kas nad on kadunud ? "	""" kas tema olema kaduma|kadunud ?"
172		" Ja kes seal keldris siis on ? "" "	"ja kes seal kelder siis olema ? """
173		" "" Teie majja sattus kuidagi mingi tehislik energiaväli , "" kostis pan Grpowski nukral ilmel . "	""" sina maja sattuma kuidagi mingi tehislik energiaväli , "" kostma pan Grpowsk|Grpowski nukker ilme ."
173		" "" Ärge pärige kust ja kuidas . "	""" ära pärima kust ja kuidas ."
173		 Võibolla olete mingi salastatud kaitseotstarbelise objekti läheduses . 	võibolla olema mingi salastama|salastatud kaitseotstarbeline objekt lähedus .
173		" Seda võin ma aga teile kindlasti öelda , et mingeid kummitusi pole siin majas enne seda välja kunagi olnud . "" "	"see võima mina aga sina kindlasti ütlema , et mingi kummitus olema siin maja enne see välja kunagi olema|olnud . """
174		" "" See kuradima väli siis kutsus nad esile ? "" küsis Weerbeck ikka mitte millestki aru saades . "	""" see kuradima väli siis kutsuma tema esile ? "" küsima Weerbeck ikka mitte miski aru saama ."
175		" "" Ühe e h t s a viirastuse küll . "	""" Ühe e h t s a viirastus küll ."
175		 Leedi Elizabethi . 	leedi Elizabeth .
175		 Ülejäänud olid võltsingud . 	ülejäänu olema võltsing .
175		 Elizabeth aga suri sellistes füüsilistes ja vaimsetes alandustes , et maja kvantpassaat — astraalmälu , kui see teile rohkem ütleb — mäletas teda . 	Elizabeth aga surema selline füüsiline ja vaimne alandus , et maja kvantpassaat - astraalmälu , kui see sina rohkem ütlema - mäletama tema .
175		 Ma olen töötanud kunagi Oswiencimi ja Mauthauseni laagrites ... 	mina olema töötama|töötanud kunagi Oswiencim|Oswiencimi ja Mauthausen|Mauthauseni laager ...
175		 Ärge küsige , mis seal siiani toimub . 	ära küsima , mis seal siiani toimuma .
175		 Nad tahavad ikka veel kätte maksta . 	tema tahtma ikka veel käsi maksma .
175		 Kõigile , valimata kellele . 	kõik , valima kes .
175		 Kontsentreeritud vihkamine kõigi elavate vastu . 	kontsentreerima|kontsentreeritud vihkamine kõik elav vastu .
175		 Aga see on hoopis teine lugu . 	aga see olema hoopis teine lugu .
175		 Sündimata laste vaimud , kas teate . 	sündimata laps vaim , kas teadma .
175		 Nad ei tunne halastust , nad ei elanud niikaua , et hellust ja halastust kogeda ... 	tema ei tundma halastus , tema ei elama|elanud niikaua , et hellus ja halastus kogema ...
175		" Ma kirjutan sellest ilmselt oma memuaarides , kui aega antakse . "" "	"mina kirjutama see ilmselt oma memuaarid , kui aeg andma . """
175		 Ja pan Grpowski rüüpas jälle oma mineraalvee pudelist . 	ja pan Grpowski rüüpama jälle oma mineraalvesi pudel .
176		" "" See on muidugi kurb , aga mis minu majas siis ikkagi toimub ? "" ei saanud Weerbeck rahu . "	""" see olema muidugi kurb , aga mis mina maja siis ikkagi toimuma ? "" ei saama|saanud Weerbeck rahu ."
177		" "" Siia tekkisid tehiskummitused , "" kostis eksortsist . "	""" siia tekkima tehiskummitus , "" kostma eksortsist ."
177		" "" Darmouthi Välja toimel . "	""" Darmouthi Väli|Välja toim|toime ."
177		 See Väli oli ometi nii tugev , et elustada ka üks pärisvaim . 	see väli olema ometi nii tugev , et elustama ka üks pärisvaim .
177		 Võimalik , et ka kaks . 	võimalik , et ka kaks .
177		 Pean silmas John Daumontville'i sündimata jäänud last . 	pidama silm John Daumontville ’ i sündimata jääma|jäänud laps .
177		 Leedi Elizabeth nägi oma ja oma lapse isa ning mõrtsukat . 	leedi Elizabeth nägema oma ja oma laps isa ning mõrtsukas .
177		 Ta tappis ta . 	tema tapma|tappima tema .
177		 Kättemaksuks . 	kättemaks .
177		 Ühtlasi tappis ta kogu energiavälja ja kogu ülejäänud kamba . 	ühtlasi tapma|tappima tema kogu energiaväli ja kogu ülejäänud kamp .
177		 Ilmselt kasutas ta Xenoni vektorloitsu , kuid senitundmatus kongruentsis . 	ilmselt kasutama tema Xenon|Xenoni vektorloits , kuid senitundmatu kongruents .
177		 Kuna see enrgiaväli minule ei allu , siis olen võimetu . 	kuna see enrgiaväli mina ei alluma , siis olema võimetu .
177		 Elizabethi vaim sündis sellest väljast . 	Elizabeth vaim sündima see väljast .
177		 Välja ennast aga enam ei ole , nagu pole teie majas ka ühtegi volti elektrit . 	välja ise aga enam ei olema , nagu olema sina maja ka ühe volt elekter .
177		" Kuna pole enam vaimu esilekutsunud mana , olen mina võimetu . "" "	"kuna olema enam vaim esilekutsunud mana , olema mina võimetu . """
178		" "" Ja mida ma siis tegema pean ? "" "	""" ja mis mina siis tegema pidama ? """
179		" "" Teie naine ootab last ? "	""" sina naine ootama laps ?"
179		 Kolige siit minema . 	kolima siit minema .
179		 Sündimata jäänud laste vaimud on kõige ohtlikumad . 	sündimata jääma|jäänud laps vaim olema kõige ohtlikum .
179		 See silmadeta viirastus , leedi Elizabeth ... 	see silm viirastus , leedi Elizabeth ...
179		" See pole süütu Daumontville ega Barnsely , uskuge mind , te ei taha teda näha . "" "	"see olema süütu Daumontville ega Barnsely , uskuma mina , sina ei tahtma tema nägema . """
180		 Ühes Chelsea' argipäevaõhtuselt kubisevas pubis istusid kaks meest ning õgisid neerupirukat , mille loputasid alla lahja õllega . 	üks Chelsea ’ argipäevaõhtune kubisev pubi istuma kaks mees ning õgima neerupirukas , mis loputama alla lahja õlu .
180		 Kõrtsimelu summutas nende vaiksel häälel peetud vestluse . 	kõrtsimelu summutama tema vaikne hääl peetud|peetuma|pidama vestlus .
181		" "" Muuseas , Collins , "" päris noorem mees . "	""" muuseas , Collins , "" päris noorem mees ."
181		" "" Kas teate , et Weerbeckid kolisid Darmouth Mansionist välja ja müüsid selle mulle tagasi ? "	""" kas teadma , et Weerbeck|Weerbecki kolima Darmouth Mansion|Mansioni välja ja müüma see mina tagasi ?"
181		 Aga pärast seda , kui teie kuulus programm üles ütles . 	aga pärast see , kui sina kuulus programm üles ütlema .
181		" Kas pole see mitte pisut kummaline ? "" "	"kas olema see mitte pisut kummaline ? """
182		" "" Inimesele on ikka omane elukohta vahetada , "" kostis kõnetatu . "	""" inimene olema ikka omane elukoht vahetama , "" kostma kõnetatu ."
182		" "" Olen kindel , et kui me süsteemile ligi pääseksime , õnnestuks viga kõrvaldada . "	""" olema kindel , et kui mina süsteem ligi pääsema , õnnestuma viga kõrvaldama ."
182		" Veider , et see kinni jooksis ja läbi kärssas ... "" "	"veider , et see kinni jooksma ja läbi kärssama ... """
183		" "" Räägitakse , et seal "" kummitavat "" keegi silmadeta naisevaim . "	""" rääkima , et seal "" kummima|kummitama "" keegi silm naisevaim ."
183		 Kahele aknast sisse piilunud külapoisile tekkisid näkku seletamatud verejäljed . 	kaks aken sisse piiluma|piilunud külapoiss tekkima nägu seletamatu verejälg .
183		" Teie ju selliseid kummitusi ei loonud , kui ma õigesti mäletan ? "" "	"sina ju selline kummitus ei looma|loonud , kui mina õigesti mäletama ? """
184		" "" Tähtsusetud kõrvalefektid ja järelmõjud . "	""" tähtsusetu kõrvalefekt ja järelmõju ."
184		" Ikka juhtub , "" ei teinud Collins välja . "	"ikka juhtuma , "" ei tegema|teinud Collins välja ."
184		" "" Mõni programmeerimisel tekkinud näpukas , ehk "" lutikas "" , nagu öeldakse . "" "	""" mõni programmeerimine tekkima|tekkinud näpukas , ehk "" lutikas "" , nagu ütlema . """
185		" "" Seda küll , ega see mulle eriti korda lähegi . "	""" see küll , ega see mina eriti kord lähe ."
185		 Weerbeck tahtis kummitusi ja need ta ka sai . 	Weerbeck tahtma kummitus ja see tema ka saama .
185		" Kliendi soov , teate isegi , "" tähendas Finch muiates . "	"klient soov , teadma isegi , "" tähendama Finch muigama ."
186		" "" Just nimelt , "" kinnitas Collins . "	""" just nimelt , "" kinnitama Collins ."
186		" "" Muuseas , ega teile uusi kliente pole tekkinud ? "" "	""" muuseas , ega sina uus klient olema tekkima|tekkinud ? """
187		 Finchi nägu võttis irvelise ja kiskjaliku ilme , millega ta alati äriasju tavatses arutada . 	Finch|Finchi nägu võtma irveline ja kiskjalik ilme , mis tema alati äriasi tavatsema arutama .
188		" "" Kuidas teile nüüd öelda . "	""" kuidas sina nüüd ütlema ."
188		 Üht-teist nagu oleks silmapiiril . 	üht-teist nagu olema silmapiir .
188		 Aga nemad tahavad harilikku maalossi , ilma igasuguste viirastusteta . 	aga tema tahtma harilik maaloss , ilma igasugune viirastus .
188		 Kui te elektrisüsteemi korda teeksite , oleks Darmouth Mansion igati sobiv . 	kui sina elektrisüsteem kord tegema , olema Darmouth Mansion igati sobiv .
188		" Kliendi soov , nagu öeldakse , on seaduseks ... "" "	"klient soov , nagu ütlema , olema seadus ... """
