par_nr	head	sentence	lemmas
1	 KUIDAS ELAD , ANN ? 	 KUIDAS ELAD , ANN ? 	kuidas elama , Ann ?
2		 Katkendid 	katkend
3		 Ema , kes alustab keset tänavat täiesti lollakat tantsu . 	ema , kes alustama keset tänav täiesti lollakas tants .
3		 Ema , kes näiteks sugulase pulmas bändi trummidesse kukub . 	ema , kes näiteks sugulane pulm bänd trumm kukkuma .
3		 Ema , kes oma kahe nais- ja kolme meessõbraga avalikus rannas alasti ujuma läheb . 	ema , kes oma kaks nais ja kolm meessõber avalik rand alasti ujuma minema .
3		 Ja isa ei ütle mitte midagi ! 	ja isa ei ütlema mitte miski !
3		 Ema , kelle suurim unistus on endale hiljemalt 35. sünnipäevaks tsikkel saada . 	ema , kes suurim unistus olema ise hiljemalt 35. sünnipäev tsikkel saama .
3		 Ma olen kindel , et sõita ta ei oska ! 	mina olema kindel , et sõitma tema ei oskama !
3		 Ema , kes sünnipäeval mässib end paljalt kalavõrgu sisse , paneb paruka pähe ja mingi jõleda rebasekarva karusnahatüki haaknõelaga võrgu külge sellesamuse koha ette , ja siis esineb oma külalistele ogara isetegevuskavaga . 	ema , kes sünnipäev mässima ise paljalt kalavõrk sisse , panema parukas pea ja mingi jõle rebasekarv karusnahatükk haaknõel võrk külge seesamune koha|koht ette , ja siis esinema oma külaline ogar isetegevuskava .
3		 Kõigil teistel on jube naljakas , ainult mina häbenen . 	kõik teine olema jube naljakas , ainult mina häbenema .
3		 Mind hämmastab isa suhtumine ! 	mina hämmastama isa suhtumine !
3		 Kas tema arust on normaalne , et ema käitub vahel nagu täiesti hull inimene ? 	kas tema arust olema normaalne , et ema käituma vahel nagu täiesti hull inimene ?
3		 Enamasti ta kas naerab või tirib ema minema , kui asi väga hulluks läheb . 	enamasti tema kas naerma või tirima ema minema , kui asi väga hull minema .
3		 Ja minu küsimise peale ütleb , et sellepärast ta emaga abielluski , et ta on sihuke naljakas . 	ja mina küsimine peale ütlema , et sellepärast tema ema abielluma , et tema olema sihuke naljakas .
4		 Tegelikult on ema ju korralik inimene . 	tegelikult olema ema ju korralik inimene .
4		 Seda ei usuks vist keegi , kes teda nii pööraseid tempe on tegemas näinud . 	see ei uskuma vist keegi , kes tema nii pöörane temp olema tegema nägema|näima|näinud .
4		 Ta on raamatukogus osakonnajuhataja ja ülikoolis käinud . 	tema olema raamatukogu osakonnajuhataja ja ülikool käima|käinud .
4		 Ta pole mingi joodik , vahel kui keegi külla tuleb , siis võtab napsi . 	tema olema mingi joodik , vahel kui keegi küla|küll tulema , siis võtma naps .
4		 Isa samamoodi . 	isa samamoodi .
4		 Isa töötab pangas laenuosakonnas ja kollektsioneerib täispikki multikaid . 	isa töötama pank laenuosakond ja kollektsioneerima täispikk multikas .
4		 Terve riiul elutoas on nende all : “ Herakles ” , “ Mulan ” , multikad , mis on kinoski jooksnud , ja multikad , millest enamikul inimestest aimugi pole . 	terve riiul elutuba olema tema all : “ Herakles ” , “ mulama ” , multikas , mis olema kino jooksma|jooksnud , ja multikas , mis enamik inimene aim olema .
4		 See on alati norimiskoht mu tuttavate jaoks , kes meile külla tulles tingimata selle riiuli avastavad ja arvavad , et need on minu omad . 	see olema alati norimiskoht mina tuttav jaoks , kes mina küla|küll tulema tingimata see riiul avastama ja arvama , et see olema mina oma .
4		 Aga iga kell käitub isa normaalsemalt kui ema . 	aga iga kell käituma isa normaalsemalt kui ema .
4		 Ta vingub mu õppimise kallal ka vähem ega tunne palavikulist huvi meie kooli õppekava vastu . 	tema vinguma mina õppimine kallal ka vähem ega tundma palavikuline huvi mina kool õppekava vastu .
5		 Ema , nii ogar kui ta ka vahel on , on tähenärimiseni väiklane teatud asjade suhtes . 	ema , nii ogar kui tema ka vahel olema , olema tähenärimine väiklane teadma|teatud asi suhtes .
5		 Õhtuti pean kell üksteist koju laekunud olema . 	õhtuti pidama kell üksteist kodu laekuma|laekunud olema .
5		 Seda juhul , kui järgmine päev on vaba . 	see juht , kui järgmine päev olema vaba .
5		 Muidu kell kümme . 	muidu kell kümme .
5		 Ja mingil juhul ei tähenda see veerand ühtteist . 	ja mingi juht ei tähendama see veerand üksteist .
5		 Sest siis järgmine kord lihtsalt ei lasta välja . 	sest siis järgmine kord lihtsalt ei laskma välja .
5		 Ta peab alati teadma , kus ja kelle pool ma olen . 	tema pidama alati teadma , kus ja kes pool mina olema .
5		 Kui asukohta muudan , pean talle helistama . 	kui asukoht muutma , pidama tema helistama .
5		 Selleks osteti mulle eelmisel sügisel mobiiltelefon . 	see ostma mina eelmine sügis mobiiltelefon .
5		 Ta ei tunne huvi isegi selle vastu , mida ma kuskil teen ! 	tema ei tundma huvi isegi see vastu , mis mina kuskil tegema !
5		 Tema jaoks on oluline ainult see , et ta teaks , millises geograafilises punktis ma asun ja kes seal veel on . 	tema jaoks olema oluline ainult see , et tema teadma , milline geograafiline punkt mina asuma ja kes seal veel olema .
5		 Ja siis muidugi see , kas järgmiseks päevaks on õpitud või ei . 	ja siis muidugi see , kas järgmine päev olema õpitud|õppima või ei .
5		 Ta pole seda unustanud küsida ühelgi õhtul pärast seda , kui ma esimesse klassi läksin . 	tema olema see unustama|unustanud küsima üks õhtu pärast see , kui mina esimene klass minema .
5		 Kui tal tekib kahtlusi , võib ta vabalt hakkama saada sellega , et tuleb mu tuppa , võtab päeviku kätte ja kontrollib kõik üle . 	kui tema tekkima kahtlus , võima tema vabalt hakkama saama see , et tulema mina tuba , võtma päevik kätte ja kontrollima kõik üle .
5		 Või laseb suuliselt vastata . 	või laskma suuliselt vastama .
5		 Või kui päevikus pole midagi kirjas , võib ta ise helistada mõnele mu klassikaaslasele . 	või kui päevik olema miski kiri , võima tema ise helistama mõni mina klassikaaslane .
5		 Kuula siis järgmine päev koolis neid kommentaare ! 	kuulama siis järgmine päev kool see kommentaar !
5		 Aga ma ei saa midagi teha , ma OLENGI ema käpa all . 	aga mina ei saama miski tegema , mina olema ema käpp all .
5		 Elu on näidanud , et talle vastuvaidlemisest ei tule midagi head . 	elu olema näidanud|näitama , et tema vastuvaidlemine ei tulema miski hea .
5		 Ta võib siis sellise jama kokku keerata , et pärast ei julge ma oma tuttavatele otsagi vaadata . 	tema võima siis selline jama kokku keerama , et pärast ei julgema mina oma tuttav otsa vaatama .
6		 Mis ta tegi siis , kui ma üksvahe koduülesandeid päevikusse ei kirjutanud . 	mis tema tegema siis , kui mina üksvahe koduülesanne päevik ei kirjutama|kirjutanud .
6		 Lihtsalt selleks , et ta kontrollida ei saaks . 	lihtsalt see , et tema kontrollima ei saama .
6		 Ta käis isiklikult koolis kõikide mu aineõpetajate jutul ja palus kõik järgmiseks päevaks ülesantud asjad enda jaoks paberile kirjutada ( paber jäi klassipäeviku vahele ) . 	tema käima isiklikult kool kõik mina aineõpetaja jutt ja paluma kõik järgmine päev ülesantud asi ise jaoks paber kirjutama ( paber jääma klassipäevik vahele ) .
6		 Klassipäevikut üksi ta ei usaldanud , kuigi sinna kirjutatakse ka koduülesanded üles . 	klassipäevik üksi tema ei usaldama|usaldanud , kuigi sinna kirjutama ka koduülesanne üles .
6		 Ja siis ta käis nagu püha karistus nädal aega iga päev töölt tulles koolimajast läbi ( kahjuks töötab ta sellele üsna lähedal ) ja tõi selle lehe koju . 	ja siis tema käima nagu püha karistus nädal aeg iga päev töö tulema koolimaja läbi ( kahjuks töötama tema see üsna lähedal ) ja tooma see leht kodu .
6		 Kuna aineõpetajad teadsid , et leht läheb emale , täitsid nad seda hoolega ja kogu selle ürituse tagajärjel oli mul rohkem õppida kui varem iganes . 	kuna aineõpetaja teadma , et leht minema ema , täitma tema see hool ja kogu see üritus tagajärg olema mina rohkem õppima kui varem iganes .
6		 Rääkimata klassikaaslaste ilkumisest . 	rääkima klassikaaslane ilkumine .
6		 See jama kestis nädal aega , ja ema oli valmis jätkama . 	see jama kestma nädal aeg , ja ema olema valmis jätkama .
6		 Ma andsin alla ja hakkasin jälle ise päevikut täitma . 	mina andma alla ja hakkama jälle ise päevik täitma .
6		 See säilitas koduse õppimise suhtes siiski mingi vabaduse . 	see säilitama kodune õppimine suhtes siiski mingi vabadus .
7		 Jah , mis puutub teiste inimeste valitsemisse , siis on ema sellel alal väga andekas . 	jah , mis puutuma teine inimene valitsemine , siis olema ema see ala väga andekas .
7		 Isegi isa kardab temaga sõnavahetusse sattuda . 	isegi isa kartma tema sõnavahetus sattuma .
7		 Ema ei pea piiri ka selles suhtes . 	ema ei pidama piir ka see suhtes .
7		 Ta on võimeline inimese sõnadega maatasa tampima . 	tema olema võimeline inimene sõna maatasa tampima .
7		 Ta ei ropenda ega sõima , ei , ta väljendub vaiksel häälel viisakate sõnadega . 	tema ei ropendama ega sõimama , ei , tema väljenduma vaikne hääl viisakas sõna .
7		 Aga pärast on tunne , nagu oleksid peksa saanud , ja järgnev nädal läheb enesetunde taastamiseks . 	aga pärast olema tunne , nagu olema peksma saama|saanud , ja järgnev nädal minema enesetunne taastamine .
7		 Ta on õel ja tujukas ning talle pole just lihtne meeldida . 	tema olema õde ja tujukas ning tema olema just lihtne meeldima .
7		 Ta solvub iga väikese asja peale ja kui ta halvasti ütleb , siis tahad , et sa poleks kunagi ilma sündinud . 	tema solvuma iga väike|väikene asi peale ja kui tema halvasti ütlema , siis tahtma , et sina olema kunagi ilma sündima|sündinud .
8		 Siis langes mu pilk pooliti kastide all vedelevale kaustikuvirnale . 	siis langema mina pilk pooliti kast all vedelev kaustikuvirn .
8		 Ema käekirjaga oli midagi kõige ülemise peale kirjutatud . 	ema käekiri olema miski kõige ülemine peale kirjutama|kirjutatud .
8		 Kummardusin vaatama . 	kummarduma vaatama .
8		 KÄRTSU OMA . 	kärts oma .
8		 VÕÕRAS , ÄRA PUTU ! 	võõras , ära PUTU !
8		 Häh . 	häh .
8		 Kärtsuks hüüavad ema mõned ta vanad sõbrad , see oli ta noorpõlve hüüdnimi . 	Kärtsuks hüüdma ema mõni tema vana sõber , see olema tema noorpõlv hüüdnimi .
8		 Tegelikult on ta Kärt . 	tegelikult olema tema Kärt .
8		 Sikutasin kaustiku välja . 	sikutama kaustik välja .
9		 16 . 	16 .
9		 4. 1984. 	4. 1984.
9		 Nii kole on olla kogu aeg meeleheitel & ometi naerda , & ometi tunduda rõõmsa & rahulolevana teistele inimestele . 	nii kole olema olema kogu aeg meeleheide & ometi naerma , & ometi tunduma rõõmus & rahulolev teine inimene .
9		 Keegi ei tea , kuidas ma Tarvit armastasin . 	keegi ei teadma , kuidas mina Tarvit armastama .
9		 Ainult mina & see on hea . & paha ka , sest just see armastus on see , mis on mind sellesse pikka & kurnavasse depressi tõuganud . 	ainult mina & see olema hea . & paha ka , sest just see armastus olema see , mis olema mina see pikk & kurnav depress tõuganud|tõukama .
9		 Ei ole enam midagi . 	ei olema enam miski .
9		 Ma olengi tõeliselt mahajäetud kurb väike nõiaplika , kes laob päevas umbes 3X kaarte , endale ja Tarvile . & kaardid ei näita , et midagi muutux . & Kärts on nii surnud & miski ei suuda teda ellu äratada . 	mina olema tõeliselt mahajäetud kurb väike nõiaplika , kes laduma päev umbes 3X kaar , ise ja Tarv|Tarvi . & kaart ei näitama , et miski muutux . & kärts olema nii surema|surnud & miski ei suutma tema elu äratama .
10		 Ema päevik ? ! 	ema päevik ? !
10		 Tõesti või ? 	tõesti või ?
10		 Jumal küll , kas ema on sihukest asja pidanud , minu ema ? 	jumal küll , kas ema olema sihuke|sihukene asi pidama|pidanud , mina ema ?
10		 Kui vana ta siis oli ? 	kui vana tema siis olema ?
10		 Aasta kaheksakümmend neli . 	aasta kaheksakümmend neli .
10		 Ema on sündinud kuuekümne 	ema olema sündima|sündinud kuuskümmend
11		 seitsmendal . 	seitsmes .
11		 Seitseteist ! 	seitseteist !
11		 Minust praegu kolm aastat vanem . 	mina praegu kolm aasta vanem .
11		 Igatahes on ta jube kurb olnud . 	igatahes olema tema jube kurb olema|olnud .
11		 Kes oli Tarvi ? 	kes olema Tarvi ?
12		 28 . 	28 .
12		 4. 1984 Peegel näitab mulle koledaid asju , st mind . 	4. 1984 peegel näitama mina kole asi , st mina .
12		 Olen nagu vana ja kole naine . 	olema nagu vana ja kole naine .
12		 Aga keegi peale minu ei tea seda , et ma olengi vana & väsinud . 	aga keegi peale mina ei teadma see , et mina olema vana & väsima|väsinud .
12		 Las see olla minu saladus . 	las see olema mina saladus .
12		 Määrin endiselt näkku kilode kaupa meiki ja saan varsti 18 aastat vanax . & ometi on varemete tunne . 	määrima endiselt nägu kilo kaupa meik ja saama varsti 18 aasta vanax . & ometi olema vare tunne .
12		 Ich beneide sie alle , die vergessen können . 	Ich beneit sie alle , die vergessen können .
13		 Jah , ema on alati saksa keelt armastanud . 	jah , ema olema alati saksa keel armastama|armastanud .
13		 Mulle täiesti mõistetamatutel põhjustel . 	mina täiesti mõistetamatu põhjus .
13		 Ta oskab seda praegugi , vahel loeb saksakeelset raamatut . 	tema oskama see praegu , vahel lugema saksakeelne raamat .
13		 Aga millest ta siis siin kirjutab ? 	aga mis tema siis siin kirjutama ?
13		 Kes oli Tarvi , mis värk on ? 	kes olema Tarvi , mis värk olema ?
13		 Eespool pole midagi , tühi leht ainult . 	eespool olema miski , tühi leht ainult .
13		 Äkki on neid kaustikuid veel ? 	äkki olema see kaustik veel ?
13		 Tuhnisin kastide all . 	tuhnima kast all .
13		 Tõepoolest , teised olid konspektid . 	tõepoolest , teine olema konspekt .
13		 Ülikooliajast . 	ülikooliaeg .
13		 Aga see päevaraamat … On see suur sigadus , kui ma seda loen ? 	aga see päevaraamat … olema see suur sigadus , kui mina see lugema ?
13		 Ma ju tean , et ei tohiks . 	mina ju teadma , et ei tohtima .
13		 Teise saladused ei puutu ju üldse minusse . 	Teise saladus ei puutuma ju üldse mina .
13		 Aga ta on ikkagi mu ema . 	aga tema olema ikkagi mina ema .
13		 Siis ikka on minu asi ka või . 	siis ikka olema mina asi ka või .
13		 Või ei ole ? 	või ei olema ?
13		 Jumal . 	jumal .
13		 Ma nii tahaksin edasi lugeda . 	mina nii tahtma edasi lugema .
13		 Nii põnev on . 	nii põnev olema .
13		 Ema ju ei saagi teada . 	ema ju ei saama teadma .
13		 Loen natuke ja siis toon selle siia tagasi . 	lugema natuke ja siis toon see siia tagasi .
14		 Ma ei usu oma silmi . 	mina ei uskuma oma silm .
14		 Seda pole olemas ! 	see olema olema !
14		 Mu ema räägib mulle lõputa jutte tütarlapse eneseväärikusest ja juhusliku seksi ohtlikkusest . 	mina ema rääkima mina lõpp jutt tütarlaps eneseväärikus ja juhuslik seks ohtlikkus .
14		 Mu ema ei lase mul üksinda kuskile ööseks jääda , välja arvatud sugulaste juurde . 	mina ema ei laskma mina üksinda kuskile ööseks jääma , välja arvama|arvatud sugulane juurde .
14		 Mu ema ei vala mulle isegi koduses peolauas klaasikestki , annab ainult oma klaasi servast maitsta . 	mina ema ei valama mina isegi kodune peolaud klaasike , andma ainult oma klaas serv maitsma .
14		 Mu ema ei ole asotsiaal , kes joob mingit keemiat , sööb kaifi eesmärgil närvirohtusid ja … lagunenud majades . 	mina ema ei olema asotsiaal , kes jooma mingi keemia , sööma kaif eesmärk närvirohi ja … lagunema|lagunenud maja .
14		 Seda lihtsalt EI OLE OLEMAS . 	see lihtsalt ei olema olema .
15		 Ma ei lähe täna enam siit toast välja . 	mina ei minema täna enam siit tuba välja .
15		 Ma ei saa talle otsa vaadata . 	mina ei saama tema otsa vaatama .
15		 Ei tahagi . 	ei tahtma .
15		 Jälk . 	jälk .
15		 Ma ei taha kunagi enam talle otsa vaadata . 	mina ei tahtma kunagi enam tema otsa vaatama .
15		 Selline naine ei saa olla mu ema . 	selline naine ei saama olema mina ema .
15		 Mida ta ometi on teinud ! 	mis tema ometi olema tegema|teinud !
15		 Ja mina mõtlesin … 	ja mina mõtlema …
16		 Mul jäigi õppimata . 	mina jääma õppima .
16		 Lihtsalt ei suutnud , päriselt . 	lihtsalt ei suutma|suutnud , päriselt .
16		 Ainus , mis mu peas vasardas , oli : kuidas ta ometi sai mulle valetada kõik need aastad . 	ainus , mis mina pea vasardama , olema : kuidas tema ometi saama mina valetama kõik see aasta .
16		 Nutsin end magama , jube kaustik rinna vastu surutud . 	nutma|nutsima ise magama , jube kaustik rind vastu suruma|surutud .
16		 Ema vaatas vahepeal mu tuppa , ma lamasin hiirvaikselt teki all , nägu varjus . 	ema vaatama vahepeal mina tuba , mina lamama hiirvaikselt tekk all , nägu vari .
16		 Ta mõtles , et magan , ja pani ukse tasakesi kinni . 	tema mõtlema , et magama , ja panema uks tasakesi kinni .
16		 Las imestab , miks ma täna nii vara magama läksin . 	las imestama , miks mina täna nii vara magama minema .
16		 Las muretseb , et ma olen ehk haige . 	las muretsema , et mina olema ehk haige .
16		 Paras talle . 	paras tema .
16		 Seda , kuidas ta on mulle valetanud terve mu lapsepõlve , ei saa andestada . 	see , kuidas tema olema mina valetama|valetanud terve mina lapsepõli|lapsepõlv , ei saama andestama .
16		 Mul on nii õudselt kahju ! 	mina olema nii õudselt kahi|kahju !
17		 “ Sa ei saa aru , ta on lihtsalt petnud mind kõik need aastad ! 	“ sina ei saama aru , tema olema lihtsalt petma|petnud mina kõik see aasta !
17		 Ta on seda varjanud ja kogu aeg üritanud mulle muljet jätta , et nad isaga on nii täiuslikud inimesed , haridus ja eeskujulik abielu ja puha . 	tema olema see varjama|varjanud ja kogu aeg üritama|üritanud mina mulje jätma , et tema isa olema nii täiuslik inimene , haridus ja eeskujulik abielu ja puha .
17		 Ja muudkui keelanud ! 	ja muudkui keelama|keelanud !
17		 Saa aru , tal pole õigust keelata mulle neid asju , mida ta ise on teinud ja rohkemgi veel ! 	saama aru , tema olema õigus keelama mina see asi , mis tema ise olema tegema|teinud ja rohkem veel !
17		 Ja isaga koos on nad muudkui salatsenud ja vassinud kasvõi seda pärisisa asja . 	ja isa koos olema tema muudkui salatsema|salatsenud ja vassima|vassinud kasvõi see pärisisa asi .
17		 Ma oleksin ju sellest aru saanud küll , kui nad oleksid mulle varem rääkinud . 	mina olema ju see aru saama|saanud küll , kui tema olema mina varem rääkima|rääkinud .
17		 Aga ei – siis oleksid ju ema pättused ka välja tulnud , ja seda nad kartsid ! 	aga ei - siis olema ju ema pättus|pättuse ka välja tulema|tulnud , ja see tema kartma !
17		 Mõtle , kui tore on teada saada , et su vanemad on tegelikult hoopis mingid teistsugused inimesed , kui nad on üritanud näidata ! ” 	mõtlema , kui tore olema teadma saama , et sina vanem olema tegelikult hoopis mingi teistsugune inimene , kui tema olema üritama|üritanud näitama ! ”
18		 Reena oli senimaani vaadanud kord minu , kord Kätlini otsa , nüüd tegi temagi otsustavalt suu lahti . 	Reena olema senimaani vaadanud|vaatama kord mina , kord Kätlin|Kätlini otsa , nüüd tegema tema otsustavalt suu lahti .
19		 “ Kuule jah , Annil on õigus . 	“ kuulma jah , and olema õigus .
19		 Sina muidugi sellest aru ei saa , sina saad oma emaga jumala hästi läbi , aga mul on ju kodus sama lugu . 	sina muidugi see aru ei saama , sina saama oma ema jumal hästi läbi , aga mina olema ju kodu sama lugu .
19		 Kuskile ta mind ei luba ja kogu aeg on üks igavene näägutamine ja kisa , kui mina midagi tahan . 	kuskile tema mina ei lubama ja kogu aeg olema üks igavene näägutamine ja kisa , kui mina miski tahtma .
19		 Samas kust mina tean , et ta pole ise veel hullem olnud . 	samas kust mina teadma , et tema olema ise veel hullem olema|olnud .
19		 Ja kui ükskord tead , siis tuleb niisugune viha , et jube . 	ja kui ükskord teadma , siis tulema niisugune viha , et jube .
19		 Mina ei tea , ma vist tuleks kodust ära sellise jama peale . ” 	mina ei teadma , mina vist tulema kodu ära selline jama peale . ”
20		 “ No ei tea , kuhu sa siis läheksid , ” torkas Kätlin . 	“ no ei teadma , kuhu sina siis minema , ” torkama Kätlin .
21		 “ Ükskõik , minema . 	“ ükskõik , minema .
21		 Ja elaksin just nii , nagu ise tahan . 	ja elama just nii , nagu ise tahtma .
21		 Selline mammi mulle ikka ette ei kirjuta , mida ma tohin ja mida mitte . 	selline mammi mina ikka ette ei kirjutama , mis mina tohtima ja mis mitte .
21		 Ja võib-olla nad ei rääkinud seda isa asja ka sellepärast , et siis sa poleks tema sõna kuulama hakanud . 	ja võib-olla tema ei rääkima|rääkinud see isa asi ka sellepärast , et siis sina olema tema sõna kuulama hakanud|hakkama .
21		 Kasuisa ju . ” 	kasuisa ju . ”
22		 Selle peale polnud ma ise tulnudki . 	see peale olema mina ise tulnu .
22		 Võib-olla tõesti ? 	võib-olla tõesti ?
22		 Et ma oleksin neil hästi kõvasti käpa all ja ei teaks midagi aimatagi . 	et mina olema tema hästi kõvasti käpp all ja ei teadma miski aimama .
22		 Alatu , alatu ! 	alatu , alatu !
22		 Ja mina , loll , uskusin neid tõesti . 	ja mina , loll , uskuma tema tõesti .
22		 Siiamaani . 	siiamaani .
23		 “ Emaga ma rääkida ei saa , see on selge . 	“ ema mina rääkima ei saama , see olema selge .
23		 Ta käänab kõik asjad enda kasuks . 	tema käänama kõik asi ise kasu .
23		 Lõpuks olen siis mina see loll ja halb ja reetur , et ma ta päevikut lugesin . 	lõpuks olema siis mina see loll ja halb ja reetur , et mina tema päevik lugema .
23		 Nii et jutuajamised jäävad küll ära . 	nii et jutuajamine jääma küll ära .
23		 Aga selge on ka see , et ma ei kavatse enam neid kuulata , öelgu siis mida tahes . 	aga selge olema ka see , et mina ei kavatsema enam see kuulama , ütlema siis mis tahes .
23		 Ära tahaks küll minna . 	ära tahtma küll minema .
23		 Aga kuhu ? 	aga kuhu ?
23		 Ja kool ? ” 	ja kool ? ”
24		 “ Sa vanaema juurde ei saa ? ” küsis Reena . 	“ sina vanaema juurde ei saama ? ” küsima Reena .
25		 “ Mis sellest kasu oleks . 	“ mis see kasu olema .
25		 Nad tuleksid mulle juba samal õhtul järele . 	tema tulema mina juba sama õhtu järele .
25		 Ma pean ju koo-oo-ooli jõudma ! ” venitasin mürgiselt . “ Ja siis ma peaksin ju vanaemale selle jama ka ära rääkima . 	mina pidama ju koo-oo-ool jõudma ! ” venitama mürgiselt . “ ja siis mina pidama ju vanaema see jama ka ära rääkima .
25		 Tema on nagunii ema ja isaga ühel nõul . ” 	tema olema nagunii ema ja isa üks nõu . ”
26		 “ Meil on suvila Võsul . 	“ mina olema suvila Võsu .
26		 Tähendab , Võsult natuke väljas . 	tähendama , võsu natuke väljas .
26		 Mere ääres . 	Mere ääres .
26		 Mu vanaisa elas seal , aga ta suri see talv ära ja praegu on maja tühi . 	mina vanaisa elama seal , aga tema surema see talv ära ja praegu olema maja tühi .
26		 Isa arvas , et jätame selle oma suvilaks , maha ei müü . 	isa arvama , et jätma see oma suvila , maha ei müüma .
26		 Aga nad ei käi seal üldse , ainult pärast matuseid tõid sealt mingit träni , aga praegu on see küll täitsa tühi . 	aga tema ei käima seal üldse , ainult pärast matus tooma sealt mingi träni , aga praegu olema see küll täitsa tühi .
26		 Ma ei usu , et nad sinna suvelgi lähevad , seal pole vett sees ja aiamaad nad ei taha . 	mina ei uskuma , et tema sinna suvi minema , seal olema vesi sees ja aiamaa tema ei tahtma .
26		 Äkki saaks sinna ? 	äkki saama sinna ?
26		 Noh , mitte alatiseks , aga mõneks ajaks . 	noh , mitte alatiseks , aga mõni aeg .
26		 Ma saaks vaikselt võtme võtta küll , ” pakkus Reena . 	mina saama vaikselt võti võtma küll , ” pakkuma Reena .
27		 Algul istusime tüdrukutega neljakesi vaiba peal , poisid toetasid ennast pakkudele , aga ühel hetkel tulid nemadki meie juurde jalgu sirutama . 	algul istuma tüdruk neljakesi vaip peal , poiss toetama ise pakk , aga üks hetk tulema tema mina juurde jalg sirutama .
27		 Villem välja arvatud . 	Villem välja arvama|arvatud .
27		 Ei tea , kas ta pelgas midagi või ? 	ei teadma , kas tema pelgama miski või ?
27		 Lamasklesime kambakesi ja Timo võttis mu oma jope hõlma alla . 	lamasklema kambake ja Timo võtma mina oma jope hõlm alla .
27		 Tegelikult ta hullult meeldis mulle . 	tegelikult tema hullult meeldima mina .
27		 Selline ilus , pikk , tumedate juuste ja pruunide silmadega poiss . 	selline ilus , pikk , tume juus ja pruun silm poiss .
27		 Kellele ta ei meeldiks ? 	kes tema ei meeldima ?
27		 Kui ta mulle käe ümber pani , siis ma moepärast natuke puksisin seda minema , aga hea tunne oli , soojem ka . 	kui tema mina käsi ümber panema , siis mina moepärast natuke puksima see minema , aga hea tunne olema , soojem ka .
27		 Mõtlesin , et ma vist meeldin talle ka päris hästi , miks ta siis muidu just minu kõrvale lesima tuli . 	mõtlema , et mina vist meeldima tema ka päris hästi , miks tema siis muidu just mina kõrvale lesima tulema .
27		 Ma õieti ei kuulanudki enam , mis teised rääkisid , kõik mu mõtted olid Timo juures . 	mina õieti ei kuulama enam , mis teine rääkima , kõik mina mõte olema Timo juures .
27		 Ta oli külili mu selja taga ja surus mind õrnalt enda vastu . 	tema olema külili mina selg taga ja suruma mina õrnalt ise vastu .
27		 Ise samal ajal veel rääkis teistega juttu . 	ise sama aeg veel rääkima teine jutt .
27		 Ja sama märkamatult hakkas ta käsi mind jope all silitama . 	ja sama märkamatult hakkama tema käsi mina jope all silima|silitama .
27		 Mul hakkas natuke imelik , tõusin püsti ja ütlesin , et peaks vist puid juurde tooma , tuli jääb liiga väikeseks . 	mina hakkama natuke imelik , tõusma püsti ja ütlema , et pidama vist puu juurde tooma , tulema jääma liiga väike|väikene .
27		 Ja läksin südame kloppides kuuri . 	ja minema süda kloppima kuur .
27		 Loodan , et mu hääl kostis loomulikult , et teised ei taibanud , et olen segaduses ja ähmis . 	lootma , et mina hääl kostma loomulikult , et teine ei taibanud|taipama , et olema segadus ja ähm .
28		 Ladusin parajasti käsikaudu pimedas kuuris endale puid sülle , kui keegi mu taga ukseavasse ilmus ja sisse astus . 	laduma parajasti käsikaudu pime kuur ise puu süli , kui keegi mina taga ukseava ilmuma ja sisse astuma .
28		 Timo ! 	Timo !
29		 “ Ma ei või , vaatasin praegu , et Rita on jumala Pinoccio nägu , nina pikk ja peenike , ” ütlesin . 	“ mina ei võima , vaatama praegu , et Rita olema jumal Pinoccio nägu , nina pikk ja peenike , ” ütlema .
29		 Seepeale hakkasid jälle kõik naerma , välja arvatud Rein , kes vaatas Ritat täitsa tõsiselt ja ütles : 	seepeale hakkama jälle kõik naerma , välja arvama|arvatud Rein , kes vaatama Rita täitsa tõsiselt ja ütlema :
30		 “ On jah , aga see on köömes . 	“ olema jah , aga see olema köömes .
30		 Minul praegu hakkas sisikond oma elu elama . 	mina praegu hakkama sisikond oma elu elama .
30		 Kurat küll , soolikad tantsivad või ma ei tea , mis nad seal kõhus teevad . 	kurat küll , soolikas tantsima või mina ei teadma , mis tema seal kõht tegema .
30		 Ausõna , liigutavad ! ” Ta pani käe oma kõhu peale . ” Tšš ! 	ausõna , liigutama ! ” tema panema käsi oma kõht peale . ” Tšš !
30		 Tasa ! ” Ootasime kõik hinge kinni pidades . “ No tõesti , liigutavad ! 	tasa ! ” ootama kõik hing kinni pidama . “ no tõesti , liigutama !
30		 Katsu ise ! ” pööras ta end Jussi poole . 	katsuma ise ! ” pöörama tema ise juss poole .
31		 “ Ah näpi ise oma soolikaid , ” vastas see . 	“ ah näppima ise oma soolikas , ” vastama see .
31		 Kõik naersid jälle pikalt . 	kõik naerma jälle pikalt .
32		 “ Mis kurat , mul on tõsi taga . 	“ mis kurat , mina olema tõsi taga .
32		 Mis siis saab , kui nad otsustavad minu seest ära minna ? 	mis siis saama , kui tema otsustama mina seest ära minema ?
32		 Kas keegi anatoomiat teab , on nad seal kõhus sees millegagi kinni ka või ? ” 	kas keegi anatoomia teadma , olema tema seal kõht sees miski kinni ka või ? ”
33		 Jälle naer , issand , ma lausa kõõksusin , Rein oli nii õudselt naljakas ! 	jälle naer , issand , mina lausa kõõksuma , Rein olema nii õudselt naljakas !
34		 “ Mõni kruvi ikka peab , ” arvas Oleg . 	“ mõni kruvi ikka pidama , ” arvama Oleg .
35		 Nüüd oli tunne , et naerumürin viib majalt katuse pealt . 	nüüd olema tunne , et naerumürin viima maja katus pealt .
35		 Päris tõsiselt . 	päris tõsiselt .
35		 Kui me selle maja puruks naerame , kes selle jama pärast ära parandab ? 	kui mina see maja puruks naerma , kes see jama pärast ära parandama ?
35		 See mõte tundus nii pöörane , et turtsatasin sellegi peale ja ütlesin teistele ka . 	see mõte tunduma nii pöörane , et turtsatama see peale ja ütlema teine ka .
36		 “ Kurat . 	“ kurat .
36		 S … -a sellest katusest , selle elab üle , aga kas inimene saab edasi elada , kui soolikad seest välja roomavad ? ” jäi Rensa ikka oma probleemi juurde . 	S … a see katus , see elama üle , aga kas inimene saama edasi elama , kui soolikas seest välja roomav ? ” jääma Rensa ikka oma probleem juurde .
37		 “ Kust august nad sinu arust tulevad , kas suust või p … .-st ? 	“ kust august tema sina arust tulema , kas suu või p … .- st ?
37		 Sellest saad aru või ? ” küsis Anti . 	see saama aru või ? ” küsima Anti .
38		 Rein keskendus natuke aega oma sisikonnale , siis raputas pead : 	Rein keskenduma natuke aeg oma sisikond , siis raputama pea :
39		 “ Ei tea . 	“ ei teadma .
39		 Nad on kavalad ka , ega nemad loogikat ei tunnista . 	tema olema kaval ka , ega tema loogika ei tunnistama .
39		 Kuulge , aga olete te kindlad , et nad kruvidega kinni on ? ” 	kuulma , aga olema sina kindel , et tema kruvi kinni olema ? ”
40		 Villem pühkis suurest naerust silmi . 	Villem pühkima suur naer silm .
41		 “ Kindlad ikka , kuidas muidu . 	“ kindel ikka , kuidas muidu .
41		 Muidu laseksid pooled inimesed ilma seedeelunditeta ringi . ” 	muidu laskma pool inimene ilma seedeelund ringi . ”
42		 “ Kes neid kruvisid kinni keerab ? 	“ kes tema kruvima kinni keerama ?
42		 Täpselt sihuke tunne tuleb , et keegi on odavalt viina eest töö ära teinud . ” 	täpselt sihuke tunne tulema , et keegi olema odavalt viin eest töö ära tegema|teinud . ”
43		 “ Küsi emalt ja isalt järele , ” soovitasin mina . “ Kes muu ikka su sisikonda kokku monteeris . ” 	“ küsima ema ja isa järele , ” soovitama mina . “ kes muu ikka sina sisikond kokku monteerima . ”
44		 Tom tõusis püsti ja teatas , et läheb peldikusse . 	Tom tõusma püsti ja teatama , et minema peldik .
45		 “ Vaja kontrollida , kas minu jupid on ikka kõvasti külge pandud , ” irvitas ta , astus siis kaks sammu ja pani hädaldama . 	“ vaja kontrollima , kas mina jupp olema ikka kõvasti külge pandud|panema , ” irvitama tema , astuma siis kaks samm ja panema hädaldama .
46		 “ Mu jalgadel on midagi viga , käia ei saa . ” 	“ mina jalg olema miski viga , käima ei saama . ”
47		 “ Miks ? ” tundis seltskond kohe elavat huvi . 	“ miks ? ” tundma seltskond kohe elav huvi .
48		 “ Jalad on nii rasked . 	“ jalg olema nii raske .
48		 Ei jaksa liigutada . 	ei jaksama liigutama .
48		 Appi ! 	appi !
48		 Kandke mind k … -le ! 	kandma mina k … le !
48		 Te raisad ei usu nagunii , aga ma tõesti ei jaksa oma jalgu liigutada . 	sina raisk ei uskuma nagunii , aga mina tõesti ei jaksama oma jalg liigutama .
48		 Nad on malmist . 	tema olema malm .
48		 Igatahes olen ma vist kuidagi materjali vahetanud . 	igatahes olema mina vist kuidagi materjal vahetama|vahetanud .
48		 Vaadake , kuulge , kas ma näen välja nagu tavaliselt ? ” 	vaatama , kuulma , kas mina nägema välja nagu tavaliselt ? ”
49		 “ Nojah . 	“ nojah .
49		 Nüüd pole kellegi asi enam . 	nüüd olema keegi asi enam .
49		 Reena , Kätlin ja sina jahmerdate tüüpide pärast , kellele teie s … .-gi korda ei lähe . 	Reena , Kätlin ja sina jahmerdama tüüp pärast , kes sina s … .- gi kord ei minema .
49		 Endast ma parem ei räägigi . 	ise mina parem ei rääkima .
49		 Aga noh , ootame kiirabi ära . 	aga noh , ootama kiirabi ära .
49		 Kas teie seast keegi teadis , et Kerli on saunatoas ? 	kas sina seast keegi teadma , et Kerli olema saunatuba ?
49		 Oli ta üksi ? ” 	olema tema üksi ? ”
50		 Oleg tegi suu häbelikult lahti . 	Oleg tegema suu häbelikult lahti .
51		 “ Sinna läksid nad Tomiga kahekesi , mõlemal õlu kaasas . 	“ sinna minema tema Tom kahekesi , mõlema õlu kaasas .
51		 Minu arust olid nad juba siis täiesti süsid ja õlu oli otsas ka , tead , ja ma veel rääkisin , et nad ühe õlle mulle annaksid . 	mina arust olema tema juba siis täiesti süs|süsi|süsid ja õlu olema ots ka , teadma , ja mina veel rääkima , et tema üks õlu mina andma .
51		 Aga nad ei andnud . 	aga tema ei andma|andnud .
51		 Läksid sauna sisse . 	minema saun sisse .
51		 Ma ei tea , kaua nad olid , Tomi ma välja tulemas ei näinud . ” 	mina ei teadma , kaua tema olema , Tom mina välja tulema ei nägema|näima|näinud . ”
52		 “ Tom magab minu toas , ” ütles Rita . “ Teises voodis , jope üle pea . 	“ Tom magama mina tuba , ” ütlema Rita . “ teine voodi , jope üle pidama .
52		 Küsi talt . ” Ise naeris . 	küsima tema . ” ise naerma .
53		 “ Küsin ka , ” lausus Villem tigedalt . “ See mees , kes selle kuradi sauna kärssama pani , peab siit hommepäev jalga laskma . ” Ta tõusis püsti ja hakkas pikkade sammudega toa poole minema . 	“ küsima ka , ” lausuma Villem tigedalt . “ see mees , kes see kurat saun kärssama panema , pidama siit hommepäev jalg laskma . ” tema tõusma püsti ja hakkama pikk samm tuba poole minema .
54		 “ Ohohoo , kui kõva mees ! ” ütles Rita irooniliselt , aga jäi vait , kui poiss järsult ümber pöördus ja talle tigedalt silma vaatas . 	“ ohohoo , kui kõva mees ! ” ütlema Rita irooniliselt , aga jääma vait , kui poiss järsult ümber pöörduma ja tema tigedalt silm vaatama .
55		 “ Sina , väike s … -ne lits , peaksid olema hästi tasa ja kuskil nurgas oma näruste semude pärast nutma . 	“ sina , väike s … ne lits , pidama olema hästi tasa ja kuskil nurk oma närune semu pärast nutma .
55		 Rihmaks oskab end tõmmata igaüks , aga tark inimene ei lähe seejuures nii lolliks , et enam oma tegudest aru ei saa . 	Rihmaks oskama ise tõmbama igaüks , aga tark inimene ei minema seejuures nii loll , et enam oma tegu aru ei saama .
55		 Sind ma ei süüdista , sa pole ka kaine peaga oluliselt targem ja see pole enam sinu süü . ” Ta vaatas vihase ja löögivalmis näoga enda ümber . “ Võib-olla arvab mõni , et see idioot , kes ilmselt järgmisena terve maja põlema paneb ja teid kõiki ära tapab , peab ikka siia jääma ? ” 	sina mina ei süüdistama , sina olema ka kaine pea oluliselt targem ja see olema enam sina süü . ” tema vaatama vihane ja löögivalmis nägu ise ümber . “ võib-olla arvama mõni , et see idioot , kes ilmselt järgmine terve maja põlema panema ja sina kõik ära tapma , pidama ikka siia jääma ? ”
56		 Keegi ei arvanud nii , isegi mitte Juss ja Oleg . 	keegi ei arvama|arvanud nii , isegi mitte Juss ja Oleg .
56		 Villem marssis Rita tuppa nagu taeva karistus , haaras magaval Tomil rinnust kinni ja oma lühikese kogu kohta täiesti ebatõenäolise jõuga tõstis poisi püsti . 	Villem marssima Rita tuba nagu taevas karistus , haarama magav Tom rind kinni ja oma lühike kogu kohta täiesti ebatõenäoline jõud tõstma poiss püsti .
56		 See tuikus , üritas paar korda rabedalt end lahti tõmmata , isegi silmi seejuures avamata . 	see tuikuma , üritama paar kord rabedalt ise lahti tõmbama , isegi silm seejuures avama .
56		 Oli kaugele näha , et Tom on veel täiesti purjus . 	olema kaugele nägema , et Tom olema veel täiesti purjus .
57		 “ Ärka üles , tattnokk , pole sa nii täis midagi , ” ütles Villem ähvardavalt . 	“ ärkama üles , tattnokk , olema sina nii täis miski , ” ütlema Villem ähvardavalt .
58		 Tom avas vaevaliselt silmad . 	Tom avama vaevaliselt silm .
59		 “ No mida nüüd , mees , lase lahti . 	“ no mis nüüd , mees , laskma lahti .
59		 Ära jända , kuuled , lase magada , ” mõmises ta . 	ära jändama , kuulma , laskma magama , ” mõmisema tema .
60		 “ Sina olid Kerliga saunatoas või ? ” küsis Villem endiselt ägedalt . 	“ sina olema Kerl|Kerli saunatuba või ? ” küsima Villem endiselt ägedalt .
61		 “ No ja siis , lase lahti , kuuled . 	“ no ja siis , laskma lahti , kuulma .
61		 Ise tahtsid taga olla vä . 	ise tahtma taga olema vä .
61		 Ärand jama . ” 	Ärand jama . ”
62		 “ Sa raisk tapad teise ära ja siis kobised veel ! 	“ sina raisk tapp teine ära ja siis kobisema veel !
62		 Kuhu sa seal oma s … -se suitsu kustutasid ? 	kuhu sina seal oma s … se suits kustutama ?
63		 “ Ärand nalja tee , mees . 	“ Ärand nali tee , mees .
63		 Ega ma restoranis ole . 	ega mina restoran olema .
63		 Seal nagunii ilge prügimägi . ” 	seal nagunii ilge prügimägi . ”
64		 “ Sinu kuradi pärast on meil kohe päästeamet ja kiirabi ukse ees ja veab , kui Kerli ellu jääb . 	“ sina kurat pärast olema mina kohe päästeamet ja kiirabi uks ees ja vedama , kui Kerl|Kerli elu jääma .
64		 Sinu asemel ma koliks tühjale saarele või annaks end ise süütamise eest politsei kätte , aga homseks päevaks ma küll enam siia ei jääks . ” 	sina asemel mina kolima tühi saar või andma ise ise süütamine eest politsei kätte , aga homne päev mina küll enam siia ei jääma . ”
65		 “ Mis kurat sa mölised ! 	“ mis kurat sina mölisema !
65		 Mis süütamine ! 	mis süütamine !
65		 Sa vaata ikka , mees , mis sa räägid ! ” 	sina vaatama ikka , mees , mis sina rääkima ! ”
66		 “ Sa mine ise õue ja vaata , mis tegid . 	“ sina minema ise õu ja vaatama , mis tegema .
66		 Tüdruk sinu pärast lapiti maas ja hea , kui hingab veel . ” 	tüdruk sina pärast lapiti maas ja hea , kui hingama veel . ”
67		 “ Mida , mida ? ” hakkas Tomil aegamisi info kohale jõudma . “ Mis Kerli ? ” 	“ mis , mis ? ” hakkama Tom aegamisi info kohale jõudma . “ mis Kerli ? ”
68		 “ Mis Kerli , mis Kerli ! 	“ mis Kerli , mis Kerl !
68		 Nii hästi oma pruute tunnedki või ? 	nii hästi oma pruut tundma või ?
68		 Korja oma asjad kokku . 	korjama oma asi kokku .
68		 Lähed temaga kaasa ja vaatad , mis tast saab . 	minema tema kaasa ja vaatama , mis tema saama .
68		 Sinu s .. -a süü see ju on ja mind siiralt ei huvita , mis seisud sul muidu selle tibuga on . 	sina s .. a süü see ju olema ja mina siiralt ei huvitama , mis seis sina muidu see tibu olema .
68		 Võta jope . 	võtma jope .
68		 Võta-võta . ” Järsu käega lükkas ta Tomi uksest välja . 	võta-võtma . ” Järsk|Järsu käsi lükkama tema Tom uks välja .
69		 Peale Anti oli veel üks inimene kadunud . 	peale Anti olema veel üks inimene kaduma|kadunud .
69		 Timo . 	Timo .
69		 Lohutasin end mõttega , et võib-olla tuli tal vanematega mingi samasugune seis kui eelmine kord , aga ma ju ometi igatsesin nii õudselt tema järele ! 	lohutama ise mõte , et võib-olla tulema tema vanem mingi samasugune seis kui eelmine kord , aga mina ju ometi igatsema nii õudselt tema järele !
69		 Ma isegi ei tahtnud , et toimuks midagi samasugust kui sel reedel , aga igatsesin tema lähedalolekut nii väga , et see tegi lausa haigeks . 	mina isegi ei tahtma|tahtnud , et toimuma miski samasugune kui see reede , aga igatsema tema lähedalolek nii väga , et see tegema lausa haige .
69		 Rita nagunii tögas mind kogu aeg temaga , olin lolli peaga talle rääkinud , mis meil juhtus . 	Rita nagunii tögama mina kogu aeg tema , olema loll pea tema rääkima|rääkinud , mis mina juhtuma .
69		 Nii et enamuse ajast olin minagi nukker . 	nii et enamus aeg olema mina nukker .
69		 Üldse , keegi polnud enam nagu eriti rõõmus . 	üldse , keegi olema enam nagu eriti rõõmus .
69		 Naerdi küll , aga kui lähemalt rääkida , siis tuli igaühel mingi mure südame pealt välja . 	naerma küll , aga kui lähemalt rääkima , siis tulema igaüks mingi mure süda pealt välja .
69		 Nii et see nädala esimene pool oli meil üsna rõõmutu . 	nii et see nädal esimene pool olema mina üsna rõõmutu .
70		 16. 	16.
70		 10. 1984 Olin ära . 	10. 1984 olema ära .
70		 Igal pool . 	iga pool .
70		 Tallinnas , Tartus , Põlvas , Valgas , Kohtla-Järvel , Võrus , siis jälle Põlvas jne. 	Tallinn , Tartu , Põlva , Valga , Kohtla-Järve , Võru , siis jälle Põlva jne .
70		 Sedasi kolm nädalat . 	sedasi kolm nädal .
70		 Rahutus ajas mind ringi . 	rahutus ajama mina ringi .
70		 Nüüd on see tontide turnee lõppenud . 	nüüd olema see tont turnee lõppema|lõppenud .
70		 Olin kogu selle aja peaaegu iga päev täis või kaifis . 	olema kogu see aeg peaaegu iga päev täis või kaif .
70		 Algul jõime Rauliga tema raha maha , siis minu oma . 	algul jooma Raul tema raha maha , siis mina oma .
70		 Siis jõime Tartus yhikas ( kuhu jälle sisse lastaxe ) esmakursuslased tyhjax . 	siis jooma Tartu yhika|yhikas ( kuhu jälle sisse lastaxe ) esmakursuslane tyhjax .
70		 Vaatasime Kohtla-Järve lähedal läbi viinaauru tuhamägesid , teisiti ei julgenud . 	vaatama Kohtla-Järve lähedal läbi viinaaur tuhamägi , teisiti ei julgema|julgenud .
70		 Mingi hetk olime Piiteris , aga tulime sealt ruttu tulema & siis olime juba Valgas . 	mingi hetk olema Piiter|Piiteri , aga tulema sealt ruttu tulema & siis olema juba Valga .
70		 Kõik toimus kosmilise kiirusega & segastel asjaoludel . 	kõik toimuma kosmiline kiirus & segane asjaolu .
70		 Olime Rauliga nii kuradi kurvad , et mistahes geograafiline punkt oli võrdselt hea & tähtsust polnud ka millelgi . 	olema Raul nii kurat kurb , et mistahes geograafiline punkt olema võrdselt hea & tähtsus olema ka miski .
70		 Tutvusime vähemalt kahekymne suvalise inimesega , ööbisime poolvõõraste juures või lihtsalt seal , kus parajasti juhtus , sõime seda , mida juhuslikult pakuti – yxkõik . 	tutvuma vähemalt kahekymne suvaline inimene , ööbima poolvõõras juures või lihtsalt seal , kus parajasti juhtuma , sööma see , mis juhuslikult pakkuma - yxkõik .
70		 Ise kogu aeg pooliti mingis enda hingetontide maailmas & nii õnnetu , et kole . 	ise kogu aeg pooliti mingi ise hingetont maailm & nii õnnetu , et kole .
71		 Igatahes eile avastasin : tere , kodulinn Tallinn ! 	igatahes eile avastama : tere , kodulinn Tallinn !
71		 Sedagi alles pärast 23-tunnist und oma voodis . 	see alles pärast 23tunnine uni oma voodi .
71		 Koos esmapilgul tundmatu tytarlapsega . 	koos esmapilk tundmatu tytarlaps .
71		 Hilisema vestluse käigus selgus , et me olime ta lihtsalt kuskilt Tartu & Võru vahelisest kylast kaasa võtnud . 	hilisem vestlus käigus selguma , et mina olema tema lihtsalt kuskilt Tartu & Võru vaheline kyla kaasa võtma|võtnud .
71		 Siis meenus see suvila keset avarat tyhja maastikku mulle tõepoolest , õigemini tunne , mis seal oli . 	siis meenuma see suvila keset avar tyhja maastik mina tõepoolest , õigemini tunne , mis seal olema .
71		 Nagu olex toimunud tuumasõda & meie seal suvilas keset lagedaid-lagedaid välju ainsad , kes veel maailmas elus . 	nagu olex toimuma|toimunud tuumasõda & mina seal suvila keset lagedaid-lage väli ainus , kes veel maailm elu .
71		 Õudne oli . 	õudne olema .
72		 Läksin tuppa . 	minema tuba .
72		 Villem saatis mind jälle pilguga , aga järele enam ei tulnud . 	Villem saatma mina jälle pilk , aga järele enam ei tulema|tulnud .
72		 Teised õnneks ei märganud , et ma tuppa läksin . 	teine õnn ei märganud|märkama , et mina tuba minema .
72		 Köök oli tühi . 	Köök olema tühi .
72		 Minu tuba ka . 	mina tuba ka .
72		 Samuti Rita tuba ja suur ruum . 	samuti Rita tuba ja suur ruum .
72		 Aga kui tagumise kambri ukse taga peatusin , kuulsin seest sosistamist . 	aga kui tagumine kamber uks taga peatuma , kuulma seest sosistamine .
72		 Kuulatasin natuke aega . 	kuulatama natuke aeg .
72		 Võimatu oli eksida , seal oldi kahekesi . 	võimatu olema eksima , seal olema kahekesi .
72		 Hääli ei eristanud , aga raudselt oli seal neid kaks . 	hääli ei eristama|eristanud , aga raudselt olema seal tema kaks .
72		 Kes ? 	kes ?
72		 Süda aimas halba , aga ikkagi paotasin ettevaatlikult ust . 	süda aimama halb , aga ikkagi paotama ettevaatlikult uks .
72		 Hämaras toas diivanil lamas kaks inimest tihedalt teineteise ligi . 	hämar tuba diivan lamama kaks inimene tihedalt teineteise ligi .
72		 Mõned allasurutud naeruturtsatused , voodiriiete kahin , väike kolksatus põrandal – midagi kukkus maha . 	mõni allasurutud naeruturtsatus , voodiriie kahin , väike kolksatus põrand - miski kukkuma maha .
72		 Lähem kogu pööras end veidi ja hakkas käega diivani ees kobama , silm seletas ta nägu , aga ma keeldusin seda uskumast . 	lähem kogu pöörama ise veidi ja hakkama käsi diivan ees kobama , silm seletama tema nägu , aga mina keelduma see uskuma .
72		 Liigutasin vist kogemata või liikus uks , igatahes pööras see inimene näo ukse poole ja nüüd ei jäänud enam võimalust eksida . 	liigutama vist kogemata või liikuma uks , igatahes pöörama see inimene nägu uks poole ja nüüd ei jääma|jäänud enam võimalus eksima .
72		 Ilmselgelt oli see Timo , kes läbi hämaruse mulle otsa vaatas nii võõra ja kauge näoga nagu ei kunagi keegi . 	ilmselgelt olema see Timo , kes läbi hämarus mina otsa vaatama nii võõras ja kauge nägu nagu ei kunagi keegi .
73		 “ Mis on ? ” küsis vaikne hele hääl ta selja taga ning ajas end istukile , ma tõmbasin ukse räpakalt kinni ja põgenesin läbi kõigi tubade kööki , hingeldades toetasin käed solgipange äärtele ning oksendasin . 	“ mis olema ? ” küsima vaikne hele hääl tema selg taga ning ajama ise istukile , mina tõmbama uks räpakalt kinni ja põgenema läbi kõik tuba köök , hingeldama toetama käsi solgipang äär ning oksendama .
73		 Köök keerles , äsjanähtud näod keerlesid , terve suur maailm käis mu silme ees ringi ja ringi . 	Köök keerlema , äsjanähtud nägu keerlema , terve suur maailm käima mina silm ees ringi ja ringi .
73		 Nutsin ja oksendasin endast välja kõik , mis olin täna õhtul tundnud , näinud ja joonud . 	nutma|nutsima ja oksendama ise välja kõik , mis olema täna õhtu tundma|tundnud , nägema|näima|näinud ja jooma|joonud .
73		 Õnneks ei tulnud keegi , nii et polnud vaja välja mõelda vabandusi oma täiesti tobedale käitumisele . 	Õnneks ei tulema|tulnud keegi , nii et olema vaja välja mõtlema vabandus oma täiesti tobe käitumine .
74		 Siis võtsin väriseva käega kopsiku ja ammutasin puhast vett silmapesukaussi , pistsin näo kõrvuni külma vette ja hoidsin hinge kinni , aga nutt tuli ikka edasi , ja siis mul hakkas hirm , kas see üldse läheb kunagi üle . 	siis võtma värisev käsi kopsik ja ammutama puhas vesi silmapesukauss , pistma nägu kõrv külm vesi ja hoidma hing kinni , aga nutt tulema ikka edasi , ja siis mina hakkama hirm , kas see üldse minema kunagi üle .
74		 Äkki jääbki kõik nüüd nii ? 	äkki jääma kõik nüüd nii ?
74		 Äkki jääbki see kohutav valu mu sisse igaveseks , ja kuidas on siis ometi võimalik sellega edasi elada ? 	äkki jääma see kohutav valu mina sisse igaveseks , ja kuidas olema siis ometi võimalik see edasi elama ?
74		 Oh ema , ema , ema – kuidas sina küll sellega hakkama said ? 	oh ema , ema , ema - kuidas sina küll see hakkama saama ?
75		 Õuelt kostis lärmi . 	Õuelt kostma lärm .
75		 Lippasin köögiaknale vaatama . 	lippama köögiaken vaatama .
75		 Näe , öised ujujad olidki tagasi ! 	nägema , öine ujuja olema tagasi !
75		 Huvitav , mis nad räägivad ? 	huvitav , mis tema rääkima ?
75		 Tirisin püksid uuesti jalga , panin kampsuni tagasi selga ja läksin ka välja vaatama , mida kuulukse . 	tirima püks uuesti jalga , panema kampsun tagasi selg ja minema ka välja vaatama , mis kuuluksema .
75		 Uni oli nagu peoga pühitud . 	uni olema nagu peo|pidu pühitud|pühkima .
76		 Lõkke ümber naerdi ja löödi lõbusalt lärmi . 	lõke ümber naerma ja lööma lõbusalt lärm .
76		 Vesi oli olnud soojem kui päeval . 	vesi olema olema|olnud soojem kui päev .
76		 Nad olid Võsul ka mingil peol käinud . 	tema olema Võsu ka mingi peo|pidu käima|käinud .
76		 Ujuma jõuti alles tagasiteel . 	ujuma jõudma alles tagasitee .
76		 Lõbus oli olnud . 	lõbus olema olema|olnud .
77		 “ Lollid olite , et ei tulnud ! ” ütles Juss . “ Lahe oli ! 	“ loll olema , et ei tulema|tulnud ! ” ütlema Juss . “ laht olema !
77		 Oleg läks nii kõvaks meheks kätte , et kukkus vahepeal tibisid murdma , hirmutas pool Võsu ära ja lõpuks jäigi kuskile maha , ei mina tea . 	Oleg minema nii kõva mees käsi , et kukkuma vahepeal tib|tibi murdma , hirmutama pool Võsu ära ja lõpuks jääma kuskile maha , ei mina teadma .
77		 Ujuma veel tuli , aga siis kadus kuskile . 	ujuma veel tulema , aga siis kaduma kuskile .
77		 Ju ta jälle tibidesse läks . 	ju tema jälle tib|tibi minema .
77		 Kogu aeg tahtis igale poole minna . ” 	kogu aeg tahtma iga poole minema . ”
78		 “ Ujumas käis ? ” küsis Villem ja süütas sigareti . 	“ ujuma käima ? ” küsima Villem ja süütama sigaret .
79		 “ Nojah , oli esimene , kes vette läks . 	“ nojah , olema esimene , kes vesi minema .
79		 Siis tulime teistega ka , möllasime seal natuke , välja tulla oli natuke jahe , siis panimegi ruttu riidesse ja hakkasime tempoga tulema , et jälle sooja saada . ” 	siis tulema teine ka , möllama seal natuke , välja tulema olema natuke jahe , siis panema ruttu riie ja hakkama tempo tulema , et jälle soe saama . ”
80		 “ Millal te nägite , et Oleg on kadunud ? ” küsis Villem ikka . 	“ millal sina nägema , et Oleg olema kaduma|kadunud ? ” küsima Villem ikka .
81		 “ Noh , mina ei tea . 	“ noh , mina ei teadma .
81		 Koduteel vist . 	kodutee vist .
81		 Või mida teie arvate ? ” pöördus Juss teiste poole . 	või mis sina arvama ? ” pöörduma juss teine poole .
82		 “ Koju ta küll meiega ei tulnud , ” arvas Anti . “ Ju ta sealt mere äärest kuskile läks . ” 	“ kodu tema küll mina ei tulema|tulnud , ” arvama Anti . “ ju tema sealt meri äärest kuskile minema . ”
83		 “ Tähendab , keegi ei mäleta , et ta oleks teiega mere äärest ära tulnud ? ” päris Villem ikka edasi , nüüd juba natuke kannatamatult . 	“ tähendama , keegi ei mäletama , et tema olema sina meri äärest ära tulema|tulnud ? ” pärima Villem ikka edasi , nüüd juba natuke kannatamatult .
84		 “ Mis sa mängid jälle mingit politseid või , ” urises Anti . “ Küll see Oleg välja ilmub , ta on ennegi selliseid nalju teinud . 	“ mis sina mängima jälle mingi politsei või , ” urisema Anti . “ küll see Oleg välja ilmuma , tema olema ennegi selline nali tegema|teinud .
84		 Asi kah , mille pärast närvitseda . ” 	asi kah , mis pärast närvitsema . ”
85		 “ Ei , rahu ! 	“ ei , rahu !
85		 Ma ainult ju küsin , paljugi mis . 	mina ainult ju küsima , palju mis .
85		 Mis sa kohe pahandad . 	mis sina kohe pahandama .
85		 Rita ja Kristel , kas teie nägite Olegi veest välja tulemas ? ” 	Rita ja Kristel , kas sina nägema Oleg vesi välja tulema ? ”
86		 Tüdrukud vaatasid teineteisele otsa . 	tüdruk vaatama teineteise otsa .
87		 “ Ei , miks me pidime teda passima . 	“ ei , miks mina pidama tema passima .
87		 Meil oli muudki teha . ” 	mina olema muu tegema . ”
88		 Villem suitsetas mõtlikult . 	Villem suitsetama mõtlikult .
88		 Teised urgitsesid omale lõbusalt kartuleid välja ja jagelesid omavahel nagu ikka , muretud ja heatujulised . 	teine urgitsema oma lõbusalt kartul välja ja jagelema omavahel nagu ikka , muretu ja heatujuline .
88		 Siis tõusis Villem püsti ja käis põõsastes ära , siis tuli minu juurde . 	siis tõusma Villem püsti ja käima põõsas ära , siis tulema mina juurde .
89		 “ Teeme ühe sõidu , ah ? ” 	“ tegema üks sõit , ah ? ”
90		 “ Jaa ! ” hüüdsin rõõmsalt . “ Aga kiiver ? ” 	“ jaa ! ” hüüdma rõõmsalt . “ aga kiiver ? ”
91		 Villem kehitas õlgu . 	Villem kehitama õlg .
92		 “ Loodame , et vahele ei jää . 	“ lootma , et vahele ei jääma .
92		 Tuli väike sõidutuju ja üksi ei viitsi . ” 	tulema väike sõidutuju ja üksi ei viitsima . ”
93		 Olime juba ratta juures , kui meie äraminekuplaani märgati . 	olema juba ratas juures , kui mina äraminekuplaan märkama .
94		 “ Kus te lähete ? ” hõikas Rensa . 	“ kus sina minema ? ” hõikama Rensa .
95		 “ Sõidame natuke , ” vastas Villem ja lõi tsikli käima . 	“ sõitma natuke , ” vastama Villem ja looma|lööma tsikkel käima .
95		 Istusin ruttu ta selja taha ja võtsin istme ääre alt kätega kinni . 	istuma ruttu tema selg taha ja võtma iste äär alt käsi kinni .
95		 Nii oli kuidagi lahedam kui lihtsalt eesolijast hoida . 	nii olema kuidagi lahedam kui lihtsalt eesolija hoidma .
95		 Juba me põrutasimegi hoovist välja . 	juba mina põrutama hoov välja .
95		 Tore , et siin eriti teisi inimesi ei ela , mõtlesin , see põrgumürin ärataks nad kindlasti üles . 	tore , et siin eriti teine inimene ei elama , mõtlema , see põrgumürin äratama tema kindlasti üles .
96		 Suurele teele jõudes pani Villem kiirust juurde . 	suur tee jõudma panema Villem kiirus juurde .
96		 Tuul lõikas läbi kampsuni ja pidi patsikummi peast ära puhuma , aga imelikul moel ei olnud see sõidutuul üldse külm , hoopis lahe . 	tuul lõikama läbi kampsun ja pidama patsikumm|patsikummi pea ära puhuma , aga imelik mood ei olema|olnud see sõidutuul üldse külm , hoopis lahe .
96		 Ega me kiiresti sõita kaua saanudki , sest Villem juhtis ratta Võsule sisse ja keeras siis alla randa . 	ega mina kiiresti sõitma kaua saama , sest Villem juhtima ratas Võsu sisse ja keerama siis alla rand .
96		 Varahommikune meri oli imeilus , päikesetõusueelne aeg pani vee triipudena sätendama . 	varahommikune meri olema imeilus , päikesetõusueelne aeg panema vesi triip sätendama .
96		 Ronisime rattalt maha , Villem süütas sigareti . 	ronima ratas maha , Villem süütama sigaret .
97		 “ Miks me siia tulime ? ” küsisin . “ Tahtsid ka ujuma tulla või ? 	“ miks mina siia tulema ? ” küsima . “ tahtma ka ujuma tulema või ?
97		 Me ei võtnud ju kuivatamiseks midagi kaasa , mul pole trikood ka . ” 	mina ei võtma|võtnud ju kuivatamine miski kaasa , mina olema trikoo ka . ”
98		 “ Vaatame ikka enne , kas me siin üldse ujuda tahame , ” vastas ta mõtlikult . 	“ vaatama ikka enne , kas mina siin üldse ujuma tahtma , ” vastama tema mõtlikult .
99		 “ Ega sul hirm ole ? ” 	“ ega sina hirm olema ? ”
100		 Raputasin pead , aga see tuli vist üsna kõhklevalt välja . 	raputama pea , aga see tulema vist üsna kõhklevalt välja .
101		 “ Äkki viin su hoopis koju ema juurde ? ” 	“ äkki viima sina hoopis kodu ema juurde ? ”
102		 Nüüd sain ma küll pahaseks ! 	nüüd saama mina küll pahane !
102		 Mida ta endast ometi mõtleb ? 	mis tema ise ometi mõtlema ?
103		 “ Saan hakkama , ” sisistasin tigedalt , keerasin selja ja läksin maja poole . 	“ saama hakkama , ” sisistama tigedalt , keerama selg ja minema maja poole .
104		 “ Ära nüüd solvu , kuule ! ” hõikas ta mulle järele . “ Ma mõtlesin seda tõsiselt . 	“ ära nüüd solvuma , kuulma ! ” hõikama tema mina järele . “ mina mõtlema see tõsiselt .
104		 Ma võiksin su rattaga ära viia , kui sa ainult tahaksid ! ” 	mina võima sina ratas ära viima , kui sina ainult tahtma ! ”
105		 “ Ära haletse , ma ise tahtsin nii . 	“ ära haletsema , mina ise tahtma nii .
105		 Ja ma saan hakkama . 	ja mina saama hakkama .
105		 Kui ma sulle närvidele käin , otsin endale parem mõne teise koha , et sul poleks vaja lapsehoidjat mängida . 	kui mina sina närv käima , otsima ise parem mõni teine koha|koht , et sina olema vaja lapsehoidja mängima .
105		 Selles on asi või ? 	see olema asi või ?
105		 Ma saan väga vabalt hakkama ilma sinu hoolitsuseta , tänan väga ! 	mina saama väga vabalt hakkama ilm sina hoolitsus , tänama väga !
105		 Minu pärast ei ole sul küll vaja pingutada . 	mina pärast ei olema sina küll vaja pingutama .
105		 Mine koju ja jäta mind rahule . ” 	minema kodu ja jätma mina rahule . ”
106		 “ Ma tulen sind ikkagi õhtul vaatama , ” hüüdis Villem mulle järele . “ Teeme nii , et seni sa siit ära ei lähe , eks ! ? ” 	“ mina tulema sina ikkagi õhtu vaatama , ” hüüdma Villem mina järele . “ tegema nii , et seni sina siit ära ei minema , eks ! ? ”
107		 Lõin majaukse kõmaki kinni . 	looma|lööma majauks kõmak kinni .
107		 Õige mul vaja ! 	õige mina vaja !
107		 Kadugu minema oma manitsemiste ja targutamisega . 	kaduma minema oma manitsemine ja targutamine .
107		 Ema juurde ! 	ema juurde !
107		 Isegi Villem ei võta mind tõsiselt . 	isegi Villem ei võtma mina tõsiselt .
107		 Kuidas ta aru ei saa ! 	kuidas tema aru ei saama !
107		 Ma otsustasin ära tulla ja tulingi . 	mina otsustama ära tulema ja tulema .
107		 See oli minu tehtud otsus ja ma olin algul nii kindel , et see on õige . 	see olema mina tegema|tehtud otsus ja mina olema algul nii kindel , et see olema õige .
107		 Nüüd ma ei ole enam selles nii kindel . 	nüüd mina ei olema enam see nii kindel .
107		 Aga nüüd on juba liiga hilja minna ja ema ümber nurruda : ma arvasin , et tema petab mind , aga hoopis mina ise olen ta reetnud . 	aga nüüd olema juba liiga hilja minema ja ema ümber nurruma : mina arvama , et tema petma mina , aga hoopis mina ise olema tema reetma|reetnud .
107		 Ja ma pole selle üle põrmugi õnnelik , ma olen siin üksinda keset mingit jama , ma ei tea üldse , mis mu tulevikust saab ja kas üldse midagi saab . 	ja mina olema see üle põrmugi õnnelik , mina olema siin üksinda keset mingi jama , mina ei teadma üldse , mis mina tulevik saama ja kas üldse miski saama .
107		 Kui sügis tuleb , siis ma parem külmun siin surnuks . 	kui sügis tulema , siis mina parem külmuma siin surnud .
107		 Kuidas Villem võib ometi olla nii loll ja arvata , et on nii lihtne lüüasaanuna , häbiga tagasi minna ? 	kuidas Villem võima ometi olema nii loll ja arvama , et olema nii lihtne lüüasaanu , häbi tagasi minema ?
108		 Õuest kostis mootorratta podinat . 	Õuest kostma mootorratas podin .
108		 Villem läks siis nüüd koju . 	Villem minema siis nüüd kodu .
108		 Aga äkki ta solvus mu peale ega tule tõesti enam tagasi ? 	aga äkki tema solvuma mina peale ega tulema tõesti enam tagasi ?
108		 Ja siis , küsis mu sees väike tige Ann , ja siis ? ! 	ja siis , küsima mina sees väike tige Ann , ja siis ? !
108		 Ma tõesti ei tea … mul on hirm selle ees , mis tuleb , mis minust niimoodi saab , ja ma tunnen ennast abitu ja üksikuna , vastas jälle üks teine Ann . 	mina tõesti ei teadma … mina olema hirm see ees , mis tulema , mis mina niimoodi saama , ja mina tundma ise abitu ja üksik , vastama jälle üks teine Ann .
108		 Ja oh , see kõik on nii keeruline ja raske . 	ja oh , see kõik olema nii keeruline ja raske .
108		 Kui ainult poleks nii õudselt vaikne ! 	kui ainult olema nii õudselt vaikne !
109		 Käisin läbi kõik toad . 	käima läbi kõik tuba .
109		 Sundisin end vaatama segadust neis , laialiloobitud riideesemeid , musti laokilejäetud toidunõusid ja õllepudeleid , kokku panemata magamisasemeid , vedelevaid pakendeid ja üle ääre ajavateks tuhatoosideks muudetud konservikarpe ning purgikaasi . 	sundima ise vaatama segadus see , laialiloobitud riideese , must laokilejäetud toidunõu ja õllepudel , kokku panema magamisase , vedelev pakend ja üle äär ajav tuhatoos muudetud|muutma konservikarp ning purgikaas .
109		 Ilge . 	Ilge .
109		 Millal ma selle kõik ära koristada jõuan ? 	millal mina see kõik ära koristama jõudma ?
109		 Reena seda küll näha ei tohi . 	Reena see küll nägema ei tohtima .
109		 Seljakott . 	seljakott .
109		 Kas Olegi oma või keegi unustas ? 	kas Oleg oma või keegi unustama ?
109		 Pole tähtis . 	olema tähtis .
109		 Tuleb lihtsalt kuskile ära panna , et kunagi keegi selle kätte saaks . 	tulema lihtsalt kuskile ära panema , et kunagi keegi see kätte saama .
109		 Kes ? 	kes ?
109		 Millal ? 	millal ?
110		 Magada . 	magama .
110		 Ainult magada . 	ainult magama .
110		 Hiljem söön ja koristan . 	hiljem sööma ja koristama .
110		 Siis vaatan , mis edasi saab . 	siis vaatama , mis edasi saama .
111		 Panin oma toas ukse haaki . 	panema oma tuba uks haak .
111		 Natuke kõhe oli , maja tundus liiga vaikne ja suur . 	natuke kõhe olema , maja tunduma liiga vaikne ja suur .
111		 Iga samm , iga liigutus kostusid eksinu ja ülearusena . 	iga samm , iga liigutus kostuma eksinu ja ülearune .
111		 Õnn veel , et on hommik ja valge . 	õnn veel , et olema hommik ja valge .
111		 Kui jube siin võib veel öösiti olla ? 	kui jube siin võima veel öösiti olema ?
112		 Nüüd oli kell juba pool üheksa saanud ja mina ikka ootasin , endal kõhus läheneva äikesetormi tunne . 	nüüd olema kell juba pool üheksa saama|saanud ja mina ikka ootama , ise kõht lähenev äikesetorm tunne .
112		 Talumatult süüdlaslik ja ärev . 	talumatult süüdlaslik ja ärev .
112		 Kaua me siit Tallinna sõidame ? 	kaua mina siit Tallinn sõitma ?
112		 Kaua veel “ praadida ” tuleb ? 	kaua veel “ praadima ” tulema ?
113		 Jäin pakule tukkuma . 	jääma pakk tukkuma .
113		 Öö oli nagunii olnud kuri teab mis , aga ju organism nõudis ka oma . 	öö olema nagunii olema|olnud kuri teadma mis , aga ju organism nõudma ka oma .
113		 Päike soojendas nii mõnusasti , pea langes rinnale ja silmad vajusid kinni . 	päike soojendama nii mõnusasti , pea langema rind ja silm vajuma kinni .
113		 Nägin isegi und : olime emaga loomaaias . 	nägema isegi uni : olema ema loomaaed .
113		 Mina olin väike ja mul oli seljas ema tikitud piibelehtedega kleit ning millegipärast kõrge kontsaga kingad jalas . 	mina olema väike ja mina olema selg ema tikitud|tikkima piibeleht kleit ning millegipärast kõrge konts king jalg .
113		 Mul oli paha käia , need kingad olid mulle kohutavalt suured ja tee pealegi kruusatatud , nii et ma pidin äärepealt ninali lendama , aga õnneks hoidis ema mul käest kinni . 	mina olema paha käima , see king olema mina kohutavalt suur ja tegema pealegi kruusatama|kruusatatud , nii et mina pidama äärepealt ninali lendama , aga õnn hoidma ema mina käsi kinni .
113		 Ta vaatas allapoole ja imestas : 	tema vaatama allapoole ja imestama :
114		 “ Oi , Annu , miks sa sellised kingad oled endale jalga ajanud , sa ei saa ju niiviisi käia ! 	“ oi , Annu , miks sina selline king olema ise jalg ajama|ajanud , sina ei saama ju niiviisi käima !
114		 Isegi mina ei kanna ju nii kõrge kontsaga kingi ! ” 	isegi mina ei kandma ju nii kõrge konts king ! ”
115		 Ja mina häbenesin kohutavalt , eriti kui vaatasin ema jalgu tema madalates õhukesest nahast poolsaabastes . 	ja mina häbenema kohutavalt , eriti kui vaatama ema jalg tema madal õhuke nahk poolsaabas .
115		 Tõesti , ma ei mäleta ta jalas kõrgeid kingi . 	tõesti , mina ei mäletama tema jalg kõrge king .
115		 Ja ma olin unes püsti hädas , et mitte komistada , muudkui kakerdasin mööda killustikuga kaetud teed , aga kingi ka jalast ära ei võtnud . 	ja mina olema uni püsti häda , et mitte komistama , muudkui kakerdama mööda killustik kaema|kaetud|katma tee , aga kinkima ka jalg ära ei võtma|võtnud .
116		 Lõpuks ema kummardus mu juurde alla ja võttis mu sülle . 	lõpuks ema kummarduma mina juurde alla ja võtma mina süli .
117		 “ Las ma siis juba parem kannan sind , muidu me ei jõuagi ahvide juurde , ” ütles ta naeruse häälega ja mul oli nii hea meel , et ta pole põrmuga pahane ega riidlegi minuga . 	“ las mina siis juba parem kandma sina , muidu mina ei jõudma ahv juurde , ” ütlema tema naerune hääl ja mina olema nii hea meel , et tema olema põrm pahane ega riidlema mina .
