par_nr	head	sentence	lemmas
1	 Kohtumine 	 Kohtumine 	kohtumine
2		 Siim Veskimees 	Siim Veskimees
3		 Autori märkus : See jutustus on kirjutatud 1984-ndal aastal , 1999 tehtud muudatused piirduvad enamasti lauseehitusega . 	autor märkus : see jutustus olema kirjutama|kirjutatud 1984s aasta , 1999 tegema|tehtud muudatus piirduma enamasti lauseehitus .
3		 Tugevasti on aga ajakohastatud viimast osa . 	tugevasti olema aga ajakohastama|ajakohastatud viimane osa .
3		 Idee on sama mis algselt , ent kontekst on vastavusse viidud tegelikkusega , mida 84-ndal ette näha ei võinud . 	idee olema sama mis algselt , ent kontekst olema vastavus viidud|viima tegelikkus , mis 84s ette nägema ei võima|võinud .
4		 [Tallinn , 1984 ] 	[ Tallinn , 1984 ]
5		 Trevor keeras parajasti kuubikut , kui telefon helises . 	Trevor keerama parajasti kuubik , kui telefon helisema .
5		 Ta oli end sisse seadnud vanamoodsas , kuid ülimalt mugavas tugitoolis , jalad olid tal diivanilauale asetatud padjal ja varvaste vahel vilkus kantava teleka pilt . 	tema olema ise sisse seadma|seadnud vanamoodne , kuid ülimalt mugav tugitool , jalg olema tema diivanilaud asetama|asetatud padi ja varvas vahel vilkuma kantav telekas pilt .
5		 Telefonist välja tegemata keeras ta kuubikut veel paar korda , silmitses seda igast küljest , noogutas endamisi rahulolevalt , sirutas siis käe ja haaras kobamisi telefonitoru . 	telefon välja tegema keerama tema kuubik veel paar kord , silmitsema see iga külg , noogutama endamisi rahulolevalt , sirutama siis käsi ja haarama kobamisi telefonitoru .
6		" "" Scotland Yard , "" ühmas ta . "	""" Scotland Yard , "" ühmama tema ."
7		" "" Kas sa ei või end vähe kiiremini liigutada , topis sihuke ! "" "	""" kas sina ei võima ise vähe kiiremini liigutama , topis sihuke ! """
8		" "" Väga meeldiv , Trevor . "" "	""" väga meeldiv , Trevor . """
8		 Ta kallutas toru kõrvast eemale , kui teises otsas ta kohta mahlakalt arvamust avaldati , nihutas jalad laiali ja vaatas hajameelselt telekat . 	tema kallutama toru kõrv eemale , kui teine ots tema kohta mahlakalt arvamus avaldama , nihutama jalg laiali ja vaatama hajameelselt telekas .
9		" "" Hei , kuhu sa kadusid , uuuuu , "" kostis vaikselt . "	""" hei , kuhu sina kaduma , uuuuu , "" kostma vaikselt ."
9		 Ta surus toru uuesti vastu kõrva . 	tema suruma toru uuesti vastu kõrv .
10		" "" Lähme siis või ? "" "	""" minema siis või ? """
11		" "" Lähme , lähme — nojah , lähme , "" jätkas teine sama hooga . "	""" minema , minema - nojah , minema , "" jätkama teine sama hoog ."
11		" "" Oled punkt pool kaheksa Balti jaamas . "	""" olema punkt pool kaheksa Balt|Balti jaam ."
11		 Kordan — punkt pool kaheksa . 	kordama - punkt pool kaheksa .
11		" Eriti juhmidele — kordan veel kord — punkt pool kaheksa , sest buss läheb üheksateist kolmkümmend viis ja iga sita pärast ta ootama ei hakka . "" "	"eriti juhm - kordama veel kord - punkt pool kaheksa , sest buss minema üheksateist kolmkümmend viis ja iga sitt pärast tema ootama ei hakkama . """
12		" "" Kuidas plikad välja näevad ? "" küsis Trevor häirimatult . "	""" kuidas plika välja nägema ? "" küsima Trevor häirimatult ."
13		" "" Kuidas sa ise välja näed , protivogaas ! "	""" kuidas sina ise välja nägema , protivogaas !"
13		 Tule kohale ja ära virise . 	tulema kohale ja ära virisema .
13		" Busside teadetetahvli juures seal trammipeatuse lähedal — tead , kus see on ? "" "	"buss teadetetahvel juures seal trammipeatus lähedal - teadma , kus see olema ? """
14		" "" Tean küll . "	""" teadma küll ."
14		" Aga kõigepealt vaatan kaugelt ja kui need on laiatarbekrokodillid , tuleb sul üksi kahele peale minna , mina pesen käed puhtaks . "" "	"aga kõigepealt vaatama kaugelt ja kui see olema laiatarbekrokodill , tulema sina üksi kaks peale minema , mina pesema käsi puhas . """
15		" "" Puhu sa mul , sa oled nagu elektrijänes kohal , kui plikade järele lõhnab ... "" "	""" puhuma sina mina , sina olema nagu elektrijänes koha|koht , kui plika järele lõhnama ... """
16		" "" Homo sum , humani nil ... "" "	""" homo sum , human|humani nil ... """
17		" "" Ära sega vahele ja katsu õigeks ajaks kohal olla ja mitte marki täis teha . "	""" ära segama vahele ja katsuma õige aeg kohal olema ja mitte mark täis tegema ."
17		" Kairet tead ? "" "	"Kaire teadma ? """
18		" "" Ei tea . "" "	""" ei teadma . """
19		" "" Sul jääb karp lahti , kui teda näed . "	""" sina jääma karp lahti , kui tema nägema ."
19		" Sõbrants pidi samasugune olema . "" "	"Sõbrants pidama samasugune olema . """
20		" "" Loodame . "" "	""" lootma . """
21		" "" Looda jah . "	""" lootma jah ."
21		" Ja ära piiritust unusta ja ole kohal . "" "	"ja ära piiritus unustama ja olema kohal . """
22		" "" Okay . "" "	""" Okay . """
23		 Kõne katkes . 	kõne katkema .
23		 Trevor viskas toru hargile ja heitis pilgu kellale . 	Trevor viskama toru hark ja heitma pilk kell .
23		 Pool seitse . 	pool seitse .
23		 Teatava varuga peab ta seitse kümme siit astuma hakkama , varus on seega 40 minutit . 	teatav varu pidama tema seitse kümme siit astuma hakkama , varu olema seega 40 minut .
23		 Niikuinii läheb ta nendes samades kuluvates , pusa selga ajada on viisteist sekundit , Reinu jutt ei kohustanud millekski enamaks . 	niikuinii minema tema see sama kuluv , pusa selg ajama olema viisteist sekund , Rein jutt ei kohustama|kohustanud miski enam .
23		 Trevor tegi diplomaadi laua kohal lahti ja kallas tühjaks , katkus seejärel kassetika tagant kõik juhtmed ära ja asetas selle diplomaati , hakkas kassette valima . 	Trevor tegema diplomaat laud kohal lahti ja kallama tühi , katkuma seejärel kassetikk tagant kõik juhe ära ja asetama see diplomaat , hakkama kassett valima .
23		 Rein ei olnud seda küll maininud , kuid muusika oli sellistel õhtutel alati Trevori mure olnud . 	Rein ei olema|olnud see küll mainima|maininud , kuid muusika olema selline õhtu alati Trevor|Trevori mure olema|olnud .
23		 Telefon helises uuesti . 	Telefon helisema uuesti .
23		 Trevor heitis sellele kahtlustava pilgu , ohkas siis ja võttis toru . 	Trevor heitma see kahtlustav pilk , ohkama siis ja võtma toru .
24		" "" Scotland Yard . "" "	""" Scotland Yard . """
25		" "" Just . "	""" just ."
25		" Mõtle vee midagi tobedamat välja . "" "	"mõtlema vesi miski tobedam välja . """
26		" "" Mis sel viga ? "	""" mis see viga ?"
26		 Omad saavad aru , võõrad peletab minema ... 	oma saama aru , võõras peletama minema ...
26		" Noh ? "" "	"noh ? """
27		" "" Nojah , midagi ma sain . "	""" nojah , miski mina saama ."
27		" Mis asi see SETI õieti on ? "" "	"mis asi see settima õieti olema ? """
28		" "" Search for Extraterrestial Intelligence . "	""" Search for Extraterrestial Intelligence ."
28		 Maavälise mõistuse otsimine . 	Maaväline|Maavälis|Maavälise mõistus otsimine .
28		" Ise ei ole lugenud ? "" "	"ise ei olema lugema|lugenud ? """
29		" "" See on inglisekeelne . "	""" see olema inglisekeelne ."
29		 Ei viitsinud ajusid väänama hakata . 	ei viitsima|viitsinud aju väänama hakkama .
29		" On see UFO-dega seotud ? "" "	"olema see UFO seotud|siduma ? """
30		" "" Ei ole . "	""" ei olema ."
30		" See on rohkem , ütleme — transastraalne raadioamatörism . "" "	"see olema rohkem , ütlema - transastraalne raadioamatörism . """
31		" "" Jama ju . "	""" jamama ju ."
31		" Peaks olema selge , et kõrgemad tsivilisatsioonid on ammu meieni jõudnud , ja küsimus on nii , et kas me tunnustame seda ja loome sellega kõige algsema eelduse nende mõistmiseks . "" "	"pidama olema selge , et kõrgem tsivilisatsioon olema ammu mina jõudma|jõudnud , ja küsimus olema nii , et kas mina tunnustama see ja looma see kõige algsem eeldus see mõistmine . """
32		" "" Oota nüüd . "	""" ootama nüüd ."
32		" SETI on lihtsalt teine tee , püütakse luua kõigepealt sidemeid enam-vähem endataolistega , ma mõtlen tehniliselt tasemelt . "" "	"Seti olema lihtsalt teine tee , püüdma looma kõigepealt side enam-vähem endataoline , mina mõtlema tehniliselt tase . """
33		" "" Ent võimalus siinsamas ühel momendi kohata supereksisteerivat substantsi ... "" "	""" ent võimalus siinsamas üks moment kohtama supereksisteeriv substants ... """
34		" "" Ja siis ? "	""" ja siis ?"
34		 Kas sina oled selleks valmis ? 	kas sina olema see valmis ?
34		 Mida sa neilt ootad ? 	mis sina tema ootama ?
34		" Mis alusel sa nendega suhtled ? "" "	"mis alune|alus sina see suhtlema ? """
35		" "" Oeh , selle kohta on terve suur teooria . "	""" oeh , see kohta olema terve suur teooria ."
35		" Tõenäoliselt on nad oma põhiolemuselt ratsionalistlikud , nad on loogilised , kuigi see võib meile üle mõistuse käia . "" "	"tõenäoliselt olema tema oma põhiolemus ratsionalistlik , tema olema loogiline , kuigi see võima mina üle mõistus käima . """
36		" "" Mina seda ei usu . "	""" mina see ei uskuma ."
36		" Ma arvan , et meil tuleb valmis olla kõige halvemaks , ja ainus võimalus võõrastele selgeks teha vaid seda , et nad meile halba teevad , on relvajõud ... "" "	"mina arvama , et mina tulema valmis olema kõige halvem , ja ainus võimalus võõras selge tegema vaid see , et tema mina halb tegema , olema relvajõud ... """
36		 Trevor heitis pilgu kellale . 	Trevor heitma pilk kell .
36		" "" Tegelikult on mul üsna kiire . "	""" tegelikult olema mina üsna kiire ."
36		 Teeme nii , et ma astun homme su poolt läbi , siis räägime . 	tegema nii , et mina astuma homme sina poolt läbi , siis rääkima .
36		" Okay ? "" "	"Okay ? """
37		" "" Mhh ... "	""" mhh ..."
37		" Olgu , head õhtut . "" "	"olema , hea õhtu . """
38		 Noormees asetas toru hargile ja mõtles hetke , heitis siis peast välja kogu rutiinihulga , asjad , mida teha oleks vaja , ja muigas , püüdes kujutleda eelseisvat õhtut . 	noormees asetama toru hark ja mõtlema hetk , heitma siis pea välja kogu rutiinihulk , asi , mis tegema olema vaja , ja muigama , püüdma kujutlema eelseisev õhtu .
38		 Aega ei olnud enam üldse . 	aeg ei olema|olnud enam üldse .
39		 *** 	***
40		 Nemad neljakesi olid selles peatuses ainsad mahatulijad . 	tema neljakesi olema see peatus ainus mahatulija .
40		 Bussi uksed plaksatasid kinni ja ta punastest tuledest valgustatud ahter roomas üle madala kingu minema . 	buss uks plaksatama kinni ja tema punane tuli valgustama|valgustatud ahter roomama üle madal kink minema .
40		 Puhus külm tuul , mis ajas mööda tühja maanteed kuiva teralist lund . 	puhk külm tuul , mis ajama mööda tühi maantee kuiv teraline lumi .
40		 Sünkmust taevas rippus madalal , ainult õhukese lumega kaetud lagedamad alad valendasid kergelt . 	sünkmust taevas rippuma madalal , ainult õhuke lumi kaema|kaetud|katma lagedam ala valendama kergelt .
41		" "" Vastik külm . "" "	""" vastik külm . """
41		 Ingrid tõmbas jope kaeluse koomale . 	Ingrid tõmbama jope kaelus kooma .
41		 Trevor tajus tema hääles kerget kõhedust . 	Trevor tajuma tema hääl kerge kõhedus .
42		" "" Pole midagi , "" kuulutas Rein joviaalselt . "	""" olema miski , "" kuulutama Rein joviaalselt ."
42		" "" Varsti läheb olemine soojaks , te ise ka ei saa aru kui ruttu . "" "	""" varsti minema olemine soe , sina ise ka ei saama aru kui ruttu . """
43		" "" Esialgu aga ootab meid suvila , kus on enam-vähem sama külm kui väljas , "" urises Trevor . "	""" esialgu aga ootama mina suvila , kus olema enam-vähem sama külm kui väljas , "" urisema Trevor ."
43		" "" Oled sa kindel , et seal elektrit on ? "	""" olema sina kindel , et seal elekter olema ?"
43		" Ei ühtki tulukest , ma siin vaatan . "" "	"ei üks tuluke , mina siin vaatama . """
44		" "" Siin lihtsalt pole kedagi , sa peaksid teadma . "	""" siin lihtsalt olema keegi , sina pidama teadma ."
44		" Elektrit on ... kui tuul pole vahepeal traate maha ajanud , "" teatas ta muretult . "	"elekter olema ... kui tuul olema vahepeal traat maha ajama|ajanud , "" teatama tema muretult ."
45		" "" Läksime . "" "	""" minema . """
46		 Nad läksid paarsada meetrit mööda maanteed ja pöörasid siis vaevumärgatavale rajale metsa vahel . 	tema minema paarsada meeter mööda maantee ja pöörama siis vaevumärgatav rada|raja mets vahel .
46		 Siin oli veelgi pimedam , teed võis eristada vaid ähmase heledama koridorina . 	siin olema veelgi pimedam , tee võima eristama vaid ähmane heledam koridor .
46		 Maas olid kes teab kui vanad autojäljed ja igal sammul võis libiseda või komistada . 	maa olema kes teadma kui vana autojälg ja iga samm võima libisema või komistama .
46		 Rein läks ees , üks kott käes , teine õlale heidetud , tüdrukud , käed taskus ja pea õlgade vahele tõmmatud , tema järel . 	Rein minema ees , üks kott käsi , teine õlg heidetud|heitma , tüdruk , käsi tasku ja pea õlg vahele tõmbama|tõmmatud , tema järel .
46		 Trevor tuli viimasena , püüdes eesminejate kogemustele tuginedes parimat teed leida . 	Trevor tulema viimane , püüdma eesmineja kogemus tuginema parim tee leidma .
46		 Nende sammude kõma külmunud maapinnal oli ainus heli . 	see samm kõma külmuma|külmunud maapind olema ainus heli .
46		 Keegi ei lausunud sõnagi . 	keegi ei lausuma|lausunud sõna .
46		 Lõpuks avanes eespool väike lagendik , olid näha maja ähmased piirjooned . 	lõpuks avanema eespool väike lagendik , olema nägema maja ähmane piirjoon .
47		 Rein asetas kotid lumisele pingile ukse kõrval ja otsis võtme . 	Rein asetama kott lumine pink uks kõrval ja otsima võti .
47		 Lukk krigises ja suvila avanes nende ees tumeda koopana . 	lukk krigisema ja suvila avanema tema ees tume koobas .
47		 Rein ise astus üsna kindlalt pimedusse , kostis kolinat , kirumist , siis kääksatas veel mingi uks , sammud kaugenesid kusagil ruumis ja vaikisid . 	Rein ise astuma üsna kindlalt pimedus , kostma kolin , kirumine , siis kääksatama veel mingi uks , samm kaugenema kusagil ruum ja vaikima .
47		 Kümnekonna sekundi pärast kostis vaikne plõksatus ja tagapool süttis elektrivalgus , see heitis kõrgel asetsevatest akendest pisut kaldus kollakaid jugasid ümbrusele ja lagendik nagu sulgus nende ümbes . 	kümnekonn sekund pärast kostma vaikne plõksatus ja tagapool süttima elektrivalgus , see heitma kõrgel asetsev aken pisut kalduma kollakas juga ümbrus ja lagendik nagu sulguma tema ümbe .
47		 Tajutavaks maailmaks jäi vaid valgustatud ala . 	tajutav maailm jääma vaid valgustama|valgustatud ala .
47		 Rein tuli ettepoole tagasi ja pani ka siin igal pool tuled põlema . 	Rein tulema ettepoole tagasi ja panema ka siin iga pool tuli põlema .
48		" "" Astuge edasi ja tundke end nagu kodus . "" "	""" astuma edasi ja tundma ise nagu kodu . """
48		 Ta tõstis kotid sisse ja takseeris teisi . 	tema tõstma kott sisse ja takseerima teine .
48		" "" Mis te siin seisate nagu puuhobused ? "	""" mis sina siin seisma nagu puuhobune ?"
48		" Tulge sisse ja pange uks kinni . "" "	"tulema sisse ja pang uks kinni . """
49		" "" Ei näe erinevust , "" Trevor lükkas plikad enda ees sisse ja juhtis kaminaruumi , kuhu Rein oli varustuse maha pannud . "	""" ei nägema erinevus , "" Trevor lükkama plika ise ees sisse ja juhtima kaminaruum , kuhu Rein olema varustus maha panema|pannud ."
49		 Ta hakkas makki töökorda seadma , sellal kui tüdrukud ringi vahtisid ja majaga tutvusid . 	tema hakkama makk töökord seadma , sellal kui tüdruk ringi vahtima ja maja tutvuma .
49		 Rein kadus välja , oli kuulda , kuidas ta läheb katusel korstna juurde , siis tuli ta sisse tagasi , keeras siibri lahti ja pani kaminas valmispandud puudele tule alla . 	Rein kaduma välja , olema kuulma , kuidas tema minema katus korsten juurde , siis tulema tema sisse tagasi , keerama siiber lahti ja panema kamin valmispandud puu|puue tuli alla .
50		" "" Liikuge-liikuge , siis ei ole nii külm . "	""" liikuge-liikuma , siis ei olema nii külm ."
50		" Ouhh ! "" "	"ouhh ! """
50		 Viimast ütles ta selle peale , kui kamin talle pahvaka suitsu näkku saatis . 	viimane ütlema tema see peale , kui kamin tema pahvakas suits nägu saatma .
50		 Trevor sai makist jagu , see hakkas tööle . 	Trevor saama makk jagu , see hakkama töö .
51		" "" Treux , too puid . "" "	""" Treux , too puu . """
52		" "" Väljast või ? "" "	""" väljast võima ? """
53		" "" Võid seest võtta , need on kuivemad . "" "	""" võima seest võtma , see olema kuivem . """
54		 Trevor läks kaminaruumist tagasi verandale , mille kaudu nad olid sisse tulnud . 	Trevor minema kaminaruum tagasi veranda , mis kaudu tema olema sisse tulema|tulnud .
54		 Paremale jäi välisuks , vasakult pääses saunaruumidesse ja garaazhi , seal oligi talvine puudevaru . 	paremale jääma välisuks , vasakult pääsema saunaruum ja garaazh , seal olema talvine puudevaru .
54		 Puid sülle ladudes vaatas mees seal ringi — talvel polnud see kõige hubasem paik , sest sauna ei kasutatud ja kõik kohad olid koli täis . 	puu süli laduma vaatama mees seal ringi - tali|talv olema see kõige hubasem paik , sest saun ei kasutama|kasutatud ja kõik koha|koht olema koli täis .
54		 Suvel oli siin koroonalaud üleval , läbi garaazhi pääses saunast basseni — mjaa . 	suvi olema siin koroonalaud üleval , läbi garaazh pääsema saun basseni - mjaa .
54		 Trevor püüdis hinnata , palju sellelaadseid pidusid nad siin olid pidanud — tükki nelikümmend vähemalt . 	Trevor püüdma hindama , palju sellelaadne pidu tema siin olema pidama|pidanud - tükk nelikümmend vähemalt .
54		 Ta läks puusületäie all vaarudes tagasi , viskas need kamina kõrvale maha ja läks uute järele , et pärast poleks tüli . 	tema minema puusületäis all vaaruma tagasi , viskama see kamin kõrvale maha ja minema uus järele , et pärast olema tüli .
54		 Kui ta sellega valmis sai , olid teised joped maha ajanud ja askeldasid köögis . 	kui tema see valmis saama , olema teine jope maha ajama|ajanud ja askeldama köök .
54		 Trevor kohendas tuld ja vaatas üle teise toa , mis jäi köögi taha , lülitas seal sisse elektriradiaatori . 	Trevor kohendama tuli ja vaatama üle teine tuba , mis jääma köök taha , lülitama seal sisse elektriradiaator .
54		 Kaks neid tube siin oligi , üks , või kaminaruum oli selline , et mahutas suuremagi seltskonna , selle sopp pöördus ümber korstnajala , seal edasi korstna taga oli köök ja sealt pääseski teise tuppa . 	kaks see tuba siin olema , üks , või kaminaruum olema selline , et mahutama suurem seltskond , see sopp pöörduma ümber korstnajalg , seal edasi korsten taga olema köök ja sealt pääsema teine tuba .
54		 Kuna sellel mingit ahju polnud , oli magamine seal talvel võrdlemisi külm üritus — teinekordki eelistas kogu seltskond end magama seada kaminaruumi nurga- ja muidu diivanitel , selle asemel , et omaette elamist nautida . 	kuna see mingi ahi olema , olema magamine seal tali|talv võrdlemisi külm üritus - teinekord eelistama kogu seltskond ise magama seadma kaminaruum nurk ja muidu diivan , see asemel , et omaette elamine nautima .
55		 Nüüd viska Trevor ka lõpuks jope varna ja vaatas , mida teised teevad . 	nüüd viskama Trevor ka lõpuks jope varn ja vaatama , mis teine tegema .
55		 Tüdrukud olid osutunud üle ootuste asjalikeks , kui nad kord juba liikuma olid hakanud , Reinul jäi neile vaid töö kätte näidata . 	tüdruk olema osutuma|osutunud üle ootus asjalik , kui tema kord juba liikuma olema hakanud|hakkama , Rein jääma tema vaid töö kätte näitama .
55		 Kutt loopis paroole ja noris nendega — right style , nagu ta selle kohta ise tavatses öelda . 	kutt loopima parool ja norima see - right sty , nagu tema see kohta ise tavatsema ütlema .
55		 Alguse sunnitud momendist oldi ilmselt üle , sest plikad andsid vastu . 	algus sundima|sunnitud moment olema ilmselt üle , sest plika andma vastu .
56		 Trevor vaatas köögis ringi ja märkas arendamata töölõiku — ta otsis paraja kannu , pühkis selle lapiga üle ja valas sinna shampuse ja vanalinna segamini . 	Trevor vaatama köök ringi ja märkama arendamata töölõik - tema otsima paras kann , pühkima see lapp üle ja valama sinna shampus ja vanalinn segamini .
56		 Maitses ise ja saatis kannu ringi . 	Maitses ise ja saatma kann ringi .
56		 Ta silmitses Ingridit kõrvalt , kui see võileibu vorpis teha . 	tema silmitsema Ingrid kõrvalt , kui see võileib vorpima tegema .
56		 Plika nagu kompu , pole viga , mõtles ta endamisi . 	plika nagu kompu , olema viga , mõtlema tema endamisi .
56		 Huvitav , kuidas ta IQ-ga lood on ? 	huvitav , kuidas tema IQ lood|loog|lugu olema ?
56		 Loodetavasti mitte , nagu kahetsusväärselt tihti , välimusega pöördvõrdeline . 	loodetavasti mitte , nagu kahetsusväärselt tihti , välimus pöördvõrdeline .
56		 Teisest , Kairest oli tal juba selge pilt . 	teine , Kaire olema tema juba selge pilt .
56		 Kena väike blond nähvits , kes kuskil paigal ei püsi , armsa olemisega ja parajalt vaimukas . 	kena väike blond nähvits , kes kuskil paigal ei püsi , armas olemine ja parajalt vaimukas .
56		 Kust kurat see Rein pidevalt sihukesi välja traalib ? 	kust kurat see Rein pidevalt sihuke|sihukene välja traalima ?
56		 Trevor tundis seda tüüpi plikasid . 	Trevor tundma see tüüp plika .
56		 Nad leidsid ruttu heade eeldustega mehe ja abiellusid , kus siis kõik , mis neis köitvat oli , kiiresti mandus . 	tema leidma ruttu hea eeldus mees ja abielluma , kus siis kõik , mis tema köitev olema , kiiresti manduma .
56		 Aga nad ei tahtnudki tegelikult muud , kui auväärseks matrooniks saada , ja Trevor liigitas nad lootusetute juhtumite hulka . 	aga tema ei tahtma tegelikult muu , kui auväärne matroon saama , ja Trevor liigitama tema lootusetu juhtum hulka .
57		 Praegu jageles see Kaire seal Reinuga võileibade garneeringu asjus , sest viimane soovitas kindlasti absurdseid asju . 	praegu jagelema see Kaire seal Rein võileib garneering asi , sest viimane soovitama kindlasti absurdne asi .
58		" "" Kohvivesi keeb , "" teatas Ingrid . "	""" kohvivesi keema , "" teatama Ingrid ."
59		" "" No näed siis . "" "	""" no nägema siis . """
59		 Trevor hakkas kohvi otsima . 	Trevor hakkama kohv otsima .
60		" "" Kas poleks mõtet ta välja lülitada ? "" tüdruk piilus kannu poole . "	""" kas olema mõte tema välja lülitama ? "" tüdruk piiluma kann poole ."
61		" "" Mis ta'ga ikka juhtub ... "	""" mis tema ’ ga ikka juhtuma ..."
61		" Kohv on loomulikult kõige all . "" "	"kohv olema loomulikult kõige all . """
62		 Trevor tõstis kiiresti spiraali kannust veeämbrisse ja puistas pakist kohvi kannu , vaatas , kehitas õlgu ja puistas veel . 	Trevor tõstma kiiresti spiraal kann veeämber ja puistama pakk kohv kann , vaatama , kehitama õlg ja puistama veel .
62		 Kehitas uuesti õlgu , segas , mõtles , vangutas pead , viskas näpuotsatäie soola ja lõi kaane peale . 	kehitama uuesti õlg , segama , mõtlema , vangutama pea , viskama näpuotsatäis sool ja looma|lööma kaas peale .
62		 Ta vaatas korraks Ingridi poole , kes muiates ta tegevust jälgis . 	tema vaatama korraks Ingrid poole , kes muigama tema tegevus jälgima .
63		" "" Rein , palju sa harilikult kohvi paned ? "" "	""" Rein , palju sina harilikult kohv panema ? """
64		" "" Nii . "	""" nii ."
64		" Ja palju sa panid ? "" "	"ja palju sina panema ? """
64		 Rein pöördus ta poole , teda lauanoaga sihtides . 	Rein pöörduma tema poole , tema lauanuga sihtima .
65		" "" Bona fida . "" "	""" Bona fida . """
66		 Rein revideeris kohvipakki . 	Rein revideerima kohvipakk .
66		" "" Esimese katse kohta päris tubli . "" "	""" esimene katse kohta päris tubli . """
67		 Just sel momendil lõppes kassett . 	just see moment lõppema kassett .
68		" "" Treux , kus kann on ? "" "	""" Treux , kus kann olema ? """
69		" "" Ilma ei saa minna kassetti vahetama ? "	""" ilma ei saama minema kassett vahetama ?"
69		" Minu käes . "" "	"mina käes . """
69		 Ta ulatas nõutava . 	tema ulatama nõutav .
69		 Rein vahetas kasseti ja tuulas seal midagi . 	Rein vahetama kassett ja tuulama seal miski .
70		" "" Kus kruvikas on ? "" "	""" kus kruvikas olema ? """
71		" "" Minu taskus . "" "	""" mina tasku . """
72		" "" Mida kuradit ta sinu taskus teeb ? "" "	""" mis kurat tema sina tasku tegema ? """
72		 Rein ilmus uksele . 	Rein ilmuma uks .
73		" "" Omnia mea mecum porto . "" "	""" Omnia mea mecum porto . """
74		 Rein sättis helipea õigeks ja tuli tagasi . 	Rein sättima helipea õige ja tulema tagasi .
75		" "" Küll ma oleksin sellele tänulik , kes ütleks mulle , kuidas seda "" , ta osutas kruvikeerajaga Trevorile , "" ladinakeelsete paroolide loopimisest võõrutada . "" "	""" küll mina olema see tänulik , kes ütlema mina , kuidas see "" , tema osutama kruvikeeraja Trevorile , "" ladinakeelne parool loopimine võõrutama . """
76		" "" See on väga lihtne , "" arvas Ingrid . "	""" see olema väga lihtne , "" arvama Ingrid ."
76		" "" Tuleb iga ta parooli peale õhata "" Eheu , bassa latinitas "" . "" "	""" tulema iga tema parool peale õhkama "" eheu , bassa latinitas "" . """
77		" "" Vaat' , mida plika loeb — Jumalaema kirikut . "" "	""" vaat ’ , mis plika lugema - jumalaema kirik . """
77		 Trevor naeris . 	Trevor naerma .
78		" "" Miks siis ? "" "	""" miks siis ? """
79		" "" No kus mujalt sa selle leidsid ? "	""" no kus mujalt sina see leidma ?"
79		" Muide , hääldus polnud päris õige . "" "	"muide , hääldus olema päris õige . """
80		" "" No nüüd said kaks parajat kokku , "" segas Kaire vahele . "	""" no nüüd saama kaks paras kokku , "" segama Kaire vahele ."
80		" "" Hääldama hakkate mõni teine kord . "	""" hääldama hakkama mõni teine kord ."
80		" Seniks anna need võileivad siia . "" "	"seniks andma see võileib siia . """
81		 Trevor kasutas juhust ja lasi jalga , otsustades edaspidi ettevaatlikum olla . 	Trevor kasutama juhus ja laskma jalg , otsustama edaspidi ettevaatlikum olema .
82		" "" Rein , kus kohvitassid on ? "" "	""" Rein , kus kohvitass olema ? """
83		" "" Sealsamas , kus taldrikud-noad-kahvlid . "" "	""" sealsamas , kus taldrikud-noad-kahvel . """
84		" "" Ja kus on taldrikud-noad-kahvlid ? "" "	""" ja kus olema taldrikud-noad-kahvel ? """
85		 Rein ohkas ja hakkas toa poole liikuma . 	Rein ohkama ja hakkama tuba poole liikuma .
86		" "" Oota , kas sul midagi kandikutaolist ka on ? "" küsis Kaire kähku . "	""" ootama , kas sina miski kandikutaoline ka olema ? "" küsima Kaire kähku ."
87		" Rein tardus , üks jalg õhus : "" Mul on midagi kandikutaolist . "" "	"Rein tarduma , üks jalg õhk : "" mina olema miski kandikutaoline . """
88		" "" Leia . "" "	""" leidma . """
89		" "" Võta ise . "" "	""" võtma ise . """
90		" "" Ja kus need on ? "" "	""" ja kus see olema ? """
91		" "" Sealsamas , kus kohvitassid ! "" "	""" sealsamas , kus kohvitass ! """
91		 Rein kadus välgukiirusel köögist . 	Rein kaduma välgukiirus köök .
92		" "" Mulle näib , et ta norib minuga , "" kuulsid nad Kaire teeseldult solvunud häält . "	""" mina näima , et tema norima mina , "" kuulma tema Kaire teeseldult solvuma|solvunud hääl ."
93		 Kui Rein kogu kupatusega kööki tagasi jõudis , ladusid plikad kandikud täis ja Kaire hakkas lauda katma . 	kui Rein kogu kupatus köök tagasi jõudma , laduma plika kandik täis ja Kaire hakkama laud katma .
93		 Rein kadus talle appi . 	Rein kaduma tema abi .
94		" "" Vala kohvi siia . "" "	""" valama kohv siia . """
94		 Trevor oli leidnud suure termose , mille sees nad harilikult kohvi hoidsid , ta andis selle Ingridile ja võttis ise suhkrutoosi ja ühe küpsisekausi , et neid lauale viia . 	Trevor olema leidma|leidnud suur termos , mis sees tema harilikult kohv hoidma , tema andma see Ingrid ja võtma ise suhkrutoos ja üks küpsisekauss , et tema laud viima .
94		 Ümber nurga pöördudes ta peatus hetkeks . 	ümber nurk pöörduma tema peatuma hetk .
95		" "" Vara veel , enne katke laud ära . "	""" vara veel , enne katkema|katma laud|laug ära ."
95		" Musimaratoni on hiljem aega küll pidada . "" "	"musimaraton olema hiljem aeg küll pidama . """
96		 Ta läks veel kööki , Ingrid oli kohvi termosesse valanud ja loputas kannu . 	tema minema veel köök , Ingrid olema kohv termos valama|valanud ja loputama kann .
97		" "" Äh , ära näe vaeva , ega see viimaseks täieks jää . "" "	""" äh , ära nägema vaev , ega see viimane täis jääma . """
97		 Trevor võttis kannu , kus kokteil oli olnud , ja keeras selle teistpidi . 	Trevor võtma kann , kus kokteil olema olema|olnud , ja keerama see teistpidi .
98		" "" Õudsed joodikud . "	""" õudne joodik ."
98		 Eks ma's teen uue . 	eks mina ’ s tegema uus .
98		" Ja lähme teiste juurde . "" "	"ja minema teine juurde . """
98		 Ta libistas käe tüdruku pihale , see keeras end lahti , pritsides oma märjalt käelt talle vett näkku . 	tema libistama käsi tüdruk pihk|piht , see keerama ise lahti , pritsima oma märg käsi tema vesi nägu .
99		" "" Vara veel . "" "	""" vara veel . """
99		 Tüdruk naeris . 	tüdruk naerma .
100		" "" No oota . "" "	""" no ootama . """
100		 Trevor suundus verandale , kus nende joodavavaru seisis . 	Trevor suunduma veranda , kus tema joodavavaru seisma .
101		" "" Fine ! "" pomises ta kiiresti pudeleid avades . "	""" Fine ! "" pomisema tema kiiresti pudel avama ."
101		 Uuesti kaminaruumi astudes väristas ta õlgu — võrreldes verandaga oli seal ja köögis juba mõnusalt soe . 	uuesti kaminaruum astuma väristama tema õlg - võrdlema veranda olema seal ja köök juba mõnusalt soe .
101		 Kaire asetas salvrätikuid kohale , Rein õiendas midagi peadpidi kapis . 	Kaire asetama salvrätik kohale , Rein õiendama miski peadpidi kapp .
102		" "" Kahju , et sa täna viinereid ei saanud , "" viskas ta üle õla Trevorile . "	""" kahju , et sina täna viiner ei saama|saanud , "" viskama tema üle õlg Trevorile ."
102		 See asetas kannu lauale . 	see asetama kann laud .
103		" "" Ingrid on ikka veel seal ? "" "	""" Ingrid olema ikka veel seal ? """
103		 Ta suundus neist mööda köögi poole . 	tema suunduma tema mööda köök poole .
104		 *** 	***
105		 Ja siis see algas . 	ja siis see algama .
105		" Valgus kustus ja makk tegi oma tavapärase "" ouuu "" . "	"valgus kustuma ja makk tegema oma tavapärane "" ouuu "" ."
105		 Sellele hetkele hiljem tagasi mõeldes võis Trevor vanduda , et tal ei olnud vähimatki õnnetuseaimust . 	see hetk hiljem tagasi mõtlema võima Trevor vanduma , et tema ei olema|olnud vähim õnnetuseaimus .
105		 Vastupidi , näis , et asi läheb lõbusamaks . 	vastupidi , näima , et asi minema lõbusam .
105		 Kamina nõrgas valguses , millega silm kohe ei harjunud , viskus Rein diivanile . 	kamin nõrk valgus , mis silm kohe ei harjuma|harjunud , viskuma Rein diivan .
106		" "" Siin on kuradi käsi mängus ! "" pahvatas ta sünge lõbususega . "	""" siin olema kurat käsi mäng ! "" pahvatama tema sünge lõbusus ."
106		 Trevor suundus edasi köögi poole , et sealt pimedast Ingrid üles otsida . 	Trevor suunduma edasi köök poole , et sealt pime Ingrid üles otsima .
106		 Ta astus veel kaks sammu ja siis sundis teda peatuma heli , mille sarnast ta mitte kunagi kuulnud ei olnud . 	tema astuma veel kaks samm ja siis sundima tema peatuma heli , mis sarnane tema mitte kunagi kuulma|kuulnud ei olema|olnud .
106		 See oli mühin , sumin , mingi kumisev sahin , täis ebainimlikku ähvardavat jõudu . 	see olema mühin , sumin , mingi kumisev sahin , täis ebainimlik ähvardav jõud .
106		 See kestis vähem kui sekundi ja kiiremini , kui inimene suudaks reageerida , valgusid köögilaest umbes kolmemeetrises ringis alla tulenõelad . 	see kestma vähem kui sekund ja kiiremini , kui inimene suutma reageerima , valguma köögilaad|köögilagi umbes kolmemeetrine ring alla tulenõel .
106		 Need moodustasid silindrilise udukardina , katus selle ringi seest lendles tükkidena kõrgusesse , kadus , hajus . 	see moodustama silindriline udukardin , katus see ring seest lendlema tükk kõrgus , kaduma , hajuma .
106		 Mööda kõrgusse suunduvat tunnelit langes alla kiiresti tugevnev ereroheline valgus . 	mööda kõrgus suunduma tunnel langema alla kiiresti tugevnev ereroheline valgus .
106		 Ingrid seisis enam-vähem tuleringi keskel , ta karjatas . 	Ingrid seisma enam-vähem tulering keskel , tema karjatama .
106		 Selles tontlikus valguses nägi Trevor ta silmis kirjeldamatut hirmu . 	see tontlik valgus nägema Trevor tema silm kirjeldamatu hirm .
107		" "" Miks ta seal seisab , miks ta ei liigu ? "" mingi painavalt pika sekundi vaatas ta abitult seisvat tüdrukut . "	""" miks tema seal seisma , miks tema ei liikuma ? "" mingi painavalt pikk sekund vaatama tema abitult seisev tüdruk ."
107		 Sellistel hetkedel tegutseb aju kiiresti , kuigi enamik mõtteid teadvusse ei jõua . 	selline hetk tegutsema aju kiiresti , kuigi enamik mõte teadvus ei jõudma .
107		 Trevor pani tähele , et tulekardin et teinud midagi esemetele , mis olid ta teel laest allpool . 	Trevor panema tähele , et tulekardin et tegema|teinud miski ese , mis olema tema teel laad|lagi allpool .
107		 Ta ei mõelnud sel hetkel ohule , ta sööstis edasi . 	tema ei mõelnud|mõtlema see hetk oht , tema sööstma edasi .
108		 Metsik põletav kuumus tabas teda ringi läbimisel , ta põrkas nagu vastu vahtkummist seina , hing jäi kinni ja südant läbistas valu , ent ta oli läbi . 	metsik põletav kuumus tabama tema ringi läbimine , tema põrkama nagu vastu vahtkummine sein , hing jääma kinni ja süda läbistama valu , ent tema olema läbi .
108		 Ja seespool tundis ta järsku hirmu . 	ja seespool tundma tema järsk hirm .
108		 See oli tarretav , nüristav , tappev hirm , mis paneb ennast kägarasse tõmbama ja pead põlvedele surudes uluma . 	see olema tarretav , nüristav , tappev hirm , mis panema ise kägarasse tõmbama ja pea põli|põlv suruma uluma .
108		 Trevoril oli võitmatu tahtmine vajuda põrandale pisikeseks ja märkamatuks . 	Trevor|Trevori olema võitmatu tahtmine vajuma põrand pisike|pisikene ja märkamatu .
108		 Ta langes põlvili . 	tema langema põlvili .
109		 Ise seda teadvustamata märkas mees valguse eripära — see oli rahutu ja hüplev , kuigi näis staatiline , see sädeles ja väsitas silmi , koosnedes nagu miljonitest kiiresti teisenevatest helendavatest punktikestest . 	ise see teadvustamata märkama mees valgus eripära - see olema rahutu ja hüplev , kuigi näima staatiline , see sädelema ja väsitama silm , koosnema nagu miljon kiiresti teisenev helendav punktike .
110		" "" Laserivalgus , "" mõtles ta , ja sel hetkel teadvus nagu kahestus . "	""" laserivalgus , "" mõtlema tema , ja see hetk teadvus nagu kahestuma ."
110		 Ühele poole jäi see keev mäslev hirm , loomalik abitus , selle kohal aga väreles külm loogiline mõistus , mis tegutses omasoodu . 	üks poole jääma see keev mäslev hirm , loomalik abitus , see kohal aga värelema külm loogiline mõistus , mis tegutsema omasoodu .
110		 Ja see teadvus püüdis uuesti liikuma panna keha , mida loomaliku poole röökiv abitus blokeeris . 	ja see teadvus püüdma uuesti liikuma panema keha , mis loomalik pool röökiv abitus blokeerima .
110		 Trevor pingutas tahet ja aeglaselt , sentimeeterhaaval suutis ta pea kuklasse ajada , ta vaatas üles . 	Trevor pingutama tahe ja aeglaselt , sentimeeterhaaval suutma tema pea kukal|kuklane ajama , tema vaatama üles .
110		 Mööda udutoru langes alla mingi sädelev vaim , mis näis koosnevat vaid ererohelisest kiirgusest , näha oli kolm elutut musta silma ja väänlevad sädelevad kombitsad . 	mööda udutoru langema alla mingi sädelev vaim , mis näima koosnev vaid ereroheline kiirgus , nägema olema kolm elutu must silm ja väänlema sädelev kombits .
110		 Kummaline monstrum langes Ingridile peale . 	kummaline monstrum langema Ingrid peale .
110		 Tüdruk avas suu , et karjatada või õhku ahmida , helkivad kombitsad , igaüks oma paar meetrit pikk , olid laiali sirutunud nagu ämbliku jalad , nende otsas olid paarikümnesentimeetrised süstlanõela meenutavad teravikud , mille lõpetas viiesentimeetrine kettakujuline kaelus . 	tüdruk avama suu , et karjatama või õhk ahmima , helkiv kombits , igaüks oma paar meeter pikk , olema laiali sirutuma|sirutunud nagu ämblik jalg , see otsas olema paarikümnesentimeetrine süstlanõel meenutama teravik , mis lõpetama viiesentimeetrine kettakujuline kaelus .
110		 Nüüd tungisid need nõelad tüdruku kehasse . 	nüüd tungima see nõel tüdruk keha .
110		 Ingridi käed tõusid , nagu püüaks ta end veel kaitsta , siis lõtvus ta keha , põlved nõtkusid , pea vajus rinnale , ta jäi rippuma neile nõeltele , kogu konstruktsioon nõksatas alapoole . 	Ingrid käsi tõusma , nagu püüdma tema ise veel kaitsma , siis lõtvuma tema keha , põli|põlv nõtkuma , pea vajuma rind , tema jääma rippuma see nõel , kogu konstruktsioon nõksatama alapoole .
110		 Trevor tegi meeletu pingutuse , ta kuklast käis läbi valuhoog , selgroog surises , ent ta tõusis . 	Trevor tegema meeletu pingutus , tema kukal käima läbi valuhoog , selgroog surisema , ent tema tõusma .
110		 Vatist sõrmedega haaras ta puulõhkumiskirve , mis juhuslikult ringi sees oli ja virutas selle otse rohelisse helki . 	vatt sõrm haarama tema puulõhkumiskirves , mis juhuslikult ring sees olema ja virutama see otse roheline helk .
110		 Tal vedas , et kirves pääses ta ikka veel mitte täiesti kuuletuvast käest — sähvatas pimestav , ergavvalge leek , Trevorit tabas kuuma tuha ja pisikeste sulametallipiiskade pilv . 	tema vedama , et kirves pääsema tema ikka veel mitte täiesti kuuletuv käsi - sähvatama pimestav , ergavvalge leek , Trevor|Trevori tabama kuum tuhk ja pisike|pisikene sulametallipiisk pilv .
110		 Helklev leegikardin — vahepeal oli ta võtnud kera kuju , millest tuhm udutoru üles suundus — lõi hetkeks lainetama ja koos selle pilvega paiskus Trevor tagasi , ta kukkus seina äärde mitu meetrit köögist eemal . 	helklev leegikardin - vahepeal olema tema võtma|võtnud kera kuju , mis tuhm udutoru üles suunduma - looma|lööma hetk lainetama ja koos see pilv paiskuma Trevor tagasi , tema kukkuma sein äärde mitu meeter köök eemal .
110		 Rohelises valguses kummardusid ta kohale Kaire ja Reinu ehmunud ja nõutud näod . 	roheline valgus kummarduma tema kohale Kaire ja Rein ehmuma|ehmunud ja nõudma|nõutu|nõutud nägu .
110		 Trevor püüdis end oiates jalule ajada . 	Trevor püüdma ise oigama jalule ajama .
110		 Instinktiivselt tõstetud käed olid silmi kaitsnud , ent igal pool mujal paljal nahal kipitasid põletushaavad , ta juuksed ja kulmud olid kergelt kõrbenud . 	instinktiivselt tõstetud|tõstma käsi olema silm kaitsma|kaitsnud , ent iga pool mujal paljas nahk kipitama põletushaav , tema juus ja kulm olema kergelt kõrbema|kõrbenud .
110		 Rein ja Kaire aitasid ta püsti . 	Rein ja Kaire aitama tema püsti .
110		 Trevor lükkas nad eemale ja lähenes uuesti leegikardinale . 	Trevor lükkama tema eemale ja lähenema uuesti leegikardinal .
110		 See helendas nüüd vähem ja oli selgem , ent murdis kristallina tugevasti valgust . 	see helendama nüüd vähem ja olema selgem , ent murdma kristall tugevasti valgus .
110		 Ikka veel pimestavat valgust kiirgav hoomamatu kogu rippus meetri kõrgusel Ingridi põrandal lebava keha kohal . 	ikka veel pimestav valgus kiirgav hoomamatu kogu rippuma meeter kõrgus Ingrid põrand lebav keha kohal .
110		 Kellegi käsi puudutas ta rannet . 	keegi käsi puudutama tema ranne .
111		" "" Mis see on ? "	""" mis see olema ?"
111		" Mis see ometi on ? "" küsis Kaire värisev hääl . "	"mis see ometi olema ? "" küsima Kaire värisev hääl ."
112		" "" Ei tea ... "" "	""" ei teadma ... """
113		 Nagu mingi värdjalik ämblik vappus too rohelise valguse allikas õhus . 	nagu mingi värdjalik ämblik vappuma too roheline valgus allikas õhk .
113		 Veel üks kombits pöördus , võnkus nagu kõheldes , tungis siis tüdruku kehasse . 	veel üks kombits pöörduma , võnkuma nagu kõhelema|kõhklema , tungima siis tüdruk keha .
113		 Monstrum püüdis tüdrukut üles tõsta , korraks läkski see tal korda , valgus tuhmus sekundiks ja ta kukkus tagasi , Trevor jõudis märgata enam-vähem kerakujulist tuuma , mis näis koosnevat peeglitest ja läätsedest ... ja valgusest . 	monstrum püüdma tüdruk üles tõstma , korraks minema see tema kord , valgus tuhmuma sekund ja tema kukkuma tagasi , Trevor jõudma märkama enam-vähem kerakujuline tuum , mis näima koosnev peegel ja lääts ... ja valgus .
113		 Trevor lähenes leegikardinale veelgi . 	Trevor lähenema leegikardinal veelgi .
113		 Kaire sõrmed pigistasid ta rannet . 	Kaire sõrm pigistama tema ranne .
114		" "" Ära mine ... "" "	""" ära minema ... """
115		 Kannatamatult , tagasi vaatamata raputas Trevor käe lahti . 	kannatamatult , tagasi vaatama raputama Trevor käsi lahti .
116		" "" See on vampiir ! "" pistis Rein järsku kisama . "	""" see olema vampiir ! "" pistma Rein järsku kisama ."
116		" "" Ta imeb verd ! "	""" tema imema veri !"
116		" Ta tapab meid kõiki ! "" "	"tema tapma mina kõik ! """
116		 Ta tormas välja . 	tema tormama välja .
117		" "" Põgenege ! "" "	""" põgenema ! """
117		 Kostis mütsatus , pominat , siis uus karjatus . 	kostma mütsatus , pomin , siis uus karjatus .
117		" "" Ma ei pääse välja ! "	""" mina ei pääsema välja !"
117		" Ooohh ! "" "	"ooohh ! """
118		 Trevoril polnud aega mõelda ta sõnade tähenduse üle , sest just siis tõusis undamine ja vibratsioon . 	Trevor|Trevori olema aeg mõtlema tema sõna tähendus üle , sest just siis tõusma undamine ja vibratsioon .
118		 Prahvatas pilbastuva puu ja purunevate kivide kirjeldamatu helikaos . 	prahvatama pilbastuv puu ja purunev kivi kirjeldamatu helikaos .
118		 Suvila vappus . 	suvila vappuma .
118		 Seni vertikaalselt üles suundunud tunnel hakkas pöörduma , lennutades laiali kõik , mis teele jäi . 	seni vertikaalselt üles suunduma|suundunud tunnel hakkama pöörduma , lennutama laiali kõik , mis tee jääma .
118		 Ta muutis korduvalt suunda ja Trevor nägi , et ta on seitse-kaheksa meetrit pikk , lõppedes hallikasvalge seinaga , mis kumerdus sfäärina igale poole , niipalju , kui seda august näha oli . 	tema muutma korduvalt suund ja Trevor nägema , et tema olema seitse-kaheksa meeter pikk , lõppema hallikasvalge sein , mis kumerduma sfäär iga poole , niipalju , kui see auk nägema olema .
118		 Ta näis olevat kontsentriline tolle leegikardinaga . 	tema näima olema kontsentriline too leegikardin .
118		 Kivid ja puu , mille tunnel allapoole liikudes minema lennutas , nagu lennutab sädemeid kiiresti pöörlev käiaketas , põrkasid sellelt seinalt sissepoole tagasi , lõhkudes aknaid ja põõsaid . 	kivi ja puu , mis tunnel allapoole liikuma minema lennutama , nagu lennutama säde kiiresti pöörlev käiaketas , põrkama see sein sissepoole tagasi , lõhkuma aken ja põõsas .
118		 Tunnel raius maja tagaseina laia ava ja peatus siis rõhtsalt , ning kaikuva raksatusega istus talle peale pimedus , määramatu sünkmust pilv eimiskit , mille leekkardinaga kokkupuutuva osa kohal rippus poolviltu rohekasmustalt kirendav kuusnurk . 	tunnel raiuma maja tagasein lai ava ja peatuma siis rõhtsalt , ning kaikuv raksatus istuma tema peale pimedus , määramatu sünkmust pilv eimiski , mis leekkardin kokkupuutuv osa kohal rippuma poolviltu rohekasmust kirendav kuusnurk .
118		 Kõike moonutav ebaloomulik valgus pulseeris , mööda tunnelit lendlesid udutordid , tunnel ise virvendas , udutordid põrkusid ämblikutaoliselt monstrumilt ja mõned neist läbistasid leegikardina ning plahvatasid valjude raksatustega seintega kokku põrkudes . 	kõik moonutav ebaloomulik valgus pulseerima , mööda tunnel lendlema udutort , tunnel ise virvendama , udutort põrkuma ämblikutaoliselt monstrum ja mõni see läbistama leegikardin ning plahvatama vali raksatus sein kokku põrkuma .
118		 Levis terav osoonilõhn ja kõrbenud kuumus . 	levi terav osoonilõhn ja kõrbema|kõrbenud kuumus .
118		 Monstrum rappus ning tõmbles , püüdes tolle kuusnurga poole roomata . 	monstrum rappuma ning tõmblema , püüdma too kuusnurk poole roomama .
119		" "" Mu suvila ! "" kostis Reinu ahastav hüüd . "	""" mina suvila ! "" kostma Rein ahastav hüüd ."
120		 Trevor võpatas , ta taipas , et oli kõike seda vahtinud nagu hüpnotiseeritu , Reinu hääl äratas ta . 	Trevor võpatama , tema taipama , et olema kõik see vahtima|vahtinud nagu hüpnotiseeritu , Rein hääl äratama tema .
120		 Too oli uuesti tuppa tulnud ja vaatas nüüd käsi risti surudes seda hävingut . 	too olema uuesti tuba tulema|tulnud ja vaatama nüüd käsi risti suruma see häving .
120		 Iga hetk võis mõni udutort otse nende suunas põrkuda . 	iga hetk võima mõni udutort otse tema suunas põrkuma .
120		 Kaire oli vastu seina liibunud ja vahtis ikka veel pärani silmi otse valgusesse . 	Kaire olema vastu sein liibuma|liibunud ja vahtima ikka veel pärani silm otse valgus .
120		 Trevor rabas tal käest kinni ja vedas ta otsese nähtavuse alast , mida valgus teravalt piiritles , välja , lükkas ta diivanile istuma . 	Trevor rabama tema käsi kinni ja vedama tema otsene nähtavus alane , mis valgus teravalt piiritlema , välja , lükkama tema diivan istuma .
121		" "" Rahu , kurat ! "" karjus ta Reinule , kes oli uuesti elustunud , tormanud akna juurde ja kiskunud selle lahti , veristades sõrmi ja lõhkudes ühe ruudu . "	""" rahu , kurat ! "" karjuma tema Rein , kes olema uuesti elustuma|elustunud , tormama|tormanud aken juurde ja kiskuma|kiskunud see lahti , veristama sõrm ja lõhkuma üks ruut ."
121		 Rein ei teinud kuulmagi , vaid hüppas välja . 	Rein ei tegema|teinud kuulma , vaid hüppama välja .
122		" "" Siin ka ! "	""" siin ka !"
122		 Sein ... 	sein ...
122		" Sein ... "" kuulis Trevor ta häält , õudusest täidetud häält . "	"sein ... "" kuulma Trevor tema hääl , õudus täidetud|täitma hääl ."
122		" "" Ümberringi ... "" "	""" ümberringi ... """
123		" "" Rahu , mees ! "" karjus Trevor veelkord , ta jälgis valgust ja nüüd hakkas see jälle muutuma . "	""" rahu , mees ! "" karjuma Trevor veelkord , tema jälgima valgus ja nüüd hakkama see jälle muutuma ."
123		 Valgustunnel jagunes kaheks , üks neist jäi sinna , kus oli , teine , väiksema läbimõõduga ja tuhmim , hakkas pöörduma nagu kella sekundiosuti , aga vastupäeva ja paar korda aeglasemalt . 	Valgustunnel jagunema kaks , üks tema jääma sinna , kus olema , teine , väiksem läbimõõt ja tuhmim , hakkama pöörduma nagu kell sekundiosuti , aga vastupäev ja paar kord aeglasemalt .
123		 Tunnelite lõikejoonel mänglesid vikerkaared , ta pöördus ümber sellesama mõttelise keskpunkti , kus oli too ämblik . 	tunnel lõikejoon mänglema vikerkaar , tema pöörduma ümber seesama mõtteline keskpunkt , kus olema too ämblik .
123		 Ta oli ebareaalne , nagu kuuma õhu virvendus , ent samas teravalt piiritletud , ja ta ei lõhkunud oma teel midagi . 	tema olema ebareaalne , nagu kuum õhk virvendus , ent samas teravalt piiritlema|piiritletud , ja tema ei lõhkuma|lõhkunud oma teel miski .
124		 Trevor oli just jõudnud akna juurde ja taipas välja vaadates , mida Rein mõtles , kui ütles , et välja ei saa . 	Trevor olema just jõudma|jõudnud aken juurde ja taipama välja vaatama , mis Rein mõtlema , kui ütlema , et välja ei saama .
124		 Hall sein , mida Trevor oli näinud tunneli lõhutud august , ümbritses suvilat igast küljest , moodustades 15-20-meetrise läbimõõduga poolkera . 	hall sein , mis Trevor olema nägema|näima|näinud tunnel lõhkuma|lõhutud august , ümbritsema suvila iga külg , moodustama 15-20meetrine läbimõõt poolkera .
124		 Rohelise valguse helgist oli kõik valge nagu päeval . 	roheline valgus helk olema kõik valge nagu päev .
124		 Trevor meenutas seinalt põrkuvaid kive — jah , välja siit ei saa . 	Trevor meenutama sein põrkuv kivi - jah , välja siit ei saama .
124		 Ta heitis pilgu tagasi . 	tema heitma pilk tagasi .
124		 Pulseerides ja aeg-ajalt katkedes liikus toru edasi , nagu otsides midagi , kord kõrgemale tõustes , kord madalamale laskudes pöördus ta . 	pulseerima ja aeg-ajalt katkema liikuma toru edasi , nagu otsima miski , kord kõrgemale tõusma , kord madalam lask pöörduma tema .
124		 Seinad naksusid , kui ta neist üle libises , kõik mis oli metallist , paiskus ta sihis tsentrist eemale . 	sein naksuma , kui tema see üle libisema , kõik mis olema metall , paiskuma tema siht tsenter eemale .
125		" "" Rein , ettevaatust ! "	""" Rein , ettevaatus !"
125		" Ära valgustunneli teele jää ! "" hüüdis Trevor igaks juhuks . "	"ära valgustunnel tee jääma ! "" hüüdma Trevor iga juht ."
125		 Kiir paiskas ümber väikese kapikese , jõudis diivanini , selle nurgas vaatas Kaire apaatselt tunneli lähenemist , kiskus end vaid kössi . 	kiir paiskama ümber väike|väikene kapike , jõudma diivan , see nurk vaatama Kaire apaatselt tunnel lähenemine , kiskuma ise vaid kössi .
125		 Trevor haaras ta õlast ja tiris ta eemale . 	Trevor haarama tema õlg ja tirima tema eemale .
125		 Rein ronis läbi akna sisse tagasi . 	Rein ronima läbi aken sisse tagasi .
125		 Ta oli lumine , ta püksid olid määrdunud ja lõhki . 	tema olema lumine , tema püks olema määrduma|määrdunud ja lõhki .
126		" "" Ta tapab meid kõiki , hävitab , "" soigus ta . "	""" tema tapma mina kõik , hävitama , "" soiguma tema ."
126		 Tunnel libises üle laua ja paiskas vastu seina kõik lusikad , noad , kahvlid ja soolatoosi , need tõukasid lennates maha ka muid asju . 	tunnel libisema üle laud ja paiskama vastu sein kõik lusikas , nuga , kahvel ja soolatoos , see tõukama lendama maha ka muu asi .
126		 Raksatusega kadus läbi akna kaminal seisnud raske tinakann , shashlõkivarraste-ahjuroobi komplekt paiskus mürinal nurka . 	raksatus kaduma läbi aken kamin seisma|seisnud raske tinakann , shashlõkivarraste-ahjuroop komplekt paiskuma mürinal nurk .
126		 Rein karjatas kähedalt ja tormas verandale , sealt edasi garaazhi . 	Rein karjatama kähedalt ja tormama veranda , sealt edasi garaazh .
126		 Trevor taganes aegamööda Kairel käest kinni hoides . 	Trevor taganema aegamööda Kaire käsi kinni hoidma .
126		 Kiir tõusis jälle , kuni oli meetri kõrgusel põrandast , hakkas jälle laskuma . 	kiir tõusma jälle , kuni olema meeter kõrgus põrand , hakkama jälle laskuma .
127		" "" Alt läbi , "" ütles Trevor . "	""" alt läbi , "" ütlema Trevor ."
127		 Ta paiskas Kaire põrandale , veeretas end alt läbi ja lausa lohistas tüdruku järele . 	tema paiskama Kaire põrand , veeretama ise alt läbi ja lausa lohistama tüdruk järele .
127		 Nad tõusid . 	tema tõusma .
127		 Rein oli sel ajal esikusse tormanud , nüüd jõudis ta uksele . 	Rein olema see aeg esik tormama|tormanud , nüüd jõudma tema uks .
128		" "" Alt ... "" tahtis Trevor öelda , kuid sõnad jäid talle kurku kinni , sest Rein sööstis otse murduvasse valgusesse . "	""" alt ... "" tahtma Trevor ütlema , kuid sõna jääma tema kurk kinni , sest Rein sööstma otse murduv valgus ."
128		 Tunnel lahvatas erevalges valguses , kõigepealt hajus köögisein , nüüd oli see vaid üks kõrvetav leek , hetkeks nägi Trevor seinale söestuvat inimese siluetti , siis hajus ka välissein ja aknaid tabas nagu rahesabin , oli tunda kärsahaisu . 	tunnel lahvatama erevalge valgus , kõigepealt hajuma köögisein , nüüd olema see vaid üks kõrvetav leek , hetk nägema Trevor sein söestuv inimene siluett , siis hajuma ka välissein ja aken tabama nagu rahesabin , olema tundma kärsahais .
128		 Kellarihm torkis , kõiki esemeid ruumis kattis helesinine koroonalahendus . 	kellarihm torkima , kõik ese ruum katma helesinine koroonalahendus .
128		 Kiir nõrgenes kiiresti , kollapseerus järsku ja kadus . 	kiir nõrgenema kiiresti , kollapseeruma järsku ja kaduma .
129		 Alles nüüd jõudis Trevori teadvusse , et Kaire karjub ja rabeleb , alateadlikult oli ta sõrmed tüdruku käsivarre ümber nii tugevasti kinni pigistanud , et see kuhugi ei pääsenud . 	alles nüüd jõudma Trevor|Trevori teadvus , et Kaire karjuma ja rabelema , alateadlikult olema tema sõrm tüdruk käsivars ümber nii tugevasti kinni pigistama|pigistanud , et see kuhugi ei pääsema|pääsenud .
130		" "" Rahu nüüd . "	""" rahu nüüd ."
130		" Rahu , tüdruk . "" "	"rahu , tüdruk . """
130		 Ta raputas teist õlgadest , Kaire nuuksatas ja jäi vait . 	tema raputama sina õlg , Kaire nuuksatama ja jääma vait .
130		 Trevor vaatas kiiresti ringi , siis pani tüdruku jälle diivanile istuma , kummardus lähemale , vaatas talle teravalt otsa . 	Trevor vaatama kiiresti ringi , siis panema tüdruk jälle diivan istuma , kummarduma lähemale , vaatama tema teravalt otsa .
131		" "" Istu siin ja ole tasa , ära mingil juhul kuhugi torma . "	""" istuma siin ja olema tasa , ära mingi juht kuhugi tormama ."
131		 Kui midagi märkad , ütle mulle . 	kui miski märkama , ütlema mina .
131		" Selge ? "" "	"selge ? """
132		 Tüdruk noogutas kiiresti , talle pärani meeletute silmadega otsa vaadates . 	tüdruk noogutama kiiresti , tema pärani meeletu silm otsa vaatama .
132		 Trevor oli paari kiire sammuga köögiukse juures . 	Trevor olema paar kiire samm köögiuks juures .
132		 Seal oli kõik samamoodi , ainult liikumatu . 	seal olema kõik samamoodi , ainult liikumatu .
132		 Ingridi keha lamas põrandal ja monstrum tõmbles vaikselt . 	Ingrid keha lamama põrand ja monstrum tõmblema vaikselt .
132		 Ainult udu ei olnud ja tahapoole suunduv tunnel põles ühtlaselt . 	ainult udu ei olema|olnud ja tahapoole suunduv tunnel põlema ühtlaselt .
132		 Midagi ei juhtunud . 	miski ei juhtuma|juhtunud .
132		 Mees silmitses seda mõned minutid seal seistes ja vajus siis sisemiselt kokku . 	mees silmitsema see mõni minut seal seisma ja vajuma siis sisemiselt kokku .
132		 Ta lõtvus , põletushaavade kipitus andis end tunda , selg ja küünarnukid olid valusad . 	tema lõtvuma , põletushaav kipitus andma ise tundma , selg ja küünarnukk olema valus .
132		 Hirm , mida ta oli tundnud tuleringi sees — see oli talle sisendatud , oli selge — oli tolle arusaamatu teadvuse kahestamise shokiga talle teene teinud . 	hirm , mis tema olema tundma|tundnud tulering sees - see olema tema sisendama|sisendatud , olema selge - olema too arusaamatu teadvus kahestamine shokk tema teene tegema|teinud .
132		 Viimaste sündmuste kiirus ja tegutsemist nõudev otsene oht ei jätnud talle sekunditki mõtlemisaega , ta oli teinud , mida pidi tegema , nagu automaat . 	viimane sündmus kiirus ja tegutsemine nõudev otsene oht ei jätma|jätnud tema sekund mõtlemisaeg , tema olema tegema|teinud , mis pidama tegema , nagu automaat .
132		 Ent nüüd , kui stseen järsku paigale tardus , hakkas teadvusse jõudma sõprade hukkumise vapustus ja kogu olukorra võigas ebaloomulikkus . 	ent nüüd , kui stseen järsku paigale tarduma , hakkama teadvus jõudma sõber hukkumine vapustus ja kogu olukord võigas ebaloomulikkus .
132		 Emotsioonid valgusid pinnale , ta laskus sinnasamasse diivanile , mille nurgas Kaire istus , ja peitis näo kätesse . 	emotsioon valguma pind , tema laskuma sinnasamasse diivan , mis nurk Kaire istuma , ja peitma nägu käsi .
132		 Ta tahtis minema siit ! 	tema tahtma minema siit !
133		 Tükk aega ei suutnud ta midagi teha ega mõelda . 	tükk aeg ei suutma|suutnud tema miski tegema ega mõtlema .
133		 Mitu korda pidi ta endalt küsima , kas see pole unenägu . 	mitu kord pidama tema ise küsima , kas see olema unenägu .
133		 Värinad raputasid teda , ent see oli lõpuks marrastuste ja põletuste kipitus , mis ajas ta leevendust otsima . 	värin raputama tema , ent see olema lõpuks marrastus ja põletus kipitus , mis ajama tema leevendus otsima .
133		 Ta teadis , kus kapinurgas Reinul esmaabivahendid olid , ning kriimustusi ja põletusi puhastades-määrides- plaasterdades suutis ta lõpuks ennast ka pisut koguda . 	tema teadma , kus kapinurk Rein esmaabivahend olema , ning kriimustus ja põletus puhastades-määrima plaasterdama suutma tema lõpuks ise ka pisut koguma .
134		 Ta vaatas ringi , silmad peatusid Kairel . 	tema vaatama ringi , silm peatuma Kaire .
134		 Tüdruku pilk püsis ainiti temal . 	tüdruk pilk püsima ainiti tema .
135		 Vaeseke on hulluks minemas , mõtles Trevor ja sundis end muigama . 	vaeseke olema hull minema , mõtlema Trevor ja sundima ise muigama .
135		 Tulemus oli kindlasti hale grimass , konstateeris ta ise . 	tulemus olema kindlasti hale grimass , konstateerima tema ise .
136		" "" Ole siin , Kaire . "	""" olema siin , Kaire ."
136		 Kui midagi juhtub , hüüa . 	kui miski juhtuma , hüüdma .
136		 Ent näib , et jäi pidama , ole rahulik . 	ent näima , et jääma pidama , olema rahulik .
136		" Ma vaatan pisut ringi . "" "	"mina vaatama pisut ringi . """
137		 Trevor uuris ümbrust sünge näoga . 	Trevor uurima ümbrus sünge nägu .
137		 Päriselt oli tal tahtmine ulguda . 	päriselt olema tema tahtmine ulguma .
137		 Suvila oli nagu lahinguväli . 	suvila olema nagu lahinguväli .
137		 Nii esi- kui tagaküljel haigutasid suured augud , kõik kohad olid täis hallilt sfäärilt põrkunud kõrbenud välimusega materjale , lisaks veel segadus , mida oli teinud pöörduv tunnel . 	nii esi kui tagakülg haigutama suur auk , kõik koha|koht olema täis hall sfäär põrkuma|põrkunud kõrbema|kõrbenud välimus materjal , lisa veel segadus , mis olema tegema|teinud pöörduv tunnel .
137		 Trevor tundis suitsulõhna , oli üsna palav vaatamata sellele , et maja oli puru . 	Trevor tundma suitsulõhn , olema üsna palav vaatamata see , et maja olema puru .
137		 Mõned sekundid mõelnud , mees taipas — ruum oli ju suletud . 	mõni sekund mõelnud|mõtlema , mees taipama - ruum olema ju suletud|sulgema .
137		 Tollest kuplist ei läinud läbi kivid ja küllap ta pidas ka sooja . 	too kuppel ei läinud|minema läbi kivi ja küllap tema pidama ka soe .
137		 Trevor kustutas kamina , siis käis läbi kõik ruumid . 	Trevor kustutama kamin , siis käima läbi kõik ruum .
137		 Ta uuris maja ka väljast , niipalju kui sai . 	tema uurima maja ka väljast , niipalju kui saama .
137		 Lumi sulas , kupli tipu lähedal oli suitsu tihedamalt . 	lumi sulama , kuppel tipp lähedal olema suits tihedamalt .
137		 Suvila tagakülje kohal hõljus õhus suur pilv määramatut , süsimusta pimedust , Trevor ronis isegi katusele , et sellest ülevaadet saada , sel oli enam-vähem kaksikkumera ketta kuju . 	suvila tagakülg kohal hõljuma õhk suur pilv määramatu , süsimust pimedus , Trevor ronima isegi katus , et see ülevaade saama , see olema enam-vähem kaksikkumer ketas kuju .
137		 Trevor ei söandanud talle läheneda , ta kaalus hetke käes kivikest , ent otsustas seda igaks juhuks mitte ärritada . 	Trevor ei söandama|söandanud tema lähenema , tema kaaluma hetk käes kivike , ent otsustama see iga juht mitte ärritama .
137		 Selle asemel uuris ta kuplit . 	see asemel uurima tema kuppel .
137		 Kivike põrkas sellelt tagasi nagu seinalt . 	kivike põrkama see tagasi nagu sein .
137		 Lühikese kõhkluse järel asetas mees käe selle vastu , tunnet ei olnud mingisugust . 	lühike kõhklus järel asetama mees käsi see vastu , tunne ei olema|olnud mingisugune .
137		 Pettunult ronis ta tuppa tagasi , nüüd oli vaja rahuneda ja mõelda . 	pettunult ronima tema tuba tagasi , nüüd olema vaja rahunema ja mõtlema .
138		 Ta peas oli fantastiline puder , ta pidi pingutama , et reaalsuse pinnale jääda . 	tema pea olema fantastiline puder , tema pidama pingutama , et reaalsus pind jääma .
138		 Ta võttis kohvitassi , otsis aknaaluse diivani tagant lusika , maitses , kohvi oli jahtunud . 	tema võtma kohvitass , otsima aknaalune diivan tagant lusikas , maitsema|maitsma , kohv olema jahtuma|jahtunud .
138		 Ta tõusis , viskas selle lahtisest aknast välja , valas termosest uut . 	tema tõusma , viskama see lahtine aken välja , valama termos uus .
138		 Osa kohvi läks maha , sest ta käed värisesid hullusti . 	osa kohv minema maha , sest tema käsi värisema hullusti .
139		 Rahu nüüd ! käskis ta ennast ja unustas selle samas . 	rahu nüüd ! käskima tema ise ja unustama see samas .
139		 Ingrid oli valanud kohvi siia termosesse . 	Ingrid olema valama|valanud kohv siia termos .
139		 Ingrid ... 	Ingrid ...
139		 Kui ilus ta oli ... 	kui ilus tema olema ...
139		 Nüüd lamab ta siin , tapetud käsitamatu ja mõistetamatu jõu poolt . 	nüüd lamama tema siin , tapetud|tapma käsitamatu ja mõistetamatu jõud poolt .
139		 Enam ei vaata keegi imetlusega ta habrast kuju , ei otsi ta siniste silmade pilku , enam ei lükka see õrn käsi laubalt musti kiharaid ... 	enam ei vaatama keegi imetlus tema habras kuju , ei otsima tema sinine silm pilk , enam ei lükkama see õrn käsi laup must kihar ...
139		 Jäta , käskis mees end veelkord . 	jätma , käskima mees ise veelkord .
139		 Rein oli hea sõber ja tast ei jäänud järele muud kui kõrbehais . 	Rein olema hea sõber ja tema ei jääma|jäänud järele muu kui kõrbehais .
139		 Ja ta ise oli lõksus . 	ja tema ise olema lõks .
140		 Kaire liigutas ennast . 	Kaire liigutama ise .
140		 Trevor vaatas korraks ta poole , tegi siis teise tassi tühjaks , valas sinna kohvi ja surus tüdrukule pihku . 	Trevor vaatama korraks tema poole , tegema siis teine tass tühi , valama sinna kohv ja suruma tüdruk pihk .
141		" "" Joo . "" "	""" jooma . """
142		 Tüdruk täitis käsu . 	tüdruk täitma käsk .
142		 Trevor ise võttis ühe võileiva , ent pani selle kohe lauale tagasi — suutäis käis ringi , vaevaga neelas ta selle alla . 	Trevor ise võtma üks võileib , ent panema see kohe laud tagasi - suutäis käima ringi , vaev neelama tema see alla .
142		 Kaire asetas tassi lauale . 	Kaire asetama tass laud .
142		 See igale inimesele ülimalt tuttav heli pani mehe arusaamatuses ringi vaatama . 	see iga inimene ülimalt tuttav heli panema mees arusaamatus ringi vaatama .
142		 Siin nad istuvad ja joovad kohvi . 	siin tema istuma ja jooma kohv .
142		 Kui tugev on harjumuse jõud ! 	kui tugev olema harjumus jõud !
142		 Isegi kõige võimatumas situatsioonis järgib inimene väljakujunenud tavasid . 	isegi kõige võimatum situatsioon järgima inimene väljakujunenud tava .
142		 Absurdne ... 	absurdne ...
143		 Kaire nihkus talle lähemale . 	Kaire nihkuma tema lähemale .
144		" "" Miks me ära ei lähe ? "" "	""" miks mina ära ei minema ? """
145		" "" Ei saa . "	""" ei saama ."
145		 Sa nägid seda halli seina ? 	sina nägema see hall sein ?
145		" See ei lase midagi läbi . "" "	"see ei laskma miski läbi . """
146		" "" Mis meiega juhtub ? "" "	""" mis mina juhtuma ? """
147		" "" Ma ei tea . "" "	""" mina ei teadma . """
147		 Siis vaatas ta tüdruku poole . 	siis vaatama tema tüdruk poole .
147		" "" Ainuke , mida me teha saame , on mitte paanikasse sattuda . "	""" ainuke , mis mina tegema saama , olema mitte paanika sattuma ."
147		 Kuidagi peab see ju ometi lõppema . 	kuidagi pidama see ju ometi lõppema .
147		" Peegelväli nõuab tohutult energiat ... "" "	"peegelväli nõudma tohutult energia ... """
147		 Ta takerdus , taibates , mida oli öelnud — mitte millegagi põhjendatud stamp ulmekirjandusest . 	tema takerduma , taipama , mis olema öelnud|ütlema - mitte miski põhjendama|põhjendatud stamp ulmekirjandus .
148		" "" Mis see on ? "" küsis Kaire jälle . "	""" mis see olema ? "" küsima Kaire jälle ."
149		" "" Ma tõesti ei tea . "" "	""" mina tõesti ei teadma . """
149		 Trevor kehitas õlgu . 	Trevor kehitama õlg .
149		" "" Igatahes üleloomulikesse asjadesse ma ei usu . "	""" igatahes üleloomulik asi mina ei uskuma ."
149		" Maailmas on lihtsalt palju , millest meie mõistus üle ei käi , ja väikestele inimestele sellest ei räägita . "" "	"maailm olema lihtsalt palju , mis mina mõistus üle ei käima , ja väike|väikene inimene see ei rääkima . """
150		" "" Juhtub seda tihti ? "" "	""" juhtuma see tihti ? """
151		" "" Oh persse ... "	""" oh perse ..."
151		 Kust mina tean ? 	kust mina teadma ?
151		 Ma käitusin lihtsalt nii , nagu oli ainus võimalus . 	mina käituma lihtsalt nii , nagu olema ainus võimalus .
151		 Tuleb lihtsalt mõistus vaba hoida , olla sisemiselt valmis tegutsema teistsuguse loogika tasandil . 	tulema lihtsalt mõistus vaba hoidma , olema sisemiselt valmis tegutsema teistsugune loogika tasand .
151		 Lihtsalt ... 	lihtsalt ...
151		 Need on tõesti väga elementaarsed asjad . 	see olema tõesti väga elementaarne asi .
151		 Ent meil sisendatakse inimestele , et midagi ebatavalist juhtuda ei saa , see on üks komponent vaimsest kastreerimisest ... 	ent mina sisendama inimene , et miski ebatavaline juhtuma ei saama , see olema üks komponent vaimne kastreerimine ...
151		" Küll me sellest supist välja tuleme . "" "	"küll mina see supp välja tulema . """
151		 Ise ta seda ei uskunud . 	ise tema see ei uskuma|uskunud .
152		" "" Kui hirmus see kõik on ... "" "	""" kui hirmus see kõik olema ... """
152		 Tüdruk liibus ta vastu . 	tüdruk liibuma tema vastu .
152		 Muus olukorras oleks selline lapselik zhest Trevorit lõbustanud , nüüd pani ta vaid käe teise õlgadele ja mõtles omi mõtteid edasi , aeg-ajalt automaatselt kohvi rüübates . 	muu olukord olema selline lapselik zhest Trevor|Trevori lõbustama|lõbustanud , nüüd panema tema vaid käsi teine õlg ja mõtlema oma mõte edasi , aeg-ajalt automaatselt kohv rüüpama .
153		 Kui ta mingi määramatu aja pärast sirutas käe termose järele , märkas ta , et detailid ei ole enam eristatavad . 	kui tema mingi määramatu aeg pärast sirutama käsi termos järele , märkama tema , et detail ei olema enam eristatav .
153		 Hetkega muutus ta taas erksaks . 	hetk muutuma tema taas ergas .
154		" "" Ole siin , "" ütles ta Kairele ja astus köögiukse juurde . "	""" olema siin , "" ütlema tema Kaire ja astuma köögiuks juurde ."
154		 Valgus oli tõepoolest nõrgenenud , nüüd võis juba vaadata selle allikat , mis sarnanes paljutahulise kristalliga . 	valgus olema tõepoolest nõrgenema|nõrgenenud , nüüd võima juba vaatama see allikas , mis sarnanema paljutahuline kristall .
154		 Kümne-viieteistsekundiliste vahedega ta veel jõnksatas , üldiselt püsis vagusi napilt Ingridi kehast kõrgemal . 	kümne-viieteistsekundiline vahe tema veel jõnksatama , üldiselt püsima vagusi napilt Ingrid keha kõrgemal .
154		 Leekkera oli vaevumärgatav . 	leekkera olema vaevumärgatav .
154		 Trevor sirutas käe , ent lõi kõhklema . 	Trevor sirutama käsi , ent looma|lööma kõhklema .
154		 Alguses oli ta korra sellest läbi käinud , kuid ta ei tahtnud riskida . 	algus olema tema kord see läbi käima|käinud , kuid tema ei tahtma|tahtnud riskima .
154		 Ta muigas , läks tuppa tagasi , võttis sealt esimese kättejuhtunud sobiva eseme ( see oli küünlajalg ) ja sidus nöörijupi otsa . 	tema muigama , minema tuba tagasi , võtma sealt esimene kättejuhtunud sobiv ese ( see olema küünlajalg ) ja siduma nöörijupp otsa .
154		 Ta kõigutas seda vastu helendust , see põrkus tagasi nagu vastu elastset kummit põrgates . 	tema kõigutama see vastu helendus , see põrkuma tagasi nagu vastu elastne kummi põrkama .
154		 Trevor sirutas käe ja puudutas kera , ta tundis kuumust . 	Trevor sirutama käsi ja puudutama kera , tema tundma kuumus .
154		 Ta surus tugevamini , käsi läks läbi , vaid käsivarres välja kohal oli tunda pitsitust . 	tema suruma tugevamini , käsi minema läbi , vaid käsivars välja kohal olema tundma pitsitus .
154		 Ta tõmbas käe kiiresti tagasi . 	tema tõmbama käsi kiiresti tagasi .
154		 Kristall hakkas taas allapoole vajuma . 	kristall hakkama taas allapoole vajuma .
154		 Tõke lõi uduseks , temas tekkisid valgust murdvad rebendid . 	Tõke looma|lööma udune , tema tekkima valgus murdev rebend .
154		 Kera lagunes üksikuteks laikudeks , mis kokku tõmbusid , jäid vaid kristallini ulatuvad valkjad tulbad , need tõmbusid kokku , hajusid . 	kera lagunema üksik laik , mis kokku tõmbuma , jääma vaid kristall ulatuma valkjas tulp , see tõmbuma kokku , hajuma .
154		 Kristall ise kukkus Ingridi keha kõrvale põrandale . 	kristall ise kukkuma Ingrid keha kõrvale põrand .
154		 Küünlajalga enda ees hõljutades hiilis mees lähemale , kummardus tüdruku surnukeha kohale . 	küünlajalg ise ees hõljutama hiilima mees lähemale , kummarduma tüdruk surnukeha kohale .
154		 Üks kombits liigatas ja pööras nõela ta poole , Trevor hüppas välkkiirelt tagasi , kombits lõtvus . 	üks kombits liigatama ja pöörama nõel tema poole , Trevor hüppama välkkiirelt tagasi , kombits lõtvuma .
154		 Ta kuulis selja tagant ohet — Kaire seisis ukseavas . 	tema kuulma selg tagant ohe - Kaire seisma ukseava .
155		" "" Ära tule lähemale , "" hoiatas Trevor igaks juhuks , ise külg ees rohekasmusta kuusnurga poole liikudes . "	""" ära tulema lähemale , "" hoiatama Trevor iga juht , ise külg ees rohekasmust kuusnurk poole liikuma ."
155		 See oli samasugune kui kristall , ta ei kiiranud , ta oli läbipaistev ja ei olnud ka . 	see olema samasugune kui kristall , tema ei kiiranud|kiirgama , tema olema läbipaistev ja ei olema|olnud ka .
155		 Kui Trevor oli tast meetri kaugusel , hajus see järsku keskelt äärte suunas , vabastades umbes pooleteisemeetrise ava , millest võis vaadata tolle musta pilve sisemusse . 	kui Trevor olema tema meeter kaugusel , hajuma see järsku keskelt äär suunas , vabastama umbes pooleteisemeetrine ava , mis võima vaatama too must pilv sisemus .
155		 Ent silm eristas vaid valkjatest valgustorudest ebamääraseid struktuure . 	ent silm eristama vaid valkjas valgustoru ebamäärane struktuur .
156		 Trevor uuris vaatepilti mõnda aega , katsus siis luugiäärt ja sealt algavat tuhmilt helkivat põrandat oma improviseeritud indikaatoriga . 	Trevor uurima vaatepilt mõni aeg , katsuma siis luugiäär ja sealt algav tuhmilt helkima põrand oma improviseerima|improviseeritud indikaator .
156		 Midagi ei juhtunud . 	miski ei juhtuma|juhtunud .
156		 Ta ronis sisse . 	tema ronima sisse .
157		" "" Kuhu sa lähed ? "" kostis Kaire ärev hääl . "	""" kuhu sina minema ? "" kostma Kaire ärev hääl ."
158		" "" Ma vaatan siin ringi , ära karda . "" "	""" mina vaatama siin ringi , ära kartma . """
158		 Trevor vaatas tagasi , Kaire oli üsna luugi juurde tulnud . 	Trevor vaatama tagasi , Kaire olema üsna luu|luuk juurde tulema|tulnud .
158		" "" Tundub , et kaotada ei ole meil midagi . "" "	""" tunduma , et kaotama ei olema mina miski . """
158		 Talle tundus , et ta hakkas midagi taipama . 	tema tunduma , et tema hakkama miski taipama .
159		 Pimeduses ei näinud tüdruk vist muud kui ta siluetti . 	pimedus ei nägema|näima|näinud tüdruk vist muu kui tema siluett .
160		" "" Ära jäta mind siia üksi . "" "	""" ära jätma mina siia üksi . """
161		" "" Siis tule siia . "" "	""" siis tulema siia . """
162		 Tüdruk uuris pimedust . 	tüdruk uurima pimedus .
163		" "" Ma ei julge . "" "	""" mina ei julgema . """
163		 Ta hingas kiiresti , nagu oiates . 	tema hingama kiiresti , nagu oigama .
164		 Trevor oli oma mõtetega ametis . 	Trevor olema oma mõte amet .
165		" "" Kuule , on kaks võimalust — kas sa jääd sinna või tuled siia , mina lähen , "" vastas ta kannatamatult . "	""" kuulma , olema kaks võimalus - kas sina jääma sinna või tulema siia , mina minema , "" vastama tema kannatamatult ."
166		 Tüdruku huuled võbisesid , ta kõhkles , astus siis luugi juurde , mees aitas ta üles . 	tüdruk huul võbisema , tema kõhklema , astuma siis luu|luuk juurde , mees aitama tema üles .
167		" "" See ei viigi kuhugi , "" lausus tüdruk , kui silmad pimedusega harjusid . "	""" see ei viig|viik kuhugi , "" lausuma tüdruk , kui silm pimedus harjuma ."
168		" "" Sa mõtlesid , et see on suurem või ? "" "	""" sina mõtlema , et see olema suurem või ? """
169		 Tüdruk noogutas kiiresti . 	tüdruk noogutama kiiresti .
169		 Nad seisid vast meetri kaugusel luugist ja Trevor püüdis ruumis mingit ülevaadet saada . 	tema seisma vast meeter kaugusel luuk ja Trevor püüdma ruum mingi ülevaade saama .
169		 Helendav põrand läks rajana edasi , hargnes , siin-seal hõljusid õhus erivärvilised kujundid ja mustrid . 	helendav põrand minema rada|raja edasi , hargnema , siin-seal hõljuma õhk erivärviline kujund ja muster .
169		 Üks mustrilint algas luugi juurest ja lõppes valkjalt helendava rombiga nende lähedal . 	üks mustrilint algama luu|luuk juurest ja lõppema valkjalt helendav romb tema lähedal .
169		 Ta lasi Kaire käe lahti , astus sammu edasi ja peatus . 	tema laskma Kaire käsi lahti , astuma samm edasi ja peatuma .
169		 Ülevaate saamiseks oli liiga pime , ainus reaalne asi oli kuusnurgast paistev köök , seegi tontlikus rohelises helenduses . 	ülevaade saamine olema liiga pime , ainus reaalne asi olema kuusnurk paistev köök , see tontlik roheline helendus .
169		 Mingid ebamäärased udukogud , kummalised vormid — ainus pidepunkt oli , et ruum ei saa olla suurem , kui too pimedusepilv väljast , seega umbes kaheksa meetrit läbimõõdus . 	mingi ebamäärane udukogu , kummaline vorm - ainus pidepunkt olema , et ruum ei saama olema suurem , kui too pimedusepilv väljast , seega umbes kaheksa meeter läbimõõt .
170		" "" Siia tuleb mingi tõrvik kaasa võtta , "" pomises Trevor tüdruku poole tagasi vaadates . "	""" siia tulema mingi tõrvik kaasa võtma , "" pomisema Trevor tüdruk poole tagasi vaatama ."
170		" "" Ära rajalt kõrvale astu . "" "	""" ära rada|raja kõrvale astuma . """
171		 Enne kui mees taipas , mida teine teeb , ja teda takistada jõudis , oli Kaire sirutanud käe ja puudutanud toda helendavat rombi . 	enne kui mees taipama , mis teine tegema , ja tema takistama jõudma , olema Kaire sirutama|sirutanud käsi ja puudutama|puudutanud too helendav romb .
171		 Ei juhtunud muud , kui süttis terav valge valgus . 	ei juhtuma|juhtunud muu , kui süttima terav valge valgus .
172		 Ja selles valguses nägid nad hulluksajavat pilti . 	ja see valgus nägema tema hulluksajav pilt .
172		 Väändunud valgete udutorude taustal hõljus ruumis , esimesel pilgul kaootiliselt , umbes kaks tosinat inimest , kelle nägudel oli surma õudus . 	väänduma|väändunud valge udutoru taust hõljuma ruum , esimene pilk kaootiliselt , umbes kaks tosin inimene , kes nägu olema surm õudus .
172		 Kaire kisendas , pöördus , kisendas edasi , nüüd juba täiesti enesekontrolli kaotanult , üritas vist ummisjalu väljapääsu poole põgeneda , ent arvestas valesti , õigemini ei arvestanud üldse , kaotas tasakaalu ja enne kui Trevor taipas , mis toimub , kukkus ühte neist udupundardest . 	Kaire kisendama , pöörduma , kisendama edasi , nüüd juba täiesti enesekontroll kaotanu , üritama vist ummisjalu väljapääs poole põgenema , ent arvestama valesti , õigemini ei arvestama|arvestanud üldse , kaotama tasakaal ja enne kui Trevor taipama , mis toimuma , kukkuma ühte see udupundar .
172		 Ta ülakeha kadus hetkeks pea täielikult uttu , kostis vihin ja nagu klaasi krigin , siis toru jonksatas , paisates udust välja jäänud poole eemale . 	tema ülakeha kaduma hetk pea täielikult udu , kostma vihin ja nagu klaas krigin , siis toru jonksatama , paiskama udu välja jääma|jäänud pool eemale .
173		" "" Kaire ... "" sositasid Trevori veretud huuled . "	""" Kaire ... "" sositama Trevori veretu huul ."
173		 Ka nüüd , kui see viimane õnnetus teistele otsa sadas , ei teinud ta rumalusi . 	ka nüüd , kui see viimane õnnetus teine otsa sadama , ei tegema|teinud tema rumalus .
173		 Ent seal seistes ja tüdruku veel tõmblevaid jalgu ning poolekslõigatud kehast voolavat verd vaadates tundis ta , et midagi läks ka tema sees pöördumatult katki . 	ent seal seisma ja tüdruk veel tõmblev jalg ning poolekslõigatud keha voolav veri vaatama tundma tema , et miski minema ka tema sees pöördumatult katki .
173		 Millelgi ei olnud enam mõtet . 	miski ei olema|olnud enam mõte .
173		 Ta elutahe andis alla , üks raske pisar veeres liikumatule näole . 	tema elutahe andma alla , üks raske pisar veerema liikumatu nägu .
174		 Ta silmitses inimkujusid . 	tema silmitsema inimkuju .
174		 See oli kirev galerii , seal oli inimesi mõlemast soost ja kõigist rassidest ja õige kummalistes rõivastes . 	see olema kirev galerii , seal olema inimene mõlema soo|sugu ja kõik rass ja õige kummaline rõivas .
174		 Ühe neegri paljal ülakehal nägi ta sentimeetrijämedusi musti auke , ka kõigi teiste rõivastel olid need olemas . 	Ühe neeger paljas ülakeha nägema tema sentimeetrijämedune must auk , ka kõik teine rõivas olema see olema .
174		 Ta pilk jäi peatuma ühel poisikesel , kes võis olla kaheteistaastane , tal tekkis kummaline déjá vu tunne . 	tema pilk jääma peatuma üks poisike , kes võima olema kaheteistaastane , tema tekkima kummaline déjá vu tunne .
174		 Ta silmitses auke kuuel , üritades moejoone järgi arvata , mis ajastust see tragöödia oli ja siis meenus talle kunagi loetud seletamatu lugu Ühendriikide poisikesest Oliverist , kes kadus 1812. aasta jõuluööl . 	tema silmitsema auk kuub , üritama moejoon järgi arvama , mis ajastu see tragöödia olema ja siis meenuma tema kunagi loetud|lugema seletamatu lugu Ühendriik poisike Oliver , kes kaduma 1812. aasta jõuluöö .
174		" Ta olla läinud kaevule ja teised kuulnud ta kõrgusesse kaduvaid hüüdeid "" appi , appi , nad võtsid mu kinni "" . "	"tema olema läinud|minema kaev ja teine kuulma|kuulnud tema kõrgus kaduv hüüe "" abi , abi , tema võtma mina kinni "" ."
174		 Ja ainsad , lõppevad jäljed puutumatul lumel olnud tema omad . 	ja ainus , lõppev jälg puutumatu lumi olema|olnud tema oma .
174		 Asjad asetusid oma kohale ja Trevor ägas . 	asi asetuma oma kohale ja Trevor ägama .
175		" "" Kui põrgulikult sitane on kohtumine võõra tsivilisatisooniga ! "" ta lausa karjus , ta ei hoolinud enam . "	""" kui põrgulikult sitane olema kohtumine võõras tsivilisatisoon ! "" tema lausa karjuma , tema ei hoolima|hoolinud enam ."
175		" "" Ebatäiuslikud robotid , kes tapavad ja konserveerivad inimesi , nagu meie kogume herbaariumi . "	""" ebatäiuslik robot , kes tapma ja konserveerima inimene , nagu mina koguma herbaarium ."
175		 Kaua juba — paarsada , tuhat aastat ? 	kaua juba - paarsada , tuhat aasta ?
175		 Tullakse sellele järele või unustati see siia ? 	tulema see järele või unustama see siia ?
175		 Kes võis esimene olla ... neist Hiina rõivastest ei tea , aga see seal on selgelt keskaeg ... 	kes võima esimene olema ... see Hiina rõivas ei teadma , aga see seal olema selgelt keskaeg ...
175		 Te ei saanud loodetavasti kunagi teada , mis juhtus , see käis liiga kähku . 	sina ei saama|saanud loodetavasti kunagi teadma , mis juhtuma , see käima liiga kähku .
175		 Ent nüüd on see risu rikkis ... 	ent nüüd olema see risu rikkis ...
175		" Mõttetu surm , mõttetu meile kättesaamatu , aga ikkagi idiootlik tehnika . "" "	"mõttetu surm , mõttetu mina kättesaamatu , aga ikkagi idiootlik tehnika . """
176		 Ta tundis määratut väsimust , valu ja lootusetus olid ta tuimestanud . 	tema tundma määratu|määratud väsimus , valu ja lootusetu olema tema tuimestama|tuimestanud .
176		 Ta tegi loiult oletusi , miks aparaat sinna pidama jäi . 	tema tegema loiult oletus , miks aparaat sinna pidama jääma .
176		 Ootab ta ikka veel , et robot saagi pardale toimetaks ? 	ootama tema ikka veel , et robot saak parras toimetama ?
176		 Eriti midagi mõtlemata ja tagajärgedest hoolimata libistas ta käe üle tolle mustri , lülitas paar korda valgust sisse-välja . 	eriti miski mõtlema ja tagajärg hoolimata libistama tema käsi üle too muster , lülitama paar kord valgus sisse-välja .
176		 Hakkas siis teisi mustrielemente torkima . 	hakkama siis teine mustrielement torkima .
176		 Avastas , kuidas luuki sulgeda-avada . 	avastama , kuidas luuk sulgeda-avama .
176		 Järgmine lüliti pani ta muigama — nüüd nägi ta kogu ümbrust , nagu seisaks ta kergelt heledaval tahvlil kahe meetri kõrgusel suvila taga , ja ei musta pilve ega halli kuplit ei olekski . 	järgmine lüliti panema tema muigama - nüüd nägema tema kogu ümbrus , nagu seisma tema kergelt heledava tahvel kaks meeter kõrgus suvila taga , ja ei must pilv ega hall kuppel ei olema .
176		 Pilved olid ikka tihedad ja madalal , ent pimedus ei olnud enam täielik , sest horisondi taga oleva päikese kauged kiired panid idakaare punakalt kumama . 	pilv olema ikka tihe ja madalal , ent pimedus ei olema|olnud enam täielik , sest horisont taga olev päike|päikene kauge kiir panema idakaar punakalt kumama .
177		 Trevor silmitses seda kõike nagu hüvasti jättes . 	Trevor silmitsema see kõik nagu hüvasti jätma .
177		 Mingit moodi andis ta endale aru , kui tasakaalust väljas ja endast ära ta oli , ent hulluse asemel võttis temas kuju must külm raev . 	mingi mood andma tema ise aru , kui tasakaal väljas ja ise ära tema olema , ent hullus asemel võtma tema kuju must külm raev .
177		 Seda ei olnud vaja väljendada , see oli enesestmõistetav — kui ta vähegi saab , ta hävitab selle värdjaliku maavälise kolaka . 	see ei olema|olnud vaja väljendama , see olema enesestmõistetav - kui tema vähegi saama , tema hävitama see värdjalik maaväline kolakas .
178		" "" Kas tõesti hakkab juba hommik tulema ? "" "	""" kas tõesti hakkama juba hommik tulema ? """
178		 Ta heitis pilgu oma elektronkellale , see ei näidanud midagi . 	tema heitma pilk oma elektronkell , see ei näidanud|näitama miski .
178		 Tõenäoliselt läks ta rikki siis , kui staatiline elekter kõik helendama pani . 	tõenäoliselt minema tema rikki siis , kui staatiline elekter kõik helendama panema .
179		 Ta astus ruumi keskel torude vahel oleva puldi juurde , sest mingid tuled olid seal vilkuma hakanud . 	tema astuma ruum keskel toru vahel olev pult juurde , sest mingi tuli olema seal vilkuma hakanud|hakkama .
179		 Leige erapooletu huviga jälgis ta , kuidas mingi riba , mis ilmselt aega tagasi luges , otsa sai . 	Leige erapooletu huvi jälgima tema , kuidas mingi riba , mis ilmselt aeg tagasi lugema , otsa saama .
179		 Seinad tuhmusid , seal , kus oli olnud püüdjarobot , sähvatas valge leek . 	sein tuhmuma , seal , kus olema olema|olnud püüdjarobot , sähvatama valge leek .
179		 Kui hetke pärast läbipaistvus taastus , polnud enam ei robotit ega suvilatki , isegi mets maja ümber põles . 	kui hetk pärast läbipaistvus taastuma , olema enam ei robot ega suvila , isegi mets maja ümber põlema .
180		 Trevor isegi noogutas endamisi , kui kogu vaatepilt vajus algul aegamööda , siis üha kiiremini allapoole . 	Trevor isegi noogutama endamisi , kui kogu vaatepilt vajuma algul aegamööda , siis üha kiiremini allapoole .
180		 Korraga ei näinud ta enam midagi , sest nad olid pilvedesse jõudnud . 	korraga ei nägema|näima|näinud tema enam miski , sest tema olema pilv jõudma|jõudnud .
180		 Siis , mõnikümmend sekundit hiljem , olid nad läbi . 	siis , mõnikümmend sekund hiljem , olema tema läbi .
180		 Päikeseketas tõusis kiiresti horisondist kõrgemale , tuhmhall pilvetasandik vajus allapoole . 	päikeseketas tõusma kiiresti horisont kõrgemale , tuhmhall pilvetasandik vajuma allapoole .
181		" "" Ingrid , Rein , Kaire , Ingrid , Rein , Kaire ... "" kordas Trevor nagu transis ja proovis puldil mitmesuguseid nuppe , ent mitte midagi tajutavat sellest ei juhtunud . "	""" Ingrid , Rein , Kaire , Ingrid , Rein , Kaire ... "" kordama Trevor nagu transs ja proovima pult mitmesugune nupp , ent mitte miski tajutav see ei juhtuma|juhtunud ."
181		 Ta heitis pilgu ümbrusele , taevas hakkas mustaks tõmbuma . 	tema heitma pilk ümbrus , taevas hakkama must tõmbuma .
181		 Maa kaugenes silmnähtavalt , hakkas allpool juba selgeid mõõtmeid omandama . 	maa kaugenema silmnähtavalt , hakkama allpool juba selge mõõde omandama .
181		 Trevoril koitis arusaamine , et ta ei ole võimeline võõrast masinat juhtima . 	Trevor|Trevori koitma arusaamine , et tema ei olema võimeline võõras masin juhtima .
181		 Ainus emotsioon oli kerge pettumus , kõige vähem tundis ta hirmu . 	ainus emotsioon olema kerge pettumus , kõige vähem tundma tema hirm .
181		 Ta haaras küünlajala ja hakkas pulti huupi taguma . 	tema haarama küünlajalg ja hakkama pult huupi taguma .
181		 Helendavad pinnad prõksatasid ja kustusid , ta võttis ette mingid roosakad torud puldi kohal , need purunesid nagu klaas ja ootamatult kaotas kõik kaalu . 	helendav pind prõksatama ja kustuma , tema võtma ette mingi roosakas toru pult kohal , see purunema nagu klaas ja ootamatult kaotama kõik kaal .
181		 Trevor klammerdus näppudega pulti , et mitte ära lennata , kukkumise tunne oli sisikonda pahupidi keerav . 	Trevor klammerduma näpp pult , et mitte ära lendama , kukkumine tunne olema sisikond pahupidi keerav .
181		 Ta tundis ainult kerget ebamugavust , kui laibad ruumis lahtipääsenuna ringi lendasid ja mõned teda riivasid , tal oli ikka veel kõik täiesti ükskõik . 	tema tundma ainult kerge ebamugavus , kui laip ruum lahtipääsenu ringi lendama ja mõni tema riivama , tema olema ikka veel kõik täiesti ükskõik .
181		 Tükk aega ei juhtunud midagi , millegi järgi ei olnud arvata , kus või kui kõrgel nad olid . 	tükk aeg ei juhtuma|juhtunud miski , miski järgi ei olema|olnud arvama , kus või kui kõrgel tema olema .
181		 Maa ja laotus pöörlesid aeglaselt ringi . 	maa ja laotuma pöörlema aeglaselt ringi .
181		 Mees nihutas end pisut , üritas end käte-jalgadega kinni hoida , et puldile veel mõned hoobid anda . 	mees nihutama ise pisut , üritama ise käte-jalg kinni hoidma , et pult veel mõni hoop andma .
181		 Siis tundis ta kerget õõtsumist , väga kergelt suruti teda vastu pulti . 	siis tundma tema kerge õõtsumine , väga kergelt suruma tema vastu pult .
181		 Varsti surve ühtlustus ja oli juba nii tugev , et ketas näis serva peal püsti seisvat ; surnukehad kukkusid matsatustega ette hunnikusse . 	varsti surve ühtlustus ja olema juba nii tugev , et ketas näima serv peal püsti seisma ; surnukeha kukkuma matsatus ette hunnik .
181		 Trevor purskas närviliselt naerma — taldrik kukkus abitult maa suunas tagasi ja õhutakistus tekitas selle jõu . 	Trevor purskama närviliselt naerma - taldrik kukkuma abitult maa suunas tagasi ja õhutakistus tekitama see jõud .
181		 Pilved tõusid neile vastu . 	pilv tõusma tema vastu .
182		" "" Loodame , et see on kiire ... "" jõudis ta veel mõelda , kui saabus pimedus . "	""" lootma , et see olema kiire ... "" jõudma tema veel mõtlema , kui saabuma pimedus ."
183		 [Stockholm , 1999 ] 	[ Stockholm , 1999 ]
184		 Mees mu vastas tõmbas närviliselt suitsu ja läks kergelt longates akna alla . 	mees mina vastas tõmbama närviliselt suits ja minema kergelt lonkama aken alla .
184		 Ta pilk uitas öisel linnal , sellal kui ta tuhmi häälega rääkis . 	tema pilk uitama öine linn , sellal kui tema tuhm hääl rääkima .
185		" "" Mis ma pidin Rootsi immigratsioonivõimudele ütlema ? "	""" mis mina pidama Rootsi immigratsioonivõim ütlema ?"
185		 Selle loo rääkima või ? 	see lood|loog|lugu rääkima või ?
185		 Lamasin kaks kuud aparaatide all , see andis mulle võimaluse end koguda ja nii sisemiselt kui välimiselt kokku lappida . 	lamama kaks kuu aparaat all , see andma mina võimalus ise koguma ja nii sisemiselt kui välimiselt kokku lappima .
185		 Oli sügav nõukogude aeg , rootslased kedagi välja ei andnud , sest venelaste silmis olin ma riigireetur . 	olema sügav nõukogu aeg , rootslane keegi välja ei andma|andnud , sest venelane silm olema mina riigireetur .
185		 Kui ma selle loo oleksin rääkinud , oleksin ehk hullu pähe tagasi saadetud ... 	kui mina see lood|loog|lugu olema rääkima|rääkinud , olema ehk hull pea tagasi saadetud|saatma ...
185		 Või mine tea ? 	või minema teadma ?
186		 Hulluks peeti mind niigi . 	hull pidama mina niigi .
186		 Seletasin , et ei tea midagi selle ... hõljuki konstruktsioonist , millega tulin . 	seletama , et ei teadma miski see ... hõljuk konstruktsioon , mis tulema .
186		 Ütlesin , et tulin üksi , aga seda peeti valeks , et kaitsta hukkunud kaaslaste perekondi — need väärakad kommunistid ju maksid kätte ka põgenenute lähedastele . 	ütlema , et tulema üksi , aga see pidama vale , et kaitsma hukkuma|hukkunud kaaslane perekond - see väärakas kommunist ju maksma käsi ka põgenenu lähedane .
186		 Teesklesin mälukaotust ... 	teesklema mälukaotus ...
186		 Mingil viisil seda aktsepteeriti . 	mingi viis see aktsepteerima .
186		 Minu teada ei olnud Eesti meedias kogu asja kohta poolt sõnagi ... 	mina teadma ei olema|olnud Eesti meedia kogu asi kohta pool sõna ...
186		 Kõige raskem oli Ingridi vanematega , nende silmis olin ... olen ma alati mõrvar ... 	kõige raskem olema Ingrid vanem , see silm olema ... olema mina alati mõrvar ...
187		 Kuidas pääsesin ? 	kuidas pääsema ?
187		 Ei tea . 	ei teadma .
187		 Ju seal oli mingi päästekapsel . 	ju seal olema mingi päästekapsel .
187		 Plahvatuse peale tuli Rootsi rannavalve välja ja leidis mu mingitel nimetutel kaljudel meres . 	plahvatus peale tulema Rootsi rannavalve välja ja leidma mina mingi nimetu kalju meri .
187		" Pealuumõrad , kuus ribi ja mõlema jala luud murdunud , kui ainult tõsisematest asjadest rääkida . "" "	"pealuumõra , kuus ribi ja mõlema jalg luu|luud murduma|murdunud , kui ainult tõsisem asi rääkima . """
188		 Ta istus uuesti diivanile . 	tema istuma uuesti diivan .
189		" "" Avalda see ... ulmejutuna . "	""" avaldama see ... ulmejutt ."
189		 Niipalju aastaid on möödunud . 	niipalju aasta olema mööduma|möödunud .
189		 Ma olen elus , aga pole sellest ööst kunagi üle saanud , ega ka saa . 	mina olema elu , aga olema see öö kunagi üle saama|saanud , ega ka saama .
189		 Ma ei ole seda kellelegi rääkinud . 	mina ei olema see keegi rääkima|rääkinud .
189		 Ära ainult mu nime maini . 	ära ainult mina nimi maa|mai .
189		 Mul on siin perekond , sõbrad . 	mina olema siin perekond , sõber .
189		 Kaua suhtuti ka võimude poolt minusse suurte kahtlustega , nüüd ... 	kaua suhtuma ka võim poolt mina suur kahtlus , nüüd ...
189		" Aeg parandab kõik haavad . "" "	"aeg parandama kõik haab|haav . """
189		 Ta muigas rõõmutult ja parandas end. 	tema muigama rõõmutult ja parandama ise .
190		" "" Peaaegu kõik . "" "	""" peaaegu kõik . """
