par_nr	head	sentence	lemmas
1	 Deja-vu 	 Deja-vu 	Deja-vu
2		 Indrek Hargla 	Indrek Hargla
3		 Tegelased 	tegelane
4		 Adrian Adojan --mdash ; ajateadlane , 42-aastane , kahtlev , kuid uskuv , toriseja ja edasipüüdlik ajateadlaste grand old man ja skeptik nr 1 , otsib lahendusi ja leiab , aga mõnikord liiga hilja . 	Adrian Adojan -- mdash ; ajateadlane , 42aastane , kahtlev , kuid uskuv , toriseja ja edasipüüdlik ajateadlane grand old man ja skeptik nr 1 , otsima lahendus ja leidma , aga mõnikord liiga hilja .
4		 Mihhail Puhhov --mdash ; surnud , aga enne surma teadis ta ajast rohkem kui keegi teine . 	Mihhail Puhhov -- mdash ; surema|surnud , aga enne surm teadma tema aeg rohkem kui keegi teine .
4		 John Keyes --mdash ; Ülemaailmse Ajaakadeemia Esimees , andekas teadlane kuid liialt ambitsioonikas , tahab saada ajast võitu ja olla See Mees , Kes Sellega Hakkama Sai . 	John Keyes -- mdash ; Ülemaailmne|Ülemaailmse ajaakadeemia esimees , andekas teadlane kuid liialt ambitsioonikas , tahtma saama aeg võit ja olema see mees , kes see hakkama saama .
4		 Duncan Jordan --mdash ; teaduspoliitik , teised teevad teadust , tema teeb teadlasi ja annab Presidendile nõu . 	Duncan Jordan -- mdash ; teaduspoliitik , teine tegema teadus , tema tegema teadlane ja andma president nõu .
4		 Victor N'Mwana --mdash ; President . 	Victor N ’ Mwana -- mdash ; president .
4		 See , kes otsustab . 	see , kes otsustama .
5		 Ülemaailmne Ajaakadeemia Rae , Canada , McKenzie district aasta 2179 , 12. juuli , kl 8.30 	ülemaailmne ajaakadeemia Raad|Rae , Canada , McKenzie district aasta 2179 , 12. juuli , kl 8.30
6		 Tibutas vihma , hästi kergelt ja mahedalt . 	tibutama vihm , hästi kergelt ja mahedalt .
6		 Kõik lõhnas õrnalt niiskete mändide järele . 	kõik lõhnama õrnalt niiske mänd järele .
6		 Asfalt sulas sulnilt Adojani hääletu autoga ühte . 	asfalt sulama sulnilt Adojan|Adojani hääletu auto ühe .
6		 Karge , põhjamaiselt veetlev hommik . 	Karge , põhjamaiselt veetlev hommik .
7		" Adojan ei pidanud põrmugi juhtimisele mõtlema --mdash ; hääletu "" Turan "" kihutas metsavaheteel omapäi mööda teed , mida masin juba aastaid tundis . "	"Adojan ei pidama|pidanud põrmugi juhtimine mõtlema -- mdash ; hääletu "" Turan "" kihutama metsavahetee omapäi mööda tee , mis masin juba aasta tundma ."
7		 Tee keerles kunstlike kurvide peal , pakkudes sõitjale meeliülendavat vaatepilti Põhja-Canada loodusest , kus ilusat suveilma jagus vaid mõneks kuuks . 	tee keerlema kunstlik kurv peal , pakkuma sõitja meeliülendav vaatepilt Põhja-Canada loodus , kus ilus suveilm jaguma vaid mõni kuu .
7		 Adojanile meeldis siin Canadas , meeldis nagu lõunamaalasele põhjas ikka , meeldis nagu teadlasele maailma kalleimas teadusasutuses . 	Adojanile meeldima siin Canada , meeldima nagu lõunamaalane põhi ikka , meeldima nagu teadlane maailm kalleim teadusasutus .
8		 Kõik oli nii nagu enne , kuid miski ei pruukinud enam endiseks jääda . 	kõik olema nii nagu enne , kuid miski ei pruukima|pruukinud enam endine jääma .
8		 See kauni Canada kolkanurk pidi täna saama kohaks , milles viiakse läbi ehk suurim eksperiment maailma ajaloos . 	see kaunis Canada kolkanurk pidama täna saama koha|koht , mis viima läbi ehk suurim eksperiment maailm ajalugu .
8		 Siin , Suure Orjajärve ääres paiknevas Ajaakadeemias ( kui totakas nimi , Adojan kortsutas kulmu ) toimub täna See . 	siin , suur orjajärv ääres paiknev ajaakadeemia ( kui totakas nimi , Adojan kortsutama kulm ) toimuma täna see .
8		 Projekt koodnimetusega TWAIN . 	projekt koodnimetus TWAIN .
8		 Kui Adojan õieti mäletas , andis selle nime projektile tõhk Jordan . 	kui Adojan õieti mäletama , andma see nimi projekt tõhk Jordan .
8		" Jordan oli tema pärisnimi , "" tõhk "" Adojani poolt antud hüüdnimi . "	"Jordan olema tema pärisnimi , "" tõhk "" Adojan|Adojani poolt andma|antud hüüdnimi ."
8		 Tõhk tähendas Adojanile rumalat ja ebaeetilist inimtüüpi , sellist , kes ise suurt korda midagi ei saada . 	Tõhk tähendama Adojanile rumal ja ebaeetiline inimtüüp , selline , kes ise suur kord miski ei saama .
8		 Midagi suurt ja head . 	miski suur ja hea .
9		 Jordan arvas , et projekti TWAINi tuleb kuni positiivse tulemuse saavutamiseni salajas hoida . 	Jordan arvama , et projekt TWAIN tulema kuni positiivne tulemus saavutamine salajas hoidma .
9		 See vist tähendab , et mitteõnnestumise puhul ei saa keegi sellest teada . 	see vist tähendama , et mitteõnnestumine puhul ei saama keegi see teadma .
9		 Õnnestumise puhul aga saavad kõik teada , et just tema , Jordani hoole , tähelepanu ja juhtimise all õnnestus läbi viia maailma ajaloos esimene ... 	õnnestumine puhul aga saama kõik teadma , et just tema , Jordan|Jordani hool , tähelepanu ja juhtimine all õnnestuma läbi viima maailm ajalugu esimene ...
10		" "" Põrgusse , "" mõtles Adojan . "	""" põrgusse , "" mõtlema Adojan ."
10		" "" Poliitilist rämpsu on asja ümber rohkem kui vaja . "	""" poliitiline rämps olema asi ümber rohkem kui vaja ."
10		 Kõik see salastatus , pääsukaardid , hääleidentifitseerimisdetektorid . 	kõik see salastatud , pääsukaart , hääleidentifitseerimisdetektor .
10		 Kaks tundi roni oma laborisse ja pool tundi peldikusse . 	kaks tund ronima oma labor ja pool tund peldik .
10		 Igal pool mingid kontrollpunktid . 	iga pool mingi kontrollpunkt .
10		 Et keegi teada ei saaks ... 	et keegi teadma ei saama ...
10		 Ja Tõhk elab keset Akadeemiat luksuskorteris , kamandab ja juhib . 	ja tõhk elama keset akadeemia luksuskorter , kamandama ja juhtima .
10		 Keyes poeb tema ümber ja sisse nagu viimane krants . 	Keyes pugema tema ümber ja sisse nagu viimane krants .
10		 Äkki saab Keyeski osa kuulsusevihmast . 	äkki saama Keyesk|Keyeski osa kuulsusevihm .
10		 Et olla See Mees , Kes Sellega Hakkama Sai . 	et olema see mees , kes see hakkama saama .
11		" TWAINi finantseeris Globorg otse , Globorgi president "" Geenius "" N'Mwana'l on ainuõigus anda käsk "" Jah "" . "	"TWAIN finantseerima Globorg otse , Globorg|Globorgi|Globork president "" Geenius "" N ’ Mwana ’ l olema ainuõigus andma käsk "" jah "" ."
11		 Ja seepeale hakkavad tööle hiigelgeneraatorid , mis Suure Orjajärve vee muudavad aatomienergiaks . 	ja seepeale hakkama töö hiigelgeneraator , mis suur orjajärv vesi muutma aatomienergia .
11		 Ja see energia annab impulsi Puhhovi Kompressorile . 	ja see energia andma impulss Puhhov kompressor .
11		 Ja siis juhtub ... 	ja siis juhtuma ...
11		 Või ei juhtu ... , mõtles Adojan . 	või ei juhtuma ... , mõtlema Adojan .
11		 Keyes arvab , et juhtub , mina , et ei juhtu . 	Keyes arvama , et juhtuma , mina , et ei juhtuma .
11		 Või kes õieti teab , arutles Adojan . 	või kes õieti teadma , arutlema Adojan .
12		 Adojan polnud endale päriselt selgitanud oma positsiooni kogu mängus . 	Adojan olema ise päriselt selgitama|selgitanud oma positsioon kogu mäng .
12		 Ta oli teadlane ja teda huvitas asja teaduslik külg . 	tema olema teadlane ja tema huvitama asi teaduslik külg .
12		 Ta oli olnud Puhhovi õpilane , kuid Puhhov oli poolel teel seisma jäänud . 	tema olema olema|olnud Puhhov õpilane , kuid Puhhov olema pool tee seisma jääma|jäänud .
12		 Puhhov suri ja Adojan oli olnud ainuke , kes Puhhovi valemeist edasi oskas mõelda , kuni temagi jõudis ummikusse . 	Puhhov surema ja Adojan olema olema|olnud ainuke , kes Puhhov valem edasi oskama mõtlema , kuni tema jõudma ummik .
12		" "" Tal on lahendus olemas , algusest peale oli tal lahendus olemas , aga keegi ei oska seda näha , "" nii arvas Adojan ja nii ta ise ka uskus . "	""" tema olema lahendus olema , algus peale olema tema lahendus olema , aga keegi ei oskama see nägema , "" nii arvama Adojan ja nii tema ise ka uskuma ."
12		 Puhhovi-Adojani teoreemid jäid ummikusse paradoks-konstandi nähtavale ilmumisega . 	Puhhovi-Adojan|Puhhovi-Adojani teoreem jääma ummik paradoks-konstant nähtavale ilmumine .
12		 Keyes kuulutas selle kohe ebaoluliseks , mis ei suuda muuta ekspermendi läbiviidavuse toimumist . 	Keyes kuulutama see kohe ebaoluline , mis ei suutma muutma eksperment läbiviidavus toimumine .
12		" Adojan kehitas õlgu --mdash ; "" Teie otsustate "" , Jordan halleluujatas ( ta oli poliitik ja pidi seepärast jumalat uskuma ) . "	"Adojan kehitama õlg -- mdash ; "" sina otsustama "" , Jordan halleluujatama ( tema olema poliitik ja pidama seepärast jumal uskuma ) ."
12		 Ja Akadeemia ? 	ja akadeemia ?
12		 Akadeemia tormas innuga projekti kallale ning Adojan vist ka . 	akadeemia tormama ind projekt kallale ning Adojan vist ka .
13		 Eemalt , künka tagant hakkasid paistma Reaktori tornid . 	eemalt , küngas tagant hakkama paistma reaktor torn .
13		 Puude vahelt libisesid mööda Suure Orjajärve siniveed , veed , mis peaksid käivitama maailma ajaloo esimese ajas liikumise eksperimendi . 	puu|puue vahelt libisema mööda suur orjajärv sinivesi , vesi , mis pidama käivitama maailm ajalugu esimene ajama liikumine eksperiment .
14		 9.10 	9.10
15		 Adojan istus Akadeemia sööklas ja jõi oma hommikust neljandat kefiiri . 	Adojan istuma Akadeemia söökla ja jooma oma hommik neljas kefiir .
15		" "" Teid kõiki tapab ükskord kohv , "" tavatses ta kolleegidele öelda , "" kas te joote teda või mitte . "	""" sina kõik tapma ükskord kohv , "" tavatsema tema kolleeg ütlema , "" kas sina jooma tema või mitte ."
15		" Kefiir aga hoiab mind elus . "" "	"kefiir aga hoidma mina elu . """
15		 Õhk oli ärevust täis . 	õhk olema ärevus täis .
15		 Sebiti ringi , tõugeldi , visati närviliselt nalja . 	sebima ringi , tõuklema , viskama närviliselt nali .
15		 Kuid Adojan ei suutnud tabada optimismi ega lõbususenooti . 	kuid Adojan ei suutma|suutnud tabama optimism ega lõbususenoot .
15		 Ebmäärasust oli liiga palju . 	Ebmäärasu olema liiga palju .
15		 Ta polnud endale kunagi tahtnud tunnistada , et tema autoriteet oli tegelikult niivõrd kõrge , et skepsis oli ka kollegidesse imbunud . 	tema olema ise kunagi tahtma|tahtnud tunnistama , et tema autoriteet olema tegelikult niivõrd kõrge , et skepsis olema ka kollegi imbuma|imbunud .
16		 Adojan jõi väikeste sõõmudega kefiiri ja ootas Keyesi väljakutset . 	Adojan jooma väike|väikene sõõm kefiir ja ootama Keyes|Keyesi väljakutse .
16		 Ta pidi siin istuma ja oma kefiiriga mõtteid koguma . 	tema pidama siin istuma ja oma kefiir mõte koguma .
16		 Aeg tuli hetkeks maha võtta , kuigi ajal ei pruukinud varsti enam mingit tähtsust olla . 	aeg tulema hetk maha võtma , kuigi aeg ei pruukima|pruukinud varsti enam mingi tähtsus olema .
16		 Adojan oli TWAINi teadusjuht , kuid mitte poliitikajuht . 	Adojan olema TWAIN teadusjuht , kuid mitte poliitikajuht .
16		 Tänaseks oli määratud TWAINi käivitamine , tema ei saanud seda ära hoida . 	tänaseks olema määrama|määratu|määratud TWAIN käivitamine , tema ei saama|saanud see ära hoidma .
16		" Kui Adojani käest küsiti , kas saab eksperimenti läbi viia , pidi ta vastama "" Jah "" . "	"kui Adojan|Adojani käsi küsima , kas saama eksperiment läbi viima , pidama tema vastama "" jah "" ."
16		 Sest sai küll . 	sest saama küll .
16		" Aga kui küsiti , mis juhtub , pidi ta vastama "" Ei tea "" . "	"aga kui küsima , mis juhtuma , pidama tema vastama "" ei teadma "" ."
16		 Sest ta ei teadnud . 	sest tema ei teadma|teadnud .
16		 Tema poolt edasiarendatud Puhhovi teoreemid ei andnud vastust paradoks-konstandile . 	tema poolt edasiarendatud Puhhov teoreem ei andma|andnud vastus paradoks-konstant .
17		 TWAINi sai käivitada , aga keegi ei saanud öelda , mis juhtub . 	TWAIN saama käivitama , aga keegi ei saama|saanud ütlema , mis juhtuma .
17		 Poliitikud ja Globorg arvasid , et teaduses on kõige tähtsam eksperiment läbi viia . 	poliitik ja Globorg arvama , et teadus olema kõige tähtsam eksperiment läbi viima .
17		 Adojani arvates oli teaduses kõige tähtsam teada , mida seni ei teatud . 	Adojan|Adojani arvama olema teadus kõige tähtsam teadma , mis seni ei teadma|teatud .
17		 Mõnikord tundus Adojanile , et riiklikult finantseeritav teadus polegi õieti teadus . 	mõnikord tunduma Adojanile , et riiklikult finantseeritav teadus olema õieti teadus .
17		 Kopernik ja da Vinci olid erakud , keegi ei andnud neile raha . 	Kopernik ja da Vinc|Vinci olema erak , keegi ei andma|andnud tema raha .
17		 Nad ei täitnud tellimust . 	tema ei täitma|täitnud tellimus .
17		 Ja olid seetõttu vabad . 	ja olema seetõttu vaba .
17		 Teadus on mõtlemine , filosoofia kvintessents , filosoofia pole teadus , vaid seisund . 	teadus olema mõtlemine , filosoofia kvintessents , filosoofia olema teadus , vaid seisund .
17		 Ja teadus pole mitte iialgi poliitika , vähemalt oma ideaalkujul . 	ja teadus olema mitte iialgi poliitika , vähemalt oma ideaalkuju .
17		 Samas on teadusel iseeneslik väärtus . 	samas olema teadus iseeneslik väärtus .
17		 Ta areneb , sest inimesed arendavad teda . 	tema arenema , sest inimene arendama tema .
17		 Kui ollakse mingi avastuse lävel , siis pole mõtet enam kõhelda . 	kui olema mingi avastus lävi , siis olema mõte enam kõhelema|kõhklema .
17		 Edasi ! 	edasi !
17		 Aga ikkagi teeb murelikuks teaduse forsseerimine . 	aga ikkagi tegema murelik teadus forsseerimine .
17		 Materiaalsed väärtused teaduse stiimulina o n ohtlikud , leidis Adojan . 	materiaalne väärtus teadus stiimul o n ohtlik , leidma Adojan .
17		 Leiutatakse raha pärast . 	leiutama raha pärast .
17		 Mitte iseenesliku mõttelahvatuse valgusel . 	mitte iseeneslik mõttelahvatus valgus .
18		 Adojani randmel süttis rihma otsas pisike punane paneel . 	Adojan|Adojani ranne süttima rihm otsas pisike punane paneel .
18		" "" Adrian , saad sa tulla , jah ? "" "	""" Adrian , saama sina tulema , jah ? """
18		" "" Keyes , "" mõtles Adojan , "" siin ta siis ongi . "" "	""" Keyes , "" mõtlema Adojan , "" siin tema siis olema . """
18		 Ta lõpetas kiiruga kefiiri . 	tema lõpetama kiir|kiird kefiir .
18		" "" Puhhov uskus , et ma saan sellega hakkama , "" mõtles ta , "" Kuid mida ta küll tahtis mulle öelda ... ? "" "	""" Puhhov uskuma , et mina saama see hakkama , "" mõtlema tema , "" kuid mis tema küll tahtma mina ütlema ... ? """
18		 Vana teadlase loppis nägu kerkis ajusopist ta silme ette ... 	vana teadlane loppis nägu kerkima ajusopis tema silm ette ...
19		 See oli vaevalt kaks aastat tagasi , siis kui Puhhov oli veel elus . 	see olema vaevalt kaks aasta tagasi , siis kui Puhhov olema veel elus .
19		 Nad olid Puhhoviga Moskva Ülikooli Ajateaduskonna õppenõukogu saalis . 	tema olema Puhhov Moskva Ülikool ajateaduskond õppenõukogu saal .
19		 Konverents oli just lõppenud . 	konverents olema just lõppema|lõppenud .
19		 Puhhov imes oma sigaretti ja põrnitses paari sirgeldust , mida ta nimetas valemiks . 	Puhhov imema oma sigaret ja põrnitsema paar sirgeldus , mis tema nimetama valem .
20		" "" Sellel kõigel ei ole lahendust , Adik , "" ütles Puhhov vaikselt . "	""" see kõik ei olema lahendus , Adik , "" ütlema Puhhov vaikselt ."
20		" "" Ma saan läbi integraalide leida vajaliku energiahulga , ma saan läbi energia leida temporaaltühiku ja lõpuks Ajavektori koordinaadid , aga see viib kõik jälle algusesse välja . "	""" mina saama läbi integraal leidma vajalik energiahulk , mina saama läbi energia leidma temporaaltühik ja lõpp ajavektor koordinaat , aga see viima kõik jälle algus välja ."
20		 Ajas saab liikuda ja ajas ei saa liikuda . 	ajama saama liikuma ja aeg ei saama liikuma .
20		 Mida ma tegema pean , Adik ? 	mis mina tegema pidama , Adik ?
20		 Nad usuvad ainult esimesse valemisse - ajas saab liikuda . 	tema uskuma ainult esimene valem - aeg saama liikuma .
20		 Ma olen geenius ja mees , kes leidis tee ajas liikumiseks . 	mina olema geenius ja mees , kes leidma tee aeg liikumine .
20		 Muu neid ei huvita . 	muu see ei huvitama .
20		" Ma andsin neile võimaluse ja nad kasutavad seda . "" "	"mina andma tema võimalus ja tema kasutama see . """
21		" "" Miks nad ? "" küsis Adojan . "	""" miks tema ? "" küsima Adojan ."
21		" "" Miks mitte meie ? "" "	""" miks mitte mina ? """
22		" "" Meie , teadlased , oleme alati need , kes ei oma oma leiutatut . "	""" mina , teadlane , olema alati see , kes ei omama oma leiutatu ."
22		 Meie saame osa teadmisest , aga meie teadmised kuuluvad teistele . 	mina saama osa teadmine , aga mina teadmine kuuluma teine .
22		" Poliitikutel on oma plaan . "" "	"poliitik olema oma plaan . """
22		 Puhhov muigas nukralt . 	Puhhov muigama nukralt .
22		" "" Ma tean , mida nad tahavad --mdash ; nad tahavad maailma parandada . "	""" mina teadma , mis tema tahtma -- mdash ; tema tahtma maailm parandama ."
22		 Nad tahavad minna ajas tagasi ja teha maailma paremaks . 	tema tahtma minema aeg tagasi ja tegema maailm parem .
22		 Kujutad ette , nad on hullud . 	kujutama ette , tema olema hull .
22		 Minna minevikku , või saata midagi minevikku , et see muutuks . 	minema minevik , või saatma miski minevik , et see muutuma .
22		" See on absurd . "" "	"see olema absurd . """
23		 Adojan lõi käega . 	Adojan looma|lööma käsi .
23		" "" Jäta , sa ei usu seda isegi . "	""" jätma , sina ei uskuma see isegi ."
23		 Nad ei ole ometi nii rumalad . 	tema ei olema ometi nii rumal .
23		 Me saadame midagi ajas tagasi , seda küll . 	mina saatma miski ajama tagasi , see küll .
23		" Kuid mitte ometi selleks , et olevikku muuta . "" "	"kuid mitte ometi see , et olevik muutma . """
24		" "" Nojah , "" Puhhov kustutas sigareti , "" nad ei ütle seda otse välja . "	""" nojah , "" Puhhov kustutama sigaret , "" tema ei ütlema see otse välja ."
24		 Aga poliitikud annavad raha , ja nende sõnade taga on just see --mdash ; minna , kurat võtaks , ajas tagasi . 	aga poliitik andma raha , ja tema sõna taga olema just see -- mdash ; minema , kurat võtma , ajama tagasi .
24		 Seal midagi ära tsurkida ja jääda ootama , et see kuradima maailm läheks paremaks . 	seal miski ära tsurkida ja jääma ootama , et see kuradima maailm minema parem .
24		" Kui naiivne ... ja kui ohtlik . "" "	"kui naiivne ... ja kui ohtlik . """
25		 Puhhov tõusis ja astus akna juurde . 	Puhhov tõusma ja astuma aken juurde .
25		" "" Kui me ainult teaksime , miks miski eksisteerib , võiks see ju teoreetiliselt võimalik olla . "	""" kui mina ainult teadma , miks miski eksisteerima , võima see ju teoreetiliselt võimalik olema ."
25		 Aga me ju ei tea . 	aga mina ju ei teadma .
25		" Jah , ma olen geniaalne teadlane , ma avastasin "" Aja saladuse "" , nagu kirjutatakse , aga mulle pakkus see teoreetilist , teadlase naudingut . "	"jah , mina olema geniaalne teadlane , mina avastama "" aeg saladus "" , nagu kirjutama , aga mina pakkuma see teoreetiline , teadlane nauding ."
25		 Siis hakkasid äkitselt laekuma hullumeelsed summad , loodi see teie akadeemia seal Canada pärapõrgus , läks lahti kogu see tingel-tangel . 	siis hakkama äkitselt laekuma hullumeelne summ|summa , looma see sina akadeemia seal Canada pärapõrgu , minema lahti kogu see tingel-tangel .
25		" Ja olgu ma neetud , kui selle taga ei ole Globorgi soov maailma parandada . "" "	"ja olema mina needma|neetud , kui see taga ei olema Globorg|Globorgi|Globork soov maailm parandama . """
26		 Adojan üritas Puhhovi juttu sekkuda . 	Adojan üritama Puhhov jutt sekkuma .
26		" "" Aga , Mihhail , "" peatas ta teadlase kõnevoolu käega vehkides , "" lõppeks selleks me teadusega tegelemegi . "	""" aga , Mihhail , "" peatama tema teadlane kõnevool käsi vehkima , "" lõppeks see mina teadus tegelema ."
26		 Et maailma parandada . 	et maailm parandama .
26		 Kui inimesele on juba mõistus antud , peab ta seda kasutama . 	kui inimene olema juba mõistus andma|antud , pidama tema see kasutama .
26		" Selles ongi tsivilisatsiooni mõte . "" "	"see olema tsivilisatsioon mõte . """
27		 Puhhov vaatas nukralt tühjusesse . 	Puhhov vaatama nukralt tühjus .
27		" "" Me ei tea , milles on tsivilisatsiooni mõte . "	""" mina ei teadma , mis olema tsivilisatsioon mõte ."
27		 Võibolla selles see mõte ongi . 	võibolla see see mõte olema .
27		 Mitte teada . 	mitte teadma .
27		 Teadmatus suunab ja sunnib arengut . 	teadmatus suunama ja sundima areng .
27		 Teadlikkus kultiveerib religiooni ja unustust , sest õiget teadmist ei saa kunagi olemas olla . 	teadlikkus kultiveerima religioon ja unustus , sest õige teadmine ei saama kunagi olema olema .
27		 Areng ja tsivilisatsioon pole samased , arenguga ei saa mõõta tsivilisatsiooni edukust , sest arusaam edukusest tuleneb arengust . 	areng ja tsivilisatsioon olema samane , areng ei saama mõõtma tsivilisatsioon edukus , sest arusaam edukus tulenema areng .
27		 Meile on mõistus antud , jah . 	mina olema mõistus andma|antud , jah .
27		 Inimkond leiutas ratta , õppis kasutama tuld , avastas triibulise hambapasta , lendas kosmosesse ja nagu ma kuulnud olen , aretab kodustatud alligaatoreid . 	inimkond leiutama ratas , õppima kasutama tuli , avastama triibuline hambapasta , lendama kosmos ja nagu mina kuulma|kuulnud olema , aretama kodustama|kodustatud alligaator .
27		" Aga kas me oleme nüüd sellepärast rohkem inimesed ? "" "	"aga kas mina olema nüüd sellepärast rohkem inimene ? """
28		 Adojan naeris , päris südamest . 	Adojan naerma , päris süda .
28		" "" Ei , ei . "	""" ei , ei ."
28		 Lihtsalt mõistusega kaasneb teadmistejanu . 	lihtsalt mõistus kaasnema teadmistejanu .
28		" Soov näha silmapiiri taha . "" "	"soov nägema silmapiir taha . """
29		 Puhhov vastas samuti lõbusamalt . 	Puhhov vastama samuti lõbusamalt .
29		" "" Minult imevad nad selle kõik välja . "	""" mina imema tema see kõik välja ."
29		 Egas ma tõrgugi vastu , ma annan neile Aja Saladuse . 	egas mina tõrkuma vastu , mina andma tema aeg saladus .
29		 See on veel poolik , seda küll . 	see olema veel poolik , see küll .
29		 Aga keegi kindlasti jõuab kunagi lahenduseni . 	aga keegi kindlasti jõudma kunagi lahendus .
29		 Kuid kas sa suudad ette kujutada , mis kõik juhtuda võib , kui neil õnnestub midagi ajas tagasi saata ? 	kuid kas sina suutma ette kujutama , mis kõik juhtuma võima , kui tema õnnestuma miski ajama tagasi saatma ?
29		 Mis juhtuks , kui see avalikuks saaks ? 	mis juhtuma , kui see avalik saama ?
29		 Ma ei mõtle siin kihlvedudesõlmijaid ega antiigikaupmehi , kes ilmselt ajasrändamist rahaks hakkavad pöörama . 	mina ei mõtlema siin kihlvedudesõlmija ega antiigikaupmees , kes ilmselt ajasrändamine raha hakkama pöörama .
29		 Ei , kõige hirmsam on teadmatus , või õigemini hirmu puudumine seesuguste eksperimentide ees . 	ei , kõige hirmsam olema teadmatus , või õigemini hirm puudumine seesugune eksperiment ees .
29		 Ma kardan kohutvalt oma valemit , seda , mis ütleb , et aeg on universaalne . 	mina kartma kohutvalt oma valem , see , mis ütlema , et aeg olema universaalne .
29		 Ma ei tea , mida see tähendab , aga ma kardan . 	mina ei teadma , mis see tähendama , aga mina kartma .
29		 Olgu , sa tead , et mind pole kauaks . 	olema , sina teadma , et mina olema kauaks .
29		 Sina pead võtma teadusliku vastutuse kogu selle eksperimendi eest . 	sina pidama võtma teaduslik vastutus kogu see eksperiment eest .
29		" Sa pead seda mulle lubama ! "" "	"sina pidama see mina lubama ! """
30		 Adojan lubas . 	Adojan lubama .
31		 9.45 	9.45
32		 Keyes ja Adojan istusid Keyesi kabinetis . 	Keyes ja Adojan istuma Keyes|Keyesi kabinet .
32		 Keyesi tuju oli võrdlemisi hea , kuid Adojan teadis , et Keyes peidab tegelikult lõbusa olemise taha oma närvilisust . 	Keyes|Keyesi tuju olema võrdlemisi hea , kuid Adojan teadma , et Keyes peitma tegelikult lõbus olemine taha oma närvilisus .
32		 Üldiselt hakkas Adojanile kõik juba närvidele käima ja ta põrnitses Akadeemia esimeest tülgastunult . 	üldiselt hakkama Adojanile kõik juba närv käima ja tema põrnitsema Akadeemia esimees tülgastunu .
32		 Keyesi laual tiksus neljasaja aasta vanune kell . 	Keyes|Keyesi laud tiksuma nelisada aasta vanune kell .
32		 Kell oli väga ilus ja väga kallis . 	kell olema väga ilus ja väga kallis .
32		 Selle oli Keyesile kinkinud Globorg . 	see olema Keyesile kinkima|kinkinud Globorg .
32		" "" Minevik näitab meile olevikku , kuid mitte tulevikku , "" mõtles Adojan alati , kui ta seda kella nägi . "	""" minevik näitama mina olevik , kuid mitte tulevik , "" mõtlema Adojan alati , kui tema see kell nägema ."
33		" "" Nüüd on nii , Adrian , "" lausus Keyes , "" et kui alt , Suurest Auditooriumist , tuleb signaal , et TWAINi tarbeks on kõik niiöelda valmis seatud , helistan ma Globorgi Jordanile . "	""" nüüd olema nii , Adrian , "" lausuma Keyes , "" et kui alt , suur auditoorium , tulema signaal , et TWAIN tarve olema kõik niiöelda valmis seadma|seatud , helistama mina Globorg Jordanile ."
33		 Kannan talle ette niiöelda asjade seisu . 	kandma tema ette niiöelda asi seis .
33		" Ja N'Mwana annab korralduse niiöelda nupule vajutada . "" "	"ja N ’ Mwana andma korraldus niiöelda nupp vajutama . """
34		" "" Niiöelda "" oli Keyesi lemmiksõna . "	""" niiöelda "" olema Keyes|Keyesi lemmiksõna ."
34		 Adojanil käis iga kord , kui ta seda sõna kuulis , ihust värin läbi . 	Adojan|Adojani käima iga kord , kui tema see sõna kuulma , ihk|ihu värin läbi .
35		" "" Mul ei ole veel lõplikke tulemusi , "" ütles Adojan , "" me ei tea , mis juhtub . "	""" mina ei olema veel lõplik tulemus , "" ütlema Adojan , "" mina ei teadma , mis juhtuma ."
35		" Me saame ajavektori suunata x- punktile minevikus ja niiöelda nupule vajutada aga me ei või teada , mis juhtub . "" "	"mina saama ajavektor suunama x punkt minevik ja niiöelda nupp vajutama aga mina ei võima teadma , mis juhtuma . """
36		" Keyes neelas "" niiöelda "" torke alla . "	"Keyes neelama "" niiöelda "" torge alla ."
36		" "" Ehhee , just siis me saame teada , mis juhtub , "" pareeris ta . "	""" ehhee , just siis mina saama teadma , mis juhtuma , "" pareerima tema ."
36		" "" Just siis me saamegi teada , kui me nupule vajutame . "	""" just siis mina saama teadma , kui mina nupp vajutama ."
36		 Ära seda ära unusta . 	ära see ära unustama .
36		" Kui katse käik oleks 100% ette teada , poleks üldse mõtet seda läbi viia . "" "	"kui katse käik olema 100 % ette teadma , olema üldse mõte see läbi viima . """
37		" "" Ma arvan , et me ei arvesta piisavalt vastutusega , mis kaasneb , "" vastas Adojan . "	""" mina arvama , et mina ei arvestama piisavalt vastutus , mis kaasnema , "" vastama Adojan ."
37		" "" Ma arvan , et meil pole õigust seda eksperimenti veel läbi viia . "	""" mina arvama , et mina olema õigus see eksperiment veel läbi viima ."
37		 Isegi , kui meil õnnestub see objekt minevikku saata , pole mingit garantiid selle ohutuses . 	isegi , kui mina õnnestuma see objekt minevik saatma , olema mingi garantii see ohutus .
37		" Ma ... "" "	"mina ... """
38		 Keyes katkestas Adojani . 	Keyes katkestama Adojani .
38		" "" Ära unusta , et kogu eksperimendi niiöelda logistika on Puhhovi enda poolt , niiöelda postuumselt kinnitatud . "" "	""" ära unustama , et kogu eksperiment niiöelda logistika olema Puhhov ise poolt , niiöelda postuumselt kinnitama|kinnitatud . """
39		" Siin kasutas Keyes Adojani arvates oma "" niiöelda "" fraasi õigustatult . "	"siin kasutama Keyes Adojan|Adojani arvama oma "" niiöelda "" fraas õigustatult ."
39		 Peale Puhhovi surma sai Adojan Puhhovi depositeeritud pärandi , mis sisaldas tema viimaseid arvutusi ja TWAINi logistikat , millest kellelgi seni veel aimu polnud . 	peale Puhhov surm saama Adojan Puhhov depositeeritud pärand , mis sisaldama tema viimane arvutus ja TWAIN logistika , mis keegi seni veel aim olema .
39		 Ese X , milleks Puhhv oli valinud kõige harilikuma kustukummi , asetatakse ajareaktorisse . 	Ese X , mis Puhhv olema valima|valinud kõige harilikum kustukumm , asetama ajareaktor .
39		" Siis vajutatakse seda Keyesi "" niiöelda "" nuppu , ning kustukumm sooritab esimese ajareisi maailma ajaloos . "	"siis vajutama see Keyesi "" niiöelda "" nupp , ning kustukumm sooritama esimene ajareis maailm ajalugu ."
39		 Ajareaktor ise , kuhu kustukumm asetatakse , on suur ja võimas seadeldis . 	ajareaktor ise , kuhu kustukumm asetama , olema suur ja võimas seadeldis .
39		" Kuid tema sees on kaks uraaniga taadeldud seifi , neist ühe , seifi "" A "" sisse ese X asetubki . "	"kuid tema sees olema kaks uraan taadeldud|taatlema seif , see ühe , seif "" A "" sisse ese X asetuma ."
39		" Kustukumm X saadetakse seifist "" A "" seifi "" B "" . "	"Kustukumm X saatma seif "" A "" seif "" B "" ."
39		 Ajas tagasirände aeg on 10 minutit . 	ajama tagasiränne aeg olema 10 minut .
39		" Seega peaks ju olema 10 minutit enne eksperimendi algust kustukumm juba seifis "" B "" . "	"seega pidama ju olema 10 minut enne eksperiment algus kustukumm juba seif "" B "" ."
39		" Puhhov oli aga kategooriliselt keelanud seifi "" B "" avamise e n n e TWAINi algust . "	"Puhhov olema aga kategooriliselt keelama|keelanud seif "" B "" avamine e n n e TWAIN algus ."
39		 See põhjustavat eksperimendi kordasaatmise võimatuse . 	see põhjustama eksperiment kordasaatmine võimatus .
39		" Kuid mõlemale seifile on installeeritud taimerid ja sensorid , mis näitavad täpselt eseme "" ülekandmise "" ja "" laekumise "" kellaaega . "	"kuid mõlema seif olema installeerima|installeeritud taimer ja sensor , mis näitama täpselt ese "" ülekandmine "" ja "" laekumine "" kellaaeg ."
39		 Kumbagi seifi ei saa avada enne eksperimendi läbiviimise algust . 	kumbki seif ei saama avama enne eksperiment läbiviimine algus .
39		" Niisiis põhjustab niiöelda nupulevajutamine kustukummi kandumise seifi "" B "" 10 minutit ajas tagasi . "	"niisiis põhjustama niiöelda nupulevajutamine kustukumm kandumine seif "" B "" 10 minut ajama tagasi ."
39		 See Puhhovi skeem oli vastuvaidlemata Akadeemia juhtkonna poolt heakskiidetud . 	see Puhhov skeem olema vastuvaidlemata Akadeemia juhtkond poolt heakskiidetud .
39		 Tagatud oli nii turvalisus , diskreetsus kui teaduslik tõestatus . 	tagatu olema nii turvalisus , diskreetsus kui teaduslik tõestatus .
39		 Mõlemad seifid olid ülirange elekroonilise ja inimeste valve all . 	mõlema seif olema ülirangid elekrooniline ja inimene valve all .
39		 Elektroonika kontrollis seife , inimesed elektroonikat , teised inimesed kontrollijaid ja Keyes kontrollijate kontrollijaid . 	elektroonika kontrollima seif , inimene elektroonika , teine inimene kontrollija ja Keyes kontrollija kontrollija .
39		 Pealegi oli ilmselt ainult elektroonikal aimu , millega ta täpselt tegeleb ja mida valvab . 	pealegi olema ilmselt ainult elektroonika aim , mis tema täpselt tegelema ja mis valvama .
39		" Kõik ülejäänud kontrollmeeskonnad tegutsesid "" tarvis teada "" põhimõtte alusel . "	"kõik ülejäänud kontrollmeeskond tegutsema "" tarvis teadma "" põhimõte alune|alus ."
39		 See tähendab , nad ei teadnud midagi . 	see tähendama , tema ei teadma|teadnud miski .
40		 Adojan lõi resigneerunult käega . 	Adojan looma|lööma resigneerunult käsi .
40		" "" Puhhovi viimaseid valemeid pole mul nagunii õnnestunud lõpuni lahti mõtestada . "	""" Puhhov viimane valem olema mina nagunii õnnestuma|õnnestunud lõpp lahti mõtestama ."
40		 Niipalju kui ma neist mõistan , ei välista nad ajarännu võimalust per se , lõppeks annavad nad ju selle täpse mehhanismi . 	niipalju kui mina see mõistma , ei välistama tema ajaränd võimalus per se , lõppeks andma tema ju see täpne mehhanism .
40		 Kuid nad sisaldavad iseenesliku paradoksi . 	kuid tema sisaldama iseeneslik paradoks .
40		 Valemid välistavad iseenda , kui nad on tõepärased . 	valem välistama iseenese , kui tema olema tõepärane .
40		" Ja nad on . "" "	"ja tema olema . """
41		 Kuid Keyes oli juba kõik läbi mõelnud . 	kuid Keyes olema juba kõik läbi mõelnud|mõtlema .
41		" "" Me avastame siin uut ajastut , mees . "	""" mina avastama siin uus ajastu , mees ."
41		 Puhhov , sina ja meie kõik saame surematuks . 	Puhhov , sina ja mina kõik saama surematu .
41		 See paradoks on normaalne . 	see paradoks olema normaalne .
41		 Sa tead , et Kaufmani analüüsigrupp on paradoksi seletanud kui täiesti loomuliku niiöelda murdepunkti . 	sina teadma , et Kaufman|Kaufmani analüüsigrupp olema paradoks seletama|seletanud kui täiesti loomulik niiöelda murdepunkt .
41		 Sest ajas rändamine pole ju loogiliselt võttes võimalik . 	sest ajama rändamine olema ju loogiliselt võtma võimalik .
41		 Ei saa kohtuda iseendaga . 	ei saama kohtuma iseenese .
41		 Ei saa tappa oma esivanemaid . 	ei saama tapma oma esivanem .
41		 Üldsegi ei saa mitte midagi ajaloos muuta , sest kõik , mis juhtub , juhtub seepärast , et kõik eelnev on juhtunud . 	üldsegi ei saama mitte miski ajalugu muutma , sest kõik , mis juhtuma , juhtuma seepärast , et kõik eelnev olema juhtuma|juhtunud .
41		 Sellepärast ongi paradoks-konstant loomulik . 	sellepärast olema paradoks-konstant loomulik .
41		 Ajavektori koordinaadid ei saa eksisteerida . 	ajavektor koordinaat ei saama eksisteerima .
41		" Aga neid saab energiaga suunata . "" "	"aga see saama energia suunama . """
42		" "" Suunata saab vektorid , kuid mitte mateeriat , "" vastas Adojan . "	""" Suunata saama vektor , kuid mitte mateeria , "" vastama Adojan ."
42		" "" Ja sa tead sama hästi kui mina , et Kaufmani grupp andis sellised vastused , nagu neilt oodati . "	""" ja sina teadma sama hästi kui mina , et Kaufman|Kaufmani grupp andma selline vastus , nagu tema ootama ."
42		 Kuigi , mnjah , nad on loogilselt formuleeritud ja suures osas paikapidavad . 	kuigi , mnjah , tema olema loogilselt formuleerima|formuleeritud ja suur osa paikapidav .
42		" Siiski ei lahenda nad paradoks-konstandi olemust . "" "	"siiski ei lahendama tema paradoks-konstant olemus . """
43		" "" Adrian , "" Adojanile tundus , et Keyes hakkab nagu õhku täis minema . "	""" Adrian , "" Adojanile tunduma , et Keyes hakkama nagu õhk täis minema ."
43		" "" Adrian , me viime TWAINi läbi . "	""" Adrian , mina viima TWAIN läbi ."
43		 Ma ootan vaid ühte kinnitust . 	mina ootama vaid ühte kinnitus .
43		 See toimub ja see õnnestub . 	see toimuma ja see õnnestuma .
43		 Pealegi ei kavatse ma sinuga siin vaidlema hakata . 	pealegi ei kavatsema mina sina siin vaidlema hakkama .
43		" Ma kutsusin su selleks , et sulle tänu avaldada . "" "	"mina kutsuma sina see , et sina tänu avaldama . """
44		 Keyes tõusis püsti ja asetas ühe käe oma iidsele lauakellale . 	Keyes tõusma püsti ja asetama üks käsi oma iidne lauakell .
44		" "" Adrian , "" jätkas ta , "" Suur töö on tehtud , palju higi valatud ja energiat ohverdatud . "	""" Adrian , "" jätkama tema , "" suur töö olema tegema|tehtud , palju higi valama|valatud ja energia ohverdama|ohverdatud ."
44		 Kui põhiline ohverdus on veel ees . 	kui põhiline ohverdus olema veel ees .
44		 Täna avaneb inimkonnale niiöelda uks aega , ajalukku ja tulevikku . 	täna avanema inimkond niiöelda uks aeg , ajalugu ja tulevik .
44		 Sinu panus selle kõige juures on üsna suur . 	sina panus see kõik juures olema üsna suur .
44		 Ma ütleksin isegi , et hindamatult suur , ja on arusaadav , et praegu on kõige ebasobivam aeg rääkida niiöelda materiaalsetest ergutustest , mis meie suure projektiga kaasnevad . 	mina ütlema isegi , et hindamatult suur , ja olema arusaadav , et praegu olema kõige ebasobivam aeg rääkima niiöelda materiaalne ergutus , mis mina suur projekt kaasnema .
44		 Siiski tahaksin ma , et niiöelda inimkonna senise eksistentsi niiöelda alustalasid vapustava sündmuse teokstegemine ei mööduks meie usinale teadlaskonnale niiöelda stiimulita . 	siiski tahtma mina , et niiöelda inimkond senine eksistents niiöelda alustala vapustav sündmus teokstegemine ei mööduma mina usin teadlaskond niiöelda stiimul .
44		" Kuna sinu panus on olnud , nagu ma juba mainisin , hindamatult suur , siis on mul hea meel sulle teatavaks teha , et Globorgi juhtkond on otsustanud TWAINi eduka kordamineku , milles me keegi ei kahtle , korral , paljudele meie teadlastele ... "" "	"kuna sina panus olema olema|olnud , nagu mina juba mainima , hindamatult suur , siis olema mina hea meel sina teatav tegema , et Globorg|Globorgi|Globork juhtkond olema otsustama|otsustanud TWAIN edukas kordaminek , mis mina keegi ei kahtlema , kord , palju mina teadlane ... """
45		 Adojanil läks summa suurus kõrvust mööda . 	Adojan|Adojani minema summ|summa suurus kõrv mööda .
45		 Midagi nende jutuajamise alguses oli talle kõrvu jäänud , midagi olulist . 	miski see jutuajamine algus olema tema kõrv jääma|jäänud , miski oluline .
45		 Midagi , mis oli käivitanud kiire mõteteahela , mille otsad oleksid pidanud kokku jooksma , kuid ei jooksnud . 	miski , mis olema käivitama|käivitanud kiire mõteteahel , mis ots olema pidama|pidanud kokku jooksma , kuid ei jooksma|jooksnud .
45		 Midagi , mis oli ... 	miski , mis olema ...
46		 Telefon tegi häält . 	Telefon tegema hääl .
47		" "" ... saab areneda ja õitseda , sest teadus on oma olemuselt ... "" "	""" ... saama arenema ja õitsema , sest teadus olema oma olemus ... """
47		 Keyes vakatas ja haaras toru ja kuulas kulme kortsutades . 	Keyes vakatama ja haarama toru ja kuulama kulm kortsutama .
47		 Seegi on närvilisuse tundemärk , teadis Adojan . 	see olema närvilisus tundemärk , teadma Adojan .
47		 Ilmselt oli helistajaks Suur Auditoorium ja sõnumiks valmisolek number üks , sest Keyes ei vastanud helistajale midagi , vaid valis kiiresti uue numbri . 	ilmselt olema helistaja suur auditoorium ja sõnum valmisolek number üks , sest Keyes ei vastama|vastanud helistaja miski , vaid valima kiiresti uus number .
48		 Adojan mõtles , et milleks kõik see satelliittelefonidega helistamine , kui visuaalfoniga oleks palju otstarbekam kohtumisi korraldada . 	Adojan mõtlema , et milleks kõik see satelliittelefon helistamine , kui visuaalfon|visuaalfoni olema palju otstarbekam kohtumine korraldama .
48		 Siis tuli talle meelde , et satelliit tagab suurima julgeoleku ja ta ohkas . 	siis tulema tema meel , et satelliit tagama suurim julgeolek ja tema ohkama .
49		 Loomulikult oli see tõhk Jordan , kellele Keyes nüüd helistas . 	loomulikult olema see tõhk Jordan , kes Keyes nüüd helistama .
49		 Kes muu . 	kes muu .
49		 Adojan nägi aupaistet Keyesi näol , esimehe silmad täitusid pisaratega . 	Adojan nägema aupaiste Keyes|Keyesi näol , esimees silm täituma pisar .
49		 Tundus , et Keyesil on raske hingata . 	tunduma , et Keyes|Keyesi olema raske hingama .
49		 Adojan teadis , et nüüd on tema koht all , Suures Auditooriumis , seal kus TWAIN teoks saab . 	Adojan teadma , et nüüd olema tema koht all , suur auditoorium , seal kus TWAIN tegu|tigu saama .
49		 Või ei saa . 	või ei saama .
49		 Kuid enne peab ta oma laboratooriumist läbi minema , sest see miski , mis oli ta alateadvusele mingi saladuse võtit andmas , tahtis meeldetuletamist . 	kuid enne pidama tema oma laboratoorium läbi minema , sest see miski , mis olema tema alateadvus mingi saladus võti andma , tahtma meeldetuletamine .
50		" "" Loomulikult , "" kuulis Adojan Akadeemia esimeest rääkimas . "	""" loomulikult , "" kuulma Adojan Akadeemia esimees rääkima ."
50		" "" Loomulikult . "	""" loomulikult ."
50		 See on suur au . 	see olema suur au .
50		 Kõik plaanipäraselt . 	kõik plaanipäraselt .
50		 Jah ... 	jah ...
50		 Me saame sellega hakkama . 	mina saama see hakkama .
50		 Jah ... 	jah ...
50		" Ma tänan , ma olen väga tänulik . "" "	"mina tänama , mina olema väga tänulik . """
50		 Keyes pani toru hargile . 	Keyes panema toru hark .
50		" "" President andis loa , "" ütles ta . "	""" president andma luba|luga , "" ütlema tema ."
51		 Kell sai 9.50. 	kell saama 9.50.
52		" "" Me peaksime nüüd alla minema , "" ütles Keyes . "	""" mina pidama nüüd alla minema , "" ütlema Keyes ."
52		 Ja enam ei suutnud ta pisaraid tagasi hoida . 	ja enam ei suutma|suutnud tema pisar tagasi hoidma .
53		" "" Pagan võtaks , "" mõtles Adojan , kui ta esimehe kabinetist väljus , "" see tähendab talle ikka meeletult palju . "" "	""" pagan võtma , "" mõtlema Adojan , kui tema esimees kabinet väljuma , "" see tähendama tema ikka meeletult palju . """
54		 Globorgi Peakorter Washington DC , USA aasta 2179 , 12. juuli , kl 9.50 	Globorgi Peakorter Washington DC , USA aasta 2179 , 12. juuli , kl 9.50
55		 President N'Mwana ja nõunik Jordan seisid püsti . 	president N ’ Mwana ja nõunik Jordan seisma püsti .
55		 Mõlemal oli käes pokaal mineraalveega . 	mõlema olema käsi pokaal mineraalvesi .
55		 Nad vaatasid seinal asuvat suurt ekraani , millelt kuvus Ajaakadeemia Suur Auditoorium , kus oli kõik TWAINi jaoks valmis seatud . 	tema vaatama sein asuv suur ekraan , mis kuvuma ajaakadeemia suur auditoorium , kus olema kõik TWAIN jaoks valmis seadma|seatud .
55		 Globorgi peakorter asus Põhja-Canadast umbes 5000 kilomeetrit eemal Washingtonis . 	Globorg|Globorgi|Globork peakorter asuma Põhja-Canada umbes 5000 kilomeeter eemal Washington .
55		 Jordan oli nii igaks juhuks oma luksuskorteri Akadeemias hüljanud ja sõitnud Presidendi juurde . 	Jordan olema nii iga juht oma luksuskorter akadeemia hülgama|hüljanud ja sõitma|sõitnud president juurde .
55		 Tema esindas teadlastegruppi , kes TWAINi ette valmistasid , kõige kõrgemal tasemel . 	tema esindama teadlastegrupp , kes TWAIN ette valmistama , kõige kõrgem tase .
56		 Jordan vaatas , kuidas president rääkis telefoniga . 	Jordan vaatama , kuidas president rääkima telefon .
57		 Otsus oli tehtud , käsk oli antud . 	otsus olema tegema|tehtud , käsk olema andma|antud .
57		 Kell 10.00 vajutatakse Ajaakadeemias nupule . 	kell 10.00 vajutama ajaakadeemia nupp .
58		" "" See oli õige otsus , Victor , "" lausus Jordan , kui N'Mwana oli toru ära pannud , "" ainuõige otsus . "	""" see olema õige otsus , Victor , "" lausuma Jordan , kui N ’ Mwana olema toru ära panema|pannud , "" ainuõige otsus ."
58		 Niipalju raha on kulutatud , niipalju energiat raisatud . 	niipalju raha olema kulutama|kulutatud , niipalju energia raisatud|raiskama .
58		 Me oleme kogu aeg olnud õigel teel . 	mina olema kogu aeg olema|olnud õige tee .
58		 See Adojan on ammu reaalsustaju kaotanud . 	see Adojan olema ammu reaalsustaju kaotama|kaotanud .
58		" Ainult Keyes tunneb endal lasuvat vastutuskoormat . "" "	"ainult Keyes tundma ise lasuv vastutuskoorem . """
59		" "" Jah , "" vastas president vaikselt , "" jah , ma tean . "	""" jah , "" vastama president vaikselt , "" jah , mina teadma ."
59		" Ja ma tänan jumalat et ta on selle vastutuse ka minu peale pannud . "" "	"ja mina tänama jumal et tema olema see vastutus ka mina peale panema|pannud . """
60		 Mõlemad vaikisid , keskendudes oma tähelepanu kuvarile . 	mõlema vaikima , keskenduma oma tähelepanu kuvar .
60		 Minutid kulusid . 	minut kulu .
61		" "" Praegu on see ainult kustukumm , "" mõtiskles N'Mwana kuuldavalt , "" homme juba kogu minevik , olevik ja tänapäev . "" "	""" praegu olema see ainult kustukumm , "" mõtisklema N ’ Mwana kuuldavalt , "" homme juba kogu minevik , olevik ja tänapäev . """
61		 Ta vaatas verdtäisvalgunud silmadega oma käe all olevale värvifotole , mis kujutas noorepoolset pikkade juustega ja habemega napis riietuses meest . 	tema vaatama verdtäisvalgunud silm oma käsi all olev värvifoto , mis kujutama noorepoolne pikk juus ja habe napp riietus mees .
61		" "" Ja meie pääsemine , "" lisas ta mõttes . "	""" ja mina pääsemine , "" lisama tema mõte ."
62		" "" Nüüd , Victor , nüüd kohe , "" hüüatas Jordan , "" vaata , Keyes läheneb puldile . "	""" nüüd , Victor , nüüd kohe , "" hüüatama Jordan , "" vaatama , Keyes lähenema pult ."
62		" Kohe nüüd see juhtub ! "" "	"kohe nüüd see juhtuma ! """
62		 Erutusest pillas ta oma veepokaali käest . 	erutus pillama tema oma veepokaal käest .
62		 See kukkus pehmelt vaibale ja kihisev vedelik valgus vaibale . 	see kukkuma pehmelt vaip ja kihisev vedelik valguma vaip .
63		 Ülemaailmne Ajaakadeemia Rae , Canada , McKenzie district 12. juuli , kl 9.57 	ülemaailmne ajaakadeemia Raad|Rae , Canada , McKenzie district 12. juuli , kl 9.57
64		 Adojan l e n d a s oma laboratooriumist välja . 	Adojan l e n d a s oma laboratoorium välja .
64		 MA PEAN JÕUDMA , karjus ta mõttes . 	mina pidama jõudma , karjuma tema mõte .
64		 Ta jooksis , tormas meeleheitlikult läbi tühjade koridoride Suure Auditooriumi poole . 	tema jooksma , tormama meeleheitlikult läbi tühi koridor suur auditoorium poole .
64		 Kõik majasisesed kommunikatsioonivahendid olid turvalisuse huvides välja lülitatud . 	kõik majasisene kommunikatsioonivahend olema turvalisus huvi välja lülitama|lülitatud .
64		 Ta pidi f ü ü s i l i s e l t kohale minema , ta ei saanud helistada . 	tema pidama f ü ü s i l i s e l t kohale minema , tema ei saama|saanud helistama .
64		 KURADI HULLUD OMA JULGEOLEKUGA . 	Kuradi Hull|Hullu|Hullud oma Julgeolek .
64		 Mitte iialgi varem , mitte iialgi polnud kogu maailma saatus olnud ühe inimese kätes . 	mitte iialgi varem , mitte iialgi olema kogu maailm saatus olema|olnud ühe inimene käsi .
64		 Õigemini jalgades . 	õigemini jalg .
65		 Kui hämmastav see on , et lahendus , mis on nii lihtne ja elementaarne ja mis on kogu aeg olemas , jõuab su mõistuse teadvustavasse osasse alles pärast mingi IMBETSILLI juhuslikku mõtteavaldust . 	kui hämmastav see olema , et lahendus , mis olema nii lihtne ja elementaarne ja mis olema kogu aeg olema , jõudma sina mõistus teadvustav osa alles pärast mingi imbetsill juhuslik mõtteavaldus .
66		 Kuidas oligi Keyes oma kabinetis vaevalt kümme minutit tagasi öelnud ? 	kuidas olema Keyes oma kabinet vaevalt kümme minut tagasi öelnud|ütlema ?
66		 EHHEE , JUST SIIS ME SAAMEGI TEADA , MIS JUHTUB , JUST SIIS ME SAAMEGI TEADA , KUI ME NUPULE VAJUTAME ! 	ehhee , just siis mina saama teadma , mis juhtuma , just siis mina saama teadma , kui mina nupp vajutama !
67		 Ja tema , Adojan , oli vastu võtnud mingi õhkõrna signaali alatedvuses vastsündinud kontaktist , kuid oma melanhoolias ei suutnud ta sellele keskenduda . 	ja tema , Adojan , olema vastu võtma|võtnud mingi õhkõrn signaal alatedvus vastsündinu kontakt , kuid oma melanhoolia ei suutma|suutnud tema see keskenduma .
67		 Laste suust pead sa seda kuulma ... 	laps suu pidama sina see kuulma ...
68		 JUST SIIS ME SAAMEGI TEADA , MIS JUHTUB , KUI ME NUPULE VAJUTAME ! 	just siis mina saama teadma , mis juhtuma , kui mina nupp vajutama !
68		 Nii oli Keyes öelnud . 	nii olema Keyes öelnud|ütlema .
68		 AGA EI SAA JU , oli siis Adojani alateadvus vastu kriisanud . 	aga ei saama ju , olema siis Adojan|Adojani alateadvus vastu kriisanud|kriiskama .
68		 Sest paradoks-konstant ... 	sest paradoks-konstant ...
68		 MITTE IIALGI EI SAA ! 	mitte iialgi ei saama !
69		 Adojan oli Keyesi kabinetist oma laboratooriumisse jooksnud . 	Adojan olema Keyes|Keyesi kabinet oma laboratoorium jooksma|jooksnud .
69		 Ta kuvas kiiresti Puhhovi valemid . 	tema kuvama kiiresti Puhhov valem .
69		 NII , SIIN SEE PARADOKS OLIGI . 	nii , siin see paradoks olema .
69		 Läbi integraalide saab leida vajaliku energiahulga , läbi energia saab leida temporaaltühiku ja lõpuks Ajavektori koordinaadid , aga see viib kõik jälle algusesse välja . 	läbi integraal saama leidma vajalik energiahulk , läbi energia saama leidma temporaaltühik ja lõpp ajavektor koordinaat , aga see viima kõik jälle algus välja .
69		 Ajas saab liikuda ja ajas ei saa liikuda . 	ajama saama liikuma ja aeg ei saama liikuma .
69		 Ta oli vaadanud Puhhovi arvutusi uue , VALGUSTATUD pilguga . 	tema olema vaadanud|vaatama Puhhov arvutus uus , valgustama|valgustatud pilk .
69		 Nüüd oli kõik lihtsamast lihtsam . 	nüüd olema kõik lihtsam lihtsam .
69		 Aeg on universaalne , kehtib ALATI JA KÕIKJAL . 	aeg olema universaalne , kehtima alati ja kõikjal .
69		 Ajas saab liikuda j a ei saa liikuda . 	ajama saama liikuma j a ei saama liikuma .
69		 Eset saab ajas liigutada ja ei saa liigutada . 	Eset saama aeg liigutama ja ei saama liigutama .
69		 SELLEPÄRAST , ET ESE LIIGUB KOOS AJAGA JA AEG KOOS ESEMEGA . 	sellepärast , et ese liikuma kubu aeg ja aeg Koos Esemega .
69		 Ei saa olla minevikku ja tulevikku , ON AINULT OLEVIK , SEST AEG ON UNIVERSAALNE . 	ei saama olema minevik ja tulevik , olema ainu olevik , sest aeg olema universaalne .
69		 Ta eksisteerib AINULT siin ja praegu . 	tema eksisteerima ainult siin ja praegu .
69		 Ja Adojan hakkas jooksma . 	ja Adojan hakkama jooksma .
69		 Kui ma saaksin vähemalt selle mõtte lõpuni mõelda , EDASI EI TULE JU MIDAGI . 	kui mina saama vähemalt see mõte lõpp mõtlema , edasi ei tulema ju miski .
70		 See on APOKALÜPSIS , mõtles Adojan , kui ta jooksis . 	see olema apokalüpsis , mõtlema Adojan , kui tema jooksma .
70		 HULLEM KUI APOKALÜPSIS . 	hullem kui apokalüpsis .
71		 KUI ME SAADAME AJAS MIDAGI TAGASI , SAADAME ENNAST KOOS AJAGA TAGASI . 	kui mina saatma aeg miski tagasi , saatma ise kubu aeg tagasi .
71		 ME PEATAME AJA . 	mina peatama aeg .
71		 SEE ON SURNUD RING , AEG KESTAB SIIS MINEVIKUST AINULT SELLE HETKENI , MIL TA TAGASI SUUNATAKSE . 	see olema surema|surnud ring , aeg kestma siis minevik Ainult Selle Hetkeni , mil tema tagasi suunama .
71		 Kustukumm lõpetab aja ja meie maailma ! 	kustukumm lõpetama aeg ja mina maailm !
72		 Adojan nägi koridori lõpus Suure Auditooriumi ust . 	Adojan nägema koridor lõpp suur auditoorium uks .
72		 Siis kuulis ta sireeni . 	siis kuulma tema sireen .
72		" Keyes vajutas "" niiöelda "" nupule . "	"Keyes vajutama "" niiöelda "" nupp ."
72		 10 minutit ! 	10 minut !
72		 Kogu edasise aja pikkus . 	kogu edasine aeg pikkus .
73		 Ülemaailmne Ajaakadeemia aasta 2179 , 12. juuli , kl 9.50 	ülemaailmne ajaakadeemia aasta 2179 , 12. juuli , kl 9.50
74		" "" Me peaksime nüüd alla minema , "" ütles Keyes . "	""" mina pidama nüüd alla minema , "" ütlema Keyes ."
74		 Ja pisarad voolasid ta silmist . 	ja pisar voolama tema silm .
75		" "" Pagan võtaks , "" mõtles Adojan "" See tähendab talle ikka meeletult palju . "" "	""" pagan võtma , "" mõtlema Adojan "" see tähendama tema ikka meeletult palju . """
75		 Mingi alateadvuses välgatanud sähvatus ei andnud talle rahu . 	mingi alateadvus välgatama|välgatanud sähvatus ei andma|andnud tema rahu .
75		 Ta pidi veelkord oma laboratooriumisse minema . 	tema pidama veelkord oma laboratoorium minema .
75		 Ta hakkas jooksma . 	tema hakkama jooksma .
76		 Globorgi Peakorter aasta 2179 , 12. juuli , kl 9.50 	Globorg|Globorgi|Globork peakorter aasta 2179 , 12. juuli , kl 9.50
77		 President N'Mwana ja nõunik Jordan seisid püsti . 	president N ’ Mwana ja nõunik Jordan seisma püsti .
77		 Mõlemal oli käes pokaal mineraalveega . 	mõlema olema käsi pokaal mineraalvesi .
77		 Nad vaatasid seinal asuvat suurt ekraani , millelt kuvus Ajaakadeemia Suur Auditoorium , kus oli kõik TWAINi jaoks valmis seatud . 	tema vaatama sein asuv suur ekraan , mis kuvuma ajaakadeemia suur auditoorium , kus olema kõik TWAIN jaoks valmis seadma|seatud .
78		 Jordan vaatas , kuidas president rääkis telefoniga . 	Jordan vaatama , kuidas president rääkima telefon .
79		 Otsus oli tehtud , käsk oli antud . 	otsus olema tegema|tehtud , käsk olema andma|antud .
79		 Kell 10.00 vajutatakse Ajaakadeemias nupule . 	kell 10.00 vajutama ajaakadeemia nupp .
80		" "" See oli õige otsus , Victor , "" lausus Jordan , kui N'Mwana oli toru ära pannud . "	""" see olema õige otsus , Victor , "" lausuma Jordan , kui N ’ Mwana olema toru ära panema|pannud ."
80		 Kümne minuti pärast vajutas Keyes Ajaakadeemias nupule ... 	kümme minut pärast vajutama Keyes ajaakadeemia nupp ...
81		 Ülemaailmne Ajaakadeemia aasta 2179 , 12. juuli , kl 9.59 	ülemaailmne ajaakadeemia aasta 2179 , 12. juuli , kl 9.59
82		 Adojan jooksis . 	Adojan jooksma .
82		 Koridori lõpust paistis Suure Auditooriumi uks . 	koridor lõpp paistma suur auditoorium uks .
82		" Keyes vajutas "" niiöelda "" nupule . "	"Keyes vajutama "" niiöelda "" nupp ."
82		 KUI ME SAADAME AJAS MIDAGI TAGASI , SAADAME ENNAST KOOS AJAGA TAGASI . 	kui mina saatma aeg miski tagasi , saatma ise kubu aeg tagasi .
82		 ME PEATAME AJA . 	mina peatama aeg .
82		 SEE ON SURNUD RING , AEG KESTAB SIIS MINEVIKUST AINULT SELLE HETKENI , MIL TA TAGASI SUUNATAKSE . 	see olema surema|surnud ring , aeg kestma siis minevik Ainult Selle Hetkeni , mil tema tagasi suunama .
83		 Kui ma ei jõua neid peatada , siis jäävad mulle veel kümme minutit , mõtles Adojan . 	kui mina ei jõudma see peatama , siis jääma mina veel kümme minut , mõtlema Adojan .
83		 JÄÄVAD IGAVESEKS . 	Jääv|Jääva|Jäävad igaveseks .
