par_nr	head	sentence	lemmas
1	 Kõik , mis sa teed ... 	 Kõik , mis sa teed ... 	kõik , mis sina tegema ...
2		 Veiko Belials 	Veiko Belials
3		" "" Kuis nii ära muudetud ! "" hüüdis Vanapagan imestunult . "	""" kuis nii ära muudetud|muutma ! "" hüüdma vanapagan imestunult ."
3		" "" Mul on ju leping . "" "	""" mina olema ju leping . """
3		" "" See ei maksa enam , "" ütles Peetrus . "	""" see ei maksma enam , "" ütlema Peetrus ."
3		" A. H. Tammsaare "" Põrgupõhja uus Vanapagan "" "	"A. H. Tammsaare "" põrgupõhi uus vanapagan """
4		" "" ... sa pretendeerid olema rohkem , kui sa tegelikult oled , võtad Jumala rolli , aga tegelikult oled lihtsalt üks jumal . "" "	""" ... sina pretendeerima olema rohkem , kui sina tegelikult olema , võtma jumal roll , aga tegelikult olema lihtsalt üks jumal . """
4		" "" Siis süüdistate te mind selles , et ma olen niisugune , nagu ma olen . "	""" siis süüdistama sina mina see , et mina olema niisugune , nagu mina olema ."
4		 Aga mina ei ole ennast teind selliseks , nagu ma olen ! 	aga mina ei olema ise teind selline , nagu mina olema !
4		" Mis mina olen teind , olen ma teind nii hästi , kui suutsin . "" "	"mis mina olema teind , olema mina teind nii hästi , kui suutma . """
4		" Jaan Kaplinski "" Silm "" "	"Jaan Kaplinski "" Silm """
5		 Oli hingedepäev . 	olema hingedepäev .
5		 Nagu igal aastal , tuli seegi kord kaaluda , kes kuhu kuulub . 	nagu iga aasta , tulema see kord kaaluma , kes kuhu kuuluma .
6		 Jumal ohkas . 	jumal ohkama .
6		 Ta teadis kaalumatagi , milline on tulemus . 	tema teadma kaaluma , milline olema tulemus .
6		 Niikaua kui ta mäletas , oli see alati ühesugune olnud . 	niikaua kui tema mäletama , olema see alati ühesugune olema|olnud .
6		 See hakkas juba üksluiseks muutuma . 	see hakkama juba üksluine muutuma .
7		 Ta mõtles veidi ja vajutas siis kommutaatori nuppu . 	tema mõtlema veidi ja vajutama siis kommutaator nupp .
8		" "" Saada ta sisse , "" sõnas ta , kui Peetruse häält kuulis . "	""" saama tema sisse , "" sõnama tema , kui Peetrus hääl kuulma ."
8		" "" Ma võtan ta nüüd vastu . "	""" mina võtma tema nüüd vastu ."
8		" "" "	""""
9		 Ukse juures kärgatas ning tekkinud suitsupilvest astus välja elegantne , kuid väga kõhn mustas sabakuues härrasmees . 	uks juures kärgatama ning tekkima|tekkinud suitsupilv astuma välja elegantne , kuid väga kõhn must sabakuub härrasmees .
9		 Kavalad mustad silmad särasid ta laipkahvatus näos , korallpunastel huultel mängles kerge irooniline naeratus . 	kaval must silm särama tema laipkahvatus nägu , korallpunane huul mänglema kerge irooniline naeratus .
9		 Ta haaras torukübara peast , paljastades peadligi kammitud ronkmustad juuksed ja kummardas teatraalselt . 	tema haarama torukübar pea , paljastama peadligi kammima|kammitud ronkmust juus ja kummardama teatraalselt .
10		" "" Lucifer , teie teenistuses . "	""" Lucifer , sina teenistus ."
10		" "" "	""""
11		" "" Kurat ! "" prahvatas Jumal võpatades . "	""" kurat ! "" prahvatama jumal võpatama ."
11		" "" Mitu korda ma olen öelnud , et enne koputa ! "" "	""" mitu kord mina olema öelnud|ütlema , et enne koputama ! """
12		" "" Vabanda , "" naeratas Lucifer ja kummardas uuesti . "	""" vabandama , "" naeratama Lucifer ja kummardama uuesti ."
12		 Ta lõi kabjaga kolm korda vastu põrandat . 	tema looma|lööma kabi kolm kord vastu põrand .
13		" "" Muide , see kostüüm sobib Draculale palju paremini , "" märkis Jumal , silmitsedes teda kriitiliselt . "	""" muide , see kostüüm sobima Draculale palju paremini , "" märkima jumal , silmitsema tema kriitiliselt ."
14		 Lucifer heitis talle vihase pilgu , haaras oma veripunase voodriga keebi hõlmadest ja mähkis end sellesse . 	Lucifer heitma tema vihane pilk , haarama oma veripunane vooder keep hõlm ja mähkima ise see .
14		 Kui ta mustad ( seekord mitte enam keebi , vaid suurte nahkjate tiibade ) voldid uuesti valla lõi , seisis Jumala ees Kurat — karvane ja ropp kitsesarvedega elukas , tohutu peenis nagu kolmas sarv õieli . 	kui tema must ( seekord mitte enam keep , vaid suur nahkjas tiib ) volt uuesti valla looma|lööma , seisma jumal ees kurat - karvane ja ropp kitsesarv elukas , tohutu peenis nagu kolmas sarv õieli .
14		 Kollased silmad mustas näos õelalt kiiskamas , vehkis ta sabaga ja irvitas , nii et raudsed kihvad välkusid . 	kollane silm must nägu õelalt kiiskama , vehkima tema saba ja irvitama , nii et raudne kihv välkuma .
15		 Jumal pööras pilgu tülpinult kõrvale . 	jumal pöörama pilk tülpinult kõrvale .
16		 Midagi porisedes kadus Kurat sinisese suitsupilve . 	miski porisema kaduma kurat sinises suitsupilv .
16		 Kui see hajus , seisis ukse juures jässakas karvakasvanud isand , vest pingul üle ümara vatsa . 	kui see hajuma , seisma uks juures jässakas karvakasvanud isand , vest pingul üle ümar vats .
16		 Kitsesarvede asemel paistsid krässus juuksepahmakast tillukesed sarvemuksud , kitsehabe oli asendunud laia musta täishabemega . 	kitsesarv asemel paistma krässus juuksepahmakas tilluke sarvemuks , kitsehabe olema asenduma|asendunud lai must täishabe .
16		 Veidi kohtlasel ilmel vahtis ta Jumalale otsa . 	veidi kohtlane ilme vahtima tema jumal otsa .
17		" "" Kuule nüüd , Vanapaganaga pole mul täna küll midagi peale hakata ! "" ahastas Jumal . "	""" kuulma nüüd , vanapagan olema mina täna küll miski peale hakkama ! "" ahastama jumal ."
17		" "" Mul on tõsine jutt ! "" "	""" mina olema tõsine jutt ! """
18		 Vanapagan kehitas õlgu ja vajus läbi põranda . 	vanapagan kehitama õlg ja vajuma läbi põrand .
19		 Jumal ootas mõnda aega , kuid midagi ei juhtunud . 	jumal ootama mõni aeg , kuid miski ei juhtuma|juhtunud .
19		 Ta oli juba kannatust kaotamas , kui tugitoolist kostis köhatus . 	tema olema juba kannatus kaotama , kui tugitool kostma köhatus .
19		 Jumal pöördus võpatades . 	jumal pöörduma võpatama .
20		 Tugitoolis istus Saatan , must ülikond seljas ja mustad prillid ees . 	tugitool istuma saatan , must ülikond selg ja must prill ees .
20		 Ta vasaku käe väikeses sõrmes säras suur kullast sõrmus . 	tema vasak käsi väike|väikene sõrm särama suur kuld sõrmus .
21		" "" Lõpeta see palagan ! "" lausus Jumal etteheitvalt . "	""" lõpetama see palagan ! "" lausuma jumal etteheitvalt ."
22		" "" Miks ? "" imestas Saatan . "	""" miks ? "" imestama saatan ."
22		" "" Ma armastan teatrit . "	""" mina armastama teater ."
22		 Sina ju ka , niipalju kui ma mäletan . 	sina ju ka , niipalju kui mina mäletama .
22		 Sina olid ju see , kes alustas . 	sina olema ju see , kes alustama .
22		 Kõik need vagatsevad ja õpetlikud lood , kristlikud müsteeriumid ... 	kõik see vagatsev ja õpetlik lood|loog|lugu , kristlik müsteerium ...
22		 Tjah , suurem asi lavastaja sa just polnud . 	tjah , suurem asi lavastaja sina just olema .
22		 Ausalt öeldes istusid need paganlikud vaatemängud , mis enne sind olid , mulle rohkem . 	ausalt ütlema istuma see paganlik vaatemäng , mis enne sina olema , mina rohkem .
22		 Need olid kuidagi usutavamad , elu oli neis rohkem , vaat mis . 	see olema kuidagi usutavam , elu olema tema rohkem , vaat mis .
22		 Õnneks polnud sul püsivust ja sa jätsid lavastamise sinnapaika . 	õnn olema sina püsivus ja sina jätma lavastamine sinnapaika .
22		 Siis tulin mina ja võtsin asja üle . 	siis tulema mina ja võtma asi üle .
22		" "" "	""""
23		" "" Eh , teater , teater ! "" õhkas Saatan unistavalt . "	""" eh , teater , teater ! "" õhkama saatan unistavalt ."
23		" "" Edevuse laat ! "	""" edevus laat !"
23		 Tuhande võimaluse maa ; maa , kus kõik on võimalik . 	tuhat võimalus maa ; maa , kus kõik olema võimalik .
23		 Kus kõik teevad nii , nagu mina , lavastaja , ütlen ! 	kus kõik tegema nii , nagu mina , lavastaja , ütlema !
24		 Tead , milline oli minu kreedo ? 	teadma , milline olema mina kreedo ?
24		 Rohkem naturaalsust ! 	rohkem naturaalsus !
24		 Tagasi paganlike juurte juurde ! 	tagasi paganlik juur juurde !
24		 Elu ja kunsti ühe otse vaataja silme all ! 	elu ja kunst ühe otse vaataja silm all !
25		 Pean tunnistama , et mul on edu olnud . 	pidama tunnistama , et mina olema edu olema|olnud .
25		" Nad isegi paarituvad juba otse laval ! "" "	"tema isegi paarituma juba otse lava ! """
26		" "" Elu ja ühe on see nüüd küll , "" pomises Jumal . "	""" elu ja ühe olema see nüüd küll , "" pomisema jumal ."
26		" "" Aga kus siin see kunst on ? "" "	""" aga kus siin see kunst olema ? """
27		 Saatan muigas . 	saatan muigama .
28		" "" Kunst on seda kõike kunsti pähe esitada . "	""" kunst olema see kõik kunst pea esitama ."
28		" "" "	""""
29		 Jumal krimpsutas nägu . 	jumal krimpsutama nägu .
30		 Saatan ei teinud seda märkamagi . 	Saatan ei tegema|teinud see märkama .
30		" Ta õngitses taskust sigari , veeretas seda sõrmede vahel , lõikas otsa maha ja klõpsas "" Zippoga "" põlema . "	"tema õngitsema tasku sigar , veeretama see sõrm vahel , lõikama otsa maha ja klõpsama "" Zippo "" põlema ."
30		 Naudiskledes puhus ta õhku kollakaid väävlihaisulisi suitsurõngaid . 	naudisklema puhuma tema õhk kollakas väävlihaisuline suitsurõngas .
31		" "" Avalikes kohtades on meil suitsetamine keelatud , sa ju tead seda , "" õiendas Jumal . "	""" avalik koht olema mina suitsetamine keelama|keelatud , sina ju teadma see , "" õiendama jumal ."
31		 Ta küünitas end lähemale ja puhus Saatana sigari peale . 	tema küünitama ise lähemale ja puhuma saatan sigar peale .
31		 Sigar kustus . 	sigar kustuma .
32		 Saatan uuris sigarit , torkas selle siis taskusse tagasi ja ohkas resigneerunult . 	saatan uurima sigar , torkama see siis tasku tagasi ja ohkama resigneerunult .
33		" "" OK . "	""" OK ."
33		" Milles asi ? "" uuris ta . "	"mis asi ? "" uurima tema ."
34		" "" Asi on selles , et ... "" "	""" asi olema see , et ... """
34		 Jumal näis olevat veidi kimbatuses . 	jumal näima olema veidi kimbatus .
34		" "" Kuidas seda nüüd sulle öeldagi ? "" "	""" kuidas see nüüd sina ütlema ? """
35		" "" Tehke selgeks , kus on point , ja siis räägime ! "" irvitas Saatan . "	""" tegema selge , kus olema point , ja siis rääkima ! "" irvitama saatan ."
36		 Jumal vaatas talle mõistmatu näoga otsa . 	jumal vaatama tema mõistmatu nägu otsa .
36		 Saatan lõi käega . 	saatan looma|lööma käsi .
37		" "" Kurat , võta vähemalt need prillidki eest ära ! "" pahvatas Jumal ootamatult , ise ikka veel pahane segamise pärast , mis tal viimsegi mõttejärje sassi ajas . "	""" kurat , võtma vähemalt see prill eest ära ! "" pahvatama jumal ootamatult , ise ikka veel pahane segamine pärast , mis tema viimne mõttejärg sassi ajama ."
37		" "" "" Mehed mustas ! "" "	""" "" mees mustama ! """
37		" Sa näed välja nagu mingi stiliseeritud Paha mõnest B- kategooria märulifilmist ! "" "	"sina nägema välja nagu mingi stiliseerima|stiliseeritud paha mõni B kategooria märulifilm ! """
38		" "" Seda ma ju olengi , "" märkis Saatan rahulolevalt . "	""" see mina ju olema , "" märkima Saatan rahulolevalt ."
38		" "" Paha . "	""" paha ."
38		 Evil . 	Evi .
38		" Selline Oi-ma-olen- õel ! "" "	"selline oi-ma-olema õde ! """
39		" "" Just seda sa ei ole ! "" kähvas Jumal . "	""" just see sina ei olema ! "" kähvama jumal ."
39		" "" Seda ma õigupoolest sulle rääkida tahtsingi . "	""" see mina õigupoolest sina rääkima tahtsink ."
39		" Tule ! "" viipas ta . "	"tulema ! "" viipama tema ."
40		" "" Kuhu ? "" "	""" kuhu ? """
41		" "" Tule-tule . "	""" tule-tulema ."
41		" "" "	""""
42		 Jumal juhatas Saatana põrandasse raiutud ümmarguse akna juurde . 	jumal juhatama saatan põrand raiuma|raiutud ümmargune aken juurde .
43		" "" Mida sa näed ? "" päris ta aknale osutades . "	""" mis sina nägema ? "" päris tema aken osutama ."
44		 Saatan kummardus vaatama . 	saatan kummarduma vaatama .
45		" "" See on Maa , "" ühmas ta lõpuks . "	""" see olema maa , "" ühmama tema lõpuks ."
45		" "" Selle pärast kutsusidki mind siia või ? "" "	""" see pärast kutsuma mina siia võima ? """
46		" "" Vaata nüüd , "" ei teinud Jumal kuulmagi . "	""" vaatama nüüd , "" ei tegema|teinud jumal kuulma ."
46		 Ta vajutas nupule ja akna ette libises vaikse surinaga midagi filtrisarnast . 	tema vajutama nupp ja aken ette libisema vaikne surin miski filtrisarn .
46		 Saatan kummardus uuesti lähemale . 	saatan kummarduma uuesti lähemale .
47		" "" Ikka Maa . "	""" ikka maa ."
47		 Ainult et nüüd ümbritseb seda mingi helendus või nimbus . 	ainult et nüüd ümbritsema see mingi helendus või nimbus .
47		" "" "	""""
48		" "" See on karma , "" noogutas Jumal . "	""" see olema karma , "" noogutama jumal ."
48		" "" Või aura . "	""" või aura ."
48		 Või saatus , nimeta kuidas tahad . 	või saatus , nimi kuidas tahtma .
48		" "" "	""""
49		" "" Ligi pool sellest on musta värvi , "" üllatus Saatan . "	""" ligi pool see olema must värv , "" üllatus Saatan ."
50		" "" Selles asi ongi , "" ohkas Jumal . "	""" see asi olema , "" ohkama jumal ."
50		" "" Täna on hingedepäev . "	""" täna olema hingedepäev ."
50		 Aga kaalumine omab tähendust vaid üksikindiviidide puhul . 	aga kaalumine omama tähendus vaid üksikindiviid puhul .
50		 Maailm tervikuna on muutumatu . 	maailm tervik olema muutumatu .
50		 Konstantne . 	Konstantne .
50		 Aegade algusest peale . 	aeg algus peale .
50		 51% head ja 49% kurja . 	51 % hea ja 49 % kuri .
50		" "" "	""""
51		" "" Pea-pea ! "" hüüatas Saatan . "	""" pea-pidama ! "" hüüatama saatan ."
51		" "" Mind on ikka õpetatud , et Maailmas valitseb tasakaal . "	""" mina olema ikka õpetama|õpetatud , et maailm valitsema tasakaal ."
51		 Et ainus tegu võib seda tasakaalu kõigutada . 	et ainus tegu võima see tasakaal kõigutama .
51		 See ongi ju minu olemasolu mõte , minu eesmärk — Maailm tasakaalust välja viia , see kurja pöörata ! 	see olema ju mina olemasolu mõte , mina eesmärk - maailm tasakaal välja viima , see kuri pöörama !
51		" Ja nüüd tahad sa öelda , et ma olen kõik see aeg tühja tegutsenud ? "" "	"ja nüüd tahtma sina ütlema , et mina olema kõik see aeg tühi tegutsema|tegutsenud ? """
52		" "" Vastupidi , "" muigas Jumal . "	""" vastupidi , "" muigama jumal ."
52		" "" Sinu töö on olnud vägagi viljakas . "	""" sina töö olema olema|olnud väga viljakas ."
52		 Sest sina oledki see konstant , headuse põhjustaja . 	sest sina olema see konstant , headus põhjustaja .
52		" "" "	""""
53		" "" Mida ? "" ei uskunud Saatan oma kõrvu . "	""" mis ? "" ei uskuma|uskunud saatan oma kõrv ."
53		" "" Sa tahad väita ... ? "	""" sina tahtma väitma ... ?"
53		 Jäta ! 	jätma !
53		" Seda ei usuks isegi laps mitte ! "" "	"see ei uskuma isegi laps mitte ! """
54		 Jumal kehitas õlgu . 	jumal kehitama õlg .
55		" "" Vaata ise ! "" kutsus ta . "	""" vaatama ise ! "" kutsuma tema ."
55		 Ta oli läinud toa teise otsa ja seisis nüüd kõrge , riidega kaetud eseme juures . 	tema olema läinud|minema tuba teine otsa ja seisma nüüd kõrge , riie kaema|kaetud|katma ese juures .
56		 Saatan astus lähemale . 	saatan astuma lähemale .
57		" "" Voil ? ! "" hüüatas Jumal ja tõmbas katte maha . "	""" Voi ? ! "" hüüatama jumal ja tõmbama kate maha ."
57		 Selle all oli peegel , lihtne , ilma liigsete kaunistusteta vanaaegne ese . 	see all olema peegel , lihtne , ilma liigne kaunistus vanaaegne ese .
57		 Saatan , kes sellesse pilgu heitis , põrkus tagasi . 	saatan , kes see pilk heitma , põrkuma tagasi .
58		" "" Sa pole ainuke , kes dramaatilisi efekte armastab , "" muigas Jumal . "	""" sina olema ainuke , kes dramaatiline efekt armastama , "" muigama jumal ."
59		" "" Olen see mina ? "" päris Saatan jahmunult , silmitsedes valgete tiibade ja särava nimbusega kuju , kes talle peeglist vastu vaatas . "	""" olema see mina ? "" päris saatan jahmunult , silmitsema valge tiib ja särav nimbus kuju , kes tema peegel vastu vaatama ."
60		 Jumal noogutas . 	jumal noogutama .
61		" "" See peegel näitab kõigi tõelist olemust . "	""" see peegel näitama kõik tõeline olemus ."
61		" "" "	""""
62		" "" Aga ... "	""" aga ..."
62		" Aga ma olen ju ... "" "	"aga mina olema ju ... """
63		" "" Sa oled üks meie hulgast , "" lõikas Jumal . "	""" sina olema üks mina hulgast , "" lõikama jumal ."
63		" "" Osake Jumalikust ettemääratusest . "	""" oskama jumalik ettemääratus ."
63		" "" "	""""
64		" "" Aga ma olen ju Langenu ! "" ei saanud Saatan rahu . "	""" aga mina olema ju langenu ! "" ei saama|saanud saatan rahu ."
64		" "" Mind heideti välja ! "" "	""" mina heitma välja ! """
65		" "" Sind ei heidetud kuhugi , "" pomises Jumal väsinult . "	""" sina ei heidetud|heitma kuhugi , "" pomisema jumal väsinult ."
65		" "" See oli rohkem nagu ametilähetus , komandeering . "	""" see olema rohkem nagu ametilähetus , komandeering ."
65		 Vähemalt võib seda nii nimetada . 	vähemalt võima see nii nimetama .
65		" "" "	""""
66		" "" Ma ei usu sind ! "" lõi Saatan selja trotslikult sirgu . "	""" mina ei uskuma sina ! "" looma|lööma saatan selg trotslikult sirgu ."
66		" "" See on mõni sinu järjekordsetest trikkidest , et minust üle olla ! "" "	""" see olema mõni sina järjekordne trikk , et mina üle olema ! """
67		" "" Minu ? "" imestas Jumal . "	""" mina ? "" imestama jumal ."
67		" "" Sina oled meil ju see , kes trikke teeb . "	""" sina olema mina ju see , kes trikk tegema ."
67		 Aga olgu . 	aga olema .
67		 Sa ei usu ? 	sina ei uskuma ?
67		 Ma tõestan sulle ! 	mina tõestama sina !
68		" Sinu esialgne nimi — Satanael — tähendab tõlkes "" Jumala ingel "" , Lucifer aga on tõlkes "" Valguseandja "" . "	"sina esialgne nimi - Satanael - tähendama tõlge "" jumal ingel "" , Lucifer aga olema tõlge "" valguseandja "" ."
68		 Kas see ei ütle sulle midagi ? 	kas see ei ütlema sina miski ?
69		 Sa arvad , et ahvatled inimesi pattu . 	sina arvama , et ahvatlema inimene patt .
69		 Sa teed vaid esialgset kaalumist , et meil hiljem lihtsam oleks . 	sina tegema vaid esialgne kaalumine , et mina hiljem lihtsam olema .
69		 Nii et tegelikult teed sa osaliselt minu tööd . 	nii et tegelikult tegema sina osaliselt mina töö .
70		 Ja mis peamine — sa oled kristlik kasvataja , moralist ja misjonär . 	ja mis peamine - sina olema kristlik kasvataja , moralist ja misjonär .
70		" "" "	""""
71		" "" Mina ? "" jahmus Saatan . "	""" mina ? "" jahmuma saatan ."
71		" "" Sa oled tõesti segi läinud ! "" "	""" sina olema tõesti segi läinud|minema ! """
72		" "" Ei sugugi . "	""" ei sugugi ."
72		 Püha Augustinust mäletad ? 	püha Augustinus mäletama ?
72		 Juba tema märkis , et ma karistan patuseid sinu abiga . 	juba tema märkima , et mina karistama patune sina abi .
72		 Tal oli õigus . 	tema olema õigus .
72		 Oma rolli kristlike käitumisnormide ja kõlbluse toetajana täidad sa just karistava jõuna . 	oma roll kristlik käitumisnorm ja kõlblus toetaja täitma sina just karistav jõud .
72		 Sa nuhtled patuseid ja suunad neid õigele teele . 	sina nuhtlema patune ja suund tema õige tee .
72		 Hirm sinu ees on paljusid Jumala juurde toonud . 	hirm sina ees olema palju jumal juurde tooma|toonud .
72		 Nii et tegelikult tegutsed sa minu hüvanguks ja oled sellega headuse teenistuses . 	nii et tegelikult tegutsema sina mina hüvang ja olema see headus teenistus .
73		 Sa sunnid inimesi tõde otsima . 	sina sundima inimene tõde otsima .
73		 Sa oled vedru , mis kogu masinavärki käimas hoiab . 	sina olema vedru , mis kogu masinavärk käima hoidma .
73		" "" "	""""
74		 Saatan oli longu vajunud . 	saatan olema longu vajuma|vajunud .
75		" "" Ütle , et see pole tõsi , "" palus ta vaikselt . "	""" ütlema , et see olema tõsi , "" paluma tema vaikselt ."
76		" "" Ei . "	""" ei ."
76		 Seda ei saaks ma ka siis , kui tahaksin . 	see ei saama mina ka siis , kui tahtma .
76		" "" "	""""
77		" "" Kurat ! "" vandus Saatan , kuid see kõlas võltsilt ja ta taipas seda ka ise . "	""" kurat ! "" vanduma saatan , kuid see kõlama võltsilt ja tema taipama see ka ise ."
77		" "" Iseenda nimel on kuidagi kentsakas vanduda . "	""" iseenese nimel olema kuidagi kentsakas vanduma ."
77		" Põrgu ! "" proovis ta uuesti . "	"põrgu ! "" proovima tema uuesti ."
77		" See kõlas sama kohatult , kui keegi vannuks näiteks : "" Los Angeles ! "" "	"see kõlama sama kohatult , kui keegi vanduma näide : "" Los Angeles ! """
78		" "" Sa igavene tõhk ! "	""" sina igavene tõhk !"
78		 Sa tahad siis öelda , et ma olin algusest peale osake sinu plaanist ? 	sina tahtma siis ütlema , et mina olema algus peale osake sina plaan ?
78		" Et ma tegin tööd , mida sa ise ei viitsinud teha ? "" "	"et mina tegema töö , mis sina ise ei viitsima|viitsinud tegema ? """
79		" "" Kaval , kas pole ? "" noogutas Jumal . "	""" kava , kas olema ? "" noogutama jumal ."
80		" "" Neetud jesuiit ! "" urises Saatan . "	""" needma|neetud jesuiit ! "" urisema saatan ."
80		" "" Et sulle ka miski püha pole ! "	""" et sina ka miski püha olema !"
81		" See oli ju lausa saatanlik plaan , "" sõnas ta lõpuks professionaalse kadedusega , kui oli veidi rahunenud . "	"see olema ju lausa saatanlik plaan , "" sõnama tema lõpuks professionaalne kadedus , kui olema veidi rahunema|rahunenud ."
81		" "" Ainult et ... miks sa seda nüüd mulle räägid ? "" "	""" ainult et ... miks sina see nüüd mina rääkima ? """
82		" "" Sest ma olen tüdinenud olemast armuline ja andestav . "	""" sest mina olema tüdinema|tüdinenud olema armuline ja andestav ."
82		 Ma olen tüdinud olemast Korra Jumal . 	mina olema tüdima|tüdinud olema kord jumal .
82		 Ma tahan olla vaba ! 	mina tahtma olema vaba !
82		 Ma tahan olla Kaose Jumal ! 	mina tahtma olema kaos jumal !
82		" Ma tahan olla Kurjuse Jumal ! "" hüüatas Jumal ekstaatiliselt . "	"mina tahtma olema kurjus jumal ! "" hüüatama jumal ekstaatiliselt ."
82		" "" Ma tahan selle tardunud ülekaalu paigast lüüa ! "" "	""" mina tahtma see tarduma|tardunud ülekaal paik lööma ! """
83		 Saatan võttis nüüd lõpuks oma mustad prillid eest ja vaatas Jumalale pikalt otsa . 	saatan võtma nüüd lõpuks oma must prill eest ja vaatama jumal pikalt otsa .
84		" "" Arvad sa tõesti , et niisama lihtne see ongi ? "" päris ta . "	""" arvama sina tõesti , et niisama lihtne see olema ? "" pärima tema ."
84		" "" Näitad mulle mu tõelist olemust ja loodad , et sellega olen ma mängust väljas ning tasakaal ongi rikutud ? "" "	""" näitama mina mina tõeline olemus ja lootma , et see olema mina mäng väljas ning tasakaal olema rikkuma|rikutud ? """
85		" "" Kusagilt peab ju alustama , kas pole ? "" irvitas Jumal . "	""" kusagilt pidama ju alustama , kas olema ? "" irvitama jumal ."
85		" "" Proovida ikka tasub . "	""" proovima ikka tasuma ."
85		" "" "	""""
86		" "" Ära unusta , et mu karma on endiselt valge , "" tuletas Saatan talle meelde . "	""" ära unustama , et mina karma olema endiselt valge , "" tuletama Saatan tema meel ."
87		" "" Eks seegi muutub . "	""" eks see muutuma ."
87		" Sa pettud , kibestud , hakkad vihkama ... "" kehitas Jumal õlgu . "	"sina pettuma , kibestuma , hakkama vihkama ... "" kehitama jumal õlg ."
87		" "" Ma tean , see võtab aega — Jumala veskid jahvatavad ju aeglaselt — aga see on ootamist väärt . "	""" mina teadma , see võtma aeg - jumal veski jahvatama ju aeglaselt - aga see olema ootamine väärt ."
87		 Ma ootan . 	mina ootama .
87		" Pealegi , nüüd , kus sa tõde tead , ei usu ma , et sa tahaksid oma endist tegevust jätkata ? "" "	"pealegi , nüüd , kus sina tõde teadma , ei uskuma mina , et sina tahtma oma endine tegevus jätkama ? """
88		" "" Sul on vist õigus , "" nõustus Saatan pärast järelemõtlemist . "	""" sina olema vist õigus , "" nõustuma Saatan pärast järelemõtlemine ."
88		" "" Ma ei suudaks . "	""" mina ei suutma ."
88		 See oleks võlts . 	see olema võlts .
88		" "" "	""""
89		" "" No näed ! "" rõõmustas Jumal . "	""" no nägema ! "" rõõmustama jumal ."
89		" "" Vedru käib maha ja masinavärk jääbki seisma ! "" "	""" vedru käima maha ja masinavärk jääma seisma ! """
90		" "" Kas sa ei karda , et kui sinust Kurjuse Jumal saab , asud sa lihtsalt minu asemele ja masinavärk käib edasi ? "" "	""" kas sina ei kartma , et kui sina kurjus jumal saama , asuma sina lihtsalt mina asemele ja masinavärk käima edasi ? """
91		 Jumal naeris . 	jumal naerma .
92		" "" Ma olen sellele võimalusele mõelnud . "	""" mina olema see võimalus mõelnud|mõtlema ."
92		 Ära karda , ma hoidun hoolikalt kõigest , mida võidaks sinu tegevusena võtta . 	ära kartma , mina hoiduma hoolikalt kõik , mis võima sina tegevus võtma .
92		" "" "	""""
93		" "" Aga kui neil polegi mind lihalikul kujul tarvis ? "	""" aga kui tema olema mina lihalik kuju tarvis ?"
93		 Kui neile piisab vaid nimest ? 	kui tema piisama vaid nimi ?
93		" Abstraktsioonist ? "" kahtles Saatan . "	"abstraktsioon ? "" kahtlema saatan ."
94		" "" Jumala veskid jahvatavad aeglaselt , "" kordas Jumal . "	""" jumal veski jahvatama aeglaselt , "" kordama jumal ."
94		" "" Ka see muutub kunagi . "	""" ka see muutuma kunagi ."
94		" "" "	""""
95		 Saatan ohkas . 	saatan ohkama .
96		" "" Oled sa kindel , et tead , mida teed ? "" "	""" olema sina kindel , et teadma , mis tegema ? """
97		" "" Ära muretse , "" naeris Jumal . "	""" ära muretsema , "" naerma jumal ."
97		" "" Kõik , mis ma teen , on hästi tehtud . "	""" kõik , mis mina tegema , olema hästi tegema|tehtud ."
97		 Ära seda unusta . 	ära see unustama .
97		" "" "	""""
98		 Ta juhatas Saatana välja ja läks kommutaatori juurde . 	tema juhatama saatan välja ja minema kommutaator juurde .
99		" "" Pane värav lukku ja vaata , et ta tagasi Maa peale ei kipuks , "" sõnas ta , kui Peetrus vastas . "	""" panema värav lukku ja vaatama , et tema tagasi maa peale ei kippuma , "" sõnama tema , kui Peetrus vastama ."
99		" "" Tema komandeering on lõppenud . "	""" tema komandeering olema lõppema|lõppenud ."
99		" "" "	""""
100		 Ta astus keset tuba ja sirutas käed üles . 	tema astuma keset tuba ja sirutama käsi üles .
101		" "" Ma olen vaba ! "" hüüatas ta trotslikult . "	""" mina olema vaba ! "" hüüatama tema trotslikult ."
101		" "" Vaba ! "	""" Vaba !"
101		" On aeg kurjus võidutsema päästa ja keegi ei saa mind takistada , sest kõik , mis ma teen , on hästi tehtud ! "" "	"olema aeg kurjus võidutsema päästma ja keegi ei saama mina takistama , sest kõik , mis mina tegema , olema hästi tegema|tehtud ! """
102		" "" Kõik , mis sa teed , on hästi tehtud ! "" kordas kusagil teadvuse soppides pilklik hääl . "	""" kõik , mis sina tegema , olema hästi tegema|tehtud ! "" kordama kusagil teadvus sopp pilklik hääl ."
102		 Ta oleks võinud vanduda , et kaja see polnud , kuid ta ei mõelnud sellele . 	tema olema võima|võinud vanduma , et kaja see olema , kuid tema ei mõelnud|mõtlema see .
102		 Ta oli liiga ametis plaanide tegemisega . 	tema olema liiga amet plaan tegemine .
102		" "" Kõik , mis sa teed ... "" "	""" kõik , mis sina tegema ... """
