par_nr	head	sentence	lemmas
1	 Rannahiidsed 	 Rannahiidsed 	Rannahiidse
2		 Karen Orlau 	Karen Orlau
3		 Külajutud on halastamatud ja põhjalikud . 	külajutt olema halastamatu ja põhjalik .
3		 Mida täpselt ei teata , mõeldakse juurde ja see läheb paljus täppi . 	mis täpselt ei teadma , mõtlema juurde ja see minema palju täpp .
3		 Eitedel on terav silm , mis tabab ühest ettevaatamatust liigutusest ära selle , mida varjata taheti . 	eit olema terav silm , mis tabama ühene ettevaatamatus liigutus ära see , mis varjama tahtma .
3		 Neid ära petta on — peaaegu — võimatu , see nõuab liiga palju enesevalitsemist ja ebainimlikku järjekindlust . 	tema ära petma olema - peaaegu - võimatu , see nõudma liiga palju enesevalitsemine ja ebainimlik järjekindlus .
3		 Moorid on uskumatult uudishimulikud . 	moor olema uskumatult uudishimulik .
3		 Nad ei pea paljuks südaöösel naabri aknast sisse piilumas käia , kui on arvata , et sealt midagi uut näha võib . 	tema ei pidama paljuks südaöösel naaber aken sisse piiluma käima , kui olema arvama , et sealt miski uus nägema võima .
4		 Kunagi ma arvasin , et külanaised teavad kõigist kõike . 	kunagi mina arvama , et külanaine teadma kõik kõik .
4		 Paadisadama ja poesaba sosinad jäid mu meeltesse kinni nagu sõnumid varjatud saladustest , mida vanemad ja targemad nii enesestmõistetavalt teadsid ning mida mina ise aimatagi ei osanud , sest olulisemad asjad täiskasvanute maailmast ei omanud minu jaoks veel mingit tähendust . 	paadisadam ja poesaba sosin jääma mina meel kinni nagu sõnum varjama|varjatud saladus , mis vanem ja targem nii enesestmõistetavalt teadma ning mis mina ise aimama ei osanud|oskama , sest olulisem asi täiskasvanu maailm ei omama|omanud mina jaoks veel mingi tähendus .
4		 Saladused , mida lastele rääkida ei tahetud , tekitasid kadedust ja ebamäärast lootust , et kui vanemaks saan , tean kõike nagu nemadki . 	saladus , mis laps rääkima ei tahetud|tahtma , tekitama kadedus ja ebamäärane lootus , et kui vanem saama , teadma kõik nagu tema .
5		 Puhas juhus — pole küll alust arvata , et selles oli midagi seatut — kummutas mu usu külanaiste kõigeteadmisesse . 	puhas juhus - olema küll alune|alus arvama , et see olema miski seatud - kummutama mina usk külanaine kõigeteadmine .
5		 Nagu oleks ühe maailma alt avanenud korraga uus , vähemalt sama suur maailm , millest keegi teine peale minu midagi ei aimanudki . 	nagu olema üks maailm alt avanema|avanenud korraga uus , vähemalt sama suur maailm , mis keegi teine peale mina miski ei aimama .
5		 See on üksjagu kõhe kogemus ja raskestitalutav teadmine , eriti nii noorele . 	see olema üksjagu kõhe kogemus ja raskestitalutav teadmine , eriti nii noor .
6		 Ma ei saanud aru , kuidas nad ometi ei märganud . 	mina ei saama|saanud aru , kuidas tema ometi ei märganud|märkama .
6		 Mõni inimene võib tõesti olla nagu meri , mille pinnalt päikesevalgus vastu peegeldab ja mille põhjas võib olla ... kõike . 	mõni inimene võima tõesti olema nagu meri , mis pind päikesevalgus vastu peegeldama ja mis põhi võima olema ... kõik .
7		 Asi sai tegelikult alguse just külajuttudest . 	asi saama tegelikult algus just külajutt .
7		 Neist imbus minussegi teadmisi ja poolteadmisi ümberkaudseist , suhtumisi ja hoiakuid , ilma et õieti tähelegi panin . 	tema imbuma mina teadmine ja poolteadmine ümberkaudne , suhtumine ja hoiak , ilma et õieti tähele panema .
7		 See on kohaliku päritolu paratamatus ja privileeg . 	see olema kohalik päritolu paratamatus ja privileeg .
8		 Võõrastega on külarahvas napisõnaline , aga kui oled oma veri , siis ei loe seegi , et elad teist põlve linnas . 	võõras olema külarahvas napisõnaline , aga kui olema oma veri , siis ei lugema see , et elama teine põli|põlv linn .
8		 Sind kutsutakse südamlikult sisse , pakutakse kohvi ja värsket suitsukala , mis tuuakse lauale koos võitopsi ja kausitäie mundris kartulitega . 	sina kutsuma südamlikult sisse , pakkuma kohv ja värske suitsukala , mis tooma laud koos võitops ja kausitäis munder kartul .
8		 Sinu perekonnanime perenaine ei tea , sest seda pole vajagi . 	sina perekonnanimi perenaine ei teadma , sest see olema vaja .
8		" Sest sa oled ju see "" Jaanikse tidrik "" ja sellega on asi selge . "	"sest sina olema ju see "" Jaanikse tidrik "" ja see olema asi selge ."
8		 Omakülainime . 	Omakülainime .
8		 Kõik uudised räägitakse hoole ja armastusega ära . 	kõik uudis rääkima hool ja armastus ära .
8		 Sa kuulad , imestad seal , kus seda oodatakse , ja pärid lähemalt , kui tuleb lähemalt pärida , täites nii omamoodi rituaali . 	sina kuulama , imestama seal , kus see ootama , ja pärima lähemalt , kui tulema lähemalt pärima , täitma nii omamoodi rituaal .
8		 Rituaal näeb ette ka seda , et ei küsides ega vastates ei võta kumbki Liivotsa nime suhu . 	rituaal nägema ette ka see , et ei küsima ega vastama ei võtma kumbki liivots nimi suu .
8		 Omad seda ei tee . 	oma see ei tegema .
9		 Juba väikestena tajusime Liivotsa ümbritsevat salapära , aga see ei tõmmanud ligi , vaid peletas eemale . 	juba väike|väikene tajuma liivots ümbritsev salapära , aga see ei tõmbama|tõmmanud ligi , vaid peletama eemale .
9		 Kindlasti mõjus meile ka täiskasvanute pime hirm selle talu ees . 	kindlasti mõjuma mina ka täiskasvanu pime hirm see talu ees .
9		 Mida vanemaks me saime , seda rohkem hakkasime suurte inimeste juttudest aru saama — varem lasime teatud vihjed ja ümbernurgaütlemised lihtsalt kõrvust mööda ning lihtsustasime need lood nõiamuinasjuttudeks . 	mis vanem mina saama , see rohkem hakkama suur inimene jutt aru saama - varem laskma teadma|teatud vihje ja ümbernurgaütlemine lihtsalt kõrv mööda ning lihtsustama see lood|loog|lugu nõiamuinasjutt .
9		 Aga ka see , et hirmu tagamaad selgemaks said , ei vähendanud pelgu sugugi , andis sellele lihtsalt elu ja sügavust juurde . 	aga ka see , et hirm tagamaa selgem saama , ei vähendama|vähendanud pelg sugugi , andma see lihtsalt elu ja sügavus juurde .
10		 Liivotsa oli vana ja käestlastud talu , mis asus teistest eraldi , rannaserva pidi umbes pool kilomeetrit külast väljas . 	Liivotsa olema vana ja käestlastud talu , mis asuma teine eraldi , rannaserv pidama umbes pool kilomeeter küla väljas .
10		 See vahemaa poleks mujal ju midagi , aga meil , nagu paljudes teisteski rannakülades , seisavad majad piki mereäärt aed-aia kõrval koos . 	see vahemaa olema mujal ju miski , aga mina , nagu palju teine rannaküla , seisma maja piki mereäär aed-aed kõrval koos .
11		 Rand ei olnud Liivotsa all suurem asi . 	Rand ei olema|olnud liivots all suurem asi .
11		 Maja alla ulatus vesine ja kivine sodiheinamaa , poolenisti kõdunevat merekõntsa täis , mis soojal ajal üsna hullult haises . 	maja alla ulatuma vesine ja kivine sodiheinamaa , poolenisti kõdunev merekõnts täis , mis soe aeg üsna hullult haisema .
11		 Liivotsa asus neemenuki taga . 	Liivotsa asuma neemenukk taga .
11		 Küla pool neeme oli väike selgeveeline Liivalaht — ainus rannariba sealkandis , kus oli liivapõhi . 	küla pool neem olema väike selgeveeline liivalaht - ainus rannariba sealkandis , kus olema liivapõhi .
11		 Teisel pool oli Riimilaht — samasugune sogane pilliroogu kasvanud rand nagu Liivotsa allgi , lisaks jooksid lahte mitmed soo-ojad ning tõid sinna punast turbavett . 	teine pool olema riimilaht - samasugune sogane pilliroog kasvama|kasvanud rand nagu liivots all , lisa jooksma laht mitu soo-oja ning tooma sinna punane turbavesi .
11		 Ujumas ei kõlvanud seal käia , vesi oli punane ja roojane . 	ujuma ei kõlbama|kõlvanud seal käima , vesi olema punane ja roojane .
12		 Liivotsa akendel olid pooled klaasid puudu ning see ainult süvendas laokilejäetud maja trööstitust . 	liivots aken olema pool klaas puudu ning see ainult süvendama laokilejäetud maja trööstitus .
12		 Koja ümber vohasid raudnõgesed ning ka kunagine aed , milles ainult metsistunud õunapuid võis ära tunda , oli umbe kasvanud . 	koda ümber vohama raudnõges ning ka kunagine aed , mis ainult metsistuma|metsistunud õunapuu võima ära tundma , olema umbe kasvama|kasvanud .
12		 Hämarikus ei julgenud keegi piki randa Liivotsast mööda minna , ikka tehti sisse suur kaar ja mindi mööda maanteed . 	Hämarikus ei julgema|julgenud keegi piki rand liivots mööda minema , ikka tegema sisse suur kaar ja minema mööda maantee .
13		 Ometi elas Liida selles majas . 	ometi elama Liida see maja .
13		 Suitsuriba tõusis korstnast ainult pakasega , muidu istus Liida voodis teki sees . 	suitsuriba tõusma korsten ainult pakane , muidu istuma Liida voodi tekk sees .
13		 Külast toodi talle paar korda nädalas toitu . 	küla tooma tema paar kord nädal toit .
13		 Paistis , et see oligi kõik , mida vana naine eluks vajas , sest ta ei käinud kordagi poes ega pidanud peenraid . 	paistma , et see olema kõik , mis vana naine elu vajama , sest tema ei käima|käinud kord pood ega pidama|pidanud peenar .
13		 Õieti ei käinud ta päeval üldse majast väljas . 	õieti ei käima|käinud tema päev üldse maja väljas .
13		 Räägiti , et öösiti on teda rannas nähtud , Liida olevat jalgupidi Riimilahe punases vees ringi kahlanud ja omaette poolsegaselt pomisenud , nagu ajaks kellegagi juttu . 	rääkima , et öösiti olema tema rand nägema|nähtud|nähtuma , Liida olema jalgupidi Riimilahe|Riimilaht punane vesi ringi kahlama|kahlanud ja omaette poolsegaselt pomisema|pomisenud , nagu aeg keegi jutt .
14		 Lastele oli antud karm keeld , et nad peale hämaruse saabumist Liivalahes ei mängiks , aga ega me sinna kippunudki . 	laps olema andma|antud karm keeld , et tema peale hämarus saabumine liivalaht ei mängima , aga ega mina sinna kippuma .
14		 Keegi ei tahtnud pimedal rannal Liivotsa nõiaga kokku saada . 	keegi ei tahtma|tahtnud pime rand liivots nõid kokku saama .
15		 Ühel jaanitulel nägime teda siiski . 	üks jaanituli nägema tema siiski .
15		 Suuremad poisid ja tüdrukud hüppasid juba üle tule , Merimägede Valmar mängis lõõtsmoonikut ja moorid laulsid . 	suurem poiss ja tüdruk hüppama juba üle tuli , merimägi Valmar mängima lõõtsmoonik ja moor laulma .
15		 Vanemad inimesed istusid luiteharjadel , meie jooksime rannas ja rannalepikus ringi . 	vanem inimene istuma luitehari , mina jooksma rand ja rannalepik ringi .
15		 Korraga jättis vana- Valmar mängu katki . 	korraga jätma vana Valmar mäng katki .
15		 Liivotsa poolt lähenes peoplatsile suurekasvuline kõhn vanaeit . 	liivots poolt lähenema peoplats suurekasvuline kõhn vanaeit .
15		 Kõik vahtisid ammulisui , kuidas ta randa mööda külarahva poole rühkis , valged juuksesalgud rätiku alt lehvimas ja paks talvemantel ümber kisutud . 	kõik vahtima ammulisui , kuidas tema rand mööda külarahvas poole rühkima , valge juuksesalk rätik alt lehvima ja paks talvemantel ümber kisutu .
15		 Liida nägu oli lai ja üleni hallikasvalge , nii et esimese pilguga ei märganud ei suud ega silmi . 	liitma nägu olema lai ja üleni hallikasvalge , nii et esimene pilk ei märganud|märkama ei suu ega silm .
15		 Ta ei vaadanud kellelegi otsa , ei tervitanud kedagi , vaid istus peoplatsi serva maha , teistest veidi eemale . 	tema ei vaadanud|vaatama keegi otsa , ei tervitama|tervitanud keegi , vaid istuma peoplats serv maha , teine veidi eemale .
15		 Ta nägu oli pööratud mere poole ja sinna ta kogu selle õhtu ainiti vaataski , oma laia ülakeha aeglaselt edasi-tagasi koogutades . 	tema nägu olema pöörama|pööratud meri poole ja sinna tema kogu see õhtu ainiti vaatama , oma lai ülakeha aeglaselt edasi-tagasi koogutama .
15		 See oleks võinud mõjuda haletsusttekitavalt , aga kogu Liida hoiak ning tema ilme olid selleks liiga kurjakuulutavad . 	see olema võima|võinud mõjuma haletsusttekitavalt , aga kogu Liida hoiak ning tema ilme olema see liiga kurjakuulutav .
15		 Inimesed nihkusid eemale ja püüdsid mitte tema poole vaadata . 	inimene nihkuma eemale ja püüdma mitte tema poole vaatama .
15		 Emad võtsid väiksemad lapsed sülle . 	ema võtma väiksem laps süli .
15		 Paar moori tõusid püsti ja läksid tasakesi ära . 	paar moor tõusma püsti ja minema tasakesi ära .
15		 Vanematel naistel oli Liida vastu kõige sügavam vimm . 	vanem naine olema Liida vastu kõige sügavam vimm .
16		 Sakutatud pidu võttis küll tasapisi tuurid üles , sest kohal oli ometi noori õllekuraasiseid külamehi . 	sakutama|sakutatud pidu võtma küll tasapisi tuur üles , sest koha|koht olema ometi noor õllekuraasine külamees .
16		 Hoog ei saanud siiski päris endiseks , kuni see võigas kuju seal istus ja omaette tasakesi koogutas . 	Hoog ei saama|saanud siiski päris endine , kuni see võigas kuju seal istuma ja omaette tasakesi koogutama .
16		 Ühel hetkel tõusis ta aga püsti ja läks ära , samamoodi vaikides ja endassetõmbunult , nagu oli tulnudki . 	üks hetk tõusma tema aga püsti ja minema ära , samamoodi vaikima ja endassetõmbunult , nagu olema tulnu .
16		 Peoliste pilgud saatsid teda , kuni ta hämarusse kadus . 	peoline pilk saatma tema , kuni tema hämarus kaduma .
17		 Me kartsime Liidat ennem juba niikuinii , aga pärast jaanituld tundsime ta ees kabuhirmu . 	mina kartma Liida ennem juba niikuinii , aga pärast jaanituli tundma tema ees kabuhirm .
17		 Raske öelda , millest see tuli — ilmselt oli ta olekus midagi niivõrd võigast ja ebaloomulikku . 	raske ütlema , mis see tulema - ilmselt olema tema olek miski niivõrd võigas ja ebaloomulik .
17		 Õhtuti oli raske magama jääda , kui kujutlesime , kuidas ta pimedas mööda küla käib ja meie akendest sisse vaatab . 	õhtuti olema raske magama jääma , kui kujutlema , kuidas tema pime mööda küla käima ja mina aken sisse vaatama .
17		 Kui me mängudega videviku peale jäime , läksime kobaras koos külla tagasi , sest üksi minnes tikkus vägisi peale tunne , et vana Liivotsa nõid seisab sealsamas mõne suurema kivi või puutüve taga , astub sealt kohe välja ja sirutab oma suured konkskäpad meie poole . 	kui mina mäng videvik peale jääma , minema kobar koos küla|küll tagasi , sest üksi minema tikkuma vägisi peale tundma , et vana liivots nõid seisma sealsamas mõni suurem kivi või puutüvi taga , astuma sealt kohe välja ja sirutama oma suur konkskäpp mina poole .
18		 Külas teatakse üksteise elulugusid tavaliselt oma kolm-neli põlve ette ja taha . 	küla teadma üksteise elulugu tavaliselt oma kolm-neli põli|põlv ette ja tahtma .
18		 Liivotsaga oli lugu teine , sest sealsed asukad ei olnud põliselanikud . 	liivots olema lugu teine , sest sealne asukas ei olema|olnud põliselanik .
18		 Vana Liivotsa , Liida isa Juhan , oli tulnud kusagilt Noarootsi kandist . 	vana liivots , Liida isa Juhan , olema tulema|tulnud kusagilt Noarootsi kant .
18		 Mehel oli kaasas kaks last — poeg Kusta oli paariaastane ja Liida sülelaps . 	mees olema kaasas kaks laps - poeg Kusta olema paariaastane ja Liida sülelaps .
18		 Räägiti , et kuigi Kusta on nagu isa suust kukkunud , olevat õde üsna teist nägu . 	rääkima , et kuigi Kusta olema nagu isa suu kukkuma|kukkunud , olema õde üsna teine nägu .
18		 Võib-olla , jah , emasse , aga tont seda teab . 	võib-olla , jah , ema , aga tont see teadma .
18		 Ema ise olla varsti peale lapse sündi uppunud . 	ema ise olema varsti peale laps sünd uppuma|uppunud .
18		 Rannarahva jaoks küllaltki tavapärane surm , aga eided sosistasid . 	rannarahvas jaoks küllaltki tavapärane surm , aga eit sosistama .
18		 Nemad mäletasid veel neid aegu , kui saartel olid vanad kombed alles ja kui naine sohki läks , jäeti ta tormiga aerudeta paadiga avamerele , hoolimata keisrist , kuradist ja kroonukohtust . 	tema mäletama veel see aeg , kui saar olema vana komme alles ja kui naine sohk minema , jätma tema torm aer paat avameri , hoolimata keiser , kurat ja kroonukohus .
18		 Mõistagi oli see just selline jutt , mis külamuttidele meeldis ja mida nad mõnuga rääkisid . 	mõistagi olema see just selline jutt , mis külamutt meeldima ja mis tema mõnu rääkima .
18		 Kes seda uskus või ei uskunud , aga Liivotsale andis see süngust ainult juurde . 	kes see uskuma või ei uskuma|uskunud , aga liivots andma see süngus ainult juurde .
19		 Räägiti veel , et Liivotsa Juhan oli randa tulles hull töömees olnud , koha aasta-paariga üles ehitanud , käinud hoolega kirikus ja oli õige mees võrgupaadis — ühesõnaga , temaga arvestati . 	rääkima veel , et Liivotsa Juhan olema rand tulema hull töömees olema|olnud , koha|koht aasta-paar üles ehitama|ehitanud , käima|käinud hool kirik ja olema õige mees võrgupaat - ühesõnaga , tema arvestama .
19		 Omaks ei võetud , sest ta oli morni ja kinnise loomuga ning üldse juhtus harva , et esimese põlve uustulnukas täieõiguslikuks külaliikmeks saab . 	oma ei võetud|võtma , sest tema olema morn ja kinnine loom ning üldse juhtuma harva , et esimene põli|põlv uustulnuk|uustulnukas täieõiguslik külaliige saama .
20		 Mida aeg edasi , mida suuremaks Kusta ja Liida kasvasid , seda enam hakkas Juhan jooma . 	mis aeg edasi , mis suurem kusema ja Liida kasvama , see enam hakkama Juhan jooma .
20		 Lapsed peitsid end isa viinatuuride ajal naabrite juures Miidutalus , sest Juhan oli raske käega ja kippus purjuspäi lastele kallale — eriti Liidale . 	laps peitma ise isa viinatuur ajal naaber juures Miidutalu , sest Juhan olema raske käsi ja kippuma purjuspäi laps kallale - eriti Liidale .
20		 Tüdruk käis pahatihti sinisekspekstud näoga kõrtsis viina järel , ise morn nagu tormivares . 	tüdruk käima pahatihti sinisekspekstud nägu kõrts viin järel , ise morn nagu tormivares .
20		 Ega ta kunagi kellegagi eriti pikalt rääkinudki . 	ega tema kunagi keegi eriti pikalt rääkima .
20		 Kui keegi teda kõnetas , pomises ta midagi nii ohmakat , et teda peeti mõistuselt puudulikuks . 	kui keegi tema kõnetama , pomisema tema miski nii ohmaka|ohmakas , et tema pidama mõistus puudulik .
20		 Väljanägemiselt tal viga ei olnud — suure kondiga ja lihtsa olemisega tüdruk . 	väljanägemine tema viga ei olema|olnud - suur kont ja lihtne olemine tüdruk .
20		 Vend oli see-eest päris piltpostkaardipoiss , mängis lõõtsa ja käis juba mõneteistaastasena piiritusekuningas Krönströmi paatides . 	vend olema see-eest päris piltpostkaardipoiss , mängima lõõts ja käima juba mõneteistaastane piiritusekuningas Krönström|Krönströmi paat .
20		 Kusta oli vist ainuke , kes nii noorena kaasa võeti ja see andis talle kuraasi veelgi juurde . 	Kusta olema vist ainuke , kes nii noor kaasa võtma ja see andma tema kuraas veelgi juurde .
20		 See ei takistanud tal siiski leivaisast pilkelaule tegemast , pealegi olid kuninga hullud eluviisid poisil koguaeg ristipidi hambus . 	see ei takistama|takistanud tema siiski leivaisa pilkelaul tegema , pealegi olema kuningas hull eluviis poiss koguaeg ristipidi hambus .
20		 Koduse karmi kasvatuse asi — Vana- Juhan ei sallinud kergemeelsust silmaotsaski . 	kodune karm kasvatus asi - Vana Juhan ei sallima|sallinud kergemeelsus silmaots .
21		 Kui Krönström , laia joonega nagu ta oli , kinkis külavaestele oma nooda , laulis Kusta kõrtsiukse peal : 	kui Krönström , lai joon nagu tema olema , kinkima külavaene oma noot , laulma Kusta kõrtsiuks peal :
22		 Kes ei jäksa suve oota , eks see tõmma vaestenoota . 	kes ei jäksa suvi ootama , eks see tõmma vaestenoot .
22		 Kui on vaesu liiga vähe , tuleb teisi juure teha . 	kui olema vaesuma liiga vähe , tulema teine juur tegema .
22		 Mees võib ikke abi anda , käies nuugalt tädiranda . 	mees võima ike abi andma , käima nuuga tädirand .
23		 Krönström oli tõesti täies elujõus mees ja mõnelgi külavaesel oli tema nägu peas . 	Krönström olema tõesti täis elujõud mees ja mõni külavaene olema tema nägu pea .
23		 Sellesse suhtuti nii ja teisiti , mõned naersid , mõned kiitsid takka . 	see suhtuma nii ja teisiti , mõni naerma , mõni kiitma takka .
23		 Piiritusekuningas oli kohalik kangelane , teda tavaliste mõõdupuudega ei mõõdetud . 	piiritusekuningas olema kohalik kangelane , tema tavaline mõõdupuu ei mõõdetud|mõõtma .
23		 Mis muudele meestele patuks pandi , anti talle kergekäeliselt andeks . 	mis muu mees patt panema , andma tema kergekäeliselt andeks .
23		 Krönström võis , mida teised ei võinud . 	Krönström võima , mis teine ei võima|võinud .
23		 Nii see lihtsalt oli . 	nii see lihtsalt olema .
23		 Rikas nagu mõisnik , ilus , nagu mõned ütlesid , ülbe nagu vanakurat — selles olid kõik ühel nõul — ja naised paindusid ta käes nagu pajuvitsad . 	rikas nagu mõisnik , ilus , nagu mõni ütlema , ülbe nagu vanakurat - see olema kõik üks nõu - ja naine painduma tema käes nagu pajuvits .
24		 Krönströmist räägiti veel üht kummalist lugu . 	Krönström|Krönströmi rääkima veel üks kummaline lugu .
24		 Et teiste tüdrukute hulgas , kes ta järele rohkem või vähem varjatult õhkasid , olla olnud ka Liida . 	et teine tüdruk hulgas , kes tema järele rohkem või vähem varjatult õhkama , olema olema|olnud ka Liida .
24		 Mitte eriti ilus või ligitõmbav , aga kindlasti süütu ja üksjagu lihtsameelne . 	mitte eriti ilus või ligitõmbav , aga kindlasti süütu ja üksjagu lihtsameelne .
24		 Võib-olla just see meeldiski Krönströmile , kes oli liigagi elunäinud ja võis teise rikkumatust sellevõrra rohkem hinnata . 	võib-olla just see meeldima Krönströmile , kes olema liiga elunäinu ja võima teine rikkumatus sellevõrra rohkem hindama .
24		 Igatahes oli ta kord külarahva suureks üllatuseks Liidal kosjas käinud . 	igatahes olema tema kord külarahvas suur üllatus Liida kosi käima|käinud .
24		 Paraku purjus päi ja suurema palaganiga . 	paraku purjus päi ja suurem palagan .
24		 Ja kõigi veelgi suuremaks üllatuseks uksest ilma pikemata välja visatud . 	ja kõik veelgi suurem üllatus uks ilma pikemata välja visatud|viskama .
24		 Mehe rahakotti mõõtma Juhan ei hakanud . 	mees rahakott mõõtma Juhan ei hakanud|hakkama .
25		 Piiritusekuningaga sellist nalja teha oli ohtlikum kui palja tagumikuga ussipessa istuda . 	piiritusekuningas selline nali tegema olema ohtlikum kui paljas tagumik ussipesa istuma .
25		 Külarahvas hoidis hinge kinni , sest Krönströmi vihahood olid tuntud . 	külarahvas hoidma hing kinni , sest Krönström|Krönströmi vihahoog olema tundma|tuntud .
25		 Läks aga teisiti — Krönström ei jõudnud midagi õieti ette võttagi , kui sai ise surma . 	minema aga teisiti - Krönström ei jõudma|jõudnud miski õieti ette võtma , kui saama ise surm .
25		 Maanteelt leiti sodikssõidetud auto , ning sellest laip , millel koolnukangestuski oli jõudnud juba üle minna . 	maantee leidma sodikssõidetud auto , ning see laip , mis koolnukangestus olema jõudma|jõudnud juba üle minema .
26		 Piiritusekuningal oli teisigi vaenlasi peale Liivotsa meeste . 	piiritusekuningas olema teine vaenlane peale liivots mees .
27		 Eided sosistasid veel midagi : keegi olla näinud Liidat kodumaja taga võpsikus hommikuti öökimas . 	eit sosistama veel miski : keegi olema nägema|näima|näinud Liidat kodumaja taga võpsik hommikuti öökima .
27		 Teadagi , mis . 	teadagi , mis .
27		 Juhan oli küll jälile saanud ning tütre vaeseomaks peksnud . 	Juhan olema küll jälile saama|saanud ning tütar vaeseomaks peksma|peksnud .
27		 Kas sihilikult või kogemata nii , et sohkiminekust ei jäänud jälgegi . 	kas sihilikult või kogemata nii , et sohkiminek ei jääma|jäänud jälg .
28		 Siis tulid sakslased . 	siis tulema sakslane .
29		 Sakslased lasid Liivotsa Juhani ja tema poja Kusta vallamaja taga maha ja sellega oli lugu küll segane . 	sakslane laskma Liivots|Liivotsa Juhan ja tema poeg|poja Kusta vallamaja taga maha ja see olema lugu küll segane .
30		 Üldiselt jätsid sakslased siitkandi rahva rahule , hoolimata sellest , et vaeses kalurikülas oli parasjagu punaseid . 	üldiselt jätma sakslane siitkandi rahvas rahu , hoolimata see , et vaene kaluriküla olema parasjagu punane .
30		 Need jõudsid õigel ajal peitu . 	see jõudma õige aeg peit .
30		 Aga Juhani peale oli keegi kaevanud . 	aga Juhan peale olema keegi kaebama|kaevama|kaevanud .
30		 Rahva suus levis jutt , et kaebaja olnud Liida . 	Rahva|Rahvas suu levima jutt , et kaebaja olema|olnud Liida .
31		 Seda , miks Kusta maha lasti , ei osanud isegi külamutid mõistatada , aga ühel päeval olid mõlemad mehed läinud ja juba järgmise päeva õhtul kaevati endise vallamaja taha metsa auku . 	see , miks Kusta maha laskma , ei osanud|oskama isegi külamuti|külamutt mõistatama , aga üks päev olema mõlema mees läinud|minema ja juba järgmine päev õhtu kaebama|kaevama endine vallamaja taha mets auk .
31		 Viha tegi tüdruku pimedaks , oletati . 	viha tegema tüdruk pime , oletama .
31		 Mõni sosistas Krönströmi surmast . 	mõni sosistama Krönström|Krönströmi surm .
31		 Keegi ei teadnud täpselt . 	keegi ei teadma|teadnud täpselt .
32		 Rahvas teadis meeste matmiskohta küll , aga üles ei olnud neid enam keegi sealt kaevanud . 	rahvas teadma mees matmiskoht küll , aga üles ei olema|olnud tema enam keegi sealt kaebama|kaevama|kaevanud .
32		 Neil polnud siinkandis sugulasi ja nad ei olnud omakülainimesedki , kes neid raipeid ikka ümber matma hakkas . 	tema olema siinkandis sugulane ja tema ei olema|olnud omakülainimene , kes see raibe ikka ümber matma hakkama .
32		 Liida mitte , sest peale isa ja venna mahalaskmist olla Liida päris ära pööranud . 	liitma mitte , sest peale isa ja vend mahalaskmine olema Liida päris ära pöörama|pööranud .
32		 Ja mitte ainult mõistuse poolest . 	ja mitte ainult mõistus poolest .
33		 Kui Vana-Juhan teda varem üksjagu rangelt kodus luku taga hoidis , siis peale isa surma sai tüdrukust lausa sakste hoor . 	kui Vana-Juhan tema varem üksjagu rangelt kodu lukk taga hoidma , siis peale isa surm saama tüdruk lausa saks hoor .
33		 Mis aga veel hullem — ega ta külapoissegi pahaks põlanud . 	mis aga veel hullem - ega tema külapoiss paha põlanud|põlgama .
33		 Mingi imevägi lausa tõmbas neid Liivotsale , hoolimata kogu küla naisteväe ühistest pingutustest . 	mingi imevägi lausa tõmbama see liivots , hoolimata kogu küla naistevägi ühine pingutus .
33		 Ainus , mis nad saavutasid , oli see , et Liivotsa lits ei julgenud ninagi majast välja pista . 	ainus , mis tema saavutama , olema see , et liivots lits ei julgema|julgenud nina maja välja pistma .
33		 Aga mis see luges , kui poiss hämariku tulles ise aknast sisse ronis . 	aga mis see lugema , kui poiss hämarik tulema ise aken sisse ronima .
33		 Liida ei jäänud hoolimata oma elukommetest sedapsi ja see pani külanaiste kibelevad keeled veel kiiremini käima . 	liitma ei jääma|jäänud hoolimata oma elukomme sedapsi ja see panema külanaine kibelema keel veel kiiremini käima .
33		 Kes rääkis Juhanilt saadud keretäiest , mis esimese lapse ära viis , kes sosistas midagi muud , aga üks oli kindel — vähese üritamise taha Liivotsal see asi küll ei jäänud . 	kes rääkima Juhan saadud|saama keretäis , mis esimene laps ära viima , kes sosistama miski muu , aga üks olema kindel - vähene üritamine taha liivots see asi küll ei jääma|jäänud .
34		 Mida aeg edasi , seda enam hoiti Liivotsast eemale . 	mis aeg edasi , see enam hoidma liivots eemale .
34		 Külanaised võisid tasumisega oodata küll , nad on kuratlikult kannatlikud ja väga pika mäluga . 	külanaine võima tasumine ootama küll , tema olema kuratlikult kannatlik ja väga pikk mälu .
34		 Need ajad , mil Liida võis mehi hullutada , läksid lõpuks mööda ja siis jäi ta üksi . 	see aeg , mil Liida võima mees hullutama , minema lõpuks mööda ja siis jääma tema üksi .
34		 Kui mõnel külamehel võiski olla Liivotsaga seotud ilusaid noorusmälestusi , siis kes nende käest küsis . 	kui mõni külamees võima olema liivots seotud|siduma ilus noorusmälestus , siis kes tema käest küsima .
34		 Külanaiste tasumisetund oli peale pikka ootamist kätte jõudnud ja mehed püsisid kodurahu huvides vait . 	külanaine tasumisetund olema peale pikk ootamine käsi jõudma|jõudnud ja mees püsima kodurahu huvi vait .
34		 Rannakülas , kus iga inimene sõltub teistest , kus põldegi haritakse ühiselt , hakates küla ühest otsast pihta ja lõpetades siis , kui kõikidel saak salves , tähendab külast väljaheitmine palju hullemat karistust kui kusagil mujal . 	rannaküla , kus iga inimene sõltuma teine , kus põld harima ühiselt , hakkama küla ühest ots pihta ja lõpetama siis , kui kõik saak salv , tähendama küla väljaheitmine palju hullem karistus kui kusagil mujal .
35		 Aastakümnete möödudes süvenesid nii inimeste põlgus — kui ka hirm . 	aastakümme mööduma süvenema nii inimene põlgus - kui ka hirm .
35		 Liivotsaga ei olnud asjad päris korras . 	Liivots|Liivotsa ei olema|olnud asi päris kord .
35		 Liidaga kaugeltki mitte . 	Liida kaugeltki mitte .
36		 Räägiti lugu , kuidas üks naine , kelle Liida olevat ära sajatanud , kuna see teotas teda veel hullemini kui teised , üsna kohe peale needuse ütlemist Liivalahes uppus . 	rääkima lugu , kuidas üks naine , kes liitma olema ära sajatama|sajatanud , kuna see teotama tema veel hullemini kui teine , üsna kohe peale needus ütlemine liivalaht uppuma .
36		 Ta olnud külarahva mäletamist järgi hea ujuja — nagu sealkandis tegelikult kõik . 	tema olema|olnud külarahvas mäletamine järgi hea ujuja - nagu sealkandis tegelikult kõik .
36		" Kaldalolijad näinud vaid , kuidas ta kaugemal vees rabeles ja hüüdis : "" Laske lahti ! "" — justnagu oleks keegi teda vee alla tõmmanud . "	"kaldalolija nägema|näima|näinud vaid , kuidas tema kaugemal vesi rabelema ja hüüdma : "" laskma lahti ! "" - justnagu olema keegi tema vesi alla tõmbama|tõmmanud ."
37		 Hirm oli Liidale tegelikult kasulikum kui põlgus . 	hirm olema Liidale tegelikult kasulikum kui põlgus .
37		 Külainimeste hirm hoidis Liidal elu sees . 	külainimene hirm hoidma Liida elu sees .
37		 Et oma majast õnnetust eemal hoida , hakati kasutama vana head vahendit - viidi nõiale toitu . 	et oma maja õnnetus eemal hoidma , hakkama kasutama vana hea vahend - viima nõid toit .
37		 Aga mitte nõia enda kätte , nii võis kuri silm su ikkagi ära teha , komps tuli jätta ukse taha . 	aga mitte nõid ise kätte , nii võima kuri silm sina ikkagi ära tegema , komps tulema jätma uks taha .
38		 Selle kombe tõttu nägingi ma Liidat teist korda ja see oli üsna jube . 	see komme tõttu nägema mina Liidat teine kord ja see olema üsna jube .
38		 Õnneks olin siis juba veidi vanem . 	õnn olema siis juba veidi vanem .
38		 Väikeseid lapsi ei saadetudki kunagi Liivotsale . 	väike|väikene laps ei saatma kunagi liivots .
38		 Aga käima seal pidi . 	aga käima seal pidama .
38		 Oli teada , et täiskasvanuid ei sallinud vana naine silmaotsaski , ja kuna nõia sajatamist kardeti , saadeti iganädalast kompsu kohale viima mõneteistaastased rüblikud . 	olema teadma , et täiskasvanu ei sallima|sallinud vana naine silmaots , ja kuna nõid sajatamine kartma , saatma iganädalane komps kohale viima mõneteistaastane rüblik .
38		 Nendega ei juhtunud midagi . 	see ei juhtuma|juhtunud miski .
38		 Kambakesi minnes jätsid nad kompsu trepi peale , üksi ei mindud väravapostist kaugemale . 	kambake minema jätma tema komps trepp peale , üksi ei mindud|minema väravapost kaugemale .
38		 Aga mina polnud varem käinud ja olin uudishimulik , kurja silma ma ka miskipärast ei kartnud . 	aga mina olema varem käima|käinud ja olema uudishimulik , kuri silm mina ka miskipärast ei kartma|kartnud .
38		 Ilmselt linnas elatud aastate mõju . 	ilmselt linn elama|elatud|elatuma aasta mõju .
38		 Ütlesin naabrilastele , et oodaku Liivalahes ja marssisin uljalt läbi sodiheinamaa . 	ütlema naabrilaps , et ootama liivalaht ja marssima uljalt läbi sodiheinamaa .
39		 Liivotsa trepi peal jäin kuulatama . 	liivots trepp peal jääma kuulama|kuulatama .
39		 Majas valitses täielik vaikus , aga ometi pidi Liida kodus olema . 	Maja valitsema täielik vaikus , aga ometi pidama Liida kodu olema .
39		 Uks oli irvakil ja kojast lõi vastu kõdunemishais . 	uks olema irvakil ja koda looma|lööma vastu kõdunemishai .
39		 Tahtsin just koputada , kui Liida kojaukse lahti tõmbas . 	tahtma just koputama , kui Liida kojauks lahti tõmbama .
40		 Ta oli seisnud otse ukse taga , nii et ma oleksin pidanud igal juhul kuulma , kuidas ta hingab , aga ma ei kuulnud . 	tema olema seisma|seisnud otse uks taga , nii et mina olema pidama|pidanud iga juht kuulma , kuidas tema hingama , aga mina ei kuulma|kuulnud .
40		 Tal oli seljas seesama hall villane mantel ja peas seesama erkroosade roosidega muhu rätik , mida mäletasin ammuselt jaanitulelt . 	tema olema selg seesama hall villane mantel ja pea seesama erkroosa roos muhk rätik , mis mäletama ammuselt jaanituli .
40		 Justnagu poleks ta riideid vahetanudki . 	justnagu olema tema riie vahetama .
40		 Nii lähedalt paistsid isegi ta vesiselt hallid ja kuidagi laialivalgunud silmad sama värvi näost välja . 	nii lähedalt paistma isegi tema vesiselt hall ja kuidagi laialivalgunud silm sama värv nägu välja .
40		 Neis oli ebaloomulikult kalki ükskõiksust , mis lihtsalt halvas . 	see olema ebaloomulikult kalk ükskõiksus , mis lihtsalt halb .
41		 Seda kutsutakse vist küülikukangestuseks , kui tahad jooksu pista , aga keha ei kuula sõna . 	see kutsuma vist küülikukangestus , kui tahtma jooks pistma , aga keha ei kuulama sõna .
41		 Ka vana naise lehk oli nii vänge , et lõi hinge kinni . 	ka vana naine lehk olema nii vänge , et looma|lööma hing kinni .
41		 Ja siis , täpselt nagu külalaste kõige hirmsamates tondijuttudes , tõstis Liida oma suure konksus käe ja sirutas selle minu poole . 	ja siis , täpselt nagu külalaps kõige hirmsam tondijutt , tõstma Liida oma suur konks käsi ja sirutama see mina poole .
41		 Veidi enne , kui ta oleks mind puudutanud , sain liikumisvõime tagasi . 	veidi enne , kui tema olema mina puudutama|puudutanud , saama liikumisvõim tagasi .
41		 Surusin talle kompsu pihku ja pistsin jooksu . 	suruma tema komps pihk ja pistma jooks .
42		" "" Ooda ! "" hüüdis Liida korraga . "	""" Ooda ! "" hüüdma Liida korraga ."
42		 Jäin väravapostide taha pidama , ohutum kaugus , nagu see oli , ning olin iga hetk valmis edasi jooksma . 	jääma väravapost taha pidama , ohutum kaugus , nagu see olema , ning olema iga hetk valmis edasi jooksma .
43		" "" Ää siis joosse kohe , ütle , mes putru sa ka tõid ? "" "	""" Ää siis joo kohe , ütlema , mes puder sina ka tooma ? """
43		 Eit tõstis kompsu näo ette ja nuusutas häälekalt . 	eit tõstma komps nägu ette ja nuusutama häälekalt .
43		 Ta oli siis nii loomasarnane , et pistsin ikkagi plagama , nagu oleks surm silme ees . 	tema olema siis nii loomasarnane , et pistma ikkagi plagama , nagu olema surm silm ees .
43		 Elu sees ei ole nii kiiresti jooksnud . 	elu sees ei olema nii kiiresti jooksma|jooksnud .
44		" "" Jaanikse Ann ! "" hõikas ta mulle veel järgi ja ütles siis midagi päris arusaamatut . "	""" Jaanikse Ann ! "" hõikama tema mina veel järgi ja ütlema siis miski päris arusaamatu ."
44		" "" Oia täiskuuöösse riimiviest eemal ! "" "	""" oia täiskuuöö riimivie eemal ! """
45		 Võib-olla oli see ka midagi muud , sest ma olin juba päris kaugele jõudnud ja rand kajas vastu . 	võib-olla olema see ka miski muu , sest mina olema juba päris kaugele jõudma|jõudnud ja rand kajama vastu .
46		 Mõned aastad hiljem , ühel talvel , kui mina kaugel ära koolis olin , Liida suri . 	mõni aasta hiljem , üks tali|talv , kui mina kaugel ära kool olema , Liida surema .
47		 Kui lapsed lõpuks isade-emadele rääkisid , et kõik toodud kompsud on väravaposti kõrval puutumata , võeti mehed kokku ja mindi vaatama . 	kui laps lõpuks isade-ema rääkima , et kõik toodud|tooma komps olema väravapost kõrval puutuma , võtma mees kokku ja minema vaatama .
47		 Krõbedam külm oli juba möödas , kiskus esimesi päevi kergelt sulale . 	krõbedam külm olema juba möödas , kiskuma esimene päev kergelt sula .
47		 Seepärast tundsid nad ka lõhna , kui õueväravast sisse astusid . 	seepärast tundma tema ka lõhn , kui õuevärav sisse astuma .
47		 Liida surnukeha oli pakase aegu ära külmunud , aga hakkas nüüd koos kraavipervede ja künkapealsetega tasapisi üles sulama . 	liitma surnukeha olema pakane aegu ära külmuma|külmunud , aga hakkama nüüd koos kraaviperv ja künkapealne|künkapealsed tasapisi üles sulama .
47		 Ta leiti kolde eest , sealsamas hunnikus oli pinu metsaoksi , mitte jämedamad kui mehe sõrm — paistis , et käsitsi murtud , ja tikutops koos kahe väävlitukskraabitud tikuga . 	tema leidma kolle eest , sealsamas hunnik olema pinu metsaoks , mitte jämedam kui mees sõrm - paistma , et käsitsi murdma|murtud , ja tikutops koos kaks väävlitukskraabitud tikk .
47		 Oletati mitmeti , millesse ta suri . 	oletama mitmeti , mis tema surema .
47		 Enamus külamoore leidis , et küllap kuri tuli nõia hinge järele , kui see tuld tegi , ning see oli tal ainult ärateenitud ots . 	enamus külamoor leidma , et küllap kuri tulema nõid hing|hinge järele , kui see tuli tegema , ning see olema tema ainult ärateenitud ots .
48		 Aga siis levis külas kulutulena uudis , mis ladramooride suud lukku pani . 	aga siis levima küla kulutuli uudis , mis ladramoor suu lukku panema .
48		 Arst olla öelnud , et ... 	arst olema öelnud|ütlema , et ...
48		 Liida olnud juba paarkümmet aastat täiesti pime . 	liitma olema|olnud juba paarkümmet aasta täiesti pime .
49		 Ta oli kolde ette surnuks külmunud , sest ta oli näljast liiga nõrk , et tikkude järgi minna . 	tema olema kolle ette surnud külmuma|külmunud , sest tema olema nälg liiga nõrk , et tikk järgi minema .
49		 Poes ei käinud ta ilmselt sellepärast , et ei osanud sinna enam minna , kui kauplus teise majja koliti . 	Poes ei käima|käinud tema ilmselt sellepärast , et ei osanud|oskama sinna enam minema , kui kauplus teine maja kolima .
49		 Sellest oligi peaaegu kaksümmend aastat möödas . 	see olema peaaegu kaksümmend aasta möödas .
49		 Külla abi küsima ei läinud ta ammugi . 	küla|küll abi küsima ei läinud|minema tema ammugi .
49		 Ja selge , mispärast ei läinud . 	ja selge , mispärast ei läinud|minema .
50		 Mind oli ta ka võib-olla sellepärast ukse taga oodanud , et tahtis midagi paluda . 	mina olema tema ka võib-olla sellepärast uks taga oodanud|ootama , et tahtma miski paluma .
50		 Lapse käest oleks ta ehk abigi küsinud . 	laps käsi olema tema ehk abi küsima|küsinud .
50		 Kurat teab , kui kaua ta seal kedagi oodates seista võis . 	kurat teadma , kui kaua tema seal keegi ootama seisma võima .
50		 Vaevalt ta sedagi aimas , et tulijat ehmatab . 	vaevalt tema see aimama , et tulija ehmatama .
51		 Peale seda ei ole külas mitte üks hing Liivotsa nime suu sisse võtnud , isegi need moorid , kelle keeled vanast vaenust aetuna varem kõige kibedamalt sügelesid . 	peale see ei olema küla mitte üks hing liivots nimi suu sisse võtma|võtnud , isegi see moor , kes keel vana vaen aetud varem kõige kibedamalt sügelema .
52		 See pole veel kõik . 	see olema veel kõik .
52		 Kuigi võiks olla . 	kuigi võima olema .
53		 Mõtlesin mõnikord selle peale , mida too õnnetu nõiakspeetu mulle öelnud oli , aga ei osanud eriti sotti saada . 	mõtlema mõnikord see peale , mis too õnnetu nõiakspeetu mina öelnud|ütlema olema , aga ei osanud|oskama eriti sott saama .
53		 Riimilaht asus küll sealsamas , ujumiseks oli see liiga sogane . 	riimilaht asuma küll sealsamas , ujumine olema see liiga sogane .
53		 Meid hoiti sealt eemal ka sellepärast , et jõed tõid lahte tumepunast soovett ja see pidi roojane olema . 	mina hoidma sealt eemal ka sellepärast , et jõgi tooma laht tumepunane soovesi ja see pidama roojane olema .
53		 Liiati ei käinud me elades öösiti kaugemal ujumas , kui otse oma taluõuede all paadimuulides . 	liiati ei käima|käinud mina elama öösiti kaugemal ujuma , kui otse oma taluõu all paadimuul .
53		 Nii oleks see Riimilahe lugu küllap saladuseks jäänudki , kui ma poleks Leenega sõbraks saanud . 	nii olema see riimilahe lugu küllap saladus jääma , kui mina olema Leene sõber saama|saanud .
54		 Suvel sain vana-Leene paadiliseks . 	suvi saama vana-Leen paadiline .
54		 Leene oli ütlemata mõnus eit , käbe ja terane , ning laulis iga töö ja tegemise kõrvale . 	leen olema ütlemata mõnus eit , käbe ja terane , ning laulma iga töö ja tegemine kõrvale .
54		 Ta teadis peast mitutuhat laulu ja mõned head aastad hiljem , kui ta oli juba kaheksakümmend või nii , sai ta oma heameeleks Tartu etnograafide harda tähelepanu osaliseks . 	tema teadma pea mitutuhat laul ja mõni hea aasta hiljem , kui tema olema juba kaheksakümmend või nii , saama tema oma heameel Tartu etnograaf harras tähelepanu osaline .
54		" Leene laulud on , jumal tänatud , seega kusagil tallel , sest mina mäletan vaid väheseid salme kunagi laiemalt levinud "" Röövel Rinaldiinist "" ja "" Mustast Kaptenist "" , aga Leene enda tehtud lugudest ainult viisijuppe ja üksikuid ridu . "	"leen laul olema , jumal tänama|tänatud , seega kusagil tallel , sest mina mäletama vaid vähene salm kunagi laiemalt levima|levinud "" Röövel Rinaldiin "" ja "" must kapten "" , aga leen ise tegema|tehtud lugu ainult viisijupp ja üksik rida ."
54		 Küllap laulis ta need etnograafidele rahvalaulude pähe ette ja pidas ise peenikest naeru . 	küllap laulma tema see etnograaf rahvalaul pea ette ja pidama ise peenike|peenikene naer .
55		 Miidutalu Leenel oli ehtne indiaalasenägu — kõrgete põsesarnade ja suure kongus kullininaga . 	Miidutalu Leenel olema ehtne indiaalasenägu - kõrge põsesarn ja suur kongus kullinina .
55		 Tal olid selged ja väga terased helesinised silmad ning juuksed täiesti valged . 	tema olema selge ja väga terane helesinine silm ning juus täiesti valge .
55		 Mitte raugavalged , vaid kerge kollaka tooniga , aga võib-olla tuli see sellest , et ta neid iga kord peale sauna kummelileotisega loputas . 	mitte raugavalge , vaid kerge kollakas toon , aga võib-olla tulema see see , et tema see iga kord peale saun kummelileotis loputama .
55		 Pidi juustele head tegema . 	pidama juus hea tegema .
55		 Seda , et ta leotisele sõnad peale lausus , teadsin vist küll ainult mina , aga ma olin sellele ka kogemata peale sattunud . 	see , et tema leotis sõna peale lausuma , teadma vist küll ainult mina , aga mina olema see ka kogemata peale sattuma|sattunud .
55		 Ilmselt ei tahtnud ta , et külainimesed räägiksid . 	ilmselt ei tahtma|tahtnud tema , et külainimene rääkima .
56		 Me klappisime omavahel hästi ja võrgupanemise sain ma alles tema käe all õieti selgeks . 	mina klappima omavahel hästi ja võrgupanemine saama mina alles tema käsi all õieti selge .
56		 Ühel õhtupoolikul , kui Jaanikse ja Miidutalu lestavõrke sisse viisime , jälle kahekesi paadis , kasutasin juhust ja pärisin Liida järgi . 	üks õhtupoolik , kui Jaanikse ja Miidutalu lestavõrk sisse viima , jälle kahekesi paat , kasutama juhus ja pärima Liida järgi .
56		 Lapsena pidid nad ju üksteist päris hästi tundma . 	Lapsena pidama tema ju üksteise päris hästi tundma .
57		 Leene , sinder , rääkis päris tavalist — ja päris head — kirjakeelt ka , kui linnas käis , aga rannas ei saanud seda silbivõrragi suust , vaid pruukis keelt , mis oli peaaegu et vana rannamurre . 	leen , sinder , rääkima päris tavaline - ja päris hea - kirjakeel ka , kui linn käima , aga rand ei saama|saanud see silbivõrrag|silbivõrragi suu , vaid pruukima keel , mis olema peaaegu et vana rannamurre .
57		 Aga mitte päris , linna virtinakooliaastad olid temassegi oma jälje jätnud . 	aga mitte päris , linn virtinakooliaasta olema tema oma jälg jätma|jätnud .
58		" "" Va viinakuningas Krönström tegi tidriku ää . "	""" Va viinakuningas Krönström tegema tidrik|tidriku ää ."
58		 Vaada , lats , kõrralik mies om inemisele mudu ikke roheks , a sie mies oli üits sindrivile . 	Vaada , lats , kõrralik mies om inemine mudud ike rohe , a sie mie olema üits sindrivile .
58		 Kui taale ütekõrra meski pähä läits , ei siis põld enämb pidamist . 	kui taale ütekõrra meski pähä läits , ei siis põld enämb pidamine .
58		 Va kurjam sai ikke , mis tahtse . 	Va kurjam saama ike , mis tahtse .
58		 No ja Liivaotsal olli säänne kõrd , et äi old sial Vana-Juhani silma all määnegist litutamist , lats istsi kodon ja kaik . 	no ja liivaots oll|olli säänne kõrd , et äi old sia Vana-Juhan|Vana-Juhani silm all määneg|määnegi litutamine , lats ists|istsi kodon ja kaik .
58		 A Liida , va loll , läits trotsi ja akse kodon takka ülõss lüöma niikut aige lehm . 	A Liida , va loll , läits trots ja akse kodon takka ülõss lüöma niikut aige lehm .
58		 Eks sie viinakuninga vastalinõ vaim lõi pähä , mes muud . 	eks sie viinakuningas vastalinõ vaim looma|lööma pähä , mes muu .
58		" Tegid katõkesi tüki ää , jüst ennegu mies isi surma sai . "" "	"tegema katõkesi tükk ää , jüst ennegu mie iskima surm saama . """
59		" Leene muigas kõveralt ja lisas : "" Niikut tollest kurjavaimust eläväst piast mihegist kasu oless old . "" "	"leen muigama kõver ja lisama : "" Niikut too kurjavaim eläväst pia miheg|mihegi kasu oless old . """
60		" "" Ja mis siis edasi sai ? "" uurisin , ise mitutpidi põnevil . "	""" ja mis siis edasi saama ? "" uurima , ise mitutpidi põnevil ."
60		 Juhtus ikkagi haruharva , kui sellistest asjadest noortele tüdrukutele räägiti . 	juhtuma ikkagi haruharva , kui selline asi noor tüdruk rääkima .
60		 Leene sai sellest ise ka aru , aga lõi siis käega . 	leen saama see ise ka aru , aga looma|lööma siis käsi .
61		" "" Mes ikke . "	""" Mes ike ."
61		 Vana-Juhan andse Liidele sihandse koosa , et äi tulnd sialt miskit . 	Vana-Juhan ands Lii sihandne koosa , et äi tulnd sia miski .
61		" Ullem viel — Liide pias miski praksahti ja nii sie läits . "" "	"Ullem viel - liide pia miski praksahti ja nii sie läits . """
62		" "" Hirmus ikkagi , kuidas ta need aastad elama pidi . "" "	""" hirmus ikkagi , kuidas tema see aasta elama pidama . """
62		 kurtsin vastu . 	kurtma vastu .
63		" Leene kätsatas üpris teravalt : "" Kurja vasta äi saa ilusti . "	"leen kätsatama üpris teravalt : "" kuri vastama äi saama ilusti ."
63		" A mes meil ülõ jäi , süöd sitta vai surõd vällä . "" "	"A mes mina ülõ jääma , süö|süöd sitt vai surõ|surõd vällä . """
64		" "" Mis kurja ses Liides enam ikka ? "	""" mis kuri see liides enam ikka ?"
64		" Või oli vana viha tõesti nii vägev ? "" pärisin mina , kergekäeline kõiki neid mahalaskmisi ja uppumisi unustama . "	"või olema vana viha tõesti nii vägev ? "" pärima mina , kergekäeline kõik see mahalaskmine ja uppumine unustama ."
64		 Need kõik olid ju ainult jutud , kättemaksuhimuliste mooride lora . 	see kõik olema ju ainult jutt , kättemaksuhimuline moor lora .
64		 Natuke puges siiski hirm naha vahele . 	natuke pugema siiski hirm nahk vahele .
64		" See "" kuri "" tuli Leene suust nii kõlavalt ja see pole üleüldse ega ülepea hea kõlaga sõna . "	"see "" kuri "" tulema leen suu nii kõlavalt ja see olema üleüldse ega ülepea hea kõla sõna ."
65		" "" Äi tuu polõ latsejutt ! "" pani Leene mind teraselt seirates asjad paika ja palus mul lõpetada see aeruga kalapüüdmine . "	""" Äi tuu polõ latsejutt ! "" panema Leen mina teraselt seirama asi paik ja paluma mina lõpetama see aer kalapüüdmine ."
65		 Ja sinnapaika see jäi . 	ja sinnapaika see jääma .
66		 Ja oleks ehk jäänudki , kui me ühel augustikuu hommikul ei oleks lestavõrgust leidnud midagi hoopis hullu . 	ja olema ehk jääma , kui mina üks augustikuu hommik ei olema lestavõrk leidma|leidnud miski hoopis hull .
66		 Olime jälle kahekesi paadis , sest ainult mõned Miidutalu võrgud olid meres . 	olema jälle kahekesi paat , sest ainult mõni Miidutalu võrk olema meri .
66		 Tuul tõi merest sitta randa ja meil oli kalavaru piisavalt , et mitte päev otsa võrke noppida . 	tuul tooma meri sitt rand ja mina olema kalavaru piisavalt , et mitte päev otsa võrk noppima .
66		 Aga Leenel oli väike riskikirg veres , et oleks , millele pöialt pidada . 	aga Leenel olema väike riskikirg veri , et olema , mis pöid pidama .
66		 Seekord läks meil kehvasti . 	seekord minema mina kehvasti .
66		 Võrgud olid vetikatest rasked ja jumala tühjad . 	võrk olema vetikas raske ja jumal tühi .
66		 Viimane oli veel jäänud . 	viimane olema veel jääma|jäänud .
66		 Selle pullud ulpisid veidi kaugemas vees , üle neemenina , otsaga juba Riimilahe poole . 	see pull ulpima veidi kaugem vesi , üle neemenina , ots juba riimilaht poole .
66		 Leene oli aerudel , mina tõmbasin võrku . 	leen olema aer , mina tõmbama võrk .
66		 Korraga valendas miski läbi vee nagu suure kala kõhualune . 	korraga valendama miski läbi vesi nagu suur kala kõhualune .
66		" "" Siig ! "" mõtlesin , aga kõvasti öelda ei tohi — see sõnub saagi ära , paneb teine viimasel hetkel putku ja naerab sulle näkku . "	""" Siig ! "" mõtlema , aga kõvasti ütlema ei tohtima - see sõnuma saak ära , panema teine viimane hetk putku ja naerma sina nägu ."
66		 Otsi teist lolli ! 	otsima teine loll !
67		 Tõmbasin võrgu sisse ega uskunud silmi . 	tõmbama võrk sisse ega uskuma|uskunud silm .
67		 Uppunud kutsikas , oletasin võõrastades . 	uppuma|uppunud kutsikas , oletama võõrastama .
67		 Mitte äsjasündinud , nagu neid enamasti uputatakse , vaid midagi sellist , milline see loom peaks välja nägema tükk aega enne sündi . 	mitte äsjasündinud , nagu see enamasti uputama , vaid miski selline , milline see loom pidama välja nägema tükk aeg enne sünd .
67		 Ta kehal ei olnud karvaraasugi , see oli paljas ja soolases vees ligunemisest jälgilt valge . 	tema keha ei olema|olnud karvaraas , see olema paljas ja soolane vesi ligunemine jälgilt valge .
67		 Laip lebas lõdvana võrgu peal , aga tegelikult ei hoidnud teda ükski niit kinni . 	laip lebama lõtv võrk peal , aga tegelikult ei hoidma|hoidnud tema ükski niit kinni .
68		 Leene põrnitses jubedust , kulm kortsus , võttis ta siis minu suureks üllatuseks tagajalgapidi pihku ja tõstis üles . 	leen põrnitsema jubedus , kulm kortsus , võtma tema siis mina suur üllatus tagajalgapidi pihk ja tõstma üles .
68		 Näis , et nad vahtisid üksteisele sel hetkel otsa . 	näima , et tema vahtima üksteise see hetk otsa .
68		 Järgmisel hetkel libises elukas Leenel käest ja plartsatas vette . 	järgmine hetk libisema elukas Leenel käsi ja plartsatama vesi .
68		 Tundus , nagu oleks ta end vana naise peost välja väänanud , aga see võis olla ainult silmapete . 	tunduma , nagu olema tema ise vana naine peo|pidu välja väänama|väänanud , aga see võima olema ainult silmapete .
68		" "" Loobitassõ ka igatsugu raipesi vette "	""" Loobitassõ ka igatsugu raipesa vesi"
68		 .... 	....
68		" "" pomises Leene mulle altkulmu pilku heites ja kätt kitlisse puhtaks tõmmates . "	""" pomisema leen mina altkulmu pilk heitma ja käsi kittel puhas tõmbama ."
68		 	
69		 Tegin lihtsauskse näo , aga kui ta neljapäevaöösel Riimilahte hiilis , olin tal kannul . 	tegema lihtsauskne nägu , aga kui tema neljapäevaööse riimilaht hiilima , olema tema kannul .
70		 Miidutalu oli küla viimane maja , peale seda tuli Liivalaht ja siis Liivotsa . 	Miidutalu olema küla viimane maja , peale see tulema liivalaht ja siis liivots .
70		" Oletasin varemgi , et Leene , terase silmaga naisterahvas , kes külanaiste hulgas erandina tõesti teadis rohkem kui välja rääkis , teab ka Liidast ja sellest "" täiskuuöisest riimiveest "" rohkem , kui pealtnäha paista . "	"oletama varem , et leen , terane silm naisterahvas , kes külanaine hulgas erand tõesti teadma rohkem kui välja rääkima , teadma ka Liida ja see "" täiskuuöine riimivesi "" rohkem , kui pealtnäha paistma ."
70		 Eriti , kui nende majad nii lähestikku . 	eriti , kui tema maja nii lähestikku .
70		 Eriti , kuna mu kõrvu oli kostnud sahinaid Liivotsa Kusta naisevõtuplaanidest , aga siiski piisavalt napisõnalisi , sest olgu küla latataradega kuidas on , õige koha peal vaikidaoskamine on samuti see , mis omasid võõrastest eristab . 	eriti , kuna mina kõrv olema kostma|kostnud sahin liivots kusema naisevõtuplaan , aga siiski piisavalt napisõnaline , sest olema küla latatara kuidas olema , õige koha|koht peal vaikidaoskamine olema samuti see , mis omama võõras eristama .
70		 Osa jutte olid ainult mooridele enestele , mitte aga noortele plikanattidele . 	osa jutt olema ainult moor ise , mitte aga noor plikanatt .
70		" "" Äi tuu polõ latsejutt ! "" kuulsin ma sagedamini kui see mulle meeldis . "	""" Äi tuu polõ latsejutt ! "" kuulma mina sagedamini kui see mina meeldima ."
71		 Kui ma siis sel suvel peale Liida surma Miidutalu albumeid tuulasin , leidsin kaanevoodri vahelt kaks peidetud pilti : üks leeritüdrukutest , kelle hulgas tundsin ära mõne külainimese , Leene ning Liida . 	kui mina siis see suvi peale Liida surm Miidutalu album tuulama , leidma kaanevooder vahelt kaks peidetud|peitma pilt : üks leeritüdruk , kes hulgas tundma ära mõni külainimene , leen ning Liida .
71		 Nad seisid kõrvuti ja hoidsid üksteisel pihast kinni . 	tema seisma kõrvuti ja hoidma üksteise pihk|piht kinni .
71		 Midagi sellist olingi ma otsinud , sest , niipalju kui ma mäletasin , ei olnud Leene kordagi rääkinud n e i d jutte . 	miski selline olema mina otsima|otsinud , sest , niipalju kui mina mäletama , ei olema|olnud leen kord rääkima|rääkinud n e i d jutt .
71		 Liida oli seal pildil tõesti selline , nagu külamoorid rääkisid — lihtsa olemisega , endassetõmbunud ja tõsine . 	liitma olema seal pilt tõesti selline , nagu külamoor rääkima - lihtne olemine , endassetõmbunud ja tõsine .
71		 Esimene mulje jäi , et sirgjooneline ja selge inimene , aga esimene mulje on , teadagi ... 	esimene mulje jääma , et sirgjooneline ja selge inimene , aga esimene mulje olema , teadagi ...
72		 Teisel pildil oli Leene koos Liida , pikakasvulise noormehega ning vanema mehega . 	teine pilt olema leen koos Liida , pikakasvuline noormees ning vanem mees .
72		 Vanamees oli nii äravahetamiseni noorema sarnane , et nende sugulus oli esimese pilguga selge . 	vanamees olema nii äravahetamine noorem sarnane , et tema sugulus olema esimene pilk selge .
72		 Paistis , nagu oleks pildil üks ja sama mees , üks nooremana ja teine vanemana , isegi silmavaade oli sarnane , rääkimata kehahoiakust . 	paistma , nagu olema pilt üks ja sama mees , üks noorem ja teine vanem , isegi silmavaade olema sarnane , rääkima kehahoiak .
72		" Kui noore mehe näol oli enesekindel "" õige mehe "" ilme , siis vanamehe näos oli aeg sama joont süvendanud ning mees oli oma halastamatus askeetlikkuses peaaegu hirmuäratav . "	"kui noor mees näol olema enesekindel "" õige mees "" ilme , siis vanamees nägu olema aeg sama joon süvendama|süvendanud ning mees olema oma halastamatu askeetlikkus peaaegu hirmuäratav ."
72		 See kaksainsus jättis omamoodi võika mulje . 	see kaksainsus jätma omamoodi võigas mulje .
72		 Hiljem olen õppinud kartma inimesi , kes enese õiguses nii kindlad on . 	hiljem olema õppima|õppinud kartma inimene , kes ise õigus nii kindel olema .
73		 Leene ja noormees olid üksteise käevangus . 	leen ja noormees olema üksteise käevangus .
73		" Kui foto taha vaatasin , leidsin sealt : "" Helene Venström ja August Saar koos Aliida ja Johannes Saarega , 1939 , Talinas "" . "	"kui foto taha vaatama , leidma sealt : "" Helene Venström ja August Saar koos Aliida ja Johannes Saare , 1939 , Talinas "" ."
74		 Leene oli eluks ajaks vanatüdrukuks jäänud . 	leen olema elu aeg vanatüdruk jääma|jäänud .
74		 Kusta oli plaaninud naist võtta . 	Kusta olema plaanima|plaaninud naine võtma .
74		 Liida laskis Kustase maha lasta . 	liitma laskma Kustas maha laskma .
74		 Nii lihtne see oligi . 	nii lihtne see olema .
75		 Ühesõnaga , hiilisime Riimilahte , oli neljapäev ja kuu oli ümmargune nagu hõbemünt . 	ühesõnaga , hiilima riimilaht , olema neljapäev ja kuu olema ümmargune nagu hõbemünt .
75		 Kangete kontidega ja kõva kuulmisega Leenet ei olnud raske märkamatuks jäädes jälitada , eriti ühel kolmeteistaastasel . 	kange kont ja kõva kuulmine Leenet ei olema|olnud raske märkamatu jääma jälitama , eriti üks kolmeteistaastane .
75		 Kui ta Liivotsast mööda läks , sülitas ta maja poole . 	kui tema liivots mööda minema , sülitama tema maja poole .
75		 Paistis , et vana viha oli vägev küll . 	paistma , et vana viha olema vägev küll .
76		 Riimilaht on madal ning üsna pilliroogukasvanud lahesopp . 	riimilaht olema madal ning üsna pilliroogukasvanud lahesopp .
76		 Soost ulatus sinna paar jõesuuet ning seetõttu oli kogu Riimilaht turbaveest paks ja veidi verevärvi . 	Soost ulatuma sinna paar jõesuue ning seetõttu olema kogu riimilaht turbavesi paks ja veidi verevärvi .
76		 Ime siis , et külainimesed seda roojaseks pidasid ning ükski naine seal ujumas ei käinud . 	imema siis , et külainimene see roojane pidama ning üks naine seal ujuma ei käima|käinud .
77		 Peitsin ennast pilliroo varju ja jäin ootama . 	peitma|peitsima ise pilliroog vari ja jääma ootama .
78		" "" Mes passite siin ! "" kätsatas Leene , nii et ma süüdlaslikult võpatasin , ja kõndis siis jalgupidi vette . "	""" Mes passima siin ! "" kätsatama leen , nii et mina süüdlaslikult võpatama , ja kõndima siis jalgupidi vesi ."
78		" "" Äi ole teil siin änam tegemist ! "	""" äi olema sina siin änam tegemine !"
78		" Nüid on äraminõmiseaig ! "" "	"Nüi|Nüid olema äraminõmiseaig ! """
78		 Ja siis ei olnud see enam Leene , vaid valgete salkudega küürusselgne nõiamoor , kes sajatas päris saagusõnadega . 	ja siis ei olema|olnud see enam leen , vaid valge salk küürusselgne nõiamoor , kes sajatama päris saagusõna .
79		 Mina ei näinud seda , mida tema nägi , nii ei teagi ma öelda , kes või mis seal oli , aga kui Leene manamise lõpetas , nägin vett liikumas . 	mina ei nägema|näima|näinud see , mis tema nägema , nii ei teadma mina ütlema , kes või mis seal olema , aga kui leen manamine lõpetama , nägema vesi liikuma .
79		 Mõniteist veeviirgu suundusid kaldaveest sügavamale . 	Mõnitei veeviirg suunduma kaldavesi sügavam .
79		 Vesi liikus teistmoodi kui kala kohal , umbes nii , nagu oleks part otse veepinna all ujunud . 	vesi liikuma teistmoodi kui kala kohal , umbes nii , nagu olema part otse veepind all ujuma|ujunud .
79		 Pinnale ei tulnud nad kordagi . 	Pinnale ei tulema|tulnud tema kord .
79		 Oli selge , et pardid need ... küll ei olnud . 	olema selge , et part see ... küll ei olema|olnud .
80		 Nad ujusid lahest minema , otse avamere suunas . 	tema ujuma laht minema , otse avameri suunas .
80		 Leene pomises edasi . 	leen pomisema edasi .
80		 Korraga lahvatas vesi päris tema lähedal tugevalt üles . 	korraga lahvatama vesi pärima tema lähedal tugevalt üles .
80		 See polnud enam väike loom , vaid ... väga suur . 	see olema enam väike loom , vaid ... väga suur .
80		 Sama suur kui inimene . 	sama suur kui inimene .
80		 Ta oli vee all päris Leene lähedal , ujus ümber vana naise kiireid ja ähvardavaid ringe . 	tema olema vesi all pärima leen lähedal , ujuma ümber vana naine kiire ja ähvardav ring .
80		 Leene aga seisis seal , poolde säärde vees ning vajus aina enam kühmu . 	leen aga seisma seal , pool säär vesi ning vajuma aina enam kühmu .
80		 Ta hääl tõusis kiledaks ning kui ta käega vastu vett lõi , polnud see võimukas nagu varem , vaid abitu ja hirmul . 	tema hääl tõusma kile ning kui tema käsi vastu vesi looma|lööma , olema see võimukas nagu varem , vaid abitu ja hirm .
81		 Siis veepind silenes . 	siis veepind silenema .
81		 Leene seisis sealsamas ja ootas . 	leen seisma sealsamas ja ootama .
81		 Ei tea , kas seda , et sõnad mõjuma hakkaks , või sai ta aru , et selle suure peale need ei mõjugi ja ootas midagi muud . 	ei teadma , kas see , et sõna mõjuma hakkama , või saama tema aru , et see suur peale see ei mõjuma ja ootama miski muu .
82		 Pikka aega ei olnud lahes mingit liikumist näha . 	pikk aeg ei olema|olnud laht mingi liikumine nägema .
82		 Siis lõi vesi korraga keerisesse ja Leenele lendas larakas Riimlahe seisvast adrukõntsast rasket vett otse vastu nägu . 	siis looma|lööma vesi korraga keeris ja Leenele lendama larakas riimlaht seisev adrukõnts raske vesi otse vastu nägu .
82		 Ta ei liigutanudki , lihtsalt seisis ja sopp tilkus omasoodu alla . 	tema ei liigutama , lihtsalt seisma ja sopp tilkuma omasoodu alla .
82		 Hais lõi üles ja ulatas minuni välja . 	hais looma|lööma üles ja ulatama mina välja .
82		 Jälk hais oli , nagu poleks tegemist merevee , vaid mädaneva verega . 	jälk hais olema , nagu olema tegemine merevesi , vaid mädanev veri .
83		 Siis oligi kõik . 	siis olema kõik .
83		 Lai veeviirg tegi veel ühe laisa ringi ümber Leene ning suundus lahest välja avamerele . 	lai veeviirg tegema veel üks laisk ring ümber leen ning suunduma laht välja avameri .
83		 Väikestele järele . 	Väikestele järele .
84		 Mina olin võsast ammu läinud , kui Leene kord veest välja jõudis . 	mina olema võsa ammu läinud|minema , kui leen kord vesi välja jõudma .
84		 Ta ei oleks naljalt andeks andnud , kui keegi teda sellisena näinud oleks , sirge seljaga vanamoor nagu ta oli . 	tema ei olema naljalt andeks andma|andnud , kui keegi tema selline nägema|näima|näinud olema , sirge selg vanamoor nagu tema olema .
85		 Võttis aastaid , enne kui ma julgesin Leenega sellest otse rääkida ja tema oli siis ka piisavalt vana , et valetamisel eriti mõtet polnud . 	võtma aasta , enne kui mina julgema Leene see otse rääkima ja tema olema siis ka piisavalt vana , et valetamine eriti mõte olema .
86		" "" Sina ju teadsid , et Liida pime oli ? "" "	""" sina ju teadma , et Liida pime olema ? """
86		 See oli kõige süütum , mida võisin küsida . 	see olema kõige süütum , mis võima küsima .
86		 Muul ei olnud ka mõtet , sest olin naiste asjust üht- teist aru saama hakanud ning aimasin niigi , mis seal meres ujusid . 	Muul ei olema|olnud ka mõte , sest olema naine asi üks teine aru saama hakanud|hakkama ning aimama niigi , mis seal meri ujuma .
87		 Leene ei öelnud mitte kui midagi . 	leen ei öelnud|ütlema mitte kui miski .
87		 Aga ta ei öelnud ei . 	aga tema ei öelnud|ütlema ei .
88		 Kahju , et küsisin , sest Leene hakkas minust peale seda eemale hoidma . 	kahju , et küsima , sest leen hakkama mina peale see eemale hoidma .
88		 Päris sõpradeks me enam ei saanudki ning kui ta lõpuks linna haiglasse viidi , võtsin liiga kaua hoogu , et teda vaatama minna . 	päris sõber mina enam ei saama ning kui tema lõpuks linn haigla viima , võtma liiga kaua hoog , et tema vaatama minema .
88		 Ei tea , mis ta sellest ise arvas — võimalik , et tundis kergendust . 	ei teadma , mis tema see ise arvama - võimalik , et tundma kergendus .
89		 Peale Leene surma sain kirja . 	peale leen surm saama kiri .
89		 Ruuduline vihikuleht oli tihedalt täis kirjutatud : 	ruuduline vihikuleht olema tihedalt täis kirjutama|kirjutatud :
90		" "" Õiglus on inimese enese äratundmise asi . "	""" õiglus olema inimene ise äratundmine asi ."
90		 Enne mõõtmahakkamist mõõda oma mõõdupuu üle , et ikka ulataks . 	enne mõõtmahakkamine mõõtma oma mõõdupuu üle , et ikka ulama .
90		 Ülekohut karistades teeme seda ainult suuremaks . 	ülekohus karistama tegema see ainult suurem .
90		 Aga inimese hing on kange ja ei luba niisama jätta . 	aga inimene hing olema kange ja ei lubama niisama jätma .
90		 Liivotsa Juhan arvas samamoodi , ja Liida ise . 	Liivotsa Juhan arvama samamoodi , ja Liida ise .
90		 Mina ka . 	mina ka .
90		 Arvasin , et see , mis minult võeti , on elus kõige tähtsam . 	arvama , et see , mis mina võtma , olema elu kõige tähtsam .
90		 Surivoodil mõtled teisiti . 	surivoodi mõtlema teisiti .
91		 Arvasin , et üksindus on mulle määratud . 	arvama , et üksindus olema mina määrama|määratu|määratud .
91		 Eriti , kui Kusta suri . 	eriti , kui Kusta surema .
91		 Ma sain ju hakkamagi . 	mina saama ju hakkama .
91		 Aga praegu , siin haiglas , on üksinda kõhe . 	aga praegu , siin haigla , olema üksinda kõhe .
91		 Oleksin pidanud vist koju jääma , seal oleks ehk parem olla . 	olema pidama|pidanud vist kodu jääma , seal olema ehk parem olema .
91		 Siin saad elust teistmoodi aru ja üksindus jõuab luuni välja . 	siin saama elu teistmoodi aru ja üksindus jõudma luu välja .
91		 Ma ei saa isegi sellest rahulikult mõelda , sest kujutan kohe ette , mida Liida tundis , ja mul on enese pärast hirm . 	mina ei saama isegi see rahulikult mõtlema , sest kujutama kohe ette , mis Liida tundma , ja mina olema ise pärast hirm .
91		 Viha on kadunud , sest surm on nii ligidal . 	viha olema kaduma|kadunud , sest surm olema nii ligidal .
91		 Ilma vihata tundub mu tegu mulle esimest korda ebaõiglasena . 	ilma viha|viht tunduma mina tegu mina esimene kord ebaõiglane .
91		 Üks mees ei saa naise jaoks nii tähtis olla kui lapsed . 	üks mees ei saama naine jaoks nii tähtis olema kui laps .
91		 Kummaline , et see teadmine võib mõnele jõuda nii hilja . 	kummaline , et see teadmine võima mõni jõudma nii hilja .
91		 Lausa narrilt hilja , ei nüüd pole enam teha midagi . 	lausa narrilt hilja , ei nüüd olema enam tegema miski .
92		 Liida maksis kolmteist korda täishinda ja mina arvasin , et ikka pole küll . 	liitma maksma kolmteist kord täishind ja mina arvama , et ikka olema küll .
92		 Neist vähestest teadmistest , mis ma vana Maria käest noorespõlves sain , oli paar äraneedmist , mida ma varem ega hiljem pole kasutanud . 	see vähene teadmine , mis mina vana Maria käsi noorespõli|noorespõlv saama , olema paar äraneedmine , mis mina varem ega hiljem olema kasutama|kasutanud .
92		 Ainult need kolmteist korda ja iga kord tundus mulle , et see on karistuseks ikka veel liiga vähe . 	ainult see kolmteist kord ja iga kord tunduma mina , et see olema karistus ikka veel liiga vähe .
92		 Võib-olla sellepärast , et Liida oli vait . 	võib-olla sellepärast , et Liida olema vait .
92		 Isegi siis ei palunud , kui jälle Riimilahte roomas , vererida taga . 	isegi siis ei paluma|palunud , kui jälle riimilaht roomama , vererida taga .
92		 Ta oli küll pime , aga tumm ta ju polnud , armu paluda oleks ta , raisk , saanud küll . 	tema olema küll pime , aga tumm tema ju olema , arm paluma olema tema , raisk , saama|saanud küll .
93		 Ma pole ikka andeks andnud . 	mina olema ikka andeks andma|andnud .
93		 Ega ma tahagi . 	ega mina tahtma .
93		 Ainult mõtlen omaette , mis me olime . 	ainult mõtlema omaette , mis mina olema .
93		 Lihtsalt seda suurt viha enam ei ole . 	lihtsalt see suur viha enam ei olema .
94		 Pidas ta ise seda äkki õiglaseks ? 	pidama tema ise see äkki õiglane ?
94		 Siis tundub mu tasumine mulle mannetuna . 	siis tunduma mina tasumine mina mannetu .
94		 Ei taha ennast paremaks teha , kui ma olen — ma polnud kohtumõistja vaid kättemaksja . 	ei tahtma ise parem tegema , kui mina olema - mina olema kohtumõistja vaid kättemaksja .
95		 Küll sa tead , millest jutt , ma ju nägin sind Riimilahes . 	küll sina teadma , mis jutt , mina ju nägema sina riimilaht .
95		 Sõpruse pärast ei teinud ma märkamagi ja sina olid vait . 	sõprus pärast ei tegema|teinud mina märkama ja sina olema vait .
95		 Lootsin , et sa ei küsigi , aga sellest pole enam midagi . 	lootma|lootsima , et sina ei küsima , aga see olema enam miski .
96		 Hoidsin Kustat elus — mälestustes ja mõtetes . 	hoidma Kusta elu - mälestus ja mõte .
96		 See andis mulle elamiseks jõudu ja pani samal ajal hinge valutama ... 	see andma mina elamine jõud ja panema sama aeg hing valuma|valutama ...
96		 Kaotamise kibedusest . 	kaotamine kibedus .
96		 Küllap ma sain jõudu sellestki . 	küllap mina saama jõud see .
96		 Ise hoidsin valu alles . 	ise hoidma valu alles .
96		 Ei tahtnud lahti lasta ja katsuda paraneda . 	ei tahtma|tahtnud lahti laskma ja katsuma paranema .
96		 Võib-olla ei julgenud . 	võib-olla ei julgema|julgenud .
96		 Või ei raatsinud . 	või ei raatsima|raatsinud .
96		 Ometi on palju , millest olen sellepärast ehk ilma jäänud . 	ometi olema palju , mis olema sellepärast ehk ilma jääma|jäänud .
96		 Oleks varem nii mõelnud ... 	olema varem nii mõelnud|mõtlema ...
96		 Ei tea . 	ei teadma .
97		 Kes minu üle kohut mõistma hakkab ? 	kes mina üle kohus mõistma hakkama ?
97		 Eks ma varsti näen . 	eks mina varsti nägema .
97		 Aga hirm on . 	aga hirm olema .
98		 Liida ema jaksas mulle andeks anda . 	liitma ema jaksama mina andeks andma .
98		 Teda ma ei oodanud , kui väikeseid ära saatsin . 	tema mina ei oodanud|ootama , kui väike|väikene ära saatma .
98		 Aga ta tuli ikkagi . 	aga tema tulema ikkagi .
98		 Küllap sa aimasid , et Liida ei olnud Juhani laps . 	küllap sina aimama , et Liida ei olema|olnud Juhan laps .
98		 Ja ta ema ei uppunud niisama . 	ja tema ema ei uppuma|uppunud niisama .
98		 Võib-olla oli see tema , kes mu loitsud meres risti keeras , nii et need loomakesed ellu jäid . 	võib-olla olema see tema , kes mina loits meri risti keerama , nii et see loomake elu jääma .
98		 Seda ma ka ei tea . 	see mina ka ei teadma .
98		 Olen kogu päeva mõelnud : äkki elavad nad meres kuidagi sarnasel viisil , nagu nad maa peal oleks elanud . 	olema kogu päev mõelnud|mõtlema : äkki elama tema meri kuidagi sarnane viis , nagu tema maa peal olema elama|elanud .
98		 Äkki hoidis vana näkk oma tütrele ta lapsed alles ? 	äkki hoidma vana näkk oma tütar tema laps alles ?
98		 Kas see võiks kuidagi minu karistust kergendada ? 	kas see võima kuidagi mina karistus kergendama ?
98		 Ma ei tea . 	mina ei teadma .
98		 Ma olen nii vana ja tean nii väga vähe . 	mina olema nii vana ja teadma nii väga vähe .
99		 Räägin ka sellepärast , et sa oskaksid aimata , kes ja mis , sest keegi peab vastas olema , kui nad tagasi tulevad . 	rääkima ka sellepärast , et sina oskama aimama , kes ja mis , sest keegi pidama vastas olema , kui tema tagasi tulema .
99		 Kui täiskuuaegade ringi Riimlahe liiva peal tillukesi jalajälgi näed , mine öösel randa . 	kui täiskuuaeg ringi riimlaht liiv peal tilluke jalajälg nägema , minema öösel rand .
99		 Ohtu ei ole . 	oht ei olema .
99		 Sa pead nad lihtsalt ära saatma . 	sina pidama tema lihtsalt ära saatma .
99		 Selles pole mingit kunsti , kirjutan lehe teisele poolele vajalikud sõnad . 	see olema mingi kunst , kirjutama leht teine pool vajalik sõna .
99		 Saad hakkama küll . 	saama hakkama küll .
100		 Vähemalt selle mure saan kaelast ära , ülejäänuga pean kuidagi toime tulema . 	vähemalt see mure saama kael ära , ülejäänu pidama kuidagi toim|toime tulema .
100		 Eks ma teadsin seda ette , kui alustasin . 	eks mina teadma see ette , kui alustama .
100		 Praegu sain aru , et ma ei kahetse . 	praegu saama aru , et mina ei kahetsema .
100		 See , mida kahetsuseks pidasin , on lihtsalt hirm . 	see , mis kahetsus pidama , olema lihtsalt hirm .
100		 Ma ei kahetse mitte midagi , võibolla ainult seda , et ... 	mina ei kahetsema mitte miski , võibolla ainult see , et ...
100		 Aga see ei puutu Liidasse , see oli mu oma narrus . 	aga see ei puutuma Liida , see olema mina oma narrus .
101		 Kahetsemata ma siis lähengi , saagu , mis saab . 	kahetsemata mina siis minema , saama , mis saama .
101		 Jumalat ei peta . 	jumal ei petma .
102		 Hea oli sinuga siin sedaviisi rääkida , peletan oma üksindust eemale . 	hea olema sina siin sedaviisi rääkima , peletama oma üksindus eemale .
102		 Omi mul ju pealegi pole . 	Omi mina ju pealegi olema .
102		 Aitäh sulle , küllap kunagi saad ise aru , mille eest . 	aitäh sina , küllap kunagi saama ise aru , mis eest .
103		 Ole siis tubli laps . 	olema siis tubli laps .
104		" Leene . "" "	"leen . """
105		 Vihikulehe teisel küljel oli veel paar rida , arhailiselt ropud lausumissõnad . 	vihikuleht teine külg olema veel paar rida , arhailiselt ropp lausumissõna .
105		 Nende meeldejätmiseks ei pidanud vaeva nägema , nad olid olemas kohe peale lugemist . 	see meeldejätmine ei pidama|pidanud vaev nägema , tema olema olema kohe peale lugemine .
106		 Õige mitu suve on mööda läinud . 	õige mitu suvi olema mööda läinud|minema .
106		 Jalajälgi ei ole senini näinud , loodan , et ei näegi . 	jalajälg ei olema senini nägema|näima|näinud , lootma , et ei nägema .
107		 Kui Leene peale mõtlen , ei tule meelde mitte pime Liida , kes näljas ja pimedana surnuks külmus , või Riimilaht , mis oli verine nagu naiste saladus . 	kui leen peale mõtlema , ei tulema meel mitte pime Liida , kes nälg ja pime surnu külmus , või riimilaht , mis olema verine nagu naine saladus .
107		 Tunnen vaid aukartust selle ees , kuidas ta suutis olla , kes ta oli , ilma et keegi külast sellest aimu oleks saanud . 	tundma vaid aukartus see ees , kuidas tema suutma olema , kes tema olema , ilma et keegi küla see aim olema saama|saanud .
107		 Vägev vaim pidi selleks olema . 	vägev vaim pidama see olema .
107		 Samamoodi Liidal . 	samamoodi Liidal .
107		 Et ta kordagi abi või armu ei palunud ... 	et tema kord abi või arm ei paluma|palunud ...
107		 Või vanal piiritusekuningal enesel , kelle elujõudu võis paljude aastakümnete tagant tajuda . 	või vana piiritusekuningas ise , kes elujõud võima palju aastakümme tagant tajuma .
107		 Nad äratavad vaikset aukartust . 	tema äratama vaikne aukartus .
107		 Nagu hiiud . 	nagu hiid .
108		 Keegi ei tea sellest loost tegelikult kõike . 	keegi ei teadma see lood|loog|lugu tegelikult kõik .
108		 Ka mitte külamoorid , sest on asju , mida nad ei märka . 	ka mitte külamoor , sest olema asi , mis tema ei märkama .
108		 Või ei oska aimata . 	või ei oskama aimama .
108		 Või ei taha aimata ? 	või ei tahtma aimama ?
108		 Mere põhja ei näe nii kergesti , aga ta kallastel elatakse aegade algusest saadik ja seda peab oskama . 	Mere põhi ei nägema nii kergesti , aga tema kallas elama aeg algus saadik ja see pidama oskama .
108		 Kes teine siis üldse oskab , kui mitte nemad . 	kes teine siis üldse oskama , kui mitte tema .
108		 Siiski — võib-olla on ka liivalt väikeste jalajälgede otsimine üks tee seda õppida . 	siiski - võib-olla olema ka liiv väike|väikene jalajälg otsimine üks tegema see õppima .
109		 Äi mina ulada rannahiidsete ülõ mõeta . 	Äi mina ulama rannahiidne ülõ mõeta .
109		 On kõrra jo üten külan elatüss ja üten paadin nuota vietüss ... 	olema kõrra jo üten külan elatüss ja üten paadin nuota vietüss ...
109		 Ja polõ mol säänset mõeduriistagi . 	ja polõ mol säänne mõeduriistagi .
