par_nr	head	sentence	lemmas
1	 Fusion 	 Fusion 	Fusion
2		 Indrek Hargla 	Indrek Hargla
3		 Moderne latin fusion polnud just päris see , mida mõelnud olin . 	Moderne latin fusion olema just pärima see , mis mõelnud|mõtlema olema .
3		 Mitte et ma ainult Benny Goodmani ja Igavest Kuupaiste Serenaadi oleks tahtnud puhuda . 	mitte et mina ainult Benny Goodmani ja Igavest Kuupaiste serenaad olema tahtma|tahtnud puhuma .
3		 Või lootusetult igavaks kulunud diksiländi , ei . 	või lootusetult igav kuluma|kulunud diksiländi , ei .
3		 Ma lihtsalt polnud nootidest nii kaugel olevat jämmi kunagi mänginud . 	mina lihtsalt olema noot nii kaugel olema jämmi kunagi mängima|mänginud .
3		 Loomulikult ei panda jazzis kunagi kõike viimase noodini kirja , improvisatsioon võib tihti loole täiesti uue ilme anda ; juba Suur Oscar ütles , et noodivihik on elusa jazzi surm . 	loomulikult ei panda jazz kunagi kõik viimane noot kiri , improvisatsioon võima tihti lood|loog|lugu täiesti uus ilme andma ; juba suur Oscar ütlema , et noodivihik olema elus jazz surm .
3		 Ent vabalt mängida võib vanades lugudes ka , lendlemiseks leiab alati teema . 	ent vabalt mängima võima vana lugu ka , lendlemine leidma alati teema .
3		 Aga ega nad öelnud , millist saksimeest nad täpselt taga otsivad . 	aga ega tema öelnud|ütlema , milline saksimees tema täpselt taga otsima .
3		" "" Drop Inni "" ukse peale oli keegi kuulutuse kleepinud , et jazzband otsib tenoripuhujat , kuulamised seal-ja-seal ja nii ma läksingi . "	""" Drop Inn|Inni "" uks peale olema keegi kuulutus kleepima|kleepinud , et jazzband otsima tenoripuhuja , kuulamine seal-ja-seal ja nii mina minema ."
3		 Oli mingi vana laohoone Amageril , kahekordne tellistest lobudik , lõhnas vanaraua ja surnud õli järele . 	olema mingi vana laohoone Amager|Amageri , kahekordne tellis lobudik , lõhnama vanaraud ja surema|surnud õli järele .
3		" Trepp viis teisele korrale , ukse peal lihtsale A4-le trükitud silt , et "" The Ipanema Groovers "" ja kõrval kellanupp . "	"trepp viima teine kord , uks peal lihtne A4 trükitud|trükkima silt , et "" The Ipanema Groovers "" ja kõrval kellanupp ."
3		 Järjekorda ei olnud . 	järjekord ei olema|olnud .
3		 Võibolla olin ma esimene . 	võibolla olema mina esimene .
3		 Lasin kella ja mingi närustes teksades vend lasi mind sisse . 	laskma kell ja mingi närune teksad vend laskma mina sisse .
3		 Mõtlesin , et see on transamees aga pärast tuli välja , et loominguline juht hoopis . 	mõtlema , et see olema transamees aga pärast tulema välja , et loominguline juht hoopis .
3		" Kaks kasti "" Tuborgit "" vedeles nurgas , pillid hiljuti lahti pakitud , keegi sättis võimu üles . "	"kaks kast "" Tuborgi "" vedelema nurk , pill hiljuti lahti pakitud|pakkima , keegi sättima võim üles ."
3		" Olid trummid , bass , klahvid — küllaltki tõsised , "" Rolandiga "" — ja flööt . "	"olema trumm , bass , klahv - küllaltki tõsine , "" Roland "" - ja flööt ."
3		 See oli üllatus . 	see olema üllatus .
3		 Nad ei öelnud , mida nad täpselt mängivad või keda otsivad . 	tema ei öelnud|ütlema , mis tema täpselt mängima või kes otsima .
3		 Palusid lihtsalt mängida . 	paluma lihtsalt mängima .
3		" Lasin siis oma firmaasja , "" I Got Plenty of Nothing . "" "	"laskma siis oma firmaasi , "" I Got Plenty of Nothing . """
3		 Pole küll päris zhanrilugu aga mulle need pikad , lõpmatult kulgevad meloodiad istuvad . 	olema küll päris zhanrilugu aga mina see pikk , lõpmatult kulgema meloodia istuma .
3		 Ja Gershwin on ju päris keeruline ka . 	ja Gershwin olema ju päris keeruline ka .
3		 Tundus , et meeldis . 	tunduma , et meeldima .
3		 Siis kästi suvalist bossanoovat lasta ja lõpuks sinna juurde prantsuse tänavaakordionit pookida . 	siis käskima suvaline bossanoova laskma ja lõpuks sinna juurde prantsuse tänavaakordion pookima .
3		 Aga nii , et oleks jazz ja uudne . 	aga nii , et olema jazz ja uudne .
3		 Mõtlesin esiteks , et vennad on lolliks läinud aga hakkasin peale . 	mõtlema esiteks , et vend olema loll läinud|minema aga hakkama peale .
3		 Noh , bossanoovaga sain hakkama . 	noh , bossanoovaga saama hakkama .
3		" "" Ipanemat "" igaks juhuks ei võtnud , sest muidu mõtlevad , et olen ette valmistanud . "	""" Ipanema "" iga juht ei võtma|võtnud , sest muidu mõtlema , et olema ette valmistama|valmistanud ."
3		 Mõtisklesin hoopis ühe ammukuuldud Sergio Mendesi teema üle . 	mõtisklema hoopis ühe ammukuuldud Sergio Mendes|Mendesi teema üle .
3		 Saksil jääb üldiselt bossanoovas ilma rütmigrupita hinge väheks , aga eks nad teadsid seda isegi . 	Saksil jääma üldiselt bossanoova ilma rütmigrupp hing väheks , aga eks tema teadma see isegi .
3		" Kui aeg oli le france'iga jätkata , hakkasin eputama ja lasin "" Tea for two'd "" , ainult ropult sünkoope vahele . "	"kui aeg olema le france ’ iga jätkama , hakkama eputama ja laskma "" teadma for two ’ d "" , ainult ropult sünkoop vahele ."
3		 Aga klahvimees — toosama teksades kolge — kargas kohe kampa ja asjast sai asja . 	aga klahvimees - toosama teksad kolge - kargama kohe kamp ja asi saama asi .
3		" Lõpetuseks anti üks õlu ja paluti nädala pärast "" Drop Innis "" olla . "	"lõpetus andma üks õlu ja paluma nädal pärast "" Drop Innis "" olema ."
3		 Saks tuli kaasa võtta , eks pärast lähe prooviks , arvasin . 	saks tulema kaasa võtma , eks pärast minema proovima , arvama .
4		 Siis ma veel ei teadnud , et neil solist ka on . 	siis mina veel ei teadma|teadnud , et tema solist ka olema .
5		 Eks ole , on ju kummaline orkester — klahvid , flööt , saks , rütm ja sinna juurde solist ? 	eks olema , olema ju kummaline orkester - klahv , flööt , saks , rütm ja sinna juurde solist ?
5		 Aga need fusioni-vennad ongi sellised . 	aga see fusioni-vend olema selline .
5		 Kõige tähtsam on originaalsus ja see , et keegi varem poleks teinud . 	kõige tähtsam olema originaalsus ja see , et keegi varem olema tegema|teinud .
5		 Saks ju üldiselt soolopill ja korralikus bändis asi , mis tooni annab . 	saks ju üldiselt soolopill ja korralik bänd asi , mis toon andma .
5		 Mitte et ma oleksin selline dinosauruse tõugu kriitik , kes arvab , et kui paned klahvid , kitarri ja rocki rütmigrupi bigbändi lugusid mängima , et siis ongi fusion . 	mitte et mina olema selline dinosaurus tõug kriitik , kes arvama , et kui panema klahv , kitarr ja rock rütmigrupp bigbänd lugu mängima , et siis olema fusion .
6		" Saime "" Innis "" nädala pärast kokku . "	"saama "" Inn|Inni "" nädal pärast kokku ."
6		" "" The Ipanema Groovers "" tundis ennast mugavalt , õllega ei koonerdanud . "	""" The Ipanema Groovers "" tundma ise mugavalt , õlu ei koonerdama|koonerdanud ."
6		 Mind viibati lauda ja toodi õlu ka kohe ette . 	mina viipama laud ja tooma õlu ka kohe ette .
6		 Lars oli klahvimees , too teksades lõngus — loominguline juht . 	Lars olema klahvimees , too teksad lõngus - loominguline juht .
6		 Kohe tehti selgeks ka , et trummid on tema poiss . 	kohe tegema selge ka , et trumm olema tema poiss .
6		 Polnudki esiti märganud aga nüüd paistis ikka väga välja küll . 	olema esiti märganud|märkama aga nüüd paistma ikka väga välja küll .
6		" Thomas oli "" trummipoja "" nimi , selline ilane ja hillitsetud emane , värvitud silmadega . "	"Thomas olema "" trummipoeg "" nimi , selline ilane ja hillitsema|hillitsetud emane , värvima|värvitu|värvitud silm ."
6		 Bassimees Søren , süsimustade juustega , habetunud ja kuidagi kõige tarmukam . 	Bassimees Søren , süsimust juus , habetuma|habetunud ja kuidagi kõige tarmukam .
6		 Kandis tumedaid prille ja naeratas muhedalt peaaegu kõige peale , mida keegi rääkis . 	kandma tume prill ja naeratama muhedalt peaaegu kõige peale , mis keegi rääkima .
6		 Flööti mängis Jens . 	flööt mängima Jens .
6		 Muusikakoolist , kiitsakas ja prillidega , pidi olema väga andekas , öeldi . 	muusikakool , kiitsakas ja prill , pidama olema väga andekas , ütlema .
6		 Mulle jäi küll mulje , et kõige rohkem õlle peale , sest ta jõi seda nagu vett . 	mina jääma küll mulje , et kõige rohkem õlu peale , sest tema jooma see nagu vesi .
7		 Nad ootasid solisti . 	tema ootama solist .
7		 Ent mulle öeldi kohe ära , et olen põhimõtteliselt vastu võetud . 	ent mina ütlema kohe ära , et olema põhimõtteliselt vastu võetud|võtma .
7		" Lars lükkas õlalt Thomase käe , see vist lipsas laua alla ta põlvele ja ütles : "" Hästi mängid , vend . "	"Lars lükkama õlg Thomas käsi , see vist lipsama laud alla tema põli|põlv ja ütlema : "" hästi mängima , vend ."
7		 Kui sobib , oled sees . 	kui sobima , olema sees .
7		 Selle kuu peale on on kolm kõrtsilepingut , näkku tuleb 7500 krooni . 	see kuu peale olema olema kolm kõrtsileping , nägu tulema 7500 kroon .
7		 Siis on vaikus , teeme uusi lugusid . 	siis olema vaikus , tegema uus lugu .
7		 Talvel Hamburgi tuur kaks nädalat , seal üks väike festival ja paar plaadivenda pidid kuulama . 	tali|talv Hamburg tuur kaks nädal , seal üks väike festival ja paar plaadivend pidama kuulama .
7		 Kui hästi läheb , saame teise CD kah uuesti tööle . 	kui hästi minema , saama teine CD kah uuesti töö .
7		 Et hapuks ei läheks , tuleb palju ringi sõita . 	et hapu ei minema , tulema palju ringi sõitma .
7		 Kui veab , siis Thomas korraldab paar teleasja , tal on seal käsi sees . 	kui vedama , siis Thomas korraldama paar teleasi , tema olema seal käsi sees .
7		 Suveks on kõik lahtine . 	Suveks olema kõik lahtine .
7		" Nii et hoia kõrvad valla , iga tööots on teretulnud . "" "	"nii et hoidma kõrv valla , iga tööots olema teretulnud . """
7		" Mõtlesin , et vaevalt see Thomase käsi , mis teles sees , aga küsisin : "" Ma ei teagi , mida te õieti mängite ? "" "	"mõtlema , et vaevalt see Thomas käsi , mis tele sees , aga küsima : "" mina ei teadma , mis sina õieti mängima ? """
8		 Noh , ja siis nad rääkisidki oma fusionist , et kuidas sellega ikka praegu lõikab ja mis kõik liinid on seni jazzis kokku sulatamata , millist puhangut nendest leida võib ja nii edasi . 	noh , ja siis tema rääkima oma fusion|fusioni , et kuidas see ikka praegu lõikama ja mis kõik liin olema seni jazz kokku sulatama , milline puhang see leidma võima ja nii edasi .
8		" Pikalt ja innustatult rääkisid , mul hakkas endal ka suu vett jooksma , et kuidas "" There's A Boat , That's Leaving Soon For New York "" Argentina pampastiilis ja hot-bassi soologa pikitult kõlada võiks . "	"pikalt ja innustatult rääkima , mina hakkama ise ka suu vesi jooksma , et kuidas "" There ’ s A Boat , That ’ s Leaving Soon For New York "" Argentina pampastiil ja hot-bass soolo pikitult kõlama võima ."
8		 Lars seletas , et kõige rumalamad on need , kes igasugust jazz-rocki kohe fusioniks peavad ja oma kolusse sisse ei taha tampida , et jazz on vaid tunnetusvahend , lahtimõtestamise viis , sulatusahi , kus kõik maailma hääled kokku võivad saada . 	Lars seletama , et kõige rumalam olema see , kes igasugune jazz-rock kohe fusioniks pidama ja oma kolu sisse ei tahtma tampima , et jazz olema vaid tunnetusvahend , lahtimõtestamine viis , sulatusahi , kus kõik maailm hääl kokku võima saama .
8		" "" Puhud elu sisse sellele , mida kõik surnuks pidasid . "	""" puhk elu sisse see , mis kõik surnu pidama ."
8		 Kaks asja , mis üldse kokku ei sobi , vaat otsi need muusikast üles ja anna neile hing . 	kaks asi , mis üldse kokku ei sobima , vaat otsima see muusika üles ja andma tema hing .
8		" Rockis sa seda ei tee , mees ! "" "	"rock sina see ei tegema , mees ! """
9		" Kõrtsi tuli rahvast juurde , "" Weather Report "" keerati veelgi valjemaks . "	"kõrts tulema rahvas juurde , "" Weather Report "" keerama veelgi valjem ."
9		 Mõnus hakkas ja janu suurenes . 	mõnus hakkama ja janu suurenema .
9		 Siis laekus solist . 	siis laekuma solist .
9		 Nimeks öeldi Lone . 	nimi ütlema Lone .
9		 Lühikeste pruuniks värvitud juustega , pikkades mustades pükstes ja jakis . 	Lühike pruun värvima|värvitu|värvitud juus , pikk must püks ja jakk .
9		 Valge liibuv särk selle alla , ilusad väiksed rinnad . 	valge liibuv särk see alla , ilus väike rind .
9		 Rinnahoidjat muidugi ei olnud , kus sa sellega . 	rinnahoidja muidugi ei olema|olnud , kus sina see .
10		 Ta ei olnud ilus , tegelikult . 	tema ei olema|olnud ilus , tegelikult .
10		 Lihtsalt selline tüdruk , kelle lähedal olemisest kõvaks läheb . 	lihtsalt selline tüdruk , kes lähedal olemine kõva minema .
10		 Sellest sain kohe aru , kui ta mu kõrvale istus . 	see saama kohe aru , kui tema mina kõrvale istuma .
10		 Tema vist ka . 	tema vist ka .
10		 Sest ta tõmbus must varsti eemale ega vaadanud üldse otsa . 	sest tema tõmbuma mina varsti eemale ega vaadanud|vaatama üldse otsa .
10		 Meid tehti muidugi tuttavaks , Lonele toodi mineraalvett ja siis saingi esimest korda teda , et täna tuleb mängida . 	mina tegema muidugi tuttav , Lone tooma mineraalvesi ja siis saama esimene kord tema , et täna tulema mängima .
10		 Miskit türgi või pakistani päritolu tütarlaps , kes järjekordsed klaasid tõi , küsis naeratades , et kas pillimehed noodi ikka ära tunnevad . 	miski türgi või pakistani päritolu tütarlaps , kes järjekordne klaas tooma , küsima naeratama , et kas pillimees noot ikka ära tundma .
10		 Kõik naersid ja kinnitasid , et noodid on eilne päev . 	kõik naerma ja kinnitama , et noot olema eilne päev .
10		 Lone pööras minu poole , patsutas õlale ja naeratas . 	Lone pöörama mina poole , patsutama õlg ja naeratama .
10		 Esimest korda . 	esimene kord .
10		" "" Sul on ainult kolm soolot . "	""" sina olema ainult kolm soolo ."
10		" Teed ära ? "" "	"tee ära ? """
11		 Lubasin , et teen . 	lubama , et tegema .
11		 Ja tegin ka . 	ja tegema ka .
11		 Ainult , et kui lavale läksime , olin Lonesse nii lootusetult armunud , et ei mäletagi , mida täpselt mängisin . 	ainult , et kui lava minema , olema Lone nii lootusetult armuma|armunud , et ei mäletama , mis täpselt mängima .
11		 Nad vist alustasid mingi bossanoovaga , mida klahvid hakkasid peale esimest ringi hekseldama ja mingit kahtlast new-age'i sisse tooma . 	tema vist alustama mingi bossanoovaga , mis klahv hakkama peale esimene ringi hekseldama ja mingi kahtlane new-age ’ i sisse tooma .
11		 Flööt andis takka . 	flööt andma takka .
11		 Oma esimese soolo venitasin ikkagi bossanovaga välja , vaevalt keegi arvas , et liiga stiilist kõrvale . 	oma esimene soolo venitama ikkagi bossanovaga välja , vaevalt keegi arvama , et liiga stiil kõrvale .
11		 Edasi tegid nad midagi küllaltki harilikku Philadelphia-stiilis ja mina mängisin kenasti kaasa . 	edasi tegema tema miski küllaltki harilik Philadelphia-stiil ja mina mängima kenasti kaasa .
11		 Päris fiilingut ei olnud , rahvale aga meeldis . 	päris fiiling|fiilingu ei olema|olnud , rahvas aga meeldima .
11		 Vaheaeg ja õlled . 	vaheaeg ja õlu .
11		 Lone aga imes lauas ikka vett , tema polnud veel algust teinud . 	Lone aga imema laud ikka vesi , tema olema veel algus tegema|teinud .
11		 Mahutasin ennast tema kõrvale . 	mahutama ise tema kõrvale .
12		" "" Oleks võinud öelda , et tuleb peale minna . "" "	""" olema võima|võinud ütlema , et tulema peale minema . """
13		" "" Meil on kombeks , et ei ütle . "	""" mina olema komme , et ei ütlema ."
13		" Ära pahanda , sa ju sobid . "" "	"ära pahandama , sina ju sobima . """
13		 Veelkord vaatas ta mulle otsa ja keegi oleks nagu tulise ora läbi näo ajanud . 	veelkord vaatama tema mina otsa ja keegi olema nagu tuline ora läbi nägu ajama|ajanud .
13		 Ma olen kohtunud kahe sellise naisega . 	mina olema kohtuma|kohtunud kaks selline naine .
13		 Üks oli Lufthansa stjuuardess , kes mulle veini sülle valas ja siis kummargil , lahtise särgikaelusega mind kuivatas ja teine Aalborgi muusikakooli klvaveriõpetaja , minust ainult seitse aastat vanem . 	üks olema Lufthansa stjuuardess , kes mina vein süli valama ja siis kummargil , lahtine särgikaelus mina kuivatama ja teine Aalborg|Aalborgi muusikakool klvaveriõpetaja , mina ainult seitse aasta vanem .
13		 Käisin kuu aega sadamas laadimas , siis julgesin eratunde paluda . 	käima kuu aeg sadam laadima , siis julgema eratund paluma .
13		 Peale esimest korda ta raha enam ei võtnud . 	peale esimene kord tema raha enam ei võtma|võtnud .
13		 Loomulikult saad selle kõige ka endast saksiga välja puhuda ; öeldakse , et kõige paremad tükid tulevadki just siis , kui kedagi endast välja ajad . 	loomulikult saama see kõige ka ise saks välja puhuma ; ütlema , et kõige parem tükk tulema just siis , kui keegi ise välja aeg .
13		 Aga see moment , kui ta ütles , et sobin , olin kindel , et seda endast küll välja ei puhu . 	aga see moment , kui tema ütlema , et sobima , olema kindel , et see ise küll välja ei puhuma .
13		 Võimalus ju tekkis ka kohe . 	võimalus ju tekkima ka kohe .
13		 Kobisime uuesti lavale , mehed irvitasid , et eks näis , mida sa nüüd teed . 	kobima uuesti lava , mees irvitama , et eks näima , mis sina nüüd tegema .
13		 Lohutasin ennast sellega , et minu ämber oleks eelkõige nende jama . 	lohutama ise see , et mina ämber olema eelkõige tema jama .
13		" Ega siis Peder Poulseni nime kavalehel "" The Ipanema Grooversi "" seas veel polnud . "	"ega siis Peder Poulsen|Poulseni nimi kavaleht "" The Ipanema Groovers|Grooversi "" seas veel olema ."
13		 Ühesõnaga , oleks ma teadnud , et tegu on selliste jõhkarditega , võinuks nad oma fusioniga kukele sõita . 	ühesõnaga , olema mina teadma|teadnud , et tegu olema selline jõhkard , võima tema oma fusion|fusioni kukk sõitma .
13		 Lone tuli kohe mikrofoni juurde , võttis selle pihkude vahele , ütles , et lugu pühendatud Jesperi mälestusele ja jäi ootama . 	Lone tulema kohe mikrofon juurde , võtma see pihk vahele , ütlema , et lugu pühendama|pühendatud Jesper|Jesperi mälestus ja jääma ootama .
13		 Rahvas hõiskas . 	rahvas hõiskama .
13		 Nagu keegi oleks kõrva sosistanud , et nüüd pidi midagi suurt tulema . 	nagu keegi olema kõrv sosistama|sosistanud , et nüüd pidama miski suur tulema .
14		 Ja siis pani Lars klahvide taga sellisse passaadi , et publik kohe vait jäi . 	ja siis panema Lars klahv taga sell passaat , et publik kohe vait jääma .
14		 Kõlas rõvedalt küll , sest idee järgi oli see vasekvinteti algus aga tema lükkas ju hammond-oreliga . 	kõlama rõvedalt küll , sest idee järgi olema see vasekvintett algus aga tema lükkama ju hammond-orel .
14		 Jens inises flöödiga kaasa , Thomas tormas esimeste taktidega kohe kaasa ja oleks ma teadnud , mis lugu tuleb , saanuks saksiga asja kolm korda võimsamaks teha . 	Jens inisema flööt kaasa , Thomas tormama esimene takt kohe kaasa ja olema mina teadma|teadnud , mis lugu tulema , saama saks asi kolm kord võimsam tegema .
14		 Ära tundsin alles siis , kui Søren bassiga seda kuulsat tada-tada-tadat hakkas panema . 	ära tundma alles siis , kui Søren bass see kuulus tada-tada-tada hakkama panema .
14		" Et siis Pastoriuse "" Come On , Come Over "" . "	"et siis Pastorius "" Come olema , Come Over "" ."
14		 Üsna masohhistlik on seda ilma vaseta teha , aga fusion , noh . 	üsna masohhistlik olema see ilma vask tegema , aga fusion , noh .
14		 Siis võib . 	siis võima .
14		 Ega mul Lone silmapilgutust vaja läinudki , et koos vokaaliga sisse tulla . 	ega mina Lone silmapilgutus vaja minema , et koos vokaal sisse tulema .
14		 Lugu ma ju teadsin . 	lugu mina ju teadma .
14		 Esimene refrään oli meie etteaste , Søren väga ei pingutanud , kuigi see lugu rohkem bassile võimu annab . 	esimene refrään olema mina etteaste , Søren väga ei pingutama|pingutanud , kuigi see lugu rohkem bass võim andma .
14		 Lone oli võimas ! 	Lone olema võimas !
14		 Originaalis on ju mehe laul , aga minu saks ja tema sopran läksid nii hästi kokku , et ise ka imestasin . 	originaal olema ju mees laul , aga mina saks ja tema sopran minema nii hästi kokku , et ise ka imestama .
14		 Selles jazzi võlu ongi , et kui külgetõmme olemas , siis muusika elab . 	see jazz võlu olema , et kui külgetõmme olema , siis muusika elama .
14		 Kahele meeshäälele tehtud asja andis Lone üksi nii usutavalt ära , et isegi minul sipelgad mööda selga jooksid . 	kaks meeshääl tegema|tehtud asi andma Lone üksi nii usutavalt ära , et isegi mina sipelgas mööda selg jooksma .
14		 Teist refrääni nad aga ei lõpetanudki , klahvisoolo asemel jäi nagu auk . 	teine refrään tema aga ei lõpetama , klahvisoolo asemel jääma nagu auk .
14		 Ju siis minu soolokoht . 	ju siis mina soolokoht .
15		 Alles hiljem tuli meelde , et ma paari takti võrra hiljaks jäin tuli sellest , et võimendusest käis äkiline staatikasurin läbi . 	alles hiljem tulema meel , et mina paar takt võrra hiljaks jääma tulema see , et võimendus käima äkiline staatikasurin läbi .
15		 Ehmatas ära , elekter lõi isegi sõrmedesse . 	ehmatama ära , elekter looma|lööma isegi sõrm .
15		 Trummid andsid tempo ette ja Lars toetas harmooniga . 	trumm andma tempo ette ja Lars toetama harmoon .
15		 Esimene asi , mis pähe tuli oli muidugi bassi tada-tada-tada . 	esimene asi , mis pea tulema olema muidugi bass tada-tada-tada .
15		 Sealt ma alustasingi . 	sealt mina alustama .
15		 Vaatasin Lonet ja puhusin . 	vaatama Lonet ja puhuma .
15		 Tuli küll lendlemine . 	tulema küll lendlemine .
15		 Helid tõusid nii sügavalt ja ausalt . 	heli tõusma nii sügavalt ja ausalt .
15		 Kuidagi sa tabad ära , et nüüd on improvisatsioonil hing sees , pane silmad kinni ja lenda kaasa . 	kuidagi sina tabama ära , et nüüd olema improvisatsioon hing sees , panema silm kinni ja lendama kaasa .
15		 Kui on antud , siis ta tuleb . 	kui olema andma|antud , siis tema tulema .
15		 Kui õpid pilli aga sädet ei ole , mängid kõik noodist perfektselt ära aga rahvas õhku ahmima ei hakka . 	kui õppima pill aga säde ei olema , mängima kõik noot perfektselt ära aga rahvas õhk ahmima ei hakkama .
15		 Läksin nii hoogu , et kui silmad-kõrvad lahti tegin ... 	minema nii hoog , et kui silmad-kõrv lahti tegema ...
15		 Noh , midagi oli muutunud . 	noh , miski olema muutuma|muutunud .
15		 Publik oli endiselt sillas , ootas hetke , mil soolo peale plaksutada saab , ent orkestriga oli veider . 	publik olema endiselt sild , ootama hetk , mil soolo peale plaksutama saama , ent orkester olema veider .
15		 Thomas tagus edasi , flööt oli muidugi vakka , bass mängis tuimalt oma rida . 	Thomas taguma edasi , flööt olema muidugi vakka , bass mängima tuimalt oma rida .
15		 Klahvid lõid ähmast ja algelist harmooniat . 	klahv looma|lööma ähmane ja algeline harmoonia .
15		 Soolo lõpuks pidanuks nad siduja osa endale võtma ja vokaali uuesti sisse juhatama . 	soolo lõpp pidama tema siduja osa ise võtma ja vokaal uuesti sisse juhatama .
15		 Lone , kes vokaal oligi ... Lone vaatas mind vihaselt ja kuigi kõrtsis oli palav , ei saanud see ainult higi olla , mis ta näo märjaks tegi . 	Lone , kes vokaal olema ... Lone vaatama mina vihaselt ja kuigi kõrts olema palav , ei saama|saanud see ainult higi olema , mis tema nägu märg tegema .
15		 Pisarad muidugi . 	pisar muidugi .
15		 Et ma siis lõpetasin soolo ja jäin ootama , mis edasi . 	et mina siis lõpetama soolo ja jääma ootama , mis edasi .
15		" Aplaus oli vinge , "" Come on'i "" laulis Lone ära , mingi vana Astrudi asja kohe otsa , portugali keeles isegi . "	"aplaus olema vinge , "" Come olema ’ i "" laulma Lone ära , mingi vana Astrud|Astrudi asi kohe otsa , portugali keel isegi ."
15		 Minule aga soolo jaoks ruumi ei jäetud , kuigi see vist pidigi see kolmas olema . 	mina aga soolo jaoks ruum ei jäetud|jätma , kuigi see vist pidama see kolmas olema .
15		 Astrudi tehti kuidagi tuimalt ja noodist , Søren sai bassiga ühe hot'i panna . 	Astrudi tegema kuidagi tuimalt ja noot , Søren saama bass üks hot ’ i panema .
15		 Seegi oli otsekui plaadi pealt maha kirjutatud . 	see olema otsekui plaat pealt maha kirjutama|kirjutatud .
15		 Ega rahvas saanud midagi aru , mina olin aga tige , et mis siis lahti on . 	ega rahvas saama|saanud miski aru , mina olema aga tige , et mis siis lahti olema .
15		 No ehk lasin veidi pikemalt kui vaja oli , ent kuradi hästi kukkus välja ju . 	no ehk laskma veidi pikemalt kui vaja olema , ent kurat hästi kukkuma välja ju .
16		 Kui lõpetasime , tuli välja , et Alabama neegrionud tulevad kohe peale bluusi andma ja meiega on selleks korraks asi õhtul . 	kui lõpetama , tulema välja , et Alabama neegrionu tulema kohe peale bluus andma ja mina olema see korraks asi õhtu .
16		 Ronisime oma vana lauda tagasi , rahvas patsutas ja hõikas . 	ronima oma vana laud tagasi , rahvas patsutama ja hõikama .
16		 Minu bänd aga tige ja norus . 	mina bänd aga tige ja norg .
16		" Kui lauda saime , nägin selgelt , et Lone nutab , pööras minust ära ja Lars käratas : "" Kust sa lindid said , ah ? "" "	"kui laud saama , nägema selgelt , et Lone nutma , pöörama mina ära ja Lars käratama : "" kust sina lint saama , ah ? """
17		 Ma ei mõistnud midagi öelda . 	mina ei mõistma|mõistnud miski ütlema .
17		" Kehitasin õlgu , et mis siis nüüd on aga Lars pani edasi : "" Said tüdruku nutma , on nüüd hea meel , jah ? "" "	"kehitama õlg , et mis siis nüüd olema aga Lars panema edasi : "" saama tüdruk nutma , olema nüüd hea meel , jah ? """
18		" "" Kaval oled , "" mökitas Thomas sekka , "" alatu oli see . "" "	""" kava olema , "" mökitama Thomas sekka , "" alatu olema see . """
19		" "" Lone laulis jumalikult , mis teile ei meeldi , "" käratasin ja võtsin ka esimese õllelonksu . "	""" Lone laulma jumalikult , mis sina ei meeldima , "" käratama ja võtma ka esimene õllelonks ."
19		 Ega palju maha ei jahutanud . 	ega palju maha ei jahutama|jahutanud .
19		 Søren oli oma muheda ilme kuhugi ära kaotanud , imes endassesulgunult sigaretti . 	Søren olema oma muhe ilme kuhugi ära kaotama|kaotanud , imema endassesulgunult sigaret .
19		 Jens ei teinud üldse välja ja Lone nuttis . 	Jens ei tegema|teinud üldse välja ja Lone nutma .
19		 Ja nii nad ei öelnudki , milles asi , lõid käega , tellisid õlut . 	ja nii tema ei ütlema , mis asi , looma|lööma käsi , tellima õlu .
19		 Fusion on fusion , ega sellistega suurt midagi peale hakka . 	Fusion olema fusion , ega selline suur miski peale hakkama .
19		 Thomas ja Lars läksid kõige varem minema , käsikäes muide ja Lars urises , et ma nädala pärast Amageril proovis oleksin ning oma lollused jätaksin . 	Thomas ja Lars minema kõige varem minema , käsikäes muide ja Lars urisema , et mina nädal pärast Amager|Amageri proovima olema ning oma lollus jätma .
19		 Søren hankis kuskilt võluriliigutusega musta kaabu — muidugi sobis väga — kergitas siis seda , soovis head jätku — musketär , nagu ta oli . 	Søren hankima kuskilt võluriliigutus must kaabu - muidugi sobima väga - kergitama siis see , soovima hea jätkuma - musketär , nagu tema olema .
19		 Jens pidi siis Lonele kavaleri mängima . 	Jens pidama siis Lonele kavaler mängima .
19		 Mina sain aru küll , et teised seda ei mõelnud — ju nad teadsid , et kui solist ohakas on , ei kleebi keegi külge . 	mina saama aru küll , et teine see ei mõelnud|mõtlema - ju tema teadma , et kui solist ohakas olema , ei kleepima keegi külge .
19		 Jens näis arvavat , et ta suudab siin midagi ära teha , pani tüdrukule käe õlale ja vaatas uhkelt minu poole . 	Jens näima arvama , et tema suutma siin miski ära tegema , panema tüdruk käsi õlg ja vaatama uhkelt mina poole .
19		 Lone ei teinud väljagi , mossitas oma klaasi kohal kuni flööt pidi õlle pärast tualetis ära käima . 	Lone ei tegema|teinud välja , mossitama oma klaas kohal kuni flööt pidama õlu pärast tualett ära käima .
20		" "" Mis siis valesti läks , "" küsisin . "	""" mis siis valesti minema , "" küsima ."
20		 Röökisin õieti , sest Alabama tahtis kõlareid puruks raiuda . 	röökima õieti , sest Alabama tahtma kõlar puruks raiuma .
21		" "" Ole vait , raisk , "" hüüdis Lone vastu . "	""" olema vait , raisk , "" hüüdma Lone vastu ."
21		 Aga vaatas mulle ikkagi otsa . 	aga vaatama mina ikkagi otsa .
21		 Tahtis tige olla , kuid silmad polnud . 	tahtma tige olema , kuid silm olema .
22		" "" Kuule , meil tuli ju hiiglama hästi välja , sobime , noh , "" proovisin veel korra . "	""" kuulma , mina tulema ju hiiglama hästi välja , sobima , noh , "" proovima veel kord ."
23		 Ta ei tahtnud midagi öelda , Jens tilkus ka tagasi . 	tema ei tahtma|tahtnud miski ütlema , Jens tilkuma ka tagasi .
23		 Liiga segaseks läks kõik see asi , rahvas taarus ringi , mingid ameerika turistid ronisid süüdimatult meie lauda bluusi nautima . 	liiga segane minema kõik see asi , rahvas taaruma ringi , mingi ameerika turist ronima süüdimatult mina laud bluus nautima .
23		 Jõin õlle sõõmuga lõpuni , tõusin ja tõmbasin Lone püsti , endale väga lähedale . 	jooma õlu sõõm lõpp , tõusma ja tõmbama Lone püsti , ise väga lähedale .
23		" "" Ära palun vihka mind , tüdruk ! "" hüüdsin talle läbi Alabama-kammi kõrva . "	""" ära paluma vihkama mina , tüdruk ! "" hüüdma tema läbi Alabama-kamm kõrv ."
23		" "" Ma ei tea , mis teid tigedaks tegi , aga mina seda nii ei mõelnud . "	""" mina ei teadma , mis sina tige tegema , aga mina see nii ei mõelnud|mõtlema ."
23		 Räägime homme ? 	rääkima homme ?
23		 Järvede ääres , Triangli pool otsas , kell üks . 	järv ääres , triangel pool ots , kell üks .
23		" Sobib sulle ? "" "	"sobima sina ? """
24		" Ma ju teadsin , et tema tundis ka seda tõmmet , juba "" Come On "" laulust saati , et viha on ainult tema enda jaoks , mingi kummalise süü allasurumiseks . "	"mina ju teadma , et tema tundma ka see tõmme , juba "" Come olema "" laul saati , et viha olema ainult tema ise jaoks , mingi kummaline süü allasurumine ."
24		" Nüüd pani ta käe minu õlale , raputas juukseid ja ütles : "" Ülehomme . "	"nüüd panema tema käsi mina õlg , raputama juus ja ütlema : "" ülehomme ."
24		 Aga nüüd mine ära . 	aga nüüd minema ära .
24		" Palun ! "" "	"paluma ! """
25		 Need fusioni-vennad on kõik friigid . *** 	see fusioni-vend olema kõik friig|friigi|friigid|friik . ***
26		 Üks mobiiltelefon oli roheline , teine must , nahkrihmaga ümber peene piha . 	üks mobiiltelefon olema roheline , teine must , nahkrihm ümber peen pihk|piht .
26		 Seljas kandis helesinist liibuvat bodit nagu sportlased . 	Seljas kandma helesinine liibuv bodi nagu sportlane .
26		 Muidusörkijad järvede ääres ju eriti riietusele tähelepanu ei pööra , seal joostakse kõhte väiksemaks , õieti vist näidatakse kui palju see jooksmine ise korda läheb . 	muidusörkija järv ääres ju eriti riietus tähelepanu ei pöörama , seal jooksma kõht väiksem , õieti vist näitama kui palju see jooksmine ise kord minema .
26		 Ta ei olnud sportlane aga treenitud kehaga küll . 	tema ei olema|olnud sportlane aga treenima|treenitud keha küll .
26		 Suu hakkas kohe vett jooksma . 	suu hakkama kohe vesi jooksma .
26		 Nõtke , graatsiline , leebe , bodi õrnalt võimendas seda , mis all . 	nõtke , graatsiline , leebe , bodi õrnalt võimendama see , mis all .
26		 Mingeid riideid küll ei olnud . 	mingi riie küll ei olema|olnud .
26		 Mustad pikad juuksed tagant valge lehviga kokku seatud . 	must pikk juus tagant valge lehv kokku seadma|seatud .
27		" "" Sina oled Peder ? "" "	""" sina olema Peder ? """
27		 Oli terve ringi järvele peale teinud aga isegi ei hingeldanud . 	olema terve ringi järv peale tegema|teinud aga isegi ei hingeldama|hingeldanud .
27		 Olin vaadanud halle luigepoegi , ei näinud , kuidas ta lähenes . 	olema vaadanud|vaatama hall luigepoeg , ei nägema|näima|näinud , kuidas tema lähenema .
27		 Võpatasin . 	võpatama .
27		" Tuul tuli järve poolt ja tõi kerget ihu ja higilõhna segatult "" Poisoniga "" . "	"tuul tulema järv poolt ja tooma kerge ihu ja higilõhn segatult "" Poison|Poisoni "" ."
27		 Aktsenti ei olnud , kui siis ainult Kopenhaageni oma . 	Aktsenti ei olema|olnud , kui siis ainult Kopenhaagen oma .
27		 Keha raseeritud , nahk sile , pehme ja soe , helekollakas . 	keha raseerima|raseeritud , nahk sile , pehme ja soe , helekollakas .
28		" "" Olen . "	""" olema ."
28		" Hiina või Jaapan ? "" "	"Hiina või Jaapan ? """
29		" "" Vietnam . "	""" Vietnam ."
29		" On oluline või ? "" "	"olema oluline või ? """
30		" "" Ega ei ole . "	""" ega ei olema ."
30		 Ma ei tee kunagi vahet lihtsalt . 	mina ei tegema kunagi vahe lihtsalt .
30		" Kuigi pidi lihtne olema . "" "	"kuigi pidama lihtne olema . """
31		 Ta naeris . 	tema naerma .
31		" "" Hiinlased on ümmargused ja neil on pilusilmad . "	""" hiinlane olema ümmargune ja tema olema pilusilm ."
31		 Japsid on ülbed . 	Japs|Japsi|Japsid olema ülbe .
31		" Vitenamlased on kõige ilusamad . "" "	"Vitenamlane olema kõige ilusam . """
32		" "" Ma näen . "" "	""" mina nägema . """
32		 Nägin küll . 	nägema küll .
32		 Ta tegi nüüd lõdvestusliigutusi , niimoodi sundimatult puusaringe . 	tema tegema nüüd lõdvestusliigutus , niimoodi sundimatult puusaring .
32		 Käed tahtsid saksofoni haarata . 	käsi tahtma saksofon haarama .
33		" "" Lone helistas , et ta ei saa tulla . "	""" Lone helistama , et tema ei saama tulema ."
33		 Ma jooksen siin iga päev , elan lähedal Østerbrol , kohe Parkeni vastas . 	mina jooksma siin iga päev , elama lähedal Østerbro , kohe Parken|Parkeni vastas .
33		" Et ma sulle ütleksin , et pole mõtet oodata . "" "	"et mina sina ütlema , et olema mõte ootama . """
34		" "" Kumba peale ta helistas ? "" "	""" kumb peale tema helistama ? """
35		" "" Rohelise . "	""" Roheline ."
35		" See on privaat , ainult väga headele tuttavatele , tahad numbrit ? "" "	"see olema privaat , ainult väga hea tuttav , tahtma number ? """
36		 Number oli 20 65 65 41 ja omaniku nimi , nagu üle tee välikohvikus selgus Len . 	number olema 20 65 65 41 ja omanik nimi , nagu üle tee välikohvik selguma Len .
36		 Aga kõik kutsuvad Lenaks . 	aga kõik kutsuma Lenaks .
36		" Lena õpib Kuninglikus balletikoolis , saab stipendiumit ja armastab jazzi , "" Tuborgi "" alkoholivaba õlut ( väike klaas peale jooksmist , pidi aitama lihaseid lõdvestada ) , maasikajäätist ja ütleb modellipakumistele alati ära , sest aega ei ole . "	"Lena õppima kuninglik balletikool , saama stipendium ja armastama jazz , "" Tuborg|Tuborgi|Tubork "" alkoholivaba õlu ( väike klaas peale jooksmine , pidama aitama lihas lõdvestama ) , maasikajäätis ja ütlema modellipakumine alati ära , sest aeg ei olema ."
36		 Poissi ka ei ole . 	poiss ka ei olema .
36		 Mina — et Peder ja kutsutakse Pederiks , ei õpi enam muusikakoolis ja psühholoogiakursus tüütas ka ära , raha saab juhuslikult , et armastab valgeid veine , loomaliha ja ei ütle mingitele pakkumistele kunagi ära , sest raha ei ole . 	mina - et Peder ja kutsuma Pederiks , ei õppima enam muusikakool ja psühholoogiakursus tüütama ka ära , raha saama juhuslikult , et armastama valge vein , loomaliha ja ei ütlema mingi pakkumine kunagi ära , sest raha ei olema .
36		 Tüdrukut ka ei ole . 	tüdruk ka ei olema .
36		" Kui päike paistab , on "" Terrassen "" alati rahvast täis ja laud kahele luksus . "	"kui päike paistma , olema "" Terrassen "" alati rahvas täis ja laud|laug kaks luksus ."
36		 Mis tähendas , et ta istus ligemale ja põlved puudutasid minu omi ja mina istusin siis veel ligemale . 	mis tähendama , et tema istuma ligemale ja põli|põlv puudutama mina oma ja mina istuma siis veel ligemale .
36		 Ma ütlesin , et selline kollakas nahk sobib helesinisega imehästi . 	mina ütlema , et selline kollakas nahk sobima helesinine imehästi .
36		 Nagu Rootsi lipp , naeris tema ja lisas , et seda kollakat nahka tuleb kohe pesta , et ei kannata kaua peale jooksu higine olla . 	nagu Rootsi lipp , naerma tema ja lisama , et see kollakas nahk tulema kohe pesema , et ei kannatama kaua peale jooks higine olema .
36		 Seal Østerbro korteris siis pesimegi . 	seal Østerbro korter siis pesema .
37		 Ma ei tea , kas laadisin endast välja Lonet või Lenat või mõlemat — vannitoas , põrandal ja siis voodis . 	mina ei teadma , kas laadima ise välja Lone või Lena või mõlema - vannituba , põrand ja siis voodi .
37		 Korter oli kahetoaline ja täiesti isikupäratu , rohkem nagu hotellituba — lakooniline , funktsionaalne , lihtne . 	korter olema kahetoaline ja täiesti isikupäratu , rohkem nagu hotellituba - lakooniline , funktsionaalne , lihtne .
37		 Kätte all laulis niiske nahk , ma kuulsin ( ma kuulen siis alati muusikat ) pentatoonikat ja Addinselli . 	käsi all laulma niiske nahk , mina kuulma ( mina kuulma siis alati muusika ) pentatoonika ja Addinsell .
37		 Fusion . 	Fusion .
37		 Too must telefoni tegi ka paar korda häält , Wagnerit muide , aga Lena ei saanud vastata . 	too must telefon tegema ka paar kord hääl , Wagner|Wagneri muide , aga Lena ei saama|saanud vastama .
37		 Ega tal endal midagi vaja olnudki , pakkus ja andis , mina võtsin . 	ega tema ise miski vaja olema , pakkuma ja andma , mina võtma .
37		 Ahnelt ja kaua , seni kuni muusikat enam ei tulnud . 	ahnelt ja kaua , seni kuni muusika enam ei tulema|tulnud .
37		 Sõime nuudleid krevettidega , Lena lülitas musta üldse välja . 	sööma nuudel krevett , Lena lülitama must üldse välja .
37		 Rääkisin midagi kojuminekust aga tegi teed — väge heledat , ent kanget , mingist hieroglüüfidega pakist , millist ainult eripoest saab , jõime piaalidest . 	rääkima miski kojuminek aga tegema tee - vägi hele , ent kange , mingi hieroglüüf pakk , milline ainult eripood saama , jooma piaal .
37		 Ega ta riidesse vahepeal pannudki , sest teadis , millist mõju tee avaldab . 	ega tema riie vahepeal panema , sest teadma , milline mõju tee avaldama .
37		 Paljust rääkida ka ei olnud . 	Paljust rääkima ka ei olema|olnud .
37		 Vahepeal . 	vahepeal .
37		 Neid kordi ikka kogunes . 	see kord ikka kogunema .
37		 Koju sõitsin hommikul esimese rongiga , ta ütles , et helista ja mina , et kindlasti . 	kodu sõitma hommik esimene rong , tema ütlema , et helistama ja mina , et kindlasti .
37		 Terve tee mõtlesin , et kas tunnen ka midagi . 	terve tee mõtlema , et kas tundma ka miski .
37		" Lone numbrit mul ei olnud , kogu ülejäänud nädala puhusin saksofoni , üritasin "" Come On "" soolot korrata , sest sellepärast nad vihaseks saidki ju . "	"Lone number mina ei olema|olnud , kogu ülejäänud nädal puhuma saksofon , üritama "" Come olema "" soolo kordama , sest sellepärast tema vihane saama ju ."
37		 Ei tulnud . 	ei tulema|tulnud .
37		 Pentatoonika tükkis sekka . 	Pentatoonika tükkima sekka .
37		 Fusion . 	Fusion .
37		 Kui ma Lonet mingi muusikaga seostasin , siis oli see Pastorius . 	kui mina Lonet mingi muusika seostama , siis olema see Pastorius .
37		 Lena kohta tulid segased harmooniad oriendist ja Addinsellist , mis pole ei see- ei-teine . 	Lena kohta tulema segane harmoonia orient ja Addinsell , mis olema ei see ei-teine .
37		 Lone ju ise laulis , andis midagi enda seest , tegi , oli kõiges väga sees . 	Lone ju ise laulma , andma miski ise seest , tegema , olema kõik väga sees .
37		 Lena ... Lena teadis , mida teha , mida mul vaja , tegi ka vist paremini kui keegi teine . 	Lena ... Lena teadma , mis tegema , mis mina vaja , tegema ka vist paremini kui keegi teine .
37		 Aga see polnud see . 	aga see olema see .
38		 Öö enne Amageri jõudis kõik kohale . 	öö enne Amager jõudma kõik kohale .
38		 Musta telefoni kohta vist ka . 	Must|Musta telefon kohta vist ka .
38		" Mängisin pilves öötaeva poole "" Moonlight Serenade'i "" . "	"mängima pilves öötaevas poole "" Moonlight Serenade ’ i "" ."
38		 Oh Lone , Lone ... 	oh Lone , Lone ...
39		" Proovi tegid nad "" kuivalt "" , ilma solistita . "	"proov tegema tema "" kuivalt "" , ilma solist ."
39		 Lars ütles et nad oli mu käitumist arutanud ja leidnud , et võib andeks anda küll . 	Lars ütlema et tema olema mina käitumine arutama|arutanud ja leidma|leidnud , et võima andeks andma küll .
39		 Ega's mina pidanud teadma , kuidas nemad asja võtavad . 	ega ’ s mina pidama|pidanud teadma , kuidas tema asi võtma .
39		 Aga et ikkagi kust ma lindid sain ? 	aga et ikkagi kust mina lint saama ?
39		" Kas "" Kanalen Records "" lekitas ? "	"kas "" Kanalen Records "" lekitama ?"
39		 Nemad ise olnud peale Jesperi surma kõik hävitanud — mis plaadile ei jõudnud , oli toores ja Jesperile poleks see meeldinud . 	tema ise olema|olnud peale Jesper|Jesperi surm kõik hävitama|hävitanud - mis plaat ei jõudma|jõudnud , olema toores ja Jesperile olema see meeldima|meeldinud .
39		 Mul kihvatas küll , et mis jama see on , ent lasin siis kogu loo endale ära rääkida . 	mina kihvatama küll , et mis jama see olema , ent laskma siis kogu lood|loog|lugu ise ära rääkima .
40		 Jesper Damsgaard oli olnud saksimängija , toosama , kelle mina välja vahetasin . 	Jesper Damsgaard olema olema|olnud saksimängija , toosama , kes mina välja vahetama .
40		 Hukkus kaks kuud tagasi , läks Jyllandil paadiga sõitma ega tulnudki enam tagasi , laine oli tugev olnud , ju ta mere põhja jäigi . 	hukkuma kaks kuu tagasi , minema Jylland|Jyllandi|Jyllant paat sõitma ega tulnu enam tagasi , laine olema tugev olema|olnud , ju tema meri põhi jääma .
40		 Tühja kirstuga kodukohas Borrises maeti . 	tühi kirst kodukoht Borris matma .
40		" Enne Jesperi surma olid nad demolindi teinud ja "" Kanalenile "" saatnud . "	"enne Jesper|Jesperi surm olema tema demolint tegema|teinud ja "" Kanalenile "" saatma|saatnud ."
40		" "" Come On "" oli lõpulugu , kõige parem , mis neil iial välja tulnud . "	""" Come olema "" olema lõpulugu , kõige parem , mis tema iial välja tulema|tulnud ."
40		 Jesperi soolo võrratu , puhus sisse kaks päeva enne uppumist . 	Jesper|Jesperi soolo võrratu , puhuma sisse kaks päev enne uppumine .
40		 Ja siis palusid firmal kõik unustada , sest Jesperile poleks meeldinud , kui tema soolo kõrvalt sisse miksitud . 	ja siis paluma firma kõik unustama , sest Jesperile olema meeldima|meeldinud , kui tema soolo kõrvalt sisse miksima|miksitud .
40		 Põhja pidanuks niikuinii uuesti tegema ju . 	põhi pidama niikuinii uuesti tegema ju .
40		 Ja siis tulen mina . 	ja siis tulema mina .
40		 Kuulan demo pealt Jesperi ära ja puhun täpselt sedasama . 	kuulama demo pealt Jesperi ära ja puhuma täpselt seesama .
40		" Ja Jesper oligi olnud algne "" The Ipanema Grooversi "" isa , fusioni ideoloog , advokaat , prohvet . "	"ja Jesper olema olema|olnud algne "" The Ipanema Groovers|Grooversi "" isa , fusion|fusioni ideoloog , advokaat , prohvet ."
40		 Hea küll , ma ei teadnut , et Lone ja Jesper magasid koos ja oleks kuu pärast abiellunud . 	hea küll , mina ei teadnu , et Lone ja Jesper magama koos ja olema kuu pärast abielluma|abiellunud .
41		 Ma siis ütlesin , et Jesperist ja demolindist pole elu sees kuulnud , et mängisin nii nagu kuulsin , mis tuli see tuli . 	mina siis ütlema , et Jesper|Jesperi ja demolint olema elu sees kuulma|kuulnud , et mängima nii nagu kuulma , mis tulema see tulema .
41		 Ju siis inspiratsioon ( Lone , aga seda ma ei öelnud ) on sama , tunnetus ja tajud . 	ju siis inspiratsioon ( Lone , aga see mina ei öelnud|ütlema ) olema sama , tunnetus ja tajuma .
41		 Peaksin ju sobima , kui Jesperiga samast veregrupist olen . 	pidama ju sobima , kui Jesper|Jesperi sama veregrupp olema .
41		 Nad tegid näo , et usuvad . 	tema tegema nägu , et uskuma .
41		 Et käitusin lollisti ja nüüd ei julge üles tunnistada . 	et käituma lollisti ja nüüd ei julgema üles tunnistama .
41		 Saksi koha pealt aga sobin täpselt ja siis jäägu see asi pealegi sinnapaika . 	saksi koha|koht pealt aga sobima täpselt ja siis jääma see asi pealegi sinnapaika .
41		 Fusioonitasime terve õhtu . 	Fusioonitasime terve õhtu .
41		 Miks solisti pole ? 	miks solist olema ?
41		 Ehk järgmine kord , vastasid nad , tüdrukul raske aeg . 	ehk järgmine kord , vastama tema , tüdruk raske aeg .
41		 Aga telefoninumbri ikka sain . 	aga telefoninumber ikka saama .
41		 Kirjutasin nad kodus üksteise kõrvale telefoni alla ja hakkasin mõtlema . 	kirjutama tema kodu üksteise kõrvale telefon alla ja hakkama mõtlema .
41		 Peale jäi see , et Lonel peaks demo alles olema . 	peale jääma see , et Lonel pidama demo alles olema .
41		 Hea ettekääne ka . 	hea ettekääne ka .
41		 Lena oli samuti üle läinud ja vaevalt Lone seda kauemaks arvestanud oli . 	Lena olema samuti üle läinud|minema ja vaevalt Lone see kauem arvestama|arvestanud olema .
41		 Ja ma polnud teda juba üle nädala näinud . *** 	ja mina olema tema juba üle nädal nägema|näima|näinud . ***
42		 See oli vapustav . 	see olema vapustav .
43		 Noh , mõnikord sa lihtsalt ju tunned mõneks romansiks erakordselt valmis olevat...ja oled nõus võtma ükskõik mida . 	noh , mõnikord sina lihtsalt ju tundma mõni romanss erakordselt valmis olema ... ja olema nõus võtma ükskõik mis .
43		 Ja kõik sündmused nagu juhiks mingi afääri poole . 	ja kõik sündmus nagu juhtima mingi afäär poole .
44		 Aga see oli midagi täiesti erinevat . 	aga see olema miski täiesti erinev .
44		 Ma ei tea siiamaani , kas olin selleks päriselt valmis . 	mina ei teadma siiamaani , kas olema see päriselt valmis .
45		" Keegi on öelnud , et naisterahvastel on see "" esimesest pilgust "" palju sügavam ja tugevam , lööb jalust maha ja suretab muu välja . "	"keegi olema öelnud|ütlema , et naisterahvas olema see "" esimene pilk "" palju sügavam ja tugevam , lööma jalg maha ja suretama muu välja ."
45		 Mehed otsivad Sharon Stone'i , kiimlevad selle järele , mis arhetüübile vastab ja mida nad ajakirjades näinud . 	mees otsima Sharon Stone ’ i , kiimlema see järele , mis arhetüüp vastama ja mis tema ajakiri nägema|näima|näinud .
45		 Loll jutt , muidugi . 	loll jutt , muidugi .
45		 Seal oma Vesterbro kööktoas ta mind ootas , elektri oli välja lülitanud , küünlad süüdanud ja ahjus rostbiifi teinud . 	seal oma Vesterbro kööktuba tema mina ootama , elekter olema välja lülitama|lülitanud , küünal süüdanud|süütama ja ahi rostbiif tegema|teinud .
45		 Ju ta mingile romantikale mõtles , aga ära oodata ei kannatanud , sest rostbiifi sõime alles hommikul . 	ju tema mingi romantika mõtlema , aga ära ootama ei kannatama|kannatanud , sest rostbiif sööma alles hommik .
45		 Pool veini jõudsime küll öösel ära juua . 	pool vein jõudma küll öösel ära jooma .
45		 Mitte et seda väga vaja oleks olnud , kuid küünlad ju põlesid . 	mitte et see väga vaja olema olema|olnud , kuid küünal ju põlema .
45		" Ma tulin rattaga , kondoomid rebisin valveapteegist kaasa — see , kes niimodi "" Come On , Come Over "" laulab ei kasuta tablette . "	"mina tulema ratas , kondoom rebima valveapteek kaasa - see , kes niimodi "" Come olema , Come Over "" laulma ei kasutama tablett ."
45		 Nagu Lena , näiteks . 	nagu Lena , näide .
45		 Kondoomid jagasid rostbiifi saatust , ainult selle vahega , et neid ei läinud hommikul ka tarvis . 	kondoom jagama rostbiif saatus , ainult see vahe , et tema ei läinud|minema hommik ka tarvis .
45		 Muusika sai sellest muidugi ehedam — kuulsin oma soolot , nüüd oli ta siin ja olemas , isegi rütm tuli kaasa , just siis kui jälle ta väikesi rindu suudlesin . 	muusika saama see muidugi ehedam - kuulma oma soolo , nüüd olema tema siin ja olema , isegi rütm tulema kaasa , just siis kui jälle tema väike|väikene rind suudlema .
45		 Iga sessioon algas niimoodi . 	iga sessioon algama niimoodi .
45		 Tulid Jaco omas rüüges lüürikas , Oscar pehme muigega klaveril nukrutsedes , mingil hetkel mõtiskles Astrud Brasiilia kuumades lainetes , Benny Goodman ja Miles Davis , kuulsin neid kõiki . 	tulema Jaco oma rüüge lüürika , Oscar pehme muie klaver nukrutsema , mingi hetk mõtisklema Astru|Astrud Brasiilia kuum laine , Benny Goodman ja Miles Davis , kuulma tema kõik .
45		 Aga üle kõige...üle kõige tulid saksi hääled igavikust , kus on muidu külm ja vaikne . 	aga üle kõige ... üle kõige tulema saksi hääl igavik , kus olema muidu külm ja vaikne .
46		 Ja väga märg . 	ja väga märg .
47		 Fusion . 	Fusion .
48		 Nad uhasid mu üle ja mina andsin sellest niipalju kui suutsin Lonele . 	tema uhama mina üle ja mina andma see niipalju kui suutma Lonele .
48		 Ta ei avanud silmi ja muidugi , oh muidugi , igal kirgastumishetkel , mille kokkulugemise koiduvalgus segamini ajas , kutsus ta mind Jeppeks . 	tema ei avama|avanud silm ja muidugi , oh muidugi , iga kirgastumishetk , mis kokkulugemine koiduvalgus segamini ajama , kutsuma tema mina Jeppeks .
49		" "" Me ei saa koos bändis mängida , "" teatas ta mulle hommikul . "	""" mina ei saama koos bänd mängima , "" teatama tema mina hommik ."
49		 Lõikas liha ja valas veini . 	lõikama liha ja valama vein .
49		" "" Ma ei saa seda enam...uuesti teha . "	""" mina ei saama see enam ... uuesti tegema ."
49		" See kõik on liiga valus . "" "	"see kõik olema liiga valus . """
50		" "" Ei olnud ju . "	""" ei olema|olnud ju ."
50		" Sul on seda vaja . "" "	"sina olema see vaja . """
51		" "" Valus on . "	""" valu olema ."
51		" Ikkagi on valus , "" ja ta istus väikese söögilaua taha , vaatas isutult rostbiifi . "	"ikkagi olema valus , "" ja tema istuma väike|väikene söögilaud taha , vaatama isutult rostbiif ."
51		 Ja siis jälle mind . 	ja siis jälle mina .
52		" "" Tead , ma ei võtnud musta mobiili numbrit , "" ütlesin . "	""" teadma , mina ei võtma|võtnud must mobiil number , "" ütlema ."
53		" "" Sinule piisaks rohelisestki . "" "	""" sina piisama roheline . """
54		" "" Special arrangement ? "" "	""" Special arrangement ? """
55		" "" Jah . "	""" jah ."
55		" Ma lootsin ... "" "	"mina lootma|lootsima ... """
56		" "" Ma tean , mida sa lootsid . "	""" mina teadma , mis sina lootma ."
56		 Muide , ei töödanud , ehkki nädala aitas välja . 	muide , ei töödanud , ehkki nädal aitama välja .
56		 Aga siis tulid sa tagasi . 	aga siis tulema sina tagasi .
56		 Ei must ega roheline mobiil pole minu jaoks . 	ei must ega roheline mobiil olema mina jaoks .
56		" Musta jaoks pole rahagi . "" "	"Must|Musta jaoks olema raha . """
57		" "" Balletikooli stipid on väikesed , "" märkis ta kahetsevalt . "	""" balletikool stipp olema väike|väikene , "" märkima tema kahetsevalt ."
57		" "" Aga ega ma sellepärast ... "" "	""" aga ega mina sellepärast ... """
58		 Tõusin püsti , läksin Lone juurde ja enne kui mu käed teda puudutada jõudsid , oli tüdruk mu süles , põimis jalad ümber piha . 	tõusma püsti , minema Lone juurde ja enne kui mina käsi tema puudutama jõudma , olema tüdruk mina süli , põimima jalg ümber pihk|piht .
58		 Ja püüdis mitte otsa vaadata . 	ja püüdma mitte otsa vaatama .
58		" "" Armas , "" sositasin , "" armas , mind ei huvita palju ta selle musta pealt lisa teenib . "	""" Armas , "" sositasin , "" armas , mina ei huvitama palju tema see must pealt lisa teenima ."
58		 Ma tean , miks sa üritasid , kuid ainus , mida praegu tunnen on piin . 	mina teadma , miks sina üritama , kuid ainus , mis praegu tundma olema piin .
58		" Et miks sa pidid ... "" "	"et miks sina pidama ... """
59		" "" Ma tahtsin , et sul üle läheks . "	""" mina tahtma , et sina üle minema ."
59		" Et kõik oleks meelepete , illusioon . "" "	"et kõik olema meelepete , illusioon . """
59		 Suudlused lämmatasid vaidluse . 	suudlus lämmatama vaidlus .
59		" "" Kallis , kallis , kallis . "	""" kallis , kallis , kallis ."
59		 Kust sa tulid ? 	kust sina tulema ?
59		" Miks ? "" "	"miks ? """
60		" "" Kas sa tundsid siis armukadedust ? "	""" kas sina tundma siis armukadedus ?"
60		" Kui mina ja Lena ... "" "	"kui mina ja Lena ... """
61		 Muidugi ta noogutas . 	muidugi tema noogutama .
61		" "" Ma nägin , kuulsin sinus teda , mõistad ? "" "	""" mina nägema , kuulma sina tema , mõistma ? """
62		" "" Ja ainult ? "" "	""" ja ainult ? """
63		" "" Ei , mitte . "	""" ei , mitte ."
63		" Mingi tõmme on ju , selline seletamatu . "" "	"mingi tõmme olema ju , selline seletamatu . """
63		 Jah , oli küll . 	jah , olema küll .
63		 Ta läks pesema , vaatasin korteris ringi . 	tema minema pesema , vaatama korter ringi .
63		 Riiulil , plaatide vahel oli raamitud mehe pilt . 	riiul , plaat vahel olema raamima|raamitud mees pilt .
63		 Selline tumedate juustega , karmi ilmega , mehine , jõuline . 	selline tume juus , karm ilme , mehine , jõuline .
63		 Jesper ilmselt . 	Jesper ilmselt .
63		 Seisin ja jõllitasin teda . 	seisma ja jõllitama tema .
63		 Et mina temaga sarnaneks ? 	et mina tema sarnanema ?
63		 No way ! 	no way !
63		" "" Sa oled surnud , said aru , "" pomisesin . "	""" sina olema surema|surnud , saama aru , "" pomisema ."
63		 Ma arvan , et see foto on Lone korteris siiamaani alles . 	mina arvama , et see foto olema Lone korter siiamaani alles .
64		 Millalgi läksin ma ära , sest minu jaoks oli ka kõike ja korraga liiga palju . 	millalgi minema mina ära , sest mina jaoks olema ka kõik ja korraga liiga palju .
64		 Tema , Lone , tundis ennast rohkem süüdi kui mina . 	tema , Lone , tundma ise rohkem süüdi kui mina .
64		 Mis kuradi pärast ei saa naised võtta asju nii nagu nad on ? 	mis kurat pärast ei saama naine võtma asi nii nagu tema olema ?
64		 Miks ta pidi helistama oma prostituudist sõbrannale ja paluma mind maha rahustada ? 	miks tema pidama helistama oma prostituut sõbranna ja paluma mina maha rahustama ?
64		 Rumal lootus , et ma ennast Lenaga maha laadin kuniks tema Jesperit leinab . 	rumal lootus , et mina ise Lena maha laadima kuniks tema Jesper|Jesperi leinama .
64		 Et äkki ongi hetkeline kiindumus ? 	et äkki olema hetkeline kiindumus ?
64		 Ei olnud ju ja ta pidi seda teadma . 	ei olema|olnud ju ja tema pidama see teadma .
64		 Aga ikkagi piinas ennast , et kas tunneb armukadedust . 	aga ikkagi piinama ise , et kas tundma armukadedus .
64		 Noh , tundis ju ... 	noh , tundma ju ...
64		 Vähemalt oli ta proovinud mulle anda valiku südame ja kire vahel . 	vähemalt olema tema proovima|proovinud mina andma valik süda ja kirg vahel .
64		 Lena oli ju ainult ihu — hell , õrn , oskuslik , kaasatulev , andev — aga ikkagi ainult ihu . 	Lena olema ju ainult ihu - hell , õrn , oskuslik , kaasatulev , andev - aga ikkagi ainult ihu .
64		 Lone oli seda minu jaoks palunud , nii ta vähemalt arvas . 	Lone olema see mina jaoks paluma|palunud , nii tema vähemalt arvama .
64		 Arvas ja kahetses nüüd . 	arvama ja kahetsema nüüd .
65		 Ent bändi suhtes oli tal õigus . 	ent bänd suhtes olema tema õigus .
65		 Ma ei tea kuidas seal temal ja Jesperil õnnestus , võibolla ei hakanud kohe algusest peale , niimoodi tasapisi kasvas...siis saab muusikat teha küll . 	mina ei teadma kuidas seal tema ja Jesper|Jesperi õnnestuma , võibolla ei hakanud|hakkama kohe algus peale , niimoodi tasapisi kasvama ... siis saama muusika tegema küll .
65		 Aga meie puhul oli ainus lootus , et üle jääb või rööpasse vajub . 	aga mina puhul olema ainus lootus , et üle jääma või rööbas vajuma .
65		 Ta oli küll minu muusa , ent niimoodi proovides olla , teha seda , mis oluline kogu bändile , mitte ainult meile kahele ? 	tema olema küll mina muusa , ent niimoodi proov olema , tegema see , mis oluline kogu bänd , mitte ainult mina kaks ?
65		 Lona ootab sisimas , et ma Jesperi kombel puhuksin ... 	Lona ootama sisim , et mina Jesper|Jesperi kombel puhuma ...
65		 Muusikat ja seda uppunud neurasteenikut saab meie vahele liiga palju , liiga palju fusioni . 	muusika ja see uppuma|uppunud neurasteenik saama mina vahele liiga palju , liiga palju fusion .
66		 Otsustasin , et järgmisesse proovi ei lähe . 	otsustama , et järgmine proov ei minema .
66		 Eks siis vaata , mis edasi saab . 	eks siis vaatama , mis edasi saama .
66		 Istusin kodus , mängisin pilli , mõtlesin . 	istuma kodu , mängima pill , mõtlema .
66		 Lonet ei otsinud , sest tema pidi ka mõtlema . 	Lonet ei otsima|otsinud , sest tema pidama ka mõtlema .
66		 Tõmbas , muidugi tõmbas tema juurde . 	tõmbama , muidugi tõmbama tema juurde .
66		 Vahel hakkas isegi valus . 	vahel hakkama isegi valus .
66		 Ajasin kokku hunnikus plaate ja kuulasin kõike , mida fusioniks peetud . 	ajama kokku hunnik plaat ja kuulama kõik , mis fusioniks peetud|peetuma|pidama .
66		" Panin arvuti käima ja lükkasin "" Google'isse "" Jesper Damsgaard . "	"panema arvuti käima ja lükkama "" Google ’ isse "" Jesper Damsgaard ."
66		 Tuli artikkel mingist Norwichi online ajakirjast . 	tulema artikkel mingi Norwich|Norwichi online ajakiri .
66		" "" It's about being yourself in different styles , "" kirjutas mu armastatu surnud armastatu . "	""" It ’ s about being yourself in different stylema , "" kirjutama mina armastatu surema|surnud armastatu ."
66		" "" In different music , in everything different world can offer . "	""" In different music , in everything different world can offer ."
66		 Mixing , combining , searching , looking for a new forms and for a content of Meaning of Life . 	Mixing , combining , searching , looking for a new forms and for a content of Meaning of Life .
66		 Looking for a new life itself afterall . 	Looking for a new life itself afterall .
66		 I am not playing fusion to earn money or to find glory . 	I am not playing fusion to earn money or to find glory .
66		 I do it for I need to know what's out there . 	I do it for I see to know what ’ s out there .
66		 And now I know that there is a lot more I ever dared to imagine . 	And now I know that there is a lot more I ever dare|dared to imagine .
66		 Not only I know , now I remember ! 	Not only I know , now I remember !
66		" I remember the worlds gone into history long ago , the times and the lands that can be touched and perceived only through music . "" "	"I remember the worlds gone into history long ago , the time and the lands that can be touche|touched and perceive|perceived only through music . """
66		 Nii et ta oli siis lüürik ja unistaja ka kõike peale muud . 	nii et tema olema siis lüürik ja unistaja ka kõik peale muu .
66		 Võibolla veidi haige ka . 	võibolla veidi haige ka .
66		 Ja kui sinna lisada see karm ilme , siis sellised ju naistele meeldivadki . 	ja kui sinna lisama see karm ilme , siis selline ju naine meeldima .
66		" "" You are fucking dead , buddy ! "" pomisesin ja panin arvuti kinni . "	""" You are fucking dea|dead , buddy ! "" pomisema ja panema arvuti kinni ."
66		" Läks paadiga ujuma ( "" laine oli olnud tugev "" ) ja ei tulnudki enam tagasi ? "	"minema paat ujuma ( "" laine olema olema|olnud tugev "" ) ja ei tulema enam tagasi ?"
66		 Armastab ja on armastatud sellise naise poolt nagu Lone . 	armastama ja olema armastama|armastatud selline naine poolt nagu Lone .
66		 Läheb üksi ujuma ja upub ära . 	minema üksi ujuma ja uppuma ära .
66		 Geniaalne muusik , bändil plaadilootused . 	geniaalne muusik , bänd plaadilootus .
66		 Ja tema võtab kätte ja upub ära ? 	ja tema võtma käsi ja uppuma ära ?
66		 See julm , karm , tahtejõuline nägu , see saksofonisoolo ... 	see julm , karm , tahtejõuline nägu , see saksofonisoolo ...
66		 Mida Lone temaga tegi ? 	mis Lone tema tegema ?
66		 Miks ? 	miks ?
66		 Musta numbrit polnud , ent see oli ju kundedele , mulle pidi rohelisestki piisama . 	Must|Musta number olema , ent see olema ju kunde , mina pidama roheline piisama .
66		 20 65 65 41. 	20 65 65 41.
66		 Kutsus aga ei võtnud vastu . 	kutsu aga ei võtma|võtnud vastu .
66		 Kui Lena jookseb , on mobiil tal vööl . 	kui Lena jooksma , olema mobiil tema vöö .
66		 Proovisin tunni pärast uuesti . 	proovima tund pärast uuesti .
66		 Ta hingeldas õrnalt . 	tema hingeldama õrnalt .
66		" "" Jah , Lena kuuleb . "" "	""" jah , Lena kuulma . """
67		" "" Läks ta juba ära ? "" küsisin . "	""" minema tema juba ära ? "" küsima ."
68		 Vaikus . 	vaikus .
68		" Siis — "" Peder ? "" "	"siis - "" Peder ? """
69		" "" Tema . "	""" tema ."
69		" Oled nüüd üksi ? "" "	"olema nüüd üksi ? """
70		" "" Jah . "	""" jah ."
70		" Sa siis tead ? "" "	"sina siis teadma ? """
71		" "" Jagasin ära . "	""" jagama ära ."
71		" Tead , ma tahaks ... "" "	"teadma , mina tahtma ... """
72		" "" Mina ei tahaks . "	""" mina ei tahtma ."
72		 Mitte et sa mulle ei meeldiks aga...saa aru , Lone pole mulle juba nädal aega helistanud . 	mitte et sina mina ei meeldima aga ... saama aru , Lone olema mina juba nädal aeg helistama|helistanud .
72		" Tead , see oli vist kõik vale , mis me tegime . "" "	"teadma , see olema vist kõik vale , mis mina tegema . """
73		" "" Aga me tegime . "	""" aga mina tegema ."
73		" Ja ma tahan sinu käest midagi küsida . "" "	"ja mina tahtma sina käest miski küsima . """
74		" "" Lone kohta ? "" "	""" Lone kohta ? """
75		" "" Ei . "	""" ei ."
75		" Jesperi kohta . "" "	"Jesper|Jesperi kohta . """
76		 Ta mõtles järele . 	tema mõtlema järele .
76		" "" Miks ? "	""" miks ?"
76		" Miks sa Lone käest ei küsi ? "" "	"miks sina Lone käsi ei küsima ? """
77		" "" Sina küsiksid ? "" "	""" sina küsima ? """
78		" "" Ta on surnud , Peder . "	""" tema olema surema|surnud , Peder ."
78		" Ja sel kõigel pole enam mõtet ... "" "	"ja see kõik olema enam mõte ... """
79		" "" Näiteks "" Svanes "" . "	""" näide "" Svanes "" ."
79		 Tunni pärast . 	tund pärast .
79		 Ja palun pane midagi pikka ja katvat selga , eksole ? 	ja paluma panema miski pikk ja kattev selg , ekso ?
79		" Mitte et sa mulle ei meeldiks , ent Lone pole mulle ka juba nädal aega helistanud . "" "	"mitte et sina mina ei meeldima , ent Lone olema mina ka juba nädal aeg helistama|helistanud . """
80		 Ta tuligi pikkades lohmakates mustades pükstes ja kaelani ürbis . 	tema tulema pikk lohmakas must püks ja kael ürp .
80		 Mitte et see palju aidanud oleks , ma ju teadsin ja mäletasin nii hästi , mis seal all on . 	mitte et see palju aidanud|aitama olema , mina ju teadma ja mäletama nii hästi , mis seal all olema .
80		 Ta ei olnud ennast värvinud ka , nagu enne jooksmistki ja seegi tõi liiga palju meelde . 	tema ei olema|olnud ise värvima|värvinud ka , nagu enne jooksmine ja see tooma liiga palju meel .
80		" "" Ma ei taha Lonest rääkida , "" ütles ta kohe . "	""" mina ei tahtma Lonest rääkima , "" ütlema tema kohe ."
80		" "" Ja sinuga ma ei maga ka enam . "" "	""" ja sina mina ei magama ka enam . """
81		" "" Mul oleks ka hea meel , kui me ilma hakkama saaksime . "	""" mina olema ka hea meel , kui mina ilma hakkama saama ."
81		" Kes Jesper oli ? "" "	"kes Jesper olema ? """
82		 Ta rääkis . 	tema rääkima .
82		 Niipalju kui teadis ja sai . 	niipalju kui teadma ja saama .
82		 Et meie kohtumine kiiremini ümber saaks . 	et mina kohtumine kiiremini ümber saama .
82		 Kõigepealt — ta polnud Jesperiga maganud ja seepärast ei tundnud teda päriselt . 	kõigepealt - tema olema Jesper|Jesperi magama|maganud ja seepärast ei tundma|tundnud tema päriselt .
82		 Aga Lonega tekkis neil asi pika peale . 	aga Lone tekkima tema asi pikk peale .
82		 Kuidagi said aru , et on kohale jõudnud . 	kuidagi saama aru , et olema kohale jõudma|jõudnud .
82		 Jesper oli huvitav inimene , tundis kõige vastu huvi , tahtis palju lugeda , suvaliste inimestega rääkida — ükskõik millest . 	Jesper olema huvitav inimene , tundma kõige vastu huvi , tahtma palju lugema , suvaline inimene rääkima - ükskõik mis .
82		 Ta uuris elu , arvas Lena . 	tema uurima elu , arvama Lena .
82		 Muusikat pidas Jesper üheks osaks inimeste võimetest , nii ta oligi öelnud . 	muusika pidama Jesper üks osa inimene võime , nii tema olema öelnud|ütlema .
82		 Et enne ei tea , mis inimene ta on , kui ei õpi endast muusikas välja andmast kõike , mis seal sees võib olla . 	et enne ei teadma , mis inimene tema olema , kui ei õppima ise muusika välja andma kõik , mis seal sees võima olema .
82		 Muusika on looduses olemas ja ta tuleb inimesse , muusika mängimine on vaid maailma tunnetamine . 	muusika olema loodus olema ja tema tulema inimene , muusika mängimine olema vaid maailm tunnetamine .
82		 Millest tal puudu oli , küsisin . 	mis tema puudu olema , küsima .
82		" Lena meenutas ja ütles siis : "" Ükskord ta ütles , et ta on laps ja muud midagi . "	"Lena meenutama ja ütlema siis : "" ükskord tema ütlema , et tema olema laps ja muu miski ."
82		 Lena ei saanud sellest aru aga mina küll . 	Lena ei saama|saanud see aru aga mina küll .
82		 Istusime kuskil , nemad jõid veini ja vaidlesime elu üle . 	istuma kuskil , tema jooma vein ja vaidlema elu üle .
82		 Jesper rääkis , et iga inimene on ainult laps , tulnud oma vanematest ja selleks jääbki kuni hetkeni , mil saab ise vanemaks . 	Jesper rääkima , et iga inimene olema ainult laps , tulema|tulnud oma vanem ja see jääma kuni hetk , mil saama ise vanem .
82		 Lapsevanemaks . 	lapsevanem .
82		 Et see siis pidigi olema elus pöördepunkt . 	et see siis pidama olema elus pöördepunkt .
82		 Kui ta muutub elu saajast , võtjast elu andjaks . 	kui tema muutuma elu saaja , võtja elu andja .
82		 Ja enne seda — selles lapse elus — polegi võimalik millestki aru saada . 	ja enne see - see laps elu - olema võimalik miski aru saama .
82		" Lapse muusika on võtja muusika , vanema oma andja . "" "	"laps muusika olema võtja muusika , vanem oma andja . """
83		" "" Ja Lone ? "" "	""" ja Lone ? """
84		" "" Ta laulab , tahab laulda . "	""" tema laulma , tahtma laulma ."
84		" See on tema jaoks praegu peamine . "" "	"see olema tema jaoks praegu peamine . """
85		" "" Et sa siis arvad ka ... "" "	""" et sina siis arvama ka ... """
86		" "" Midagi ma ei arva . "	""" miski mina ei arvama ."
86		 Jesper on surnud ja vahet pole . 	Jesper olema surema|surnud ja vahe olema .
86		" Miks ta sulle nii oluline on ? "" "	"miks tema sina nii oluline olema ? """
87		" "" Meid tõmbab raske jõuga , kuid Lone näeb minus Jesperit . "	""" mina tõmbama raske jõud , kuid Lone nägema mina Jesper|Jesperi ."
87		 Ta on kogu aeg kuskil siin , meie vahel , kõrval ümber . 	tema olema kogu aeg kuskil siin , mina vahel , kõrval ümber .
87		" Ma tahan , et see nii ei oleks . "" "	"mina tahtma , et see nii ei olema . """
88		" "" Siis unusta ta ära , ära mõtle temast , ära küsi minu käest . "	""" siis unustama tema ära , ära mõtlema tema , ära küsima mina käest ."
88		" Las tema vaim saab rahu . "" "	"las tema vaim saama rahu . """
89		 Ma saatsin Lena koju , jalutasime pikalt mööda Østerbrogadet , ta hoidis mul käest ja nihkus õrnalt keha vastu . 	mina saatma Lena kodu , jalutama pikalt mööda Østerbrogade , tema hoidma mina käsi ja nihkuma õrnalt keha vastu .
89		 Lena keha oli ka riiete all ikka nii soe ja hõõgav . 	Lena keha olema ka riie all ikka nii soe ja hõõgav .
89		 See oli mõistuse kirg , mis mind painas . 	see olema mõistus kirg , mis mina painama .
89		 Me suudlesime pikalt lävel aga see ei tähendanud midagi . 	mina suudlema pikalt lävi aga see ei tähendama|tähendanud miski .
89		 Ega seegi , et ta keel varmalt mu suhu lipsas ja vallatusi tegi . 	ega see , et tema keel varmalt mina suu lipsama ja vallatus tegema .
89		 Lena lihtsalt ei osanud enam ammu teistmoodi suudelda . 	Lena lihtsalt ei osanud|oskama enam ammu teistmoodi suudlema .
90		 Sel ööl ma oksendasin . 	see öö mina oksendama .
91		 Verd . *** 	veri . ***
92		 Jäin haigeks , sonisin , oli palavik , neelasin mingeid suvalisi tablette , mis juhuslikult kokku kuhjunud ja mida värisevail käsi vannitoakapist kahmasin . 	jääma haige , sonima , olema palavik , neelama mingi suvaline tablett , mis juhuslikult kokku kuhjuma|kuhjunud ja mis värisev käsi vannitoakapp kahmama .
92		 Uimades viirastusid Lone , Lena , Jens , Lars , kõik segunes külma ja kisendavasse ookeani , saksofon mängis , tahtis kõrvad lõhata . 	uim viirastuma Lone , Lena , Jens , Lars , kõik segunema külm ja kisendav ookean , saksofon mängima , tahtma kõrv lõhkama .
92		 Vist helistasin kellelegi , aga mida rääkisin , ei mäleta . 	vist helistama keegi , aga mis rääkima , ei mäletama .
92		 Ka mulle helistati , ükskord isegi Lone ja ma karjusin , et ta toru ära paneks . 	ka mina helistama , ükskord isegi Lone ja mina karjuma , et tema toru ära panema .
92		 Püsti olla ei saanud , lamades vähkresin , visklesin — tean seda muhkudest ja verevalumitest , sest kukkusin paar korda põrandale . 	püsti olema ei saama|saanud , lamama vähkrema , visklema - teadma see muhk ja verevalum , sest kukkuma paar kord põrand .
93		 Minust voolas verd , minu oma verd . 	mina voolama veri , mina oma veri .
93		 Seda immitses kõrvadest , suust , ninast , küünte alt , segunes uriiniga neil harvadel kordadel , mil ma tualetti jõudsin . 	see immitsema kõrv , suu , nina , küüs alt , segunema uriin see harv kord , mil mina tualett jõudma .
93		 Jõllitasin poti kohal seistes peeglist oma nägu — läppunud ja loppis , kannatavat nägu . 	jõllitama poti|pott kohal seisma peegel oma nägu - läppuma|läppunud ja loppis , kannatav nägu .
93		 Ja hingasin peeglile . 	ja hingama peegel .
93		 Minu hingeõhk oli tulikuum , klaas kattus silmapilkselt uduga . 	mina hingeõhk olema tulikuum , klaas kattuma silmapilkselt udu .
93		 Mäletan , et tõstsin käe ja kirjutasin peeglile ühe nime . 	mäletama , et tõstma käsi ja kirjutama peegel üks nimi .
93		 Läbi udu ma ei näinud seda hästi , teadsin , et klaas sai veriseks ja nimi oli Christian . 	läbi udu mina ei nägema|näima|näinud see hästi , teadma , et klaas saama verine ja nimi olema Christian .
94		 Ühel selgushetkel sain muusika mängima , kuulasin mingit Thielemansi igavat kontsertsalvestust . 	üks selgushetk saama muusika mängima , kuulama mingi Thielemansi igav kontsertsalvestus .
94		 Mitte et see oleks aidanud aga ma lihtsalt polnud siis enam nii üksi . 	mitte et see olema aidanud|aitama aga mina lihtsalt olema siis enam nii üksi .
94		 Või kahekesi . 	või kahekesi .
94		 Mis oleks üldse aidanud ? 	mis olema üldse aidanud|aitama ?
94		 Tabletid ega süstid igatahes mitte . 	tablett ega süst igatahes mitte .
94		 Niipalju sain ma sisemusest lõhkuvate saksofoni helida tagant aru . 	niipalju saama mina sisemus lõhkuv saksofon helima tagant aru .
94		 Ma jõin . 	mina jooma .
94		 Palju ja kõike , mida oli — piima , õlut , toonikut , heeringamarinaadi , vett kraanist . 	palju ja kõik , mis olema - piim , õlu , toonik , heeringamarinaad , vesi kraan .
94		 Jõin ja verine vesi voolas minust välja köögipõrandale . 	jooma ja verine vesi voolama mina välja köögipõrand .
94		 Ma jõin terve päeva , sest mäletan seinakella lööke teisest toast . 	mina jooma terve päev , sest mäletama seinakell löök teine tuba .
94		 Kell oli vanaisa pärandus ja ta käis üleskeeratult täpselt kolm päeva . 	kell olema vanaisa pärandus ja tema käima üleskeeratult täpselt kolm päev .
94		 Vesi tõi selgust , mõistsin , et kolm päeva pole ma midagi söönud ainult põdenud ja nüüd joonud . 	vesi tooma selgus , mõistma , et kolm päev olema mina miski sööma|söönud ainult põdema|põdenud ja nüüd jooma|joonud .
94		 Vett , vedelikku ! 	vesi , vedelik !
94		 Hingeldasin nagu kala kuival . 	hingeldama nagu kala kuiv .
94		 Roomasin vannituppa , lasin jääkülma vett ääreni täis , rebisin riideid seljast . 	roomama vannituba , laskma jääkülm vesi äär täis , rebima riie selg .
94		 Verised ja katkikäristatud nartsud libisesid põrandale kui ennast vette lasin . 	verine ja katkikäristatud narts libisema põrand kui ise vesi laskma .
94		 Vesi värvus aeglaselt roosaks , ent tundsin vist ajutist kergendust , kaotasin teadvuse . 	vesi värvus aeglaselt roosa|roosk , ent tundma vist ajutine kergendus , kaotama teadvus .
94		 Kui mind niimoodi leitakse , arvatakse , et olen endal veenid läbi lõiganud . 	kui mina niimoodi leidma , arvama , et olema ise veen läbi lõiganud|lõikama .
94		 Küll nad võivad alles pead murda , kui ühtegi haava ei leia , küll nad võivad imestada , naerda , naerda , naerda ... 	küll tema võima alles pea murdma , kui üks haav ei leidma , küll tema võima imestama , naerma , naerma , naerma ...
94		 Miks , Jesper ? 	miks , Jesper ?
94		 Miks vesi , meri ookean ? 	miks vesi , meri ookean ?
94		 Terav nuga ja soe vann , räägitakse , et pidi olema kõige kergem . 	terav nuga ja soe vann , rääkima , et pidama olema kõige kergem .
94		 Ah kes räägib ? 	ah kes rääkima ?
94		 Surnud vist või need , kes endale võtnud õiguse nende eest kõneleda ; need , kes teavad , et miks keegi midagi tegi , kuidas suri , millele siis mõtles . 	surema|surnud vist või see , kes ise võtma|võtnud õigus see eest kõnelema ; see , kes teadma , et miks keegi miski tegema , kuidas surema , mis siis mõtlema .
94		 Miks ookean , Jesper ? 	miks ookean , Jesper ?
94		 Jõudsid sa üldse ookeanini ? 	jõudma sina üldse ookean ?
94		 Või pole sel enam tähtsust kui kallas ei paista , sa ei teagi kummal pool ta on , saad olla oma mõtetega täiesti üksi , ümberringi on ainult lõpmata vesi . 	või olema see enam tähtsus kui kallama ei paistma , sina ei teadma kumb pool tema olema , saama olema oma mõte täiesti üksi , ümberringi olema ainult lõpmata vesi .
94		 Ja sina oled nii üksi , pole ei süüa ega juua , elu on kaugel , seal silmapiiri taga . 	ja sina olema nii üksi , olema ei sööma ega jooma , elu olema kaugel , seal silmapiir taga .
94		 Kõik , keda kunagi oled armastanud ja kes sind armastanud . 	kõik , kes kunagi olema armastama|armastanud ja kes sina armastama|armastanud .
94		 Nüüd lasevad nad sul otsustada . 	nüüd laskma tema sina otsustama .
94		 Sa ei saa teha ei õiget ega valet otsust , sest neid pole olemas . 	sina ei saama tegema ei õige ega vale otsus , sest see olema olema .
94		 Siin — lõpmatul veel . 	siin - lõpmatu veel .
94		 On ainult paat , kus pole produkte ega kompassi , lähenev öö ja sinu valu . 	olema ainult paat , kus olema produkt ega kompass , lähenev öö ja sina valu .
94		 Võibolla sa ei otsustagi , sa ainult tahad proovida . 	võibolla sina ei otsustama , sina ainult tahtma proovima .
94		 Miks meri , Jesper ? 	miks meri , Jesper ?
95		 Fusion . 	Fusion .
95		 Igavene , lõputa ja ainuke . 	igavene , lõpp ja ainuke .
95		 Vesi ei kao kunagi . 	vesi ei kaduma kunagi .
95		 Sajab , voolab , kannab mälestusi , näeb kõike , aurustub . 	sadama , voolama , kandma mälestus , nägema kõik , aurustuma .
95		 Sajab uuesti ja nüüd on ta targem , sest on korra seal juba olnud , teab ja mäletab . 	sadama uuesti ja nüüd olema tema targem , sest olema kord seal juba olema|olnud , teadma ja mäletama .
95		 Seguneb , hoiab endas kõiki vikerkaare värve , annab elu . 	segunema , hoidma ise kõik vikerkaar värv , andma elu .
95		 Ja võib ka võtta ? 	ja võima ka võtma ?
95		 Jah , võib ka võtta . 	jah , võima ka võtma .
95		 Tead , siin all on nii vaikne . 	teadma , siin all olema nii vaikne .
95		 Aga kõik on olemas , sa ei teagi kui palju siin on . 	aga kõik olema olema , sina ei teadma kui palju siin olema .
95		 Vees . 	vesi .
95		 Tule nüüd ! 	tulema nüüd !
95		 Ma olen valmis , ma olen peaaegu väljas . 	mina olema valmis , mina olema peaaegu väljas .
96		 Ma pidin olema roninud vannist välja , roomanud trepist alla . 	mina pidama olema ronima|roninud vann välja , roomama|roomanud trepp alla .
96		 Alasti , märg ja pooleldi teadvusetu . 	Alasti , märg ja pooleldi teadvusetu .
96		 Sest ei mäleta midagi . 	sest ei mäletama miski .
96		 Ordrupi idaosast polegi mereni nii palju . 	Ordrup|Ordrupi idaosa olema meri nii palju .
96		 Võibolla mind nähti , keegi pidi nägema , miks muidu mind nii kiiresti leiti . 	võibolla mina nägema , keegi pidama nägema , miks muidu mina nii kiiresti leidma .
96		 Haiglasse viimist ma ei mäleta , ei arste , ei politseid . 	haigla viimine mina ei mäletama , ei arst , ei politsei .
96		 Aga mäletan valgusvihku , mis vee all , mu silmade kõrgusel nagu võrgust vabadusse lastud kala sünkjasse pimedusse kadus . 	aga mäletama valgusvihk , mis vesi all , mina silm kõrgus nagu võrk vabadus laskma|lastud kala sünkjas pimedus kaduma .
96		 Ja kergendust , et olen vaba , et ta on tagasi välja pääsenud . 	ja kergendus , et olema vaba , et tema olema tagasi välja pääsema|pääsenud .
96		 Helendus siugles kiiresti , lahustus vees : Thank you , thank you very much and sorry . 	helendus siuglema kiiresti , lahustuma vesi : Thank you , thank you very much and sorry .
97		 You are fucking dead , buddy , fucking dead ! *** 	You are fucking dea|dead , buddy , fucking dea|dead ! ***
98		 Len Bah Mingh . 	Len Bah Mingh .
98		 Lena . 	Lena .
98		 Kas ma tunnen sellenimelist ? 	kas mina tundma sellenimeline ?
98		 Jah , tunnen , muidugi tunnen , ta on Kuningliku balletikooli üliõpilane ja vabast ajast ajast prostituut . 	jah , tundma , muidugi tundma , tema olema Kuninglik balletikool üliõpilane ja vaba aeg aeg prostituut .
98		 Ei , siiski mitte , prostituut kõlab labaselt , ta ise ei nimetaks ennast niimoodi . 	ei , siiski mitte , prostituut kõlama labaselt , tema ise ei nimetama ise niimoodi .
98		 Ehk geisha või hetäär on õigem , ta võib anda armastust , teate , luua illusiooni . 	ehk geisha või hetäär olema õigem , tema võima andma armastus , teadma , looma illusioon .
98		 Nad ei teadnud , neid ei huvitanud , nad kehitasid õlgu . 	tema ei teadma|teadnud , see ei huvitama|huvitanud , tema kehitama õlg .
98		 Vähemalt oli ilmunud keegi , kes teab , kes ma olen , kus ma elan , keegi ainuke , kes hädaabi kuulutuse peale Gentofte haiglasse oli ilmunud , mind foto järgi ära tundnud . 	vähemalt olema ilmuma|ilmunud keegi , kes teadma , kes mina olema , kus mina elama , keegi ainuke , kes hädaabi kuulutus peale Gentofte haigla olema ilmuma|ilmunud , mina foto järgi ära tundma|tundnud .
98		 Keegi kes oli lubanud minu eest vastutada . 	keegi kes olema lubama|lubanud mina eest vastutama .
98		 Kahe tunni pärast ootab ta teid all . 	kaks tund pärast ootama tema sina all .
98		 Ta kinnitas , et te olete tõesti , kes te ütlesite ennast olevat . 	tema kinnitama , et sina olema tõesti , kes sina ütlema ise olema .
98		 Aitäh , doktor , ma lasen tal ennast suurima rõõmuga ära viia , ma olen temaga maganud , ta ihu on nii pehme , soe ja sile , ta oskab tuharaid liigutada niimoodi , et unustad kõik muu maailmas , teate , doktor ? 	aitäh , doktor , mina laskma tema ise suurim rõõm ära viima , mina olema tema magama|maganud , tema ihu olema nii pehme , soe ja sile , tema oskama tuhar liigutama niimoodi , et unustama kõik muu maailm , teadma , doktor ?
98		 Psühholoog öeldi siis ühe tegelase ametinimetuseks , kui ma viimast haigla suppi sõin , jah ta oli varem ka minu ümber keerelnud , midagi seletanud , rääkinud , küsinud . 	psühholoog ütlema siis üks tegelane ametinimetus , kui mina viimane haigla supp sööma , jah tema olema varem ka mina ümber keerelnud|keerlema , miski seletama|seletanud , rääkima|rääkinud , küsima|küsinud .
98		 Ma ei taha temaga rääkida , mul ei ole vaja sellist abi , ma ei tahtnud ennast tappa . 	mina ei tahtma tema rääkima , mina ei olema vaja selline abi , mina ei tahtma|tahtnud ise tapma .
98		 Jah , saage ükskord aru , mina — Peder Poulsen — ei tahtnud ennast 18. juuli öösel Klampenborgi rannas ära uputada . 	jah , saama ükskord aru , mina - Peder Poulsen - ei tahtma|tahtnud ise 18. juuli öösel Klampenborg|Klampenborgi|Klampenbork rand ära uputama .
98		 Minul ei ole probleeme , mina tahan elada ja armastada , tahan mängida saksofoni ja lasta ennast Lenal võimalikult kiiresti ära viia . 	mina ei olema probleem , mina tahtma elama ja armastama , tahtma mängima saksofon ja laskma ise Lenal võimalikult kiiresti ära viima .
98		 Sinna Østerbro kahetoalisse isikupäratusse korterisse , kus ta võtab oma kundesid vastu . 	sinna Østerbro kahetoaline isikupäratus korter , kus tema võtma oma kunde vastu .
99		 Sõitsime taksoga . 	sõitma takso .
99		 Lena oli ostnud mulle teksased , aluspüksid , halli T-särgi ja meremehekingad . 	Lena olema ostma|ostnud mina teksased , aluspüksid , hall T-särk ja meremeheking .
99		 Neid ma jalga ei pannud . 	see mina jalga ei panema|pannud .
99		 Riided olid parajad , sest ta ju tundis minu keha . 	riie olema paras , sest tema ju tundma mina keha .
99		 Iga kuradima sentimeetrit . 	iga kuradima sentimeeter .
99		 Ja mina tema oma ka , kui ta taksos end minu vastu surus ja nuttis . 	ja mina tema oma ka , kui tema takso ise mina vastu suruma ja nutma .
99		 Musta mobiili tal kaasas ei olnud . 	Must|Musta mobiil tema kaasas ei olema|olnud .
100		 Ma ei näinud ega kuulnud seda ka Lena kodus , kuhu olid tekkinud lilled . 	mina ei nägema|näima|näinud ega kuulma|kuulnud see ka Lena kodu , kuhu olema tekkima|tekkinud lill .
100		 Mitte sellised mida mehed — need keskealised , pisut lodevad , prillidega , edukad , asised — oleks oma kinnimakstud sõbrannale toonud . 	mitte selline mis mees - see keskealine , pisut lodev , prill , edukas , asine - olema oma kinnimakstud sõbranna tooma|toonud .
100		 Ei , lilled olid sellised , mida Lena ostaks samadest poodidest , kust seda heledat ja kanget teed , mida ma jõin kolm piaali järjest . 	ei , lill olema selline , mis Lena ostma sama pood , kust see hele ja kange tee , mis mina jooma kolm piaal järjest .
100		 Lilled olid võõrad , ent korraldatud . 	lill olema võõras , ent korraldama|korraldatud .
100		 Nad tähendasid ja rääkisid midagi ; ja see rahustas . 	tema tähendama ja rääkima miski ; ja see rahustama .
100		 Nagu teegi . 	nagu tegema .
100		 Siis tõmbas ta mult särgi seljast , tõmbas püksid jalast , riietas ka ennast lahti , aeglaselt aga mitte peibutavalt — niimoodi asjalikult ja tõsiselt . 	siis tõmbama tema mina särk selg , tõmbama püks jalg , riietama ka ise lahti , aeglaselt aga mitte peibutavalt - niimoodi asjalikult ja tõsiselt .
100		 Vaatasin ta õõnsat armast kõhtu , pikka kaela , nukrat nägu , kumeraid voolituid rindu , kaarjaid reisi , siledaid sääri . 	vaatama tema õõnes armas kõht , pikk kael , nukker nägu , kumer voolitu rindu , kaarjas reis , sile säär .
100		 Aga ainult viivuks , sest ta läks kohe voodisse ja venitas aeglaselt lina peale . 	aga ainult viiv , sest tema minema kohe voodi ja venitama aeglaselt lina peale .
100		 Võtsin ta kaissu , hingasin Lena lõhna , surusin ta tugevalt enda vastu . 	võtma tema kaiss , hingama Lena lõhn , suruma tema tugevalt ise vastu .
100		 Ta silitas mu pead , ei rääkinud ikka midagi , suudles laubale . 	tema silitama mina pea , ei rääkima|rääkinud ikka miski , suudlema laup .
100		 Rahu , kergendus , soojus , õrnus , lähedus ja rõõm . 	rahu , kergendus , soojus , õrnus , lähedus ja rõõm .
100		 Lebasime niimoodi senikaua kui ta silmad kinni vajusid ja ta magama jäi . 	lebama niimoodi senikaua kui tema silm kinni vajuma ja tema magama jääma .
100		 Akna taga vuhasid autod mööda Østerbrogadet , mida aeg edasi seda rohkem , sest täna oli reede . 	aken taga vuhama auto mööda Østerbrogade , mis aeg edasi see rohkem , sest täna olema reede .
100		 Viies päev nädalast , mida ma ei mäletanud . 	Viies päev nädal , mis mina ei mäletama|mäletanud .
100		 Viimane mõte enne uinumist oli , et Lena oli lubanud , et minuga ta enam ei maga aga just seda ta praegu ju tegi . 	viimane mõte enne uinumine olema , et Lena olema lubama|lubanud , et mina tema enam ei magama aga just see tema praegu ju tegema .
101		 Uni teadis , mida mul vaja — pikka , lõputut pimedat sügavust . 	uni teadma , mis mina vaja - pikk , lõputu pime sügavus .
101		 Milles igal hetkel teadsin , et Lena oli mu kõrval . 	mis iga hetk teadma , et Lena olema mina kõrval .
102		 Ärkasin muusika peale . 	ärkama muusika peale .
102		 Mingi tuttav viis , labastatud klassika . 	mingi tuttav viis , labastama|labastatud klassika .
102		 Straussi valss , roheline mobiil . 	Strauss valss , roheline mobiil .
102		 Lena seisis hommikumantlis voodi kõrval , juuksed õlgadele rippu , köögist tulid küüslaugubageti lõhnad . 	Lena seisma hommikumantel voodi kõrval , juus õlg rippu , köök tulema küüslaugubageti lõhn .
102		 Ta kuulas ja vastas napisõnaliselt — jah , ei , jah , on küll , ei saa praegu , magab . 	tema kuulama ja vastama napisõnaliselt - jah , ei , jah , olema küll , ei saama praegu , magama .
102		 Pani siis telefoni kinni , viskas tugitooli , vaatas mulle otsa . 	panema siis telefon kinni , viskama tugitool , vaatama mina otsa .
103		" "" Lone ? "" küsisin . "	""" Lone ? "" küsima ."
103		 Ta noogutas . 	tema noogutama .
103		 Ja läks kööki tagasi . 	ja minema köök tagasi .
103		" Hiljem hommikusöögi juures — kooreta keedetud munad , bagetid , singiviilud , kohvi — "" See ei olnud ju enesetapp ? "	"hiljem hommikusöök juures - koor keedetud|keetma muna , baget|bageti|bagett , singiviil , kohv - "" see ei olema|olnud ju enesetapp ?"
103		 Mitte et ma teaksin , miks valged mehed ennast tapavad , meil nii ei tehta . 	mitte et mina teadma , miks valge mees ise tapma , mina nii ei tegema .
103		 Kui just tegu pole mingi kavala triki või ohverdusega . 	kui just tegu olema mingi kaval trikk või ohverdus .
103		" Aga sa ei läinud ju ennast uputama , eks ? "" "	"aga sina ei läinud|minema ju ise uppuma|uputama , eks ? """
104		" "" Ma ei taha sellest rääkida . "" "	""" mina ei tahtma see rääkima . """
105		" "" Aga sa pead ! "" "	""" aga sina pidama ! """
105		 Lena hääl oli peaaegu et karm . 	Lena hääl olema peaaegu et karm .
105		" "" Üks on hulluksminemise äärel , räägib enesetapust ; teine tõmmatakse poolsurnuna veest välja aga ei taha sellest rääkida . "" "	""" üks olema hulluksminemine äär , rääkima enesetapp ; teine tõmbama poolsurnu vesi välja aga ei tahtma see rääkima . """
106		" "" Lena ? "	""" Lena ?"
106		" Lena rääkis enesetapust ? "" "	"Lena rääkima enesetapp ? """
107		" "" Peale seda kui sa ta kuradile saatsid , kui tema peale karjusid . "	""" peale see kui sina tema kurat saatma , kui tema peale karjuma ."
107		" Ta ju armastab sind ! "" "	"tema ju armastama sina ! """
108		 Olin nõrk , ent pea selge , väljapuhanud . 	olema nõrk , ent pea selge , väljapuhanud .
108		" "" Jesperit , "" vastasin . "	""" Jesper|Jesperi , "" vastama ."
108		" "" Ta armastas Jesperit minus . "" "	""" tema armastama Jesper|Jesperi mina . """
109		" "" Jäta ükskord see jama . "" "	""" jätma ükskord see jama . """
110		" "" Ma juba jätsin ta . Øresundi . "	""" mina juba jätma tema . Øresund ."
110		" Lasin tal minna , oma mädaneva keha juurde , igavesse fusioni . "" "	"laskma tema minema , oma mädanev keha juurde , igavene fusion . """
111		" "" Peder , kallis , kui sa ei ... "" "	""" Peder , kallis , kui sina ei ... """
112		" Panin kohvikruusi lauale , võtsin Lena käed pihkude vahele : "" Lone ootas last , eks ? "	"panema kohvikruus laud , võtma Lena käsi pihk vahele : "" Lone ootama laps , eks ?"
112		 Jesperilt ? 	Jesper|Jesperi ?
112		 Ja tegi abordi . 	ja tegema abort .
112		 Salaja . 	salaja .
112		 Ent sina ju teadsid . 	ent sina ju teadma .
112		 Sinu eest ta ei saanud seda varjata . 	sina eest tema ei saama|saanud see varjama .
112		" Oli see poiss ? "" "	"olema see poiss ? """
113		 Ta ei vastanud kohe . 	tema ei vastama|vastanud kohe .
113		 Silitas mu käsi , ohkas . 	silitama mina käsi , ohkama .
113		" "" Nii vara ei saa veel öelda . "	""" nii vara ei saama veel ütlema ."
113		" Aga Jesper tahtis poissi . "" "	"aga Jesper tahtma poiss . """
114		" "" Tal oli nimigi juba valmis — Christian . "	""" tema olema nimi juba valmis - Christian ."
114		 Jesper sai elu võtjast elu andjaks , hakkas kuulma uut muusikat . 	Jesper saama elu võtja elu andja , hakkama kuulma uus muusika .
114		 Ja Lone tappis selle , sest temale oli kõige tähtsam laulmine . 	ja Lone tapma|tappima see , sest tema olema kõige tähtsam laulmine .
114		 Ta polnud veel valmis . 	tema olema veel valmis .
114		" Fusioniks . "" "	"Fusioniks . """
115		 Lena nuttis , pisarad tilkusid kohvisse , jätsid sinna väikesed lainetused . 	Lena nutma , pisar tilkuma kohv , jätma sinna väike|väikene lainetus .
115		" "" Ta ju ootab nüüd ka last . "	""" tema ju ootama nüüd ka laps ."
115		 Sinult ... 	sina ...
115		 Aga sina , sina karjusid ta peale telefonis . 	aga sina , sina karjuma tema peale telefon .
115		" Ta mõtles , et nüüd on kõik vastupidi , et sina ei taha last . "" "	"tema mõtlema , et nüüd olema kõik vastupidi , et sina ei tahtma laps . """
116		 Ma ei öelnud talle , et ei tahtnudki . 	mina ei öelnud|ütlema tema , et ei tahtma .
116		 Et Jesper tahtis . 	et Jesper tahtma .
116		 Läbi minu , oma naiselt , oma last , oma Christiani . 	läbi mina , oma naine , oma laps , oma Christian .
116		 Ma ei tea siiani , kuidas ta mind leidis , kuidas ta teadis , et meid tõmbab Lonega , ei tea , kas olime me varem maailmas maha märgitud kui kaks teineteise jaoks loodut või oli see enesetapja vaim , kes selle ära korraldas . 	mina ei teadma siiani , kuidas tema mina leidma , kuidas tema teadma , et mina tõmbama Lone , ei teadma , kas olema mina varem maailm maha märgitud|märkima kui kaks teineteise jaoks loodu või olema see enesetapja vaim , kes see ära korraldama .
116		" Ma ei tea , millal ta minusse tuli , kas enne või pärast soolot "" Drop Innis "" , millal teostas oma lõpliku fusioni elu ja surma vahel , võttes surnuna seda , mille kadumist elus ei suutnud taluda . "	"mina ei teadma , millal tema mina tulema , kas enne või pärast soolo "" Drop Innis "" , millal teostama oma lõplik fusion|fusioni elu ja surm vahel , võtma surnud see , mis kadumine elu ei suutma|suutnud taluma ."
116		 Ka surmas . 	ka surm .
116		 Sel pärastlõunal kirjutasin Lonele kirja . 	see pärastlõuna kirjutama Lonele kiri .
116		 Kirjutasin nagu asi on , et armastan teda aga ei ole tema lapse isa . 	kirjutama nagu asi olema , et armastama tema aga ei olema tema laps isa .
116		 Võibolla oli ta sellest isegi aru saanud , võibolla tahtis isegi uskuda . 	võibolla olema tema see isegi aru saama|saanud , võibolla tahtma isegi uskuma .
116		 Oma aadressi ma ei andnud , sest ei teadnud seda . 	oma aadress mina ei andma|andnud , sest ei teadma|teadnud see .
116		 Rääkisin Lenale , mida kavatsen teha ja kutsusin teda kaasa . 	rääkima Lenale , mis kavatsema tegema ja kutsuma tema kaasa .
116		 Ta ütles , et lahkus Vietnamist nelja aastaselt ja pole tahtnud sinna kunagi tagasi minna . 	tema ütlema , et lahkuma Vietnam neli aastaselt ja olema tahtma|tahtnud sinna kunagi tagasi minema .
116		 Aga teda ei olnudki nii raske nõusse saada — paberid ajasime korda kuuga . 	aga tema ei olema nii raske nõusse saama - paber ajama kord kuu .
116		 Abiorganisatsioonidesse on alati inimesi vaja , eriti neid , kes keelt oskavad . 	abiorganisatsioon olema alati inimene vaja , eriti see , kes keel oskama .
117		 Ma elan nüüd Hanois . 	mina elama nüüd Hanoi .
117		 Leping on kahe aasta peale , Lena on siin minuga . 	leping olema kaks aasta peale , Lena olema siin mina .
117		 Ta töötab kontoris , projektikoordinaatorina . 	tema töötama kontor , projektikoordinaator .
117		 Mina teen nii paljut , et raske öeldagi , mida täpselt . 	mina tegema nii palju , et raske ütlema , mis täpselt .
117		" Õhtuti mängin "" Hiltonis "" svingiorkestris saksofoni . "	"õhtuti mängima "" Hilton|Hiltoni "" svingiorkester saksofon ."
117		 Kolmkümmend kaks päeva elasime Lenaga ühes üüritud korteris ja magasime eraldi voodites . 	kolmkümmend kaks päev elama Lena üks üürima|üüritud korter ja magama eraldi voodi .
117		 Ei suudelnud , ei kallistanud . 	ei suudelnud|suudlema , ei kallistama|kallistanud .
117		 Kolmekümne kolmas öö oli meie jaoks väga eriline . 	kolmkümmend kolmas öö olema mina jaoks väga eriline .
117		 Teine kord ju tegelikult , aga esimene siiras . 	teine kord ju tegelikult , aga esimene siiras .
118		 Lena oli samuti päevi lugenud . 	Lena olema samuti päev lugema|lugenud .
119		 Lonelt tuli Lenale kiri . 	Lonelt tulema Lenale kiri .
119		 Fotoga . 	foto .
119		 Poisi nimeks oligi Christian saanud . 	poiss nimi olema Christian saama|saanud .
119		 Ma tundsin ära need kulmukaared , karmi ilme ja sünge pilgu . 	mina tundma ära see kulmukaar , karm ilme ja sünge pilk .
119		 Minu päris laps tuleb ilmselt veelgi vähem minu nägu , pilukate silmadega ja kollaka nahaga . 	mina päris laps tulema ilmselt veelgi vähem mina nägu , pilukas silm ja kollakas nahk .
119		 Aga ta on minu oma . 	aga tema olema mina oma .
119		 Ja naise , kes õpetas mulle , et armastust ei saa vahetada kire vastu . 	ja naine , kes õpetama mina , et armastus ei saama vahetama kirg vastu .
120		 Muide , me poleks Lenaga iialgi kohtunud , kui Jesper poleks ennast ära uputanud . 	muide , mina olema Lena iialgi kohtuma|kohtunud , kui Jesper olema ise ära uputama|uputanud .
120		 Need fusionivennad on ikka täielikud friigid . 	see fusionivend olema ikka täielik friig|friigi|friigid|friik .
