par_nr	head	sentence	lemmas
1	 Teoloogiatudengi katse 	 Teoloogiatudengi katse 	teoloogiatudeng katse
2		 Maniakkide Tänav 	maniakk tänav
3		 Tüüp istus Narva maantee ühiselamus ja õppis eksamiks . 	Tüüp istuma Narva maantee ühiselamu ja õppima eksam .
3		 See oli tal teine kord , sest esimesel katsel põrus vennike haledalt läbi . 	see olema tema teine kord , sest esimene katse põruma vennike haledalt läbi .
3		 Morni näoga libistas ta pilgu üle ridade , mis tarkusest pungitudes talle arusaamatutena vastu jõõrasid . 	morn nägu libistama tema pilk üle rida , mis tarkus pungituma tema arusaamatu vastu jõõra .
4		" "" Nagu kohtumine tulnukate ja nende grammatikaga , "" mõtles tüüp . "	""" nagu kohtumine tulnuk|tulnukas ja see grammatika , "" mõtlema tüüp ."
4		" Ta heitis ahastava pilgu õhtusele Narva maanteele ja "" Konsumi "" kaubamajale . "	"tema heitma ahastav pilk õhtune Narva maantee ja "" Konsum|Konsumi "" kaubamaja ."
4		 Vaikselt rabistas vihma aknaklaasile . 	vaikselt rabistama vihm aknaklaas .
4		 Tüüp süütas suitsu ja suunas jõupingutusega uuesti pilgu konspektile . 	tüüp süütama suits ja suund jõupingutus uuesti pilk konspekt .
4		 Ilma mingi eelhoiatuseta kustus toas äkki elektrivalgus . 	ilma mingi eelhoiatus kustuma tuba äkki elektrivalk .
4		 Hetkeks ühiselamu nagu vakatas . 	hetk ühiselamu nagu vakatama .
4		 Noormees vaatas apaatselt ainsa silmapilguga tumedaks muutunud lehekülge oma ees . 	noormees vaatama apaatselt ainus silmapilk tume muutuma|muutunud lehekülg oma ees .
4		 Siis kostis uksekõmatus ja kajavas koridoris hakkas kostma venekeelset juttu . 	siis kostma uksekõmatu ja kajav koridor hakkama kostma venekeelne jutt .
4		 Keegi hirnatas , talle möirati Tarzani kombel vastu . 	keegi hirnatama , tema möirgama Tarzan komme vastu .
4		 Kuuldus tüdrukute kiljatusi , müdinal traaviti mööda pimedat koridori . 	kuuldus tüdruk kiljatus , müdin traavima mööda pime koridor .
5		" "" Põrgusse , "" mõtles tüüp ja lasi paberi käest . "	""" põrgusse , "" mõtlema tüüp ja laskma paber käest ."
5		 See võttis tuule alla ning libisedes mööda lauaplaati , kadus põrandahämarusse . 	see võtma tuul alla ning libisema mööda lauaplaat , kaduma põrandahämarus .
6		 Toauks kääksatas , kui selle katkisele lingile rõhuti ja avanes räntsatades . 	toauks kääksatama , kui see katkine link rõhuma ja avanema räntsatama .
6		 Tüüp vaatas üle õla selja taha aga aknast sisselangevad laternakiired ei valgustanud tulijat küllaldaselt . 	tüüp vaatama üle õlg selg taha aga aken sisselangev laternakiir ei valgustama|valgustanud tulija küllaldaselt .
7		" "" No mis ? "" "	""" no mis ? """
8		 Tulija köhatas kohmetult . 	tulija köhatama kohmetult .
8		" "" Tereee ... "" venitas ta lustlikkust teeseldes . "	""" Tereee ... "" venitama tema lustlikkus teesklema ."
8		 Ukselseisja selja tagant traavisid möirates mööda paar venelast . 	ukselseisja selg tagant traav möirgama mööda paar venelane .
8		 Ühikas oli neid täis . 	ühikas olema tema täis .
9		" "" Jaa-jah , "" vastas tüüp tulija tervitusele . "	""" jaa-jah , "" vastama tüüp tulija tervitus ."
9		 Suitsuots tema näos hõõgus ükskõikse ja veidi ebasõbralikuna . 	suitsuots tema nägu hõõguma ükskõikne ja veidi ebasõbralik .
9		 Tulija astus sisse ja köhatas veel kord kohmetult . 	tulija astuma sisse ja köhatama veel kord kohmetult .
10		" "" Ma olen su üleaedne , "" selgitas ta siis ebalevalt . "	""" mina olema sina üleaedne , "" selgitama tema siis ebalevalt ."
11		" "" Noo-jahh , "" venitas tüüp . "	""" noo-jahh , "" venitama tüüp ."
11		 Ta polnud just erilist huvi tundnud naaberelanike vastu , tal oli oma sõpruskond . 	tema olema just eriline huvi tundma|tundnud naaberelanik vastu , tema olema oma sõpruskond .
11		 Tuhk suitsuotsalt kadus mõlema toasviibija jaoks hääletult pimedusse . 	tuhk suitsuots kaduma mõlema toasviibija jaoks hääletult pimedus .
12		" "" Vaata mul oleks sulle üks palve , "" Tulija poetas end tüübi voodi otsale . "	""" vaatama mina olema sina üks palve , "" tulija poetama ise tüüp voodi ots ."
12		" "" Ma kuulsin , et sa oled mingil määral vaimsete huvidega ... kunst ja muusika ja nii edasi ... ? "" "	""" mina kuulma , et sina olema mingi määr vaimne huvi ... kunst ja muusika ja nii edasi ... ? """
12		 Koridori kaugemast otsast kostus jälle kellegi kiljumist ja poisinolkide naeru . 	koridor kaugem ots kostuma jälle keegi kiljumine ja poisinolk naer .
13		" "" Ja "	""" ja"
13		 .... 	....
13		" ? "" Tüüp puhus suitsu Tulija poole , kuid see hajus enne sihtmärgini jõudmist . "	"? "" tüüp puhuma suits tulija poole , kuid see hajuma enne sihtmärk jõudmine ."
13		 	
14		" "" Ma sooviks , et sa osaleksid ühes minu poolt korraldatavas katses ... "" "	""" mina soovima , et sina osalema üks mina poolt korraldatav katse ... """
15		" "" Küülikuna , "" lisas tüüp kajana . "	""" küülik , "" lisama tüüp kaja ."
15		 Tulijal võttis taipamine natuke aega . 	tulija võtma taipamine natuke aeg .
15		" "" Jah , umbes jah , "" noogutas ta siis . "	""" jah , umbes jah , "" noogutama tema siis ."
16		" "" Mis katse on ? "" "	""" mis katse olema ? """
17		 Suitsuring nirises lae poole , möödudes aknast , mille paarimillimeetrise pinna taga sirises vihmapiisku . 	suitsuring nirisema laad|lagi poole , mööduma aken , mis paarimillimeetrine pind taga sirisema vihmapiisk .
18		" "" Kuulata ära üks minu esitatud muusikapala ja anda selle tulemusele hinnang . "" "	""" kuulama ära üks mina esitama|esitatud muusikapala ja andma see tulemus hinnang . """
18		 Tüüp mühatas . 	tüüp mühatama .
18		 Igast lolle ikka leidub , mõtles ta . 	iga loll ikka leiduma , mõtlema tema .
18		" "" Nojah . "	""" nojah ."
18		 Mida muud ma siin pimeduses ikka tegema peaksin . 	mis muu mina siin pimedus ikka tegema pidama .
18		" Too oma lugu lagedale . "" "	"too oma lugu lagedale . """
18		 Tulija tundus üllatusest võpatavat . 	tulija tunduma üllatus võpatav .
18		 Laskmata ennast kaks korda paluda , kargas ta püsti ja kadus ukse paukudes pimedusse . 	Laskmata ise kaks kord paluma , kargama tema püsti ja kaduma uks paukuma pimedus .
18		 Koridoris lisandus melusse veel lisahääli . 	koridor lisanduma melu veel lisahääl .
19		 Kärmelt kui nirk libises Tulija taas tuppa , asetades oma muusikainstrumendi keset põrandat . 	kärmelt kui nirk libisema tulija taas tuba , asetama oma muusikainstrument keset põrand .
19		 Pimedas ei taibanud tüüp hästi , mis pilliga on tegu . 	Pimedas ei taibanud|taipama tüüp hästi , mis pill olema tegu .
19		 Tulija asetas raamaturiiulisse mingid piklikud esemed ja süütas põlema . 	tulija asetama raamaturiiul mingi piklik ese ja süütama põlema .
19		 Need olid küünlad . 	see olema küünal .
19		 Tüüp astus küünalde juurde . 	tüüp astuma küünal juurde .
19		" "" Milleks neid veel vaja on ? "" "	""" milleks see veel vaja olema ? """
20		" "" Ma tahan su reaktsiooni näha . "" "	""" mina tahtma sina reaktsioon nägema . """
21		 Tulija näppis midagi oma pilli kallal ja lükkas siis toaukse kjinni . 	tulija näppima miski oma pill kallal ja lükkama siis toauks kjinni .
21		 Samal hetkel tundusid katkevat kõik väljastpoolt tulevad helid . 	sama hetk tunduma katkema kõik väljastpoolt tulema heli .
21		 Ruumis tinises vaid nõrk plärin , mis meenutas vaibuva basskitarri häält . 	Ruumis tinisema vaid nõrk plärin , mis meenutama vaibuv basskitarr hääl .
22		" "" Istu voodile , "" käsutas Tulija , seistes pilli taga seljaga küünalde poole . "	""" istuma voodi , "" käsutama tulija , seisma pill taga selg küünal poole ."
23		" "" Mis imelik pill see sul on ? "" küsis tüüp , silmitsedes tulija ees olevat hämarat varju . "	""" mis imelik pill see sina olema ? "" küsima tüüp , silmitsema tulija ees olema hämar vari ."
24		" "" Sina kuula ! "" "	""" sina kuulama ! """
25		 Kile karje lõi nagu kirves tüübile pähe . 	kile karje looma|lööma nagu kirves tüüp pea .
25		 Silmapilguga segunes sellesse Tulija kriiskav hääl . 	silmapilk segunema see tulija kriiskav hääl .
25		 Mürinal vajus pillihääl bassidesse . 	mürinal vajuma pillihääl bass .
25		 Tüüp haaras peast . 	tüüp haarama pea .
25		 Helid tundusid raputavat ta sisikonna segamini . 	heli tunduma rappuma|raputama tema sisikond segamini .
25		 Rindkere vappus helilöökidest , ägades , mida metsikus heliderajus kuuldagi polnud , vajus tüüp põlvili kägarasse . 	rindkere vappuma helilöök , ägama , mis metsik helideraju kuulma olema , vajuma tüüp põlvili kägarasse .
25		 Higi pressis end kehast välja , tundus nagu kasvaksid higiojad peenteks jätkedeks ta küljes , kõhus keerati nuga ja pead tambiti raske vasaraga . 	higi pressima ise keha välja , tunduma nagu kasvama higioja peen jätke tema küljes , kõht keerama nuga ja pea tampima raske vasar .
25		 Kisendava kakofoonia tipul saabus lõikav vaikus . 	Kisendav|Kisendava kakofoonia tipp saabuma lõikav vaikus .
25		 Pimedus tundus tüübile peale langevat . 	pimedus tunduma tüüp peale langema .
25		 Vaikus oli veel jubedam kui möllanud muusika . 	vaikus olema veel jubedam kui möllama|möllanud muusika .
25		 Tulija seisis pimeduses vaikselt ja liikumatult , siis , mõne hetke pärast kohendas ta instrumendil näppe . 	tulija seisma pimedus vaikselt ja liikumatult , siis , mõni hetk pärast kohendama tema instrument näpp .
25		 Õrnalt hakkas taas kostma plärinat . 	Õrnalt hakkama taas kostma plärin .
25		 Tüüp põrandal tõmbus kössi . 	tüüp põrand tõmbuma kössi .
26		" "" Püsti ! "" käsutas Tulija . "	""" püsti ! "" käsutama tulija ."
27		 Tüüp tõstis kartlikult pea . 	tüüp tõstma kartlikult pea .
28		" "" Püsti ! "" "	""" püsti ! """
29		 Aralt ajas käsutatav end jalule . 	aralt ajama käsutatav ise jalule .
29		 Tulija võttis taskust diktofoni ja pannud selle lindistama , asetas aparaadi enda lähedale riiulile . 	tulija võtma tasku diktofon ja panema|pannud see lindistama , asetama aparaat ise lähedale riiul .
30		" "" Neljanda kursuse teoloogiatudengi praktiline töö teemal "" Vaimu olemusest "" . "	""" neljas kursus teoloogiatudeng praktiline töö teema "" vaim olemus "" ."
30		 Tulija vaatas küünla ja immitseva tänavalambi kumas vastasseinas võbisevat inimkuju . 	tulija vaatama küünal ja immitsev tänavalamp kumama vastassein võbisev inimkuju .
30		" "" Esimeses faasis allutasin endale katsealuse vaimu . "	""" esimene faas allutama ise katsealune vaim ."
30		 Tänu juhuslikult aset leidnud elektrikatkestusele polnud võimalik täpselt jälgida protsessi väliseid nähte . 	tänu juhuslikult ase leidma|leidnud elektrikatkestus olema võimalik täpselt jälgima protsess väline näht .
30		 Niipalju võib siiski öelda , et arvatavasti lõhkus zanazöör katsealuse biovälja ning selle jäänused materialiseerusid kehast algavate jätketena . 	niipalju võima siiski ütlema , et arvatavasti lõhkuma zanazöör katsealune bioväli ning see jäänus materialiseeruma keha algav jätke .
30		 Jätked on umbes meeter pikad , 1-2 sentimeetrit läbimõõdus ja arvatavasti , niipalju kui praeguses valguses võib otsustada , pruunikas- kollakat värvi . 	jätke olema umbes meeter pikk , 1-2 sentimeeter läbimõõt ja arvatavasti , niipalju kui praegune valgus võima otsustama , pruunikas kollakas värv .
30		 Tunduvad limased . 	tunduv limane .
30		 Paistab , et allutamine pole toimunud täielikult — mõndasi käsklusi peab kordama . 	paistma , et allutamine olema toimuma|toimunud täielikult - mõndasi käsklus pidama kordama .
30		" Lähen edasi teise faasi : keha eemaldamine . "" "	"minema edasi teine faas : keha eemaldamine . """
31		" "" Et katsealuse vaim ei saaks enne visualiseerimisprotsessi hajuda , loon zanazööriga barjääri . "	""" et katsealune vaim ei saama enne visualiseerimisprotsess hajuma , looma zanazöör barjäär ."
31		 Selleks , et vaim kehast täielikult eraldada , on tarvilik kehaõõnsuste võimalikult suurem avamine . 	see , et vaim keha täielikult eraldama , olema tarvilik kehaõõnsus võimalikult suurem avamine .
31		 Niisuguse töö jaoks sobivateks instrumentideks valisin elektriketassae kolba avamiseks , kirve jäsemete ja rindkere jaoks , ning skalpelli kudede tarbeks . 	niisugune töö jaoks sobiv instrument valima elektriketassaag kolp avamine , kirves jäse ja rindkere jaoks , ning skalpell kude tarve .
31		" Katsealuse paralüseerimiseks lõikan tal läbi seljaaju . "" "	"katsealune paralüseerimine lõikama tema läbi seljaaju . """
32		 Tulija võttis zanaazööri sahtlist skalpelli . 	tulija võtma zanaazöör sahtel skalpell .
33		" "" Pööra ümber ! "" käsutas ta . "	""" pöörama ümber ! "" käsutama tema ."
33		 Tüüp vahtis teda ükskõikselt ja pööras siis vastu tahtmist ümber . 	tüüp vahtima tema ükskõikselt ja pöörama siis vastu tahtmine ümber .
34		" "" Lase pea ettepoole ! "" "	""" laskma pidama ettepoole ! """
35		 Tüübi pea kummardus hämarusse . 	tüüp pea kummarduma hämarus .
35		 Tulija võttis skalpelli ja astus tüübi paljastatud kukla juurde . 	tulija võtma skalpell ja astuma tüüp paljastama|paljastatud kukal juurde .
35		 Sõrmedega kombates otsis ta enam-vähem õige koha ja tõmbas sealt lülide vahele sügava haava . 	sõrm kompama otsima tema enam-vähem õige koha|koht ja tõmbama sealt lüli vahele sügav haab|haav .
35		 Tüüp ei liigutanudki , ehkki Tulija oli valmis teda lihaste lõtvumisel kinni püüdma . 	Tüüp ei liigutama , ehkki tulija olema valmis tema lihas lõtvumine kinni püüdma .
35		 Tulija uuris oma lõikekohta hoolikamalt ja valmistus veel korra lõikama . 	tulija uurima oma lõikekoht hoolikamalt ja valmistuma veel kord lõikama .
35		 Vastu ta kätt puutus biojätke . 	vastu tema käsi puutuma biojätke .
35		 Miski haaras Tulijat puusast , too hüppas tahapoole ja sähvas vihaselt skalpelliga . 	miski haarama tulija puus , too hüppama tahapoole ja sähvama vihaselt skalpell .
35		 Jätke lasi lahti ja kukkus pimedusse . 	jätma laskma lahti ja kukkuma pimedus .
35		 See-eest haaras järgmine temast kinni ja järgmine . 	see-eest haarama järgmine tema kinni ja järgmine .
35		 Kombitsad tundusid venivat . 	kombits tunduma venima .
35		 Raevukalt sahmis Tulija terasega . 	raevukalt sahmima tulija teras .
35		 Paari hetke pärast oli ta pea täielikult sisse mässitud ja kukkus koos tüübiga põrandale . 	paar hetk pärast olema tema pea täielikult sisse mässima|mässitud ja kukkuma koos tüüp põrand .
35		 Tulija laskis skalpelli lahti ja küünitas pilli poole . 	tulija laskma skalpell lahti ja küünitama pill poole .
35		 Kiunatusega mattis helilaviin rabelevad kehad enda alla . 	kiunatus matma helilaviin rabelema keha ise alla .
35		 Jätked tundusid jäigaks tõmbuvat ja seejärel lõtvuvat . 	jätke tunduma jäik tõmbuv ja seejärel lõtvuv .
36		 Tulija rebis end lõdvast puntrast välja ning koperdas pilli taha . 	tulija rebima ise lõtv pundar välja ning koperdama pill taha .
36		 Tulija võlus instrumendist välja kõige raskemini haamerdavad metsikud viisid . 	tulija võluma instrument välja kõige raskemini haamerdama metsik viis .
36		 Jätked visklesid vahetevahel , venides üha suuremaks kuhjaks . 	jätke visklema vahetevahel , venima üha suurem kuhi .
36		 Seevastu tüübi tundetu keha tõmbus üha enam kokku . 	seevastu tüüp tundetu keha tõmbuma üha enam kokku .
36		 Kiunudes lõikusid uued helid vonklevasse kuhja . 	kiunuma lõikuma uus heli vonklev kuhi .
36		 Helimöll muutus üha pöörasemaks . 	helimöll muutuma üha pöörasem .
36		 Siis saabus räigelt jäik vaikus nagu sein . 	siis saabuma räigelt jäik vaikus nagu sein .
36		 Küünlad olid põlenud üsna pisikesteks ja heitsid toale õrnasid hubelevaid varje . 	küünal olema põlema|põlenud üsna pisike|pisikene ja heitma tuba õrn hubelev vari .
36		 Tüüp oli kuskil jätkukuhja all . 	tüüp olema kuskil jätkukuhi all .
36		 Tulija sumpas läbi nende sinna , kus ta noormeest viimati näinud oli , ja peksis jalaga kuhja laiali . 	tulija sumpama läbi tema sinna , kus tema noormees viimati nägema|näima|näinud olema , ja peksma jalg kuhi laiali .
36		 Viie-kuue aasta vanuse õrna lapsena lebas tüüp pikki ja sügavaid varje heitvate jätkekuhjade vahel nagu sügava kaevu põhjas . 	viie-kuub aasta vanus õrn laps lebama tüüp pikk ja sügav vari heitev jätkekuhi vahel nagu sügav kaev põhi .
36		 Tulija kahlas tagasi , võttis elektriketassae ja pistis selle seina . 	tulija kahlama tagasi , võtma elektriketassaag ja pistma see sein .
36		 Kummardudes lapse kohale , vajutas ta nuppu . 	kummarduma laps kohale , vajutama tema nupp .
37		" "" Neetud ! "" sisistas Tulija ärritunult . "	""" neetu ! "" sisistama tulija ärritunult ."
37		 Talle meenus , et elektrit ju polnud . 	tema meenuma , et elekter ju olema .
37		 Vihase käeliigutusega kadus saag pimedusse . 	vihane käeliigutus kaduma saag pimedus .
37		 Kolmandat korda zanazöörini jõudes , rabas ta vihaselt kirve ning virutas lapseni jõudes pea sihtimata õblukesele kehale kõhtu . 	kolmas kord zanazöör jõudma , rabama tema vihaselt kirves ning virutama laps jõudma pea sihtimata õbluke keha kõht .
37		 Röhatades kadus kirvetera kõhukoopasse . 	röhatama kaduma kirvetera kõhukoobas .
37		 Tulija ise kaotas löögihoost libedal kombitsahunnikul tasakaalu ja kukkus , määrides end nende lägaga veelgi rohkem kokku . 	tulija ise kaotama löögihoog libe kombitsahunnik tasakaal ja kukkuma , määrima ise see läga veelgi rohkem kokku .
37		 Ta ajas end jalule ja sikutas kirvest lapsekehast välja . 	tema ajama ise jalule ja sikutama kirves lapsekeha välja .
37		 See ei tahtnud õnnestuda , kuna kirve tagumine , kirkaga pool , oli takerdunud kuhugi soolikatesse . 	see ei tahtma|tahtnud õnnestuma , kuna kirves tagumine , kirgas|kirka pool , olema takerduma|takerdunud kuhugi soolikas .
37		 Rapsimise peale rebenes jämesool mitmest kohast ja tuppa levis vänget soolehaisu . 	rapsimine peale rebenema jämesool mitu koha|koht ja tuba levima vänge soolehais .
37		 Ka magu oli viga saanud ja sellest topeltjälgist lehast tundis Tulija , et hakkab oksele . 	ka magu olema viga saama|saanud ja see topeltjälk lehk tundma tulija , et hakkama okse .
37		 Ta jättis kirve kus seda ja teist ning komberdas eemale . 	tema jätma kirves kus see ja teine ning komberdama eemale .
37		 Haaranud riiulilt ühe kustumahakkava küünla , virutas ta selle aknasse . metallist küünlajalg purustas klirinal klaasi . 	haarama|haaranud riiul ühe kustumahakkav küünal , virutama tema see aken . metall küünlajalg purustama klirinal klaas .
37		 Vihm ja tuul haarasid kardinad oma meelevalda . 	vihm ja tuul haarama kardin oma meelevald .
37		 Värske õhk tungis puhangutena sisse ja viimane küünal kustus . 	värske õhk tungima puhang sisse ja viimane küünal kustuma .
38		 Vihm ja hägune tänavavalgustus . 	vihm ja hägune tänavavalgustus .
39		" "" Teine faas . "	""" teine faas ."
39		 Seda tabas mõningane ebaõnnestumine . 	see tabama mõningane ebaõnnestumine .
39		 Biojätked ei olnud veel oma kaitsefunktsiooni minetanud ning nende deaktiviseerimiseks pidin veelkord kasutama zanazööri . 	Biojätke ei olema|olnud veel oma kaitsefunktsioon minetama|minetanud ning see deaktiviseerimine pidama veelkord kasutama zanazöör .
39		 Selle tulemusena pigistasin katsealuse vaimujõust kuivaks . 	see tulemus pigistama katsealune vaimujõud kuiv .
39		 Temast läi järgi umbes 80-sentimeetrine lapsekeha . 	tema läi järgi umbes 80sentimeetrine lapsekeha .
39		 Keha on osaliselt kirve abil avatud . 	keha olema osaliselt kirves abil avama|avatud .
39		 Elektrikatkestus ei võimalda selle täielikku avamist . 	elektrikatkestus ei võimaldama see täielik avamine .
39		" Alustan kolmandat faasi : vaimu visualiseerimine . "" "	"alustama kolmas faas : vaim visualiseerimine . """
40		 Tulija heitis pilgu niiskesse ja pimedasse tuppa enda ümber . 	tulija heitma pilk niiske ja pime tuba ise ümber .
40		 Hämarus neelas nii seinad , lae kui põranda . 	hämarus neelama nii sein , laad|lagi kui põrand .
40		 Peale kirvevarre ja helendava aknaava ei suutnud pilk midagi eristada . 	peale kirvevars ja helendav aknaava ei suutma|suutnud pilk miski eristama .
40		 Tulija puudutas pilli ja tuppa hakkas kostma kaugeid dzhunglitrumme . 	tulija puudutama pill ja tuba hakkama kostma kauge dzhunglitrumm .
40		 Piuksudes sulasid sellesse mõned kõrgemad noodid . 	Piuksudes sulama see mõni kõrgem noot .
40		 Hele tilin väristas pimedust . 	hele tilin väristama pimedus .
40		 Trummid tugevnesid , tilin tugevnes , kalgistus . 	trumm tugevnema , tilin tugevnema , kalgistuma .
40		 Miski võttis kuju . 	miski võtma kuju .
40		 Tulija puuris silmad tumedasse , peaaegu läbipaistmatusse pilkuhajutavasse õhku . 	tulija puurima silm tume , peaaegu läbipaistmatu pilkuhajutav õhk .
40		 Ta nägi vähe , kuid piisavalt . 	tema nägema vähe , kuid piisavalt .
40		 Selgesti arusaadavalt oli vaim tehislikku päritolu , küberneetiline toode . 	selgesti arusaadavalt olema vaim tehislik päritolu , küberneetiline toode .
41		" "" Katse tulemus kinnitab hüpoteesi : LOOJA on olemas . "" "	""" katse tulemus kinnitama hüpotees : looja olema olema . """
