par_nr	head	sentence	lemmas
1	 Mälestus 	 Mälestus 	mälestus
2		 Veiko Belials 	Veiko Belials
3		 Kolonisatsiooni teises etapis jõudis inimkond Locustale . 	kolonisatsioon teine etapp jõudma inimkond Locustale .
3		 See oli kuiva kliimaga Maa-tüüpi planeet , mida asustas karjakasvatajate ja maaharijate rass . 	see olema kuiv kliima maa-tüüp planeet , mis asustama karjakasvataja ja maaharija rass .
3		 Pärast Locusta hõivamist jäi inimkond paikseks . 	pärast Locusta hõivamine jääma inimkond paikne .
3		 Pole ühtegi rahuldavat selgitust juhtunule , kuid fakt on see , et kolonisatsioon lõppes ootamatult ja inimkond loobus kosmose edasisest alistamisest . 	olema ühte rahuldav selgitus juhtunu , kuid fakt olema see , et kolonisatsioon lõppema ootamatult ja inimkond loobuma kosmos edasine alistamine .
4		 Mis täpselt Locustal juhtus , jääb arvatavasti igavesti saladuseks , nagu ka see , mis sai rassist , keda inimkond Locustal kohtas . 	mis täpselt Locustal juhtuma , jääma arvatavasti igavesti saladus , nagu ka see , mis saama rass , kes inimkond Locustal kohtama .
4		 Me ei tea , millised nad olid ja kuhu kadusid . 	mina ei teadma , milline tema olema ja kuhu kaduma .
5		 Nad lihtsalt kadusid ja neist ei jäänud vähimatki märki . 	tema lihtsalt kaduma ja tema ei jääma|jäänud vähim märk .
5		 Isegi mitte mälestust ... 	isegi mitte mälestus ...
6		 Suur Terpilaagi Entsüklopeedia 	suur Terpilaag entsüklopeedia
7		 Kuum õhk väreles kõrbe kohal , tuul kandis laiali punakat tolmu , mis oli kunagi moodustanud silmapiiril murenevad mäed , ning veeretas traatkõva põuarohu seemnepusaraid . 	kuum õhk värelema kõrb|kõrve kohal , tuul kandma laiali punakas tolm , mis olema kunagi moodustama|moodustanud silmapiir murenema mägi , ning veeretama traatkõva põuarohi seemnepusarai .
7		 See madal hõbedane rohi oli ainus , mis suutis siinsel lagedal ja üksildasel kiltmaal vastu pidada , miski muu siin ei kasvanud . 	see madal hõbedane rohi olema ainus , mis suutma siinne lage ja üksildane kiltmaa vastu pidama , miski muu siin ei kasvama|kasvanud .
7		 Ajanud juured paakunud maa pragudesse , turritas see surmapõlgavalt ka kõige kuivemates kohtades , otsekui irvitades lõputu põua üle . 	ajama|ajanud juur paakuma|paakunud maa pragu , turritama see surmapõlgavalt ka kõige kuivem koht , otsekui irvitama lõputu põud üle .
8		 Päike oli madalate harjade taha vajunud ning tuul tõi tolmust hoolimata päevasesse leitsakusse pisut värskendust . 	päike olema madal hari taha vajuma|vajunud ning tuul tooma tolm hoolimata päevane leitsak pisut värskendus .
8		 Varjud tihenesid . 	vari tihenema .
8		 Öö tõotas tuua veidigi leevendust neile , kes siinses jumalast hüljatud maanurgas oma elupäevi õhtusse veeretasid . 	öö tõotama tooma veidi leevendus tema , kes siinne jumal hülgama|hüljatud maanurk oma elupäev õhtu veeretama .
9		 Jah , siin — keset seda trööstitut kõnnumaad — kössitas asula , mõjudes eemalt vaadates äraeksinud loomana , kes on tulnud kõrbesse surema . 	jah , siin - keset see trööstitu kõnnumaa - kössitama asula , mõju eemalt vaatama äraeksinud loom , kes olema tulema|tulnud kõrb|kõrve surema .
10		 Õieti polnud siin midagi , mida asulaks nimetada — vaid üks tänava mõõtu vahekäik majade vahel ja veidi kaugemal rodu hajali osmikuid , millest osa oli juba sisse langenud . 	õieti olema siin miski , mis asula nimetama - vaid üks tänav mõõt vahekäik maja vahel ja veidi kaugemal rodu hajali osmik , mis osa olema juba sisse langema|langenud .
10		 Murdunud labadega tuuleratas kriiksus roostetanud masti otsas , suurendades veelgi muljet surevast või juba surnud loomast . 	murduma|murdunud laba tuuleratas kriiksuma roostetama|roostetanud mast otsas , suurendama veelgi mulje surev või juba surema|surnud looma .
10		 Kuid asula elas . 	kuid asula elama .
11		 See oli tõesti olnud suremas , kuid siis leiti uued karjad . 	see olema tõesti olema|olnud surema , kuid siis leidma uus kari .
11		 Suured . 	suur .
11		 Metsikud . 	metsik .
11		 Keegi ei teadnud , kust need pärit olid . 	keegi ei teadma|teadnud , kust see pärit olema .
11		 Keegi ei mäletanud , kust need olid tulnud või kuidas siia sattunud . 	keegi ei mäletama|mäletanud , kust see olema tulema|tulnud või kuidas siia sattuma|sattunud .
11		 Ja ka linn oli vaid paari päevatee kaugusel . 	ja ka linn olema vaid paar päevatee kaugusel .
11		 Ja asula ei surnud . 	ja asula ei surema|surnud .
11		 See kosus . 	see kosuma .
11		" Osmikuid hakati uuesti üles ehitama , rajati uued karjaaiad , pikendati koguni asula "" peatänavat "" . "	"osmik hakkama uuesti üles ehitama|ehtima , rajama uus karjaaed , pikendama koguni asula "" peatänav "" ."
12		 Ja kõrts , mis kunagi polnud hääbumist täiel määral tahtnud tunnistada , oli esimene , mis nüüd uuele elule ärkas . 	ja kõrts , mis kunagi olema hääbumine täis määr tahtma|tahtnud tunnistama , olema esimene , mis nüüd uus elu ärkama .
12		 Selle melu kostis kaugele . 	see melu kostma kaugele .
12		 Muusika rõkkas , kõlas joobnute naeru , klaasid ja pudelid kõlisesid . 	muusika rõkkama , kõlama joobnu naer , klaas ja pudel kõlisema .
12		 Polnud kahtlust — asula ei kavatsenudki niipea kusagile kaduda . 	olema kahtlus - asula ei kavatsema niipea kusagile kaduma .
12		 See oli näinud paremaid ja halvemaid aegu ning üle elanud mitmesuguseid asukaid . 	see olema nägema|näima|näinud parem ja halvem aeg ning üle elama|elanud mitmesugune asukas .
12		 Nüüd oli ta taas valmis uusi elanikke vastu võtma . 	nüüd olema tema taas valmis uus elanik vastu võtma .
13		 Johnnie seisatas ja lasi pilgul üle kaugusest paistvate mägede libiseda . 	Johnnie seisatama ja laskma pilk üle kaugus paistev mägi libisema .
13		 Olid ajad , kui nood olid kõrgemad , järsemad , teravamad ... 	olema aeg , kui too olema kõrgem , järsem , teravam ...
14		 Johnniet haaras alati seletamatu kurbus , kui ta mõtles neile ammu ununenud aegadele . 	Johnniet haarama alati seletamatu kurbus , kui tema mõtlema tema ammu ununema|ununenud aeg .
14		" Aegadele , kui planeet oli olnud noorem , "" suurem "" , seletamatum ja ohtlikum . "	"aeg , kui planeet olema olema|olnud noorem , "" suurem "" , seletamatum ja ohtlikum ."
14		" Aegadele , mida tähistati mõistega "" kolonisatsioon "" . "	"aeg , mis tähistama mõiste "" kolonisatsioon "" ."
14		 Nüüd oli see vaid sõna , kombinatsioon häälikuid , mida enam ei kasutatud ja mille tähendustki enam täpselt ei teatud . 	nüüd olema see vaid sõna , kombinatsioon häälik , mis enam ei kasutama|kasutatud ja mis tähendus enam täpselt ei teadma|teatud .
14		 Kunagi oli see aga reaalsus , aeg täis uhkust , iseseisvust ja uusi väljakutseid .. Metsik aeg ; karmide meeste karm aeg ... 	kunagi olema see aga reaalsus , aeg täis uhkus , iseseisvus ja uus väljakutse .. metsik aeg ; karm mees karm aeg ...
15		 Nüüd oli kõik teisiti . 	nüüd olema kõik teisiti .
15		 Alla käinud . 	alla käima|käinud .
15		 Mandunud . 	mandunu .
15		 Midagi oli juhtunud . 	miski olema juhtuma|juhtunud .
15		 Midagi , mis oli ajaloo hämarustes kaduma läinud . 	miski , mis olema ajalugu hämarus kaduma läinud|minema .
15		 Mingi muutus , hiiliv ja salalik nagu vari , mis muutis kõik ähmaseks ja ebaselgeks , moonutas , kustutas , tegi midagi isegi asjade olemusega ... 	mingi muutuma , hiiliv ja salalik nagu vari , mis muutma kõik ähmane ja ebaselge , moonutama , kustutama , tegema miski isegi asi olemus ...
16		 Ta ei teadnud , mis see oli . 	tema ei teadma|teadnud , mis see olema .
16		 Liiga palju minevikku oli jäädavalt hävinud . 	liiga palju minevik olema jäädavalt hävima|hävinud .
16		 Tahtlikult ; tahtmatult — kes seda enam teab . 	tahtlikult ; tahtmatult - kes see enam teadma .
16		 Vahet polnud . 	vahe olema .
16		 Nad olid unustanud — see oli peamine . 	tema olema unustama|unustanud - see olema peamine .
16		 Nende mälestustes oli lünk , tervete ajastute pikkune hämarusse mattunud ala . 	tema mälestus olema lünk , terve ajastu pikkune hämarus mattuma|mattunud ala .
16		 Aeg , mida ei tahetud või ei suudetud mäletada — kolonisatsioon . 	aeg , mis ei tahetud|tahtma või ei suudetud|suutma mäletama - kolonisatsioon .
16		 Huvitav , et sõna ise oli säilinud . 	huvitav , et sõna ise olema säilima|säilinud .
16		 Ilmselt oli see nii tähtis , et hakkas iseseisvat elu elama , keeldudes unustuse hõlma vajumast . 	ilmselt olema see nii tähtis , et hakkama iseseisev elu elama , keelduma unustus hõlm vajuma .
16		 See oli kaotanud oma esialgse näo ja sisu , kuid vältinud aegade tolmuks muutumist . 	see olema kaotama|kaotanud oma esialgne nägu ja sisu , kuid vältima|vältinud aeg tolm muutumine .
16		 See üritas neile meenutada midagi , mis oli oluline ; midagi , mida oleks tulnud mäletada . 	see üritama tema meenutama miski , mis olema oluline ; miski , mis olema tulema|tulnud mäletama .
17		 Johnnie jälgis , kuidas ta sammudest üles keerutatud tolm laisalt maha tagasi langes . 	Johnnie jälgima , kuidas tema samm üles keerutama|keerutatud tolm laisalt maha tagasi langema .
17		 Tolm . 	tolm .
17		 Kõikjal tolm . 	kõikjal tolm .
17		 Isegi nende mälestusi kattis tolm , mis ei lasknud näha , mis selle all peitub . 	isegi see mälestus katma tolm , mis ei laskma|lasknud nägema , mis see all peituma .
17		 See häiris teda . 	see häirima tema .
17		 Ta kahtlustas , et oli tegelikult ainus , kes selliste asjadega oma pead vaevas , kuid ei saanud sinna midagi parata . 	tema kahtlustama , et olema tegelikult ainus , kes selline asi oma pea vaevama , kuid ei saama|saanud sinna miski parata .
17		 Ta oli alati pisut teistsugune olnud . 	tema olema alati pisut teistsugune olema|olnud .
18		 Või ... oli hoopis tema endine ja kõik teised teistsugused ? 	või ... olema hoopis tema endine ja kõik teine teistsugune ?
18		 Ta ei teadnud . 	tema ei teadma|teadnud .
18		 Kõik oli muutunud ; ka nad ise . 	kõik olema muutuma|muutunud ; ka tema ise .
18		 Nad polnud enam need , kes olid olnud . 	tema olema enam see , kes olema olema|olnud .
18		 Või kelleks olid end pidanud . 	või kes olema ise pidama|pidanud .
18		 Johnnie ei mõistnud isegi täpselt , mida ta sellega silmas pidas , kuid tal oli tunne , et kunagi oli kõik teisiti , isegi nimetus , millega nad end nimetasid . 	Johnnie ei mõistma|mõistnud isegi täpselt , mis tema see silm pidama , kuid tema olema tunne , et kunagi olema kõik teisiti , isegi nimetus , mis tema ise nimetama .
18		 Siis , enne kolonisatsiooni , enne linnu , enne karjasid ... 	siis , enne kolonisatsioon , enne linn , enne kari ...
18		 Millegipärast oli ta kindel , et ka karjad olid selle kõigega kuidagi seotud , kuid küsida polnud enam kelleltki — kõik vastused olid jäänud tolmu alla maetud perioodi , mille nimi oli kolonisatsioon . 	millegipärast olema tema kindel , et ka kari olema see kõik kuidagi seotud|siduma , kuid küsima olema enam keegi - kõik vastus olema jääma|jäänud tolm alla maetud|matma periood , mis nimi olema kolonisatsioon .
19		 Just sellest oli mandumine alguse saanud , vähemalt Johnniele tundus nii . 	just see olema mandumine algus saama|saanud , vähemalt Johnniele tunduma nii .
19		 Igal juhul muutus ta alati kurvaks , kui sellele mõtles . 	iga juht muutuma tema alati kurb , kui see mõtlema .
20		 Johnnie ohkas ja astus edasi , kuni jõudis Paddy kõrtsi juurde . 	Johnnie ohkama ja astuma edasi , kuni jõudma Paddy kõrts juurde .
20		 Ukse ees seisjad liitusid temaga , kui ta sisse astus . 	uks ees seisja liituma tema , kui tema sisse astuma .
20		 Ainult üks vana ja krimpsus taat ei liikunud paigast . 	ainult üks vana ja krimpsus taat ei liikuma|liikunud paik .
21		" "" Hei , vana , kas sa keelt kasta ei taha ? "" hõikas Johnnie talle . "	""" hei , vana , kas sina keel kastma ei tahtma ? "" hõikama Johnnie tema ."
22		" "" Minu joomapäevad on möödas , "" krigistas too , vaadates oma rahulike selgete silmadega Johnniele otsa . "	""" mina joomapäev olema möödas , "" krigistama too , vaatama oma rahulik selge silm Johnniele otsa ."
22		" "" Kui inimene on nii vana , kui mina , peab ta hoidma end viina eest . "	""" kui inimene olema nii vana , kui mina , pidama tema hoidma ise viin eest ."
22		" "" "	""""
23		 Johnnie naeris nukralt . 	Johnnie naerma nukralt .
24		" "" Just vanadele ongi viina vaja , see teeb nad nooreks ! "" "	""" just vana olema viin vaja , see tegema tema noor ! """
25		 Ta astus kõrtsi . 	tema astuma kõrts .
26		 Põrandaid katva niiske saepuru lõhn ning viina ja õlle tuttav aroom mõjusid ergutavalt . 	põrand kattev niiske saepuru lõhn ning viin ja õlu tuttav aroom mõjuma ergutavalt .
26		 Muusika mängis . 	muusika mängima .
27		 Ta astus leti juurde ja hõikas : 	tema astuma lett juurde ja hõikama :
28		" "" Hei , Paddy , anna üks pits ! "" "	""" hei , Paddy , andma üks pits ! """
29		" "" Kuidas edeneb ? "" päris kõrtsmik higi pühkides ja lükkas märjukese üle leti lähemale . "	""" kuidas edenema ? "" päris kõrtsmik higi pühkima ja lükkama märjuke|märjukene üle lett lähemale ."
30		" "" Jim ja Jack läksid loomi ajama , "" kehitas Johnnie õlgu . "	""" Jim ja Jack minema loom ajama , "" kehitama Johnnie õlg ."
30		" "" Jäin linnast tulekuga hilja peale , muidu oleksin isegi kaasa läinud . "	""" jääma linn tulek hilja peale , muidu olema isegi kaasa läinud|minema ."
30		 Räägitakse , et olevat suur kari . 	rääkima , et olema suur kari .
30		" "" "	""""
31		" "" Metsik ? "" "	""" metsik ? """
32		" "" Arvata võib , "" noogutas Johnnie . "	""" arvama võima , "" noogutama Johnnie ."
32		" "" Teised kõrbesse ei kipu . "	""" teine kõrb|kõrve ei kippuma ."
32		" "" "	""""
33		" "" Siis on kena noosi oodata ... "" "	""" siis olema kena noos ootama ... """
34		" "" Ole mureta , ega sinagi ilma jää , "" irvitas Johnnie . "	""" olema mure , ega sina ilma jääma , "" irvitama Johnnie ."
34		" "" Kuni sul seda mürki jätkub , voolab niikuinii pool rahast sinu kukrusse . "	""" kuni sina see mürk jätkuma , voolama niikuinii pool raha sina kukkur ."
34		" "" "	""""
35		" "" Tõsi ta on , "" naeratas ka kõrtsmik ning ta lai nägu läks veelgi laiemaks . "	""" tõsi tema olema , "" naeratama ka kõrtsmik ning tema lai nägu minema veelgi laiem ."
36		 Kusagil kriuksus uks . 	kusagil kriuksuma uks .
36		 Verandal kostsid sammud . 	veranda kostma samm .
37		" "" Tee oli vist väga tolmune , noormees ? "" ütles madal krigisev hääl . "	""" tee olema vist väga tolmune , noormees ? "" ütlema madal krigisev hääl ."
38		" "" Jah , "" vastas keegi . "	""" jah , "" vastama keegi ."
38		" "" Tolmu oli tõesti rohkem kui vaja . "	""" tolm olema tõesti rohkem kui vaja ."
38		 Kas te ei astuks sisse ja jooks midagi ? 	kas sina ei astuma sisse ja jooma miski ?
38		 Vihkan üksinda joomist . 	vihkama üksinda joomine .
38		" "" "	""""
39		" "" Tänan , "" vastas teine . "	""" tänama , "" vastama teine ."
39		" "" Olen selleks liiga vana . "	""" olema see liiga vana ."
39		" Saalis on küllalt teisigi mehi . "" "	"saal olema küllalt teine mees . """
39		 Kõnelejaks pidi olema krimpsus vanamees , kes ka ennist oli keeldunud kõrtsituppa astumast . 	kõneleja pidama olema krimpsus vanamees , kes ka ennist olema keelduma|keeldunud kõrtsituba astuma .
40		 Lähenesid rasked sammud , uks avanes ja lävel seisis Jack . 	lähenema raske samm , uks avanema ja lävi seisma Jack .
41		 Ta lasi pilgul ringi käia ja märkas Johnniet . 	tema laskma pilk ringi käima ja märkama Johnniet .
41		 Noogutanud vaevumärgatavalt , astus ta väsinud kõnnakul üle saali ja räntsatas Johnnie kõrvale leti äärde istuma . 	noogutama|noogutanud vaevumärgatavalt , astuma tema väsima|väsinud kõnnak üle saal ja räntsatama Johnnie kõrvale lett äärde istuma .
42		" "" Klaas õlut , Paddy , "" sõnas ta kähinal . "	""" Klaas õlu , Paddy , "" sõnama tema kähinal ."
42		" "" Mu kurk on tolmu täis . "	""" mina kurk olema tolm täis ."
42		" "" "	""""
43		 Paddy kallas talle kannu vahutavat õlut , millest Jack poole ainsa sõõmuga tühjaks jõi . 	Paddy kallama tema kann vahutav õlu , mis Jack pool ainus sõõm tühi jooma .
44		" "" Oled siis tagasi , "" konstateeris ta lõpuks Johnnie poole vaadates . "	""" olema siis tagasi , "" konstateerima tema lõpuks Johnnie poole vaatama ."
45		" "" Nagu näed , "" naeratas Johnnie . "	""" nagu nägema , "" naeratama Johnnie ."
45		" "" Muide , mul on ka järgmise partii jaoks ostja välja vaadatud . "	""" muide , mina olema ka järgmine partii jaoks ostja välja vaadatud|vaatama ."
45		 Kuidas teil läks ? 	kuidas sina minema ?
45		" Kas jaht oli tulemuslik ? "" "	"kas jaht olema tulemuslik ? """
46		" "" Tulemuslik ? "" kordas Jack aeglaselt . "	""" Tulemuslik ? "" kordama Jack aeglaselt ."
46		" "" Jah , niipalju kui see puudutab püütud loomade arvu . "	""" jah , niipalju kui see puudutama püüdma|püütud loom arv ."
46		" "" "	""""
47		" "" Ma ei mõtle arvu . "	""" mina ei mõtlema arv ."
47		" Kas paljud said püüdmise käigus vigastada ? "" "	"kas palju saama püüdmine käigus vigastama ? """
48		" "" See oli veriseim sigadus , mida ma olen eales näinud ! "" vastas Jack tigedalt . "	""" see olema veriseim sigadus , mis mina olema eales nägema|näima|näinud ! "" vastama Jack tigedalt ."
48		" "" Ma ei taha meenutadagi , kui palju loomi ma maha lasin , ja kuidas nad välja nägid . "	""" mina ei tahtma meenutama , kui palju loom mina maha laskma , ja kuidas tema välja nägema ."
48		 Ma ei tea , kui paljud end läbi okastraadi murdsid , et siis hiljem kusagil kõrbes kõngeda . 	mina ei teadma , kui palju ise läbi okastraat murdma , et siis hiljem kusagil kõrb|kõrve kõngema .
48		" "" "	""""
49		" "" Seda ma kartsin , "" ohkas Johnnie löödult . "	""" see mina kartma , "" ohkama Johnnie löödult ."
49		" "" Ma ütlesin kohe , et see uus püügimoodus okastraadiga pole õige asi ... "	""" mina ütlema kohe , et see uus püügimoodus okastraat olema õige asi ..."
49		" Kuidas Jim sellesse suhtub ? "" "	"kuidas Jim see suhtuma ? """
50		" "" Jim ? "" "	""" Jim ? """
50		 Jack tõstis pilgu . 	Jack tõstma pilk .
50		 Ta silmad olid valu täis . 	tema silm olema valu täis .
50		" "" Jim on surnud , Johnnie . "	""" Jim olema surema|surnud , Johnnie ."
50		 Nad tallasid ta surnuks , need neetud karvutud elajad ! 	tema tallama tema surnu , see needma|neetud karvuma|karvutu|karvutud elajas !
50		 Nad läksid metsikuks , need kahejalgsed tõprad , ja siis see juhtuski ... 	tema minema metsik , see kahejalgne tõbras , ja siis see juhtuma ...
50		" Ta on surnud , Johnnie ... "" "	"tema olema surema|surnud , Johnnie ... """
51		 Surnud ? 	surema|surnud ?
51		 Johnnie ei suutnud seda uskuda . 	Johnnie ei suutma|suutnud see uskuma .
51		 Nad olid sünnist peale koos olnud , tema , Jack ja Jim . 	tema olema sünd peale koos olema|olnud , tema , Jack ja Jim .
51		 Nad olid sõbrad , keda mitte miski ei saanud lahutada . 	tema olema sõber , kes mitte miski ei saama|saanud lahutama .
51		 Ja nüüd korraga ei ole Jimi enam . 	ja nüüd korraga ei olema Jim enam .
51		 Kuidas siis nii ? 	kuidas siis nii ?
52		 Ta tundis , et peab välja saama , värske õhu kätte . 	tema tundma , et pidama välja saama , värske õhk kätte .
53		" "" Pane see minu arvele , "" sõnas ta Paddyle ja tõusis . "	""" panema see mina arvele , "" sõnama tema Paddyle ja tõusma ."
53		" "" Ja ole hea , telli pärg . "	""" ja olema hea , tellima pärg ."
53		" "" "	""""
54		" "" Saab tehtud , "" kinnitas kõrtsmik , "" ära muretse . "	""" saama tegema|tehtud , "" kinnitama kõrtsmik , "" ära muretsema ."
54		" Mis ma lindile lasen kirjutada ? "" "	"mis mina lint laskma kirjutama ? """
55		" "" "" Igavene mälestus Jim Beam'ile . "	""" "" igavene mälestus Jim Beam ’ ile ."
55		 Jack Daniels ja Johnnie Walker . 	Jack Daniels ja Johnnie Walker .
55		" "" "" "	""" """
56		 Silmad kipitasid . 	silm kipitama .
57		 Kitiinist liigeste naksudes ja valust suiseid kiristades astus Johnnie kõrtsist välja kargesse ööõhku . 	kitiin liiges naks ja valu suised kiristama astuma Johnnie kõrts välja karge ööõhk .
57		 Tähed sirasid . 	Tähe|Tähed|Täht sirama .
58		 Johnnie tõmbas tundlad , mille otsas silmad olid , sisse . 	Johnnie tõmbama tundel , mis otsas silm olema , sisse .
58		 Kipitus vähenes veidi . 	kipitus vähenema veidi .
59		" "" Igavene mälestus , "" sosistas ta . "	""" igavene mälestus , "" sosistama tema ."
59		" "" Igavene ... "" "	""" igavene ... """
