par_nr	head	sentence	lemmas
1	 Hirmu suured silmad 	 Hirmu suured silmad 	hirm suur silm
2		 Karen Orlau 	Karen Orlau
3		 Lõpuks ometi hakkasid paistma bensiinijaama tuled . 	lõpuks ometi hakkama paistma bensiinijaam tuli .
3		 Andra ohkas kergendunult ja heitis silmanurgast kiire pilgu näidikule , mis juba mõnda aega punases alas tiksus . 	Andra ohkama kergendunult ja heitma silmanurk kiire pilk näidik , mis juba mõni aeg punane ala tiksuma .
3		 Osuti oli peaaegu põhjas . 	osuti olema peaaegu põhi .
3		 Oli ka viimane aeg ! 	olema ka viimane aeg !
4		 Ta oli ise samuti parasjagu väsinud , sest selja taga oli üle kuue tunni sõitu ja sellest tervelt neli tundi kottpimedat käänulist maanteed , kus ei leidunud ühtegi bensujaama , rääkimata siis baarist või muust toidukohast , kus vägisi pealetükkivat und kange kohviga eemale ehmatada . 	tema olema ise samuti parasjagu väsima|väsinud , sest selg taga olema üle kuus tund sõit ja see tervelt neli tund kottpime käänuline maantee , kus ei leiduma|leidunud üks bensujaam , rääkimata siis baar või muu toidukoht , kus vägisi pealetükkiv uni kange kohv eemale ehmatama .
5		 Pimedad teeveered ei kutsunud peatuma , sest ümberringi laiuv inimestest hüljatud kõnnumaa oli sügiseselt kõle . 	pime teeveer ei kutsuma|kutsunud peatuma , sest ümberringi laiuv inimene hülgama|hüljatud kõnnumaa olema sügiseselt kõle .
5		 Novembriöö , millesse ta auto tuledevihk ainult kitsa siilu lõikas , oli rõske ja põhjatu nagu pimedus akendeta keldris . 	novembriöö , mis tema auto tuledevihk ainult kitsas siil lõikama , olema rõske ja põhjatu nagu pimedus aken kelder .
5		 Teeveered , puud ja lauged künkad , mis hetkeks tulede valgusesse sattusid , elasid päevasest hoopis erinevat elu ja olid pimedast hetkeks väljalõigatutenagi varjurikkad ja pahaendelised nagu pildid halvast unenäost . 	teeveer , puu|puud ja lauge küngas , mis hetk tuli valgus sattuma , elama päevane hoopis erinev elu ja olema pime hetk väljalõigatud varjurikas ja pahaendeline nagu pilt halb unenägu .
5		 Raagus puud sirutasid pikki vihmamärgi oksi üle mantee ning Andra ehmatas iga kord , kui nende luised tipud auto külge riivasid . 	raagus puu|puud sirutama pikk vihmamärk oks üle mantee ning Andra ehmatama iga kord , kui tema luine tipp auto külge riivama .
5		 Iga kurvi taga ootasid üha uued ja uued raagus võsapuhmad ning ikka ja jälle võpatas ta ootamatut kriipimist kuuldes . 	iga kurv taga ootama üha uus ja uus raagus võsapuhm|võsapuhmas ning ikka ja jälle võpatama tema ootamatu kriipimine kuulma .
6		 Pikka aega ei olnud isegi mitte ühtegi autot vastu sõitnud . 	pikk aeg ei olema|olnud isegi mitte ühte auto vastu sõitma|sõitnud .
6		 Andra kirus mõttes , et oli maki maha unustanud , sest selles kõrvadelehakkavas vaikuses tundus lõputu pimedus eriti rusuvana . 	Andra kiruma mõte , et olema makk maha unustama|unustanud , sest see kõrvadelehakkav vaikus tunduma lõputu pimedus eriti rusuv .
6		 Väsimus ja vaikus üheskoos mõjusid kujutlusvõimele halvasti — mõtteisse vajunud naine ehmatas tõsiselt korraga peeglis kummalist kaamet liikumist silmates ning avastas siis pahaselt , et oli ehmunud oma otsaesise peegelduse peale . 	väsimus ja vaikus üheskoos mõjuma kujutlusvõime halvasti - mõte vajuma|vajunud naine ehmatama tõsiselt korraga peegel kummaline kaame liikumine silmama ning avastama siis pahaselt , et olema ehmuma|ehmunud oma otsaesine peegeldus peale .
6		 See paistis peegli süsimustas ristkülikus tõepoolest kummituslik . 	see paistma peegel süsimust ristkülik tõepoolest kummituslik .
6		 Andra ei tahtnud ennastki eriti vaadata , sest kahvatus näos , mille ta küll peale esimest ehmatust kergendusega enese omaks tunnistas , paistsid silmade asemel vaid mustad koopad ning see mõjus võõrastust tekitavalt . 	Andra ei tahtma|tahtnud ise eriti vaatama , sest kahvatu nägu , mis tema küll peale esimene ehmatus kergendus ise oma tunnistama , paistma silm asemel vaid must koobas ning see mõjuma võõrastus tekitavalt .
6		 Kõhedus tikkus ligi ja vägisi tekkis tahtmine üle õla piiluda ega keegi ometi selja taga ei istu . 	kõhedus tikkuma ligi ja vägisi tekkima tahtmine üle õlg piiluma ega keegi ometi selg taga ei istuma .
6		 Juba ainult mõte , et see nii võiks olla , äratas vaikset magamatusest rabedat paanikat . 	juba ainult mõte , et see nii võima olema , äratama vaikne magamatus rabe paanika .
6		 Ta oli tõesti liialt väsinud , et edasi sõita . 	tema olema tõesti liialt väsima|väsinud , et edasi sõitma .
7		 Andra mõtles , et tanklas peab kindlasti vähemalt paar tassi kanget musta kohvi jooma . 	Andra mõtlema , et tankla pidama kindlasti vähemalt paar tass kange must kohv jooma .
7		 Juba paljas mõtegi tulisele joogile mõjus virgutavalt ja pani vere soontes kiiremini tuikama . 	juba paljas mõte tuline joogi|jook mõjuma virgutavalt ja panema veri soon kiiremini tuikama .
7		 Bensiinijaama laternate kaitsvas valguses oli isegi väike tukastus mõeldav , kuigi mitte liiga pikalt , kui ta tahab hommikuks pärale jõuda . 	Bensiinijaam latern kaitsev valgus olema isegi väike tukastus mõeldav , kuigi mitte liiga pikalt , kui tema tahtma hommik pärale jõudma .
8		" "" Texaco "" erekollane valguslaik mõjus sooja ja sõbraliku oaasina keset lauskmaa lõputut pimedust . "	""" Texaco "" erekollane valguslaik mõjuma soe ja sõbralik oaas keset lauskmaa lõputu pimedus ."
8		 Jaama ligiduses olid ka mõned madalad majad , kuid kuna ükski aken ei olnud valge ega ükski latern ei põlenud , siis paistsid need lihtsalt pimedusse sulavate teravaharjaliste küngastena . 	Jaam|Jaama ligidus olema ka mõni madal maja , kuid kuna üks aken ei olema|olnud valge ega üks latern ei põlema|põlenud , siis paistma see lihtsalt pimedus sulav teravaharjaline küngas .
9		 Andra ronis autost välja ja sirutas mõnuga pikast sõidust äravajunud selga . 	Andra ronima auto välja ja sirutama mõnu pikk sõit äravajunud selg .
9		 Klaasmaja paistis täiesti tühi olevat : ilmselt magas müüja kuskil tagaruumis . 	klaasmaja paistma täiesti tühi olema : ilmselt magama müüja kuskil tagaruum .
10		 Ta lasi paagi pilgeni täis ja astus siis jaama sisse . 	tema laskma paa pilgeni täis ja astuma siis jaam sisse .
10		 Uksekell kõlises tasakesi , kuid keegi ei tulnud asja uurima . 	uksekell kõlisema tasakesi , kuid keegi ei tulema|tulnud asi uurima .
10		" "" Halloo ! "" hüüdis Andra ja koputas letile . "	""" halloo ! "" hüüdma Andra ja koputama lett ."
10		 Veidi aja pärast hallootas ta palju valjuhäälsemalt , kuid ka sellest ei olnud kasu . 	veidi aeg pärast hallootama tema palju valjuhäälsemalt , kuid ka see ei olema|olnud kasu .
10		" "" No kuulge ! "" hõikas ta väsimusest veidi rabedamalt kui tavaliselt . "	""" no kuulma ! "" hõikama tema väsimus veidi rabedamalt kui tavaliselt ."
10		" "" Ma ei taha just pealetükkiv olla , aga MA TAHAKSIN KÜTUSE EEST MAKSTA !! "" "	""" mina ei tahtma just pealetükkiv olema , aga mina tahtma kütus eest maksma !! """
10		 Ta prõmmis rusikaga tüdinult letile , kuid ka see ei äratanud mitte kedagi . 	tema prõmmima rusikas tüdinult lett , kuid ka see ei äratama|äratanud mitte keegi .
10		 Andra kaalus , kas lihtsalt raha letile panna , kuid paari sajalist sinna vedelema jätta tundus kuidagi ebakindlana . 	Andra kaaluma , kas lihtsalt raha lett panema , kuid paar sajaline sinna vedelema jätma tunduma kuidagi ebakindel .
10		 Siis mõtles ta tassi kange kohvi peale ja leidis , et see tasub unekotist müüja ülesajamist . 	siis mõtlema tema tass kange kohv peale ja leidma , et see tasuma unekott müüja ülesajamine .
10		 Lõppkokkuvõttes oli müüja kohustuseks töö ajal üleval olla ja tema oli väsinud ja vajas kohvi . 	lõppkokkuvõte olema müüja kohustus töö ajal üleval olema ja tema olema väsima|väsinud ja vajama kohv .
11		" Ta turnis üle lukustatud vahelati leti taha ja koputas kitsale "" Personali "" -sildiga uksele . "	"tema turnima üle lukustama|lukustatud vahelatt lett taha ja koputama kitsas "" personal "" silt uks ."
12		" "" Halloo ! "	""" halloo !"
12		" On seal keegi ? "" "	"olema seal keegi ? """
12		 Vaikus . 	vaikus .
12		 Ta proovis linki . 	tema proovima link .
12		 Uks polnudki lukus — link langes kergelt alla ja uks paotus . 	uks olema lukk - link langema kergelt alla ja uks paotuma .
12		 Andra seisis viivu kõheldes — veidi veider tundus niiviisi personaliruumi sisse murda , kuid siis lükkas ta ukse ikkagi lahti . 	Andra seisma viiv kõhelema|kõhklema - veidi veider tunduma niiviisi personaliruum sisse murdma , kuid siis lükkama tema uks ikkagi lahti .
13		 Tilluke ruum oli tühi . 	tilluke ruum olema tühi .
13		" Nagis rippusid kellegi teksad ja ruuduline särk , riiete all seisid kantud olemisega "" Adidase "" tossud , sokid sees rullis . "	"Nagis rippuma keegi teksad ja ruuduline särk , riie all seisma kandma|kantud olemine "" Adidas "" toss , sokk sees rullima ."
13		 Veider ... 	veider ...
13		 Polnudki kedagi . 	olema keegi .
13		 Väikese laua peal oli väike kimp longuvajunud lilli . 	väike|väikene laud peal olema väike kimp longuvajunud lill .
14		 Müügiruumist kostus kolinat . 	müügiruum kostuma kolin .
14		 Andra ehmatas ootamatu hääle peale ning pistis pea ukse vahelt välja . 	Andra ehmatama ootamatu hääl peale ning pistma pea uks vahelt välja .
14		 Kaubariiulite vahel ei paistnud aga samuti kedagi olevat — ainult paar küpsisekarpi olid põrandale kukkunud ja lebasid kohatus korratuses otse leti ees maas . 	kaubariiul vahel ei paistma|paistnud aga samuti keegi olev - ainult paar küpsisekarp olema põrand kukkuma|kukkunud ja lebama kohatu korratus otse lett ees maas .
14		 Ettevaatlikult puges Andra leti tagant välja ja sirutas käe küpsisekarpide poole , et neid riiulisse tagasi panna . 	ettevaatlikult pugema Andra lett tagant välja ja sirutama käsi küpsisekarp poole , et see riiul tagasi panema .
15		 Korraga kostis otse ta selja taga kõrvulukustav lajatus . 	korraga kostma otse tema selg taga kõrvulukustav lajatus .
15		 Andra kiljatas ja poetas karbid käest . 	Andra kiljatama ja poetama karp käsi .
15		 Tagaruumi uks oli kinni langenud . 	tagaruum uks olema kinni langema|langenud .
15		 Selge , see oli ju kõigest tõmbetuul ! 	selge , see olema ju kõigest tõmbetuul !
15		 Naine hingas kergendunult pahinal välja ja väristas õlgu : polnud ime , et peale sellist öist sõitu närvid ülearu pingul olid . 	naine hingama kergendunult pahinal välja ja väristama õlg : olema ime , et peale selline öine sõit närv ülearu pingul olema .
16		 Ta kummardus asjalikult küpsisekarpide järele , sest näotu oleks neid olnud põrandale vedelema jätta . 	tema kummarduma asjalikult küpsisekarp järele , sest näotu olema see olema|olnud põrand vedelema jätma .
17		 Kerge tuulehoog puudutas ta paljast kukalt , mis oli kummardudes pingule tõmbunud , ning mängis poisipeast väljaulatuvate pikkade juuksesalkudega . 	Kerge tuulehoog puudutama tema paljas kukal , mis olema kummarduma pingule tõmbuma|tõmbunud , ning mängima poisipea väljaulatuv pikk juuksesalk .
17		" Talle tundus pisut kummaline , et "" Texaco "" ultramoodsas klaasist ja metallist karbis , mis silmale täiesti veatu vaakumpakendina tundus , oli nii tugev tõmbetuul . "	"tema tunduma pisut kummaline , et "" Texaco "" ultramoodne klaas ja metall karp , mis silm täiesti veatu vaakumpakend tunduma , olema nii tugev tõmbetuul ."
17		 Andra oletas , et kuskil tagaruumis oli ilmselt olnud mingi väike õhuaken , mida ta polnud märganud . 	Andra oletama , et kuskil tagaruum olema ilmselt olema|olnud mingi väike õhuaken , mis tema olema märganud|märkama .
18		 Mõistlikust põhjusest hoolimata tundus nii tugev tuul veidi kõhedana , tuuletõmbus või mitte . 	mõistlik põhjus hoolimata tunduma nii tugev tuul veidi kõhe , tuuletõmbus või mitte .
18		 Need puudutused kuklal olid kuidagi reaalsed — elavad ja tahtlikud , nagu oleks keegi oma sooja hingeõhku talle vastu kaela puhunud . 	see puudutus kukal olema kuidagi reaalne - elav ja tahtlik , nagu olema keegi oma soe hingeõhk tema vastu kael puhuma|puhunud .
18		 Tahtmatult judistas ta õlgu ja kuulatas . 	tahtmatult judistama tema õlg ja kuulatama .
18		 Ümberringi valitses täielik vaikus . 	ümberringi valitsema täielik vaikus .
18		 Samasugune kõrvulukustavalt sügav vaikus nagu maanteelgi , selline , mis tekitas tunde , et on tahtlik ja eesmärgipärane , et kuskil on keegi , kes iga ta liigutust hoolega jälgib . 	samasugune kõrvulukustavalt sügav vaikus nagu maantee , selline , mis tekitama tund , et olema tahtlik ja eesmärgipärane , et kuskil olema keegi , kes iga tema liigutus hool jälgima .
18		 See tunne muutus vastu Andra tahtmist üha tugevamaks ning see tegi ta tigedaks . 	see tunne muutuma vastu Andra tahtmine üha tugevam ning see tegema tema tige .
18		 Lollus kõik ! 	lollus kõik !
18		 Ometi ta kiirustas , kui kotist raha välja otsis . 	ometi tema kiirustama , kui kott raha välja otsima .
18		 Oma auto tundus hoopis turvalisemana , hoolimata sealgi valitsevast hirmutavast vaikusest . 	oma auto tunduma hoopis turvalisem , hoolimata seal valitsev hirmutav vaikus .
18		 Vähemalt andis auto võimaluse kihutades hirmust vabaneda . 	vähemalt andma auto võimalus kihutama hirm vabanema .
19		 Ta püüdis oma kiirustamist tahtejõuga ohjeldada — selles peitus üks salakaval oht , mida ta väga hästi tundis . 	tema püüdma oma kiirustamine tahtejõud ohjeldama - see peituma üks salakaval oht , mis tema väga hästi tundma .
19		 Juba lapsepõlvest . 	juba lapsepõli|lapsepõlv .
19		 Kui ta oli hirmu täis sellepärast , et pidi üksinda läbi hämara metsatuka koolist koju tulema . 	kui tema olema hirm täis sellepärast , et pidama üksinda läbi hämar metsatukk kool kodu tulema .
19		 Mets tundus ohtlikuna , täis salakavalaid varitsejaid , kes teda hääletult puude varjus jälitasid , nii et ta neid ise ei näinud . 	mets tunduma ohtlik , täis salakaval varitseja , kes tema hääletult puu|puue varjus jälitama , nii et tema see ise ei nägema|näima|näinud .
19		 Mida kiiremini ta kodu poole tormas , seda rohkem kartis ja seda kiiremini järgnesid jälitajad . 	mis kiiremini tema kodu poole tormama , see rohkem kartma ja see kiiremini järgnema jälitaja .
19		 Mõnikord tundis ta neid otse kuklas . 	mõnikord tundma tema see otse kukal .
19		 Vanaema oligi siis talle triki õpetanud , millega kolle eemal hoida . 	vanaema olema siis tema trikk õpetama|õpetanud , mis koll eemal hoidma .
19		 Tuli ainult rahulike sammudega mööda teed kõndida ja mitte mingil juhul kogu aeg selja taha vahtida , ükskõik , kas praksus seal ootamatult oksaraag või kujutles ta kurja koletist endale kannule jõudvat . 	tulema ainult rahulik samm mööda tee kõndima ja mitte mingi juht kogu aeg selg taha vahtima , ükskõik , kas praksuma seal ootamatult oksaraag või kujutlema tema kuri koletis ise kann jõudma .
19		 Ta pidi rahulikult edasi astuma ning mitte mingil juhul ärevalt ümberringi piiluma , sest see andvatki hirmule jõudu . 	tema pidama rahulikult edasi astuma ning mitte mingi juht ärevalt ümberringi piiluma , sest see andev hirm jõud .
19		 Kui ta aga endast jagu saab , ei saa jälitajad talle midagi teha . 	kui tema aga ise jagu saama , ei saama jälitaja tema miski tegema .
19		 Isegi , kui ta arvab , et nad tal täiesti sabas sörgivad . 	isegi , kui tema arvama , et tema tema täiesti saba sörkima .
20		 Andra oli seda kaua harjutanud , enne kui päriselt välja tulema hakkas . 	Andra olema see kaua harjutama|harjutanud , enne kui päriselt välja tulema hakkama .
20		 Sageli lõi hirmulaine üle pea , nii et jalad hakkasid iseenesest kiiremini käima , veel hullem oli , kui ta mõne ootamatu praksatuse peale kartlikult pead pööras . 	sageli looma|lööma hirmulaine üle pea , nii et jalg hakkama iseenesest kiiremini käima , veel hullem olema , kui tema mõni ootamatu praksatus peale kartlikult pea pöörama .
20		 Siis päästsid ainult kiired jalad , sest siis ei suutnud hirmutulva enam miski peatada . 	siis päästma ainult kiire jalg , sest siis ei suutma|suutnud hirmutulv enam miski peatama .
21		 Kui ta aga lõpuks enesest jagu saama hakkas ja kogu pika tee rahulike mõõdetud sammudega maha kõndida suutis , tundis ta ennast kangelasena . 	kui tema aga lõpuks ise jagu saama hakkama ja kogu pikk tee rahulik mõõdetud|mõõtma samm maha kõndima suutma , tundma tema ise kangelane .
21		 Ta ju teadis , et koletised on otse ta selja taga , sörgivad seal häbistatud karjana , suutmata midagi teha . 	tema ju teadma , et koletis olema otse tema selg taga , sörkima seal häbistama|häbistatud kari , suutma miski tegema .
21		 Ta ei kavatsenudki kartlikult ringi vahtida või samme kiirendada — just tema hirm oli see , millest kollid toitu said , ning tal oli kindel plaan neid edaspidi näljas hoida . 	tema ei kavatsema kartlikult ringi vahtima või samm kiirendama - just tema hirm olema see , mis koll toit saama , ning tema olema kindel plaan tema edaspidi nälg hoidma .
22		 Nii oli ka nüüd : ta sundis käed rahulikuks ja valis rahakoti vahelt hoolikalt välja täpse arvu kupüüre , koputas need siis korralikuks virnaks kokku ning asetas letile . 	nii olema ka nüüd : tema sundima käsi rahulik ja valima rahakott vahelt hoolikalt välja täpne arv kupüür , koputama see siis korralik virn kokku ning asetama lett .
22		 Tõmbetuul hingas ta kuklas nagu elusolend , kuid ta ei lasknud ennast eksitada . 	tõmbetuul hingama tema kukal nagu elusolend , kuid tema ei laskma|lasknud ise eksitama .
22		 Rahulikult kritseldas ta väikese kirjakese , mis seletas , mille eest raha on jäetud , pani pastaka kotti — märkmiku tagakaane külge nahkaasakesse — ning tõmbas kotiluku kinni . 	rahulikult kritseldama tema väike|väikene kirjake , mis seletama , mis eest raha olema jäetud|jätma , panema pastakas kott - märkmik tagakaas külge nahkaasake - ning tõmbama kotilukk kinni .
23		 Tuul mängis reklaamiplakatitega , pannes need plagisema , kuid Andra ei pööranud pead — ta ju teadis , et seal pole kedagi . 	tuul mängima reklaamiplakat , panema see plagisema , kuid Andra ei pöörama|pööranud pea - tema ju teadma , et seal olema keegi .
23		 Rahulikult avas ta ukse ning astus välja . 	rahulikult avama tema uks ning astuma välja .
23		 Rahulikult sammus ta auto poole ... 	rahulikult sammuma tema auto poole ...
23		 Pingutusest hakkasid ta reielihased värisema , kuid ta astus väga rahulike ja mõõdetud sammudega edasi . 	pingutus hakkama tema reielihas värisema , kuid tema astuma väga rahulik ja mõõdetud|mõõtma samm edasi .
23		 Arutule paanikale EI TOHTINUD voli anda . 	arutu paanika ei tohtima|tohtinud voli andma .
23		 See oli tõmbetuul . 	see olema tõmbetuul .
23		 Keegi ei hinganud talle kuklasse . 	keegi ei hingama|hinganud tema kukal|kuklane .
23		 Ta oli seal täiesti üksi . 	tema olema seal täiesti üksi .
23		 Täiesti turvaliselt üksi . 	täiesti turvaliselt üksi .
23		 Sealsamas seisab ta auto . 	sealsamas seisma tema auto .
23		 Aeglaselt võtab ta võtmed taskust välja , avab ukse ning istub sisse . 	aeglaselt võtma tema võti tasku välja , avama uks ning istuma sisse .
23		 Rahulikult keerab ta süüte sisse ... 	rahulikult keerama tema süüde sisse ...
24		 Mootori vaikne surin , monotoonne , ootuspärane heli , mõjus turvaliselt ning paanikaängistus hakkas tasakesi leevenema . 	mootor vaikne surin , monotoonne , ootuspärane heli , mõjuma turvaliselt ning paanikaängistus hakkama tasakesi leevenema .
24		 Ta lükkas käsipiduri maha , pani käigu sisse ja vajutas gaasipedaalile — harjumuslikud turvalised tuttavad liigutused . 	tema lükkama käsipidur maha , panema käik sisse ja vajutama gaasipedaal - harjumuslik turvaline tuttav liigutus .
24		 Krambis kaelalihased lõtvusid ja kurgust kadus hirmu metalne maitse . 	kramp kaelalihas lõtvuma ja kurk kaduma hirm metalne maitse .
24		" Kergendusega , kuid sõitu vaid hästi sujuvalt kiirendades heitis Andra peeglist pilgu kõhedusttekitava "" Texaco "" kaugenevatele tuledele . "	"kergendus , kuid sõit vaid hästi sujuvalt kiirendama heitma Andra peegel pilk kõhedusttekitav "" Texaco "" kaugenev tuli ."
25		 Korraga vajutas ta gaasi . 	korraga vajutama tema gaas .
25		 Põhja . 	põhi .
26		" Seal , kus oleks pidanud särama "" Texaco "" tibukollane valgusoaas ning mõned magavad majad , paistis pimedusse uppuv väike lagunev kabel , ümbritsetuna vanadest viltuvajunud raudristidest . "	"seal , kus olema pidama|pidanud särama "" Texaco "" tibukollane valgusoaas ning mõni magama maja , paistma pimedus uppuv väike lagunev kabel , ümbritsetu vana viltuvajunud raudrist ."
26		 Valge udu taustal paistsid need eriti selgelt . 	valge udu taust paistma see eriti selgelt .
26		 Lahtilendav raudvärav tõi kuuldavale luusselõikava kriiksatuse . 	lahtilendav raudvärav tooma kuuldav luusselõikav kriiksatus .
27		 Vana Honda lendas maanteele nii kiiresti , kui ta pooleteistliitrine mootor lubas . 	vana Honda lendama maantee nii kiiresti , kui tema pooleteistliitrine mootor lubama .
27		" "" Püha jumal ! "	""" püha jumal !"
27		" Püha jumal ! "" habises Andra ja kihutas kaelamurdval kiirusel edasi . "	"püha jumal ! "" habisema Andra ja kihutama kaelamurdev kiirus edasi ."
27		 Pilk riivas veelkord — kõigest autojuhi alateadlik liigutus — tahavaatepeeglit ning ta nägi ... 	pilk riivama veelkord - kõik autojuht alateadlik liigutus - tahavaatepeegel ning tema nägema ...
27		 Ta poleks iial tohtinud selja taha vaadata . 	tema olema iial tohtima|tohtinud selg taha vaatama .
27		 Mitte iialgi . 	mitte iialgi .
28		 Kümne hirmust hullunud sekundi pärast sai bensiinipaak tühjaks . 	kümme hirm hulluma|hullunud sekund pärast saama bensiinipaak tühi .
28		 Andra rebis reetliku tahavaatepeegli eest ja virutas autopõrandale , kuid see oli asjatu . 	Andra rebima reetlik tahavaatepeegel eest ja virutama autopõrand , kuid see olema asjatu .
28		 Kabuhirm oli juba sündinud . 	kabuhirm olema juba sündima|sündinud .
28		 Koletised , keda ta nii kaua oli näljas hoidnud , olid ta lõpuks siiski kätte saanud . 	koletis , kes tema nii kaua olema nälg hoidma|hoidnud , olema tema lõpuks siiski käsi saama|saanud .
28		 Joosta ei jaksanud ta ammugi enam nii kiiresti kui kunagi tüdrukuna . 	jooksma ei jaksama|jaksanud tema ammugi enam nii kiiresti kui kunagi tüdruk .
